food_id,measure_id,measure_name,quantity,grams,edible_portion_percentage
259284,197712,portion,1.0,381.9,
72371,57401,scoop,1.0,10.0,100.0
703,1086,unidade,1.0,311.0,70.0
37299,26781,colher de sopa cheia picada,1.0,45.0,100.0
37299,26782,copo duplo cheio picado,1.0,200.0,100.0
37299,26783,copo pequeno cheio picado,1.0,130.0,100.0
37299,26784,prato fundo picado,1.0,450.0,100.0
37299,26785,prato raso picado,1.0,350.0,100.0
37299,26786,unidade grande,1.0,900.0,64.0
37299,26787,unidade média,1.0,430.0,64.0
37299,26788,unidade pequena,1.0,370.0,64.0
208253,160548,unidade,1.0,311.0,70.0
646,982,prato,0.25,68.0,65.0
646,983,prato,0.5,134.0,65.0
5821,11318,fl oz,1.0,29.5,
5821,11319,serving (5 fl oz),1.0,148.0,
37082,26294,"colher de sopa cheia, picada",1.0,8.0,100.0
37082,26295,folha grande,1.0,15.0,83.0
37082,26296,folha média,1.0,10.0,83.0
37082,26297,folha pequena,1.0,5.0,83.0
37082,26298,"pires cheio, picada",1.0,20.0,100.0
37082,26299,"prato raso cheio, picada",1.0,80.0,100.0
37082,26300,"prato de sobremesa cheio, picada",1.0,30.0,100.0
37082,26301,unidade grande,1.0,400.0,83.0
37082,26302,unidade média,1.0,200.0,83.0
37082,26303,unidade pequena,1.0,130.0,83.0
651,989,folha frisada,1.0,28.0,100.0
651,990,folha lisa,1.0,9.0,100.0
651,991,prato,0.25,15.0,100.0
651,992,prato,0.5,29.0,100.0
651,993,porção,1.0,28.0,100.0
208985,160455,folha frisada,1.0,28.0,100.0
208985,160456,folha lisa,1.0,9.0,100.0
208985,160457,prato,0.25,15.0,100.0
208985,160458,prato,0.5,29.0,100.0
208985,160459,porção,1.0,28.0,100.0
1041,1969,"colher de sopa cheia, picada",1.0,8.0,
1041,1970,folha grande,1.0,15.0,
1041,1971,folha média,1.0,10.0,
1041,1972,folha pequena,1.0,5.0,
1041,1973,"pires cheio, picada",1.0,20.0,
1041,1974,"prato raso cheio, picada",1.0,80.0,
1041,1975,"prato de sobremesa cheio, picada",1.0,30.0,
1041,1976,unidade grande,1.0,400.0,
1041,1977,unidade média,1.0,200.0,
1041,1978,unidade pequena,1.0,130.0,
652,994,dente,1.0,3.0,75.0
652,995,cabeça,1.0,38.0,75.0
47908,37239,teaspoon,1.0,3.0,100.0
63888,51665,Portion,1.0,20.0,100.0
47909,37240,portion,1.0,13.0,100.0
47909,37241,unit,1.0,2.0,100.0
47910,37242,portion,1.0,13.0,100.0
47910,37243,unit,1.0,2.0,100.0
427305,319129,portion,1.0,396.5,
201642,155242,portion,1.0,104.0,
706,1089,unidade,1.0,59.0,95.0
706,1090,unidade pequena,1.0,26.0,95.0
208255,160551,unidade,1.0,59.0,95.0
208255,160552,unidade pequena,1.0,26.0,95.0
764,1189,unidade,1.0,1.0,100.0
764,1190,colher de sopa,1.0,18.0,100.0
764,1191,mão-cheia,1.0,19.0,100.0
764,1192,prato de café,1.0,52.0,100.0
208361,160649,unidade,1.0,1.0,100.0
208361,160650,colher de sopa,1.0,18.0,100.0
208361,160651,mão-cheia,1.0,19.0,100.0
208361,160652,prato de café,1.0,52.0,100.0
542,723,colher de chá,1.0,5.0,100.0
542,724,colher de chá rasa,1.0,2.0,100.0
542,725,colher de sobremesa,1.0,9.0,100.0
542,726,colher de sobremesa rasa,1.0,5.0,100.0
542,727,colher de sopa,1.0,16.0,100.0
542,728,colher de sopa rasa,1.0,8.0,100.0
762,1184,unidade,1.0,5.0,100.0
762,1185,mão-cheia,1.0,29.0,100.0
208359,160644,unidade,1.0,5.0,100.0
208359,160645,mão-cheia,1.0,29.0,100.0
710,1096,fatia sem casca,1.0,69.0,68.0
47915,37246,small tin,1.0,50.0,74.0
47917,37248,measure,1.0,50.0,100.0
47918,37249,average glass,1.0,160.0,100.0
47918,37250,individual cartoon,1.0,200.0,100.0
47918,37251,tall tumbler,1.0,300.0,100.0
47918,37252,wine glass,1.0,120.0,100.0
47918,37253,Britvic can,1.0,173.0,100.0
47918,37254,pub bottle,1.0,110.0,100.0
47919,37255,average portion,1.0,20.0,100.0
81569,68945,unité petite,1.0,110.0,100.0
81569,68946,unité moyenne,1.0,220.0,100.0
81569,68947,unité grande,1.0,300.0,100.0
47924,37260,average portion,1.0,85.0,100.0
47925,37261,average portion,1.0,85.0,73.0
47927,37263,average portion,1.0,85.0,100.0
47929,37264,small unit,1.0,67.0,87.0
47929,37265,medium eating,1.0,100.0,87.0
47929,37266,large eating,1.0,153.0,87.0
47930,37267,small eating,1.0,75.0,87.0
47930,37268,medium eating,1.0,112.0,87.0
47930,37269,large eating,1.0,170.0,87.0
4059,7995,"cup, sliced",1.0,109.0,
4059,7996,large unit,1.0,200.0,
4059,7997,medium unit,1.0,172.0,
4059,7998,small unit,1.0,157.0,
4058,7991,"cup, sliced",1.0,109.0,
4058,7992,large unit,1.0,206.0,
4058,7993,medium unit,1.0,167.0,
4058,7994,small unit,1.0,144.0,
4056,7983,"cup, sliced",1.0,109.0,
4056,7984,large unit,1.0,260.0,
4056,7985,medium unit,1.0,212.0,
4056,7986,small unit,1.0,158.0,
3730,7362,"cup, quartered or chopped",1.0,125.0,
3730,7363,cup slices,1.0,109.0,
3730,7364,"large (3-1/4"" dia)",1.0,223.0,
3730,7365,"medium unit (3"" dia)",1.0,182.0,
3730,7366,"small unit (2-3/4"" dia)",1.0,149.0,
3730,7367,"extra small unit (2-1/2"" dia)",1.0,101.0,
3730,7368,NLEA serving,1.0,242.0,
3731,7369,cup slices,1.0,110.0,
3731,7370,"large unit (3-1/4"" dia)",1.0,216.0,
3731,7371,"medium unit (3"" dia)",1.0,161.0,
3731,7372,"small unit (2-3/4"" dia)",1.0,132.0,
47931,37270,unit,1.0,8.0,100.0
3759,7411,"cup, halves",1.0,130.0,
3759,7412,half,1.0,3.5,
3748,7393,"cup, halves",1.0,155.0,
3748,7394,"cup, sliced",1.0,165.0,
3748,7395,unit,1.0,35.0,
47934,37271,unit,1.0,40.0,100.0
47936,37272,unit,1.0,8.0,100.0
7462,14535,serving,1.0,25.0,
532,686,colher de sopa,1.0,20.0,100.0
532,687,colher de servir,1.0,62.0,100.0
532,688,forma pequena,1.0,54.0,100.0
532,689,forma grande,1.0,87.0,100.0
532,690,prato,0.25,50.0,100.0
532,691,prato,0.5,110.0,
208152,160154,colher de sopa,1.0,20.0,100.0
208152,160155,colher de servir,1.0,62.0,100.0
208152,160156,forma pequena,1.0,54.0,100.0
208152,160157,forma grande,1.0,87.0,100.0
208152,160158,prato,0.25,50.0,100.0
208152,160159,prato,0.5,110.0,100.0
534,693,colher de sopa,1.0,21.0,100.0
534,694,colher de servir,1.0,61.0,100.0
534,695,forma pequena,1.0,60.0,100.0
534,696,prato,0.25,58.0,100.0
534,697,prato,0.5,115.0,
60893,49836,porción,1.0,200.0,
47944,37273,heart,1.0,50.0,100.0
47945,37274,heart,1.0,50.0,43.0
4417,8644,medium unit,1.0,120.0,
4417,8645,cup hearts,0.5,84.0,
5162,10042,leaf,1.0,2.0,
5162,10043,cup,0.5,10.0,
47949,37278,spear,1.0,25.0,48.0
47949,37279,portion,1.0,125.0,48.0
22384,67165,portion petite,1.0,100.0,100.0
22384,67166,portion moyenne,1.0,175.0,100.0
22384,67167,portion grande,1.0,250.0,100.0
22384,67168,unité grande,1.0,25.0,100.0
4421,8657,cup,0.5,90.0,
4421,8658,"spears (1/2"" base)",4.0,60.0,
4919,9603,cup,0.5,90.0,
4919,9604,"spear (1/2"" base)",4.0,60.0,
21643,29942,unidad,1.0,25.0,65.0
21643,29943,ración individual,1.0,300.0,65.0
4420,8651,cup,1.0,134.0,
4420,8652,"small spear (5"" long or less)",1.0,12.0,
4420,8653,"medium spear (5-1/4"" to 7"" long)",1.0,16.0,
4420,8654,"large spear (7-1/4"" to 8-1/2"")",1.0,20.0,
4420,8655,"extra large spear (8-3/4"" to 10"" long)",1.0,24.0,
4420,8656,"spear tip (2"" long or less)",1.0,3.5,
47950,37280,spear,1.0,25.0,75.0
47950,37281,portion,1.0,125.0,75.0
350,474,lata (peso líquido),1.0,120.0,
350,475,lata (peso escorrido),1.0,85.0,100.0
208581,159934,lata (peso líquido),1.0,120.0,100.0
208581,159935,lata (peso escorrido),1.0,85.0,100.0
73990,58545,Porción,1.0,347.0,
47953,37284,half,1.0,130.0,100.0
767,1201,unidade com casca,1.0,3.0,100.0
767,1202,"unidade, torrada, sem casca",1.0,1.0,100.0
767,1203,"colher de sopa, torrada, sem casca",1.0,21.0,100.0
767,1204,"chávena de café, torrada, sem casca",1.0,50.0,100.0
47958,37285,small pear,1.0,100.0,100.0
47958,37286,medium pear,1.0,145.0,100.0
47958,37287,half,1.0,75.0,100.0
47959,37288,small pear,1.0,100.0,71.0
47959,37289,medium pear,1.0,145.0,71.0
47959,37290,half,1.0,75.0,71.0
3765,7422,"cup, pureed",1.0,230.0,
3765,7423,"fruit, without skin and seed",1.0,136.0,
3765,7424,NLEA serving,1.0,50.0,
3766,7425,"cup, pureed",1.0,230.0,
3766,7426,fruit without skin and seeds,1.0,304.0,
3766,54102,NLEA Serving,1.0,50.0,
777,1232,colher de chá,1.0,2.0,100.0
777,1233,colher de sobremesa,1.0,4.0,100.0
777,1234,colher de sopa,1.0,7.0,100.0
208533,160691,colher de chá,1.0,2.0,100.0
208533,160692,colher de sobremesa,1.0,4.0,100.0
208533,160693,colher de sopa,1.0,7.0,100.0
1222,2480,colher de café,1.0,1.0,
1222,2481,colher de chá,1.0,2.0,
1222,2482,colher de sopa,1.0,8.0,
1222,2483,colher de sobremesa,1.0,5.0,
428348,319792,portion,1.0,286.4,
428355,319798,portion,1.0,477.9,
208586,159936,posta pequena,1.0,162.0,100.0
208586,159937,posta grande,1.0,352.0,100.0
356,486,posta pequena,1.0,167.0,
356,487,posta grande,1.0,301.0,
254,372,fatia,1.0,24.0,93.0
38466,29069,fatia média,1.0,15.0,
207929,159815,fatia,1.0,24.0,93.0
47970,37308,unit,1.0,25.0,100.0
47970,37309,portion,1.0,46.0,100.0
47972,37310,unit,1.0,25.0,100.0
47972,37311,portion,1.0,46.0,100.0
47976,37316,unit,1.0,25.0,100.0
47976,37317,portion,1.0,46.0,100.0
47981,37326,unit,1.0,40.0,100.0
47981,37327,portion,1.0,46.0,100.0
67673,54562,piece,1.0,81.0,
47988,37332,portion,1.0,70.0,100.0
7533,14630,unit,1.0,98.0,
47990,37339,small portion,1.0,80.0,100.0
47990,37340,medium portion,1.0,135.0,100.0
47990,37341,large portion,1.0,190.0,100.0
47990,37342,small can,1.0,205.0,100.0
47990,37343,large can,1.0,450.0,100.0
47990,37344,tablespoon,1.0,40.0,100.0
47991,37345,small portion,1.0,80.0,100.0
47991,37346,medium portion,1.0,135.0,100.0
47991,37347,large portion,1.0,190.0,100.0
47991,37348,small can,1.0,205.0,100.0
47991,37349,large can,1.0,450.0,100.0
47991,37350,tablespoon,1.0,40.0,100.0
178182,139269,portion,1.0,193.0,
47994,37364,level teaspoon,1.0,4.0,100.0
713,1099,unidade pequena,1.0,95.0,59.0
713,1100,unidade média,1.0,124.0,59.0
713,1101,unidade grande,1.0,222.0,59.0
208266,160561,unidade pequena,1.0,95.0,59.0
208266,160562,unidade média,1.0,124.0,59.0
208266,160563,unidade grande,1.0,222.0,59.0
47995,37365,slice,1.0,85.0,100.0
47997,37366,small unit,1.0,80.0,63.0
47997,37367,medium unit,1.0,100.0,63.0
47997,37368,large unit,1.0,120.0,63.0
47997,37369,slice,1.0,5.0,63.0
3767,7427,"cup, mashed",1.0,225.0,
3767,7428,"cup, sliced",1.0,150.0,
3767,7429,"extra small unit (less than 6"" long)",1.0,81.0,
3767,7430,"small unit (6"" to 6-7/8"" long)",1.0,101.0,
3767,7431,"medium unit (7"" to 7-7/8"" long)",1.0,118.0,
3767,7432,"large unit (8"" to 8-7/8"" long)",1.0,136.0,
3767,7433,"extra large unit (9"" or longer)",1.0,152.0,
3767,7434,NLEA serving,1.0,126.0,
47998,37370,small unit,1.0,80.0,63.0
47998,37371,medium unit,1.0,100.0,63.0
47998,37372,large unit,1.0,120.0,63.0
47998,37373,slice,1.0,5.0,63.0
48001,37374,tablespoon,1.0,17.0,100.0
48007,37378,tablespoon,1.0,20.0,100.0
48009,37379,level teaspoon,1.0,1.0,100.0
1833,3924,leaf,5.0,2.5,
1833,3925,"tbsp, chopped",2.0,5.3,
1833,3926,whole cup of leaves,0.25,6.0,
48010,37380,large sprig,1.0,1.0,100.0
209081,160423,unidade pequena,1.0,25.0,100.0
209081,160424,colher de servir,1.0,82.0,100.0
209081,160425,"unidade pequena, 'à murro'",1.0,60.0,100.0
209081,160426,"unidade, à padeiro",1.0,19.0,100.0
209081,160427,prato,0.25,77.0,100.0
209081,160428,prato,0.5,154.0,100.0
638,963,"unidade pequena, com casca",1.0,61.0,100.0
638,964,"unidade média, com casca",1.0,97.0,100.0
638,965,"unidade pequena, sem casca",1.0,46.0,100.0
638,966,"unidade média, sem casca",1.0,98.0,100.0
209082,160429,"unidade pequena, com casca",1.0,61.0,100.0
209082,160430,"unidade média, com casca",1.0,97.0,100.0
209082,160431,"unidade pequena, sem casca",1.0,46.0,100.0
209082,160432,"unidade média, sem casca",1.0,98.0,100.0
10240,18512,unidade,1.5,125.0,
202891,156168,portion,1.0,103.0,
48015,37382,teaspoon,1.0,1.0,100.0
48020,37387,portion,1.0,56.0,100.0
6291,12250,cup,1.0,240.0,
6495,12539,cup,1.0,240.0,
6288,12247,cup,1.0,172.0,
48024,37390,tablespoon,1.0,30.0,100.0
48024,37391,portion,1.0,60.0,100.0
48027,37394,tablespoon,1.0,60.0,100.0
48027,37395,portion,1.0,120.0,100.0
48029,37396,tablespoon,1.0,60.0,56.99999999999999
48029,37397,portion,1.0,120.0,56.99999999999999
48030,37398,tablespoon,1.0,60.0,100.0
48030,37399,portion,1.0,120.0,100.0
48032,37400,heaped tablespoon,1.0,35.0,60.0
48032,37401,portion,1.0,90.0,60.0
6296,12255,cup,1.0,177.0,
48038,37406,small portion,1.0,60.0,100.0
48038,37407,medium portion,1.0,90.0,100.0
48038,37408,large portion,1.0,120.0,100.0
48054,37423,heaped tablespoon,1.0,35.0,64.0
48055,37424,heaped tablespoon,1.0,35.0,100.0
48057,37425,small portion,1.0,60.0,100.0
48057,37426,medium portion,1.0,90.0,100.0
48057,37427,large portion,1.0,120.0,100.0
4456,8717,cup,1.0,135.0,
6324,12293,cup,1.0,262.0,
6323,12291,cup,1.0,179.0,
6323,12292,tbsp,1.0,11.2,
74340,58811,porção,1.0,250.0,
125812,105023,caneca,1.0,250.0,
209076,160143,caneca,1.0,255.0,100.0
209076,160144,copo,1.0,271.0,100.0
237621,178596,cuillère à soupe moyenne,1.0,20.0,100.0
80327,65020,cup,1.0,240.0,100.0
428359,319802,portion,1.0,352.0,
349599,257369,portion,1.0,280.0,
265890,201782,portion,1.0,212.1,
48072,37450,small portion,1.0,90.0,100.0
48072,37451,medium portion,1.0,140.0,100.0
48072,37452,large portion,1.0,210.0,100.0
48076,37462,small portion,1.0,90.0,100.0
48076,37463,medium portion,1.0,140.0,100.0
48076,37464,large portion,1.0,210.0,100.0
8700,16428,oz,4.0,113.0,
48085,37477,small piece,1.0,108.0,100.0
48085,37478,large piece,1.0,172.0,100.0
48085,37479,small portion,1.0,110.0,100.0
48085,37480,medium portion,1.0,144.0,100.0
48085,37481,large portion,1.0,210.0,100.0
48088,37492,small piece,1.0,105.0,100.0
48088,37493,large piece,1.0,168.0,100.0
48088,37494,small portion,1.0,110.0,100.0
48088,37495,medium portion,1.0,144.0,100.0
48088,37496,large portion,1.0,210.0,100.0
48089,37497,small piece,1.0,105.0,100.0
48089,37498,large piece,1.0,168.0,100.0
48089,37499,small portion,1.0,110.0,100.0
48089,37500,medium portion,1.0,144.0,100.0
48089,37501,large portion,1.0,210.0,100.0
5343,10379,oz,3.0,85.0,
5343,10380,"piece, cooked, excluding refuse (yield from 1 lb raw meat with refuse)",1.0,246.0,
9103,17126,oz,4.0,113.0,
81184,66312,unité petite,1.0,80.0,100.0
81184,66313,unité moyenne,1.0,130.0,100.0
81184,66314,unité grande,1.0,200.0,100.0
8816,16665,oz,3.0,85.0,
23116,69143,unité petite,1.0,80.0,100.0
23116,69144,unité moyenne,1.0,130.0,100.0
23116,69145,unité grande,1.0,200.0,100.0
48116,37541,small portion,1.0,90.0,100.0
48116,37542,medium portion,1.0,140.0,100.0
48116,37543,large portion,1.0,210.0,100.0
48126,37579,small portion,1.0,110.0,100.0
48126,37580,medium portion,1.0,144.0,100.0
48126,37581,large portion,1.0,210.0,100.0
48142,37635,small piece,1.0,105.0,100.0
48142,37636,large piece,1.0,168.0,100.0
48142,37637,small portion,1.0,110.0,100.0
48142,37638,medium portion,1.0,144.0,100.0
48142,37639,large portion,1.0,210.0,100.0
48143,37640,small piece,1.0,105.0,99.0
48143,37641,large piece,1.0,168.0,99.0
48143,37642,small portion,1.0,110.0,99.0
48143,37643,medium portion,1.0,144.0,99.0
48143,37644,large portion,1.0,210.0,99.0
48145,37650,small piece,1.0,105.0,100.0
48145,37651,large piece,1.0,168.0,100.0
48145,37652,small portion,1.0,110.0,100.0
48145,37653,medium portion,1.0,144.0,100.0
48145,37654,large portion,1.0,210.0,100.0
23110,68973,unité petite,1.0,80.0,100.0
23110,68974,unité moyenne,1.0,130.0,100.0
23110,68975,unité grande,1.0,200.0,100.0
48152,37671,small portion,1.0,90.0,100.0
48152,37672,medium portion,1.0,140.0,100.0
48152,37673,large portion,1.0,210.0,100.0
48164,37698,small portion,1.0,50.0,100.0
48164,37699,medium portion,1.0,90.0,100.0
48164,37700,large portion,1.0,150.0,100.0
48164,37701,thin slice,1.0,28.0,100.0
48164,37702,thick slice,1.0,45.0,100.0
5390,10468,oz,1.0,28.35,
5390,10469,oz,4.0,113.0,
48170,37728,small unit,1.0,35.0,80.0
48170,37729,slice,1.0,10.0,80.0
48170,37730,portion,1.0,40.0,80.0
48171,37731,small unit,1.0,35.0,65.0
48171,37732,slice,1.0,10.0,65.0
48171,37733,portion,1.0,40.0,65.0
48172,37734,small unit,1.0,35.0,80.0
81832,67136,unité petite,1.0,68.0,100.0
81832,67137,unité moyenne,1.0,112.0,100.0
81832,67138,unité grosse,1.0,160.0,100.0
40962,58843,ml,1.0,1.0,100.0
657,1000,unidade,1.0,202.0,47.0
208994,160465,unidade,1.0,202.0,47.0
36958,26076,"colher de arroz cheia, picada",1.0,38.0,100.0
36958,26077,"colher de sopa cheia, picada",1.0,20.0,100.0
36958,26078,"colher de sopa rasa, picada",1.0,14.0,100.0
36958,26079,"escumadeira média rasa, picada",1.0,45.0,100.0
36958,26080,fatia grande,1.0,26.0,100.0
36958,26081,fatia média,1.0,12.0,100.0
36958,26082,fatia pequena,1.0,6.0,
36958,26083,unidade grande,1.0,335.0,65.8
36958,26084,unidade média,1.0,125.0,65.8
36958,26085,unidade pequena,1.0,75.0,65.8
67493,54183,fl oz,8.0,240.0,
5760,11185,cup,0.33,32.0,
5752,11177,scoop,3.0,86.0,
67488,54178,cup,1.0,262.0,
5833,11345,cup (8 fl oz),1.0,266.0,
5846,11365,fl oz,1.0,29.6,
5846,11366,fl oz,6.0,178.0,
5846,11367,cup (8 fl oz),1.0,237.0,
5906,11477,fl oz,1.0,29.6,
5906,11478,fl oz,6.0,178.0,
5906,11479,cup (8 fl oz),1.0,237.0,
5916,11506,fl oz,1.0,29.6,
5916,11507,serving (8 fl oz),1.0,237.0,
5916,11508,liter,1.0,1000.0,
174,265,unidade pequena,1.0,65.0,100.0
174,266,unidade grande/média,1.0,172.0,100.0
207939,159708,unidade pequena,1.0,65.0,100.0
207939,159709,unidade grande/média,1.0,172.0,100.0
27645,146620,unità media,1.0,8.0,100.0
27636,146616,unità,1.0,11.0,100.0
48223,37827,unit,1.0,15.0,100.0
48228,37832,unit,1.0,10.0,100.0
48233,37838,unit,1.0,18.0,100.0
176472,137922,Tablespoon,35.0,35.0,
176472,137923,Small portion,78.0,78.0,
176472,137924,Medium Portion,100.0,100.0,
176472,137925,1 carton,400.0,400.0,
21824,29597,cucharada de café,1.0,3.0,100.0
48249,37857,unit,1.0,5.0,100.0
48252,37859,average portion,1.0,250.0,100.0
3770,7438,cup,1.0,250.0,
48257,37863,portion,1.0,140.0,100.0
48262,37865,unit,1.0,2.0,100.0
3774,7443,cup,1.0,148.0,
3774,7444,berry,50.0,68.0,
608,903,unidade,1.0,6.0,100.0
608,904,"unidade, tipo Oro Cuetara",1.0,6.0,100.0
208174,160375,porção,1.0,132.0,100.0
48264,37866,portion,1.0,240.0,100.0
48265,37867,portion,1.0,240.0,100.0
48274,37881,portion,1.0,10.0,100.0
48274,37882,unit,1.0,35.0,100.0
48277,37886,unit,1.0,48.0,100.0
48277,37887,mini loaf,1.0,40.0,100.0
48277,37888,6'' bap,1.0,112.0,100.0
48279,37892,unit,1.0,56.0,100.0
48279,37893,6'' bap,1.0,112.0,100.0
48280,37894,unit,1.0,50.0,100.0
48281,37895,unit,1.0,45.0,100.0
48281,37896,6'' bap,1.0,112.0,100.0
48282,37897,unit,1.0,48.0,100.0
48282,37898,6'' bap,1.0,112.0,100.0
48286,37902,small slice,1.0,25.0,100.0
48286,37903,medium slice,1.0,36.0,100.0
48286,37904,thick slice,1.0,44.0,100.0
48287,37905,small slice,1.0,23.0,100.0
48287,37906,medium slice,1.0,31.0,100.0
48287,37907,thick slice,1.0,40.0,100.0
7137,13682,oz,1.0,28.35,
7137,13683,cup,1.0,108.0,
7378,14334,oz,1.0,28.35,
7378,14335,cup,1.0,120.0,
67669,54558,slice (1 serving),1.0,48.0,
48289,37908,slice,1.0,20.0,100.0
48289,37909,restaurant portion,1.0,60.0,100.0
48293,37914,unit,1.0,155.0,100.0
7110,13597,"large pita (6-1/2"" dia)",1.0,64.0,
7110,13598,"small pita (4"" dia)",1.0,28.0,
48294,37915,miniature,1.0,35.0,100.0
48294,37916,small portion,1.0,75.0,100.0
48294,37917,large portion,1.0,95.0,100.0
7117,13618,oz,1.0,28.35,
7117,13619,slice,1.0,19.0,
7123,13632,oz,1.0,28.35,
7123,13633,regular slice,1.0,32.0,
7123,13634,snack-size slice,1.0,7.0,
7123,13635,thin slice,1.0,25.0,
27386,146472,porzione,1.0,50.0,100.0
48295,37918,small slice,1.0,25.0,100.0
48295,37919,medium slice,1.0,36.0,100.0
48295,37920,thick slice,1.0,44.0,100.0
7138,13684,small pieces cup,1.0,46.0,
7138,13685,"small stick (approx 4-1/4"" long)",1.0,5.0,
7138,13686,"stick (7-5/8"" x 5/8"")",1.0,10.0,
7138,13687,"stick (9-1/4"" x 3/8"")",1.0,6.0,
67668,54557,slice (1 serving),1.0,38.0,
48308,37955,small slice,1.0,20.0,100.0
48308,37956,medium slice,1.0,27.0,100.0
48308,37957,thick slice,1.0,34.0,100.0
48308,37958,thin slice,1.0,22.0,100.0
48302,37937,"2"" slice",1.0,40.0,100.0
48302,37938,"6"" slice",1.0,120.0,100.0
48298,37925,small slice,1.0,25.0,100.0
48298,37926,medium slice,1.0,36.0,100.0
48298,37927,thick slice,1.0,44.0,100.0
48298,37928,thin slice,1.0,31.0,100.0
27080,146289,fetta media,1.0,50.0,100.0
48304,37943,small slice,1.0,25.0,100.0
48304,37944,medium slice,1.0,36.0,100.0
48304,37945,thick slice,1.0,44.0,100.0
48304,37946,thin slice,1.0,31.0,100.0
48306,37947,small slice,1.0,20.0,100.0
48306,37948,medium slice,1.0,27.0,100.0
48306,37949,thick slice,1.0,34.0,100.0
48306,37950,thin slice,1.0,22.0,100.0
7133,13672,slice,1.0,32.0,
7133,13673,oz,1.0,28.35,
7134,13674,oz,1.0,28.35,
7134,13675,slice,1.0,25.0,
23135,65543,petite tranche fine,1.0,20.0,100.0
23135,65544,petite tranche moyenne,1.0,40.0,100.0
23135,65545,petite tranche épaisse,1.0,60.0,100.0
48309,37959,small slice,1.0,25.0,100.0
48309,37960,medium slice,1.0,36.0,100.0
48309,37961,thick slice,1.0,44.0,100.0
48310,37962,small slice,1.0,23.0,100.0
48310,37963,medium slice,1.0,31.0,100.0
48310,37964,thick slice,1.0,40.0,100.0
48313,37965,unit,1.0,6.0,100.0
48314,37966,"2"" slice",1.0,40.0,100.0
48314,37967,"6"" slice",1.0,120.0,100.0
48335,38031,small portion,1.0,20.0,100.0
48335,38032,medium portion,1.0,30.0,100.0
48335,38033,large portion,1.0,45.0,100.0
48335,38034,tablespoon,1.0,4.0,100.0
48335,38035,variety pack,1.0,30.0,100.0
48315,37968,small portion,1.0,30.0,100.0
48315,37969,medium portion,1.0,40.0,100.0
48315,37970,large portion,1.0,60.0,100.0
48315,37971,tablespoon,1.0,7.0,100.0
48316,37972,small portion,1.0,30.0,100.0
48316,37973,medium portion,1.0,40.0,100.0
48316,37974,large portion,1.0,60.0,100.0
48316,37975,tablespoon,1.0,7.0,100.0
48317,37976,small portion,1.0,20.0,100.0
48317,37977,medium portion,1.0,30.0,100.0
48317,37978,large portion,1.0,50.0,100.0
48317,37979,tablespoon,1.0,6.0,100.0
48317,37980,variety pack,1.0,23.0,100.0
48319,37986,small portion,1.0,20.0,100.0
48319,37987,medium portion,1.0,30.0,100.0
48319,37988,large portion,1.0,50.0,100.0
48319,37989,tablespoon,1.0,8.0,100.0
48319,37990,variety pack,1.0,23.0,100.0
48323,37996,small portion,1.0,20.0,100.0
48323,37997,medium portion,1.0,30.0,100.0
48323,37998,large portion,1.0,50.0,100.0
48323,37999,tablespoon,1.0,6.0,100.0
48327,38012,average portion,1.0,45.0,100.0
48328,38013,small portion,1.0,20.0,100.0
48328,38014,medium portion,1.0,30.0,100.0
48328,38015,large portion,1.0,50.0,100.0
48328,38016,tablespoon,1.0,5.0,100.0
48333,38021,small portion,1.0,20.0,100.0
48333,38022,medium portion,1.0,30.0,100.0
48333,38023,large portion,1.0,45.0,100.0
48333,38024,tablespoon,1.0,4.0,100.0
48333,38025,variety pack,1.0,30.0,100.0
48334,38026,small portion,1.0,20.0,100.0
48334,38027,medium portion,1.0,30.0,100.0
48334,38028,large portion,1.0,45.0,100.0
48334,38029,tablespoon,1.0,4.0,100.0
48334,38030,variety pack,1.0,20.0,100.0
48337,38041,portion,1.0,45.0,100.0
48337,38042,piece,1.0,22.0,100.0
48337,38043,(mini) small portion,1.0,35.0,100.0
48337,38044,(mini) medium portion,1.0,45.0,100.0
48337,38045,(mini) large portion,1.0,70.0,100.0
48340,38054,bisk,1.0,20.0,100.0
81521,67453,part moyenne,1.0,200.0,100.0
81521,67454,boîte moyenne,1.0,500.0,100.0
81521,67455,petite portion,1.0,30.0,100.0
81521,67456,portion moyenne,1.0,60.0,100.0
81521,67457,grande portion,1.0,90.0,100.0
21607,29893,cucharada sopera,1.0,20.0,100.0
21607,29894,ración individual,1.0,215.0,100.0
22388,67179,portion petite,1.0,100.0,100.0
22388,67180,portion moyenne,1.0,175.0,100.0
22388,67181,portion grande,1.0,280.0,100.0
4468,8745,"cup, chopped",0.5,78.0,
4468,8746,"large stalk (11""-12"" long)",1.0,280.0,
4468,8747,"medium stalk (7-1/2"" - 8"" long)",1.0,180.0,
4468,8748,"small stalk (5"" long)",1.0,140.0,
4468,8749,"spear (about 5"" long)",1.0,37.0,
4952,9647,cup of flowerets,1.0,71.0,
4952,9648,floweret,1.0,11.0,
48346,38062,spear,1.0,45.0,100.0
48346,38063,small portion,1.0,60.0,100.0
48346,38064,medium portion,1.0,85.0,100.0
48346,38065,large portion,1.0,110.0,100.0
48347,38066,spear,1.0,45.0,100.0
48347,38067,small portion,1.0,60.0,100.0
48347,38068,medium portion,1.0,85.0,100.0
48347,38069,large portion,1.0,110.0,100.0
48348,38070,spear,1.0,45.0,56.00000000000001
48348,38071,small portion,1.0,60.0,56.00000000000001
48348,38072,medium portion,1.0,85.0,56.00000000000001
48348,38073,large portion,1.0,110.0,56.00000000000001
48349,38074,spear,1.0,45.0,100.0
48349,38075,small portion,1.0,60.0,100.0
48349,38076,medium portion,1.0,85.0,100.0
48349,38077,large portion,1.0,110.0,100.0
48351,38082,spear,1.0,45.0,64.0
48351,38083,small portion,1.0,60.0,64.0
48351,38084,medium portion,1.0,85.0,64.0
48351,38085,large portion,1.0,110.0,64.0
4467,8739,cup chopped,1.0,91.0,
4467,8740,bunch,1.0,608.0,
4467,8741,"spear (about 5"" long)",1.0,31.0,
4467,8742,stalk,1.0,151.0,
4467,8743,"cup, chopped or diced",0.5,44.0,
4467,8744,NLEA serving,1.0,148.0,
81823,67122,unité petite,1.0,250.0,60.0
81823,67123,unité moyenne,1.0,310.0,60.0
81823,67124,unité grosse,1.0,400.0,60.0
22775,66798,assiette ou bol,0.5,200.0,100.0
22775,66799,assiette ou bol,0.75,300.0,100.0
22775,66800,assiette ou bol,1.0,400.0,100.0
81224,65524,unité moyenne,1.0,250.0,100.0
81224,65525,unité moyenne,0.5,125.0,100.0
81224,65526,unité moyenne,0.33,80.0,100.0
81224,65527,unité moyenne,0.25,60.0,100.0
81224,65528,unité moyenne,0.125,30.0,100.0
48353,38088,sachet,1.0,12.0,100.0
48353,38089,portion pack,1.0,20.0,100.0
48355,38090,unit,1.0,10.0,100.0
48355,38091,small portion,1.0,60.0,100.0
48355,38092,medium portion,1.0,90.0,100.0
48355,38093,large portion,1.0,120.0,100.0
4476,8764,sprout,1.0,21.0,
4476,8765,cup,0.5,78.0,
54925,45613,porción,1.0,86.28,
1062,2081,"colher de sopa cheia, picado",1.0,10.0,
660,1004,ramo,1.0,20.0,100.0
660,1005,prato,0.25,71.0,100.0
660,1006,prato,0.5,133.0,100.0
208995,160469,ramo,1.0,20.0,100.0
208995,160470,prato,0.25,71.0,100.0
208995,160471,prato,0.5,133.0,100.0
659,1002,ramo,1.0,16.0,46.0
659,1003,unidade,1.0,276.0,46.0
215187,165547,portion,1.0,260.0,
48363,38102,economy portion (60%),1.0,40.0,100.0
48363,38103,economy portion (80%),1.0,90.0,100.0
48363,38104,quarter pounder (100%),1.0,78.0,100.0
48368,38110,quarter pounder,1.0,78.0,100.0
48369,38111,portion,1.0,180.0,100.0
48375,38128,Mc Donalds's portion,1.0,100.0,100.0
48375,38129,Burger King portion,1.0,106.0,100.0
48375,38130,Wimpy portion,1.0,105.0,100.0
1560,3256,"pat (1"" sq, 1/3"" high)",1.0,5.0,
1560,3257,tbsp,1.0,14.2,
1560,3258,cup,1.0,227.0,
1560,3259,stick,1.0,113.0,
48378,38135,thin spread,1.0,7.0,100.0
48378,38136,medium spread,1.0,10.0,100.0
48378,38137,thick spread,1.0,12.0,100.0
48378,38138,spread on toasted crumpet,1.0,15.0,100.0
48378,38139,packed portion,1.0,10.0,100.0
48378,38140,restaurant portion,1.0,20.0,100.0
48378,38141,teaspoon,1.0,5.0,100.0
48378,38142,curl,1.0,8.0,100.0
48379,38143,thin spread,1.0,7.0,100.0
48379,38144,medium spread,1.0,10.0,100.0
48379,38145,thick spread,1.0,12.0,100.0
48379,38146,spread on toasted crumpet,1.0,15.0,100.0
48379,38147,packed portion,1.0,10.0,100.0
48379,38148,restaurant portion,1.0,20.0,100.0
48379,38149,teaspoon,1.0,5.0,100.0
48379,38150,curl,1.0,8.0,100.0
48380,38151,thin spread,1.0,7.0,100.0
48380,38152,medium spread,1.0,10.0,100.0
48380,38153,thick spread,1.0,12.0,100.0
48380,38154,spread on toasted crumpet,1.0,15.0,100.0
48380,38155,packed portion,1.0,10.0,100.0
48380,38156,restaurant portion,1.0,20.0,100.0
48380,38157,teaspoon,1.0,5.0,100.0
48380,38158,curl,1.0,8.0,100.0
48381,38159,thin average spread,1.0,7.0,100.0
48381,38160,medium spread,1.0,10.0,100.0
48381,38161,thick average spread,1.0,12.0,100.0
48381,38162,average spread on toasted crumpet,1.0,15.0,100.0
48381,38163,packed portion,1.0,10.0,100.0
48381,38164,restaurant portion,1.0,20.0,100.0
48381,38165,teaspoon,1.0,5.0,100.0
48381,38166,curl,1.0,8.0,100.0
2971,6332,cup,1.0,243.0,
2971,6333,can,1.0,526.0,
48384,38169,small portion,1.0,60.0,100.0
48384,38170,medium portion,1.0,95.0,100.0
48384,38171,large portion,1.0,120.0,100.0
48385,38172,small unit,1.0,180.0,100.0
48385,38173,portion,1.0,90.0,100.0
4484,8778,"cup, chopped",1.0,89.0,
4484,8779,"cup, shredded",1.0,70.0,
4484,8780,"large head (about 7"" dia)",1.0,1248.0,
4484,8781,large leaf,1.0,33.0,
4484,8782,"medium head (about 5-3/4"" dia)",1.0,908.0,
4484,8783,medium leaf,1.0,23.0,
4484,8784,"small head (about 4-1/2"" dia)",1.0,714.0,
4484,8785,leaf,1.0,15.0,
48389,38179,small portion,1.0,60.0,100.0
48389,38180,medium portion,1.0,95.0,100.0
48389,38181,large portion,1.0,120.0,100.0
48390,38182,small portion,1.0,60.0,100.0
48390,38183,medium portion,1.0,95.0,100.0
48390,38184,large portion,1.0,120.0,100.0
4486,8788,"cup, chopped",1.0,89.0,
4486,8789,"cup, shredded",1.0,70.0,
4486,8790,"large head (about 5-1/2"" dia)",1.0,1134.0,
4486,8791,leaf,1.0,23.0,
4486,8792,"medium head (about 5"" dia)",1.0,839.0,
4486,8793,"small head (4"" dia)",1.0,567.0,
48391,38185,small unit,1.0,180.0,91.0
48391,38186,portion,1.0,90.0,91.0
48393,38190,small unit,1.0,180.0,90.0
48393,38191,portion,1.0,90.0,90.0
823,1355,colher de chá,1.0,6.0,100.0
823,1356,colher de chá rasa,1.0,3.0,100.0
823,1357,colher de sobremesa,1.0,11.0,100.0
823,1358,colher de sobremesa rasa,1.0,6.0,100.0
823,1359,colher de sopa,1.0,13.0,100.0
823,1360,colher de sopa rasa,1.0,9.0,100.0
54406,45094,cullera sopera,1.0,10.0,100.0
201646,155245,portion,1.0,81.0,
207917,160954,chávena de café,1.0,40.0,100.0
207912,160957,colher de chá,1.0,3.0,100.0
48411,38205,slice,1.0,58.0,100.0
48420,38211,portion,1.0,25.0,100.0
208598,160026,"unidade pequena, descascado",1.0,7.0,100.0
208598,160027,"unidade pequena, inteiro",1.0,13.0,34.0
208598,160028,"unidade grande, descascado",1.0,24.0,100.0
208598,160029,"unidade grande, inteiro",1.0,32.0,34.0
208598,160030,"unidade grande, aquático, inteiro",1.0,16.0,34.0
7704,14975,bar (1.45 oz),1.0,41.0,
7704,14976,bar (2.6 oz),1.0,73.0,
7704,14977,block,3.0,42.0,
7704,14978,bar,1.0,17.0,
952,1626,colher de chá,1.0,3.0,100.0
952,1627,pau fino,1.0,3.0,100.0
172894,135621,Can,1.0,230.0,
1843,3950,tbsp (drained),1.0,8.6,
201649,155247,portion,1.0,250.0,
208784,161363,porção pequena,1.0,61.0,100.0
208784,161364,prato,1.0,521.0,100.0
48432,38221,average glass,1.0,160.0,100.0
22391,67062,portion petite,1.0,50.0,100.0
22391,67063,portion moyenne,1.0,100.0,100.0
22391,67064,portion grande,1.0,150.0,100.0
22391,67065,unité petite,1.0,40.0,100.0
22391,67066,unité moyenne,1.0,100.0,100.0
22391,67067,unité grande,1.0,165.0,100.0
5163,10044,large unit,1.0,15.0,
5163,10045,medium unit,1.0,10.0,
5163,10046,NLEA serving,1.0,85.0,
4969,9675,tbsp,1.0,9.7,
4969,9676,cup slices,0.5,78.0,
4969,9677,unit,1.0,46.0,
4497,8815,tbsp,1.0,9.7,
4497,8816,sliced cup,0.5,78.0,
4497,8817,unit,1.0,46.0,
48433,38222,small portion,1.0,40.0,100.0
48433,38223,medium portion,1.0,60.0,100.0
48433,38224,large portion,1.0,85.0,100.0
48433,38225,small unit,1.0,30.0,100.0
48433,38226,medium unit,1.0,80.0,100.0
48433,38227,large unit,1.0,140.0,100.0
48433,38228,tablespoon,1.0,40.0,100.0
48435,38236,small portion,1.0,40.0,71.0
48435,38237,medium portion,1.0,60.0,71.0
48435,38238,large portion,1.0,85.0,71.0
48435,38239,small unit,1.0,30.0,71.0
48435,38240,medium unit,1.0,80.0,71.0
48435,38241,large unit,1.0,140.0,71.0
48435,38242,tablespoon,1.0,40.0,71.0
4496,8806,cup chopped,1.0,128.0,
4496,8807,cup grated,1.0,110.0,
4496,8808,cup strips or slices,1.0,122.0,
4496,8809,"large unit (7-1/4"" to 8-/1/2"" long)",1.0,72.0,
4496,8810,medium unit,1.0,61.0,
4496,8811,"small unit (5-1/2"" long)",1.0,50.0,
4496,8812,slice,1.0,3.0,
4496,8813,"large strip (3"" long)",1.0,7.0,
4496,8814,medium strip,1.0,4.0,
48436,38243,small portion,1.0,40.0,100.0
48436,38244,medium portion,1.0,60.0,100.0
48436,38245,large portion,1.0,85.0,100.0
48436,38246,small unit,1.0,30.0,100.0
48436,38247,medium unit,1.0,80.0,100.0
48436,38248,large unit,1.0,140.0,100.0
48436,38249,tablespoon,1.0,40.0,100.0
48438,38251,small portion,1.0,40.0,87.0
48438,38252,medium portion,1.0,60.0,87.0
48438,38253,large portion,1.0,85.0,87.0
48438,38254,small unit,1.0,30.0,87.0
48438,38255,medium unit,1.0,80.0,87.0
48438,38256,large unit,1.0,140.0,87.0
48438,38257,tablespoon,1.0,40.0,87.0
48440,38260,portion,1.0,10.0,100.0
48440,38261,unit,1.0,1.0,100.0
48441,38262,small bag,1.0,25.0,100.0
48441,38263,medium bag,1.0,50.0,100.0
48441,38264,large bag,1.0,100.0,100.0
48441,38265,portion,1.0,10.0,100.0
48448,38269,small portion,1.0,180.0,100.0
48448,38270,medium portion,1.0,260.0,100.0
48448,38271,large portion,1.0,360.0,100.0
48449,38272,small portion,1.0,180.0,100.0
48449,38273,medium portion,1.0,260.0,100.0
48449,38274,large portion,1.0,360.0,100.0
48450,38275,small portion,1.0,180.0,100.0
48450,38276,medium portion,1.0,260.0,100.0
48450,38277,large portion,1.0,360.0,100.0
772,1209,unidade,1.0,1.0,100.0
772,1210,colher de sopa,1.0,19.0,100.0
772,1211,chávena de café,1.0,51.0,100.0
48464,38302,main dish portion,1.0,200.0,100.0
48464,38303,side dish portion,1.0,90.0,100.0
48467,38307,floret,1.0,10.0,100.0
48467,38308,small portion,1.0,60.0,100.0
48467,38309,medium portion,1.0,90.0,100.0
48467,38310,large portion,1.0,120.0,100.0
22399,67191,portion petite,1.0,100.0,100.0
22399,67192,portion moyenne,1.0,175.0,100.0
22399,67193,portion grande,1.0,280.0,100.0
4504,8834,"cup (1"" pieces)",0.5,62.0,
4504,8835,flowerets,3.0,54.0,
4503,8829,"chopped cup (1/2"" pieces)",1.0,107.0,
4503,8830,floweret,1.0,13.0,
4503,8831,"large head (6-7"" dia.)",1.0,840.0,
4503,8832,"medium head (5-6"" dia.)",1.0,588.0,
4503,8833,"small head (4"" dia.)",1.0,265.0,
37264,26733,"colher de sopa cheia, picado",1.0,10.0,100.0
37264,26734,fatia grande,1.0,10.0,100.0
37264,26735,fatia média,1.0,6.0,100.0
37264,26736,fatia pequena,1.0,4.0,100.0
37264,26737,unidade grande,1.0,150.0,77.5
37264,26738,unidade média,1.0,70.0,77.5
37264,26739,unidade pequena,1.0,30.0,77.5
662,1010,"unidade, sem casca",1.0,200.0,100.0
661,1007,"unidade, com casca",1.0,212.0,89.0
661,1008,"rodela, sem casca",1.0,11.0,89.0
661,1009,prato,0.25,50.0,89.0
4507,8839,cup,1.0,156.0,
22405,67082,tige,1.0,60.0,60.0
4510,8848,"cup, diced",1.0,150.0,
4510,8849,stalks,2.0,75.0,
4509,8841,chopped cup,1.0,101.0,
4509,8842,NLEA serving,1.0,110.0,
4509,8843,tbsp,1.0,7.5,
4509,8844,"large stalk (11""-12"" long)",1.0,64.0,
4509,8845,"medium stalk (7-1/2"" - 8"" long)",1.0,40.0,
4509,8846,"small stalk (5"" long)",1.0,17.0,
4509,8847,"strip (4"" long)",1.0,4.0,
48474,38321,stick,1.0,30.0,91.0
209002,161404,unidade média,1.0,10.0,100.0
209002,161405,unidade grande,1.0,15.0,100.0
209002,161406,porção,1.0,85.0,100.0
665,1015,"colher de sopa, tipo Baby",1.0,25.0,100.0
665,1016,"prato, tipo Baby",0.25,81.0,100.0
665,1017,"prato, tipo Baby",0.25,174.0,100.0
665,1018,unidade,1.0,47.0,100.0
665,1019,"prato, aos cubos",0.25,70.0,100.0
209003,160480,"colher de sopa, tipo Baby",1.0,25.0,100.0
209003,160481,"prato, tipo Baby",0.25,81.0,100.0
209003,160482,"prato, tipo Baby",0.25,174.0,100.0
209003,160483,unidade,1.0,47.0,100.0
209003,160484,"prato, aos cubos",0.25,70.0,100.0
664,1012,unidade,1.0,147.0,82.0
664,1013,"prato, ralada",0.25,45.0,82.0
664,1014,"prato, ralada",0.5,92.0,82.0
209004,160477,unidade,1.0,60.0,100.0
209004,160478,"prato, ralada",0.25,45.0,100.0
209004,160479,"prato, ralada",0.5,92.0,100.0
74368,124906,colher de sopa,1.0,2.0,100.0
48475,38322,unit,1.0,30.0,100.0
48476,38323,unit,1.0,30.0,100.0
3495,7121,cup (1 NLEA serving),0.66,55.0,
3652,7282,cup (1 NLEA serving),0.5,49.0,
3494,7120,cup (1 NLEA serving),0.5,51.0,
3406,6986,cup (1 NLEA serving),0.75,32.0,
3406,6987,cup,0.5,21.0,
3399,6978,cup,1.0,122.0,
3399,6979,oz,1.0,28.35,
3664,7294,packet (1 NLEA serving),1.0,31.0,
3707,7337,packet (1 NLEA serving),1.0,45.0,
3499,7125,cup (1 NLEA serving),0.5,40.0,
3564,7186,cup,0.5,40.0,
3554,7176,cup,0.5,40.0,
3449,7049,cup,1.0,234.0,
3449,7050,tbsp,1.0,14.6,
3449,7051,cup,0.75,175.0,
850,1413,garrafa pequena,1.0,250.0,100.0
850,1414,garrafa média,1.0,330.0,100.0
850,1415,garrafa grande,1.0,1000.0,100.0
850,1416,lata pequena,1.0,250.0,100.0
850,1417,lata média,1.0,330.0,100.0
850,1418,lata grande,1.0,500.0,100.0
850,1419,caneca,1.0,500.0,100.0
850,1420,fino,1.0,200.0,100.0
850,1421,príncipe,1.0,300.0,100.0
48478,38325,unit,1.0,55.0,100.0
4512,8851,cup,1.0,36.0,
4512,8852,leaf,1.0,48.0,
10081,18292,oz,1.0,28.35,
10081,18293,cup,1.0,240.0,
48489,38345,portion,1.0,30.0,100.0
48490,38346,portion,1.0,30.0,100.0
48495,38355,average portion,1.0,40.0,100.0
48496,38356,small chunk,1.0,20.0,100.0
48496,38357,medium chunk,1.0,40.0,100.0
48496,38358,large chunk,1.0,60.0,100.0
48496,38359,grated tablespoon,1.0,10.0,100.0
48496,38360,matchbox sized piece,1.0,30.0,100.0
48496,38361,pick n' mix unit,1.0,20.0,100.0
48496,38362,average portion,1.0,120.0,100.0
48496,38363,sandwich portion,1.0,45.0,100.0
48497,38364,small chunk,1.0,20.0,100.0
48497,38365,medium chunk,1.0,40.0,100.0
48497,38366,large chunk,1.0,60.0,100.0
48497,38367,grated tablespoon,1.0,10.0,100.0
48497,38368,matchbox sized piece,1.0,30.0,100.0
48497,38369,pick n' mix unit,1.0,20.0,100.0
48497,38370,average portion,1.0,120.0,100.0
48497,38371,sandwich portion,1.0,45.0,100.0
48498,38372,small chunk,1.0,20.0,100.0
48498,38373,medium chunk,1.0,40.0,100.0
48498,38374,large chunk,1.0,60.0,100.0
48498,38375,grated tablespoon,1.0,10.0,100.0
48498,38376,matchbox sized piece,1.0,30.0,100.0
48498,38377,pick n' mix unit,1.0,20.0,100.0
48498,38378,average portion,1.0,120.0,100.0
48498,38379,sandwich portion,1.0,45.0,100.0
48509,38399,average portion,1.0,40.0,100.0
48522,38432,heaped tablespoon,1.0,55.0,100.0
1568,3284,"cup, diced",1.0,132.0,
1568,3285,"cup, melted",1.0,244.0,
1568,3286,"cup, shredded",1.0,113.0,
1568,3287,oz,1.0,28.35,
1568,3288,cubic inch,1.0,17.0,
1568,3289,slice (1 oz),1.0,28.0,
1781,3820,serving,1.0,28.0,
1571,3296,oz,4.0,113.0,
1571,3297,"cup, of large curd (not packed)",1.0,210.0,
1571,3298,"cup, of small curd (not packed)",1.0,225.0,
1575,3305,oz,4.0,113.0,
1575,3306,cup (not packed),1.0,226.0,
10117,18358,oz,4.0,113.0,
10117,18359,cup,1.0,226.0,
1574,3303,oz,4.0,113.0,
1574,3304,cup (not packed),1.0,226.0,
1573,3301,cup (not packed),1.0,145.0,
1573,3302,oz,4.0,113.0,
48499,38380,small pot,1.0,112.0,100.0
48499,38381,tablespoon,1.0,40.0,100.0
48499,38382,sandwich portion,1.0,50.0,100.0
48500,38383,small pot,1.0,112.0,100.0
48500,38384,tablespoon,1.0,40.0,100.0
48500,38385,sandwich portion,1.0,50.0,100.0
1576,3307,tbsp,1.0,14.5,
1576,3308,cup,1.0,232.0,
1576,3309,"tbsp, whipped",1.0,10.0,
1576,3310,oz,1.0,28.35,
1576,3311,cubic inch,1.0,16.0,
1576,3312,small package (3 oz),1.0,85.0,
10079,18285,tbsp,1.0,15.0,
10079,18286,cup,1.0,240.0,
10079,18287,"tbsp, whipped",1.0,10.0,
1755,3782,cup (crumbled),1.0,122.0,
1581,3327,oz,1.0,28.35,
1581,3328,package (7 oz),1.0,198.0,
48512,38400,small chunk,1.0,20.0,100.0
48512,38401,medium chunk,1.0,40.0,100.0
48512,38402,large chunk,1.0,60.0,100.0
48512,38403,grated tablespoon,1.0,10.0,100.0
48512,38404,matchbox sized piece,1.0,30.0,100.0
48512,38405,pick n' mix unit,1.0,20.0,100.0
48512,38406,average portion,1.0,120.0,100.0
48512,38407,sandwich portion,1.0,45.0,100.0
1733,3725,cup,1.0,100.0,
1733,3726,tbsp,1.0,5.0,
1733,3727,oz,1.0,28.35,
1591,3365,cup,1.0,100.0,
1591,3366,tbsp,1.0,5.0,
1591,3367,oz,1.0,28.35,
48520,38420,slice,1.0,20.0,100.0
48520,38421,small triangle,1.0,14.0,100.0
48520,38422,large triangle,1.0,25.0,100.0
48520,38423,(Laughing cow) triangle,1.0,17.0,100.0
1595,3382,cup,0.5,124.0,
1595,3383,cup,1.0,246.0,
48528,38450,sandwich portion,1.0,30.0,100.0
48530,38452,sandwich portion,1.0,30.0,100.0
10155,18445,slice (1 oz),1.0,28.0,
10155,18446,cubic inch,1.0,15.0,
10155,18447,"cup, shredded",1.0,108.0,
10155,18448,"cup, diced",1.0,132.0,
202902,156174,portion,1.0,140.0,
48540,38485,unit,1.0,4.0,100.0
22503,66073,portion petite,1.0,100.0,100.0
22503,66074,portion moyenne,1.0,200.0,100.0
22503,66075,portion grande,1.0,300.0,100.0
3363,6933,slice,1.0,12.0,
48553,38497,portion,1.0,100.0,100.0
82483,66322,tranche moyenne,1.0,30.0,100.0
82483,66323,tranche moyenne,1.0,40.0,100.0
48558,38510,small portion,1.0,180.0,100.0
48558,38511,medium portion,1.0,260.0,100.0
48558,38512,large portion,1.0,360.0,100.0
48564,38525,small portion,1.0,150.0,100.0
48564,38526,medium portion,1.0,220.0,100.0
48564,38527,large portion,1.0,300.0,100.0
48564,38528,main course type,1.0,260.0,100.0
48564,38529,starter type,1.0,190.0,100.0
48564,38530,cup-a-soup portion,1.0,215.0,100.0
48569,38539,small portion,1.0,180.0,100.0
48569,38540,medium portion,1.0,260.0,100.0
48569,38541,large portion,1.0,360.0,100.0
48571,38546,slice,1.0,40.0,100.0
48571,38547,small portion,1.0,100.0,100.0
48571,38548,medium portion,1.0,130.0,100.0
48571,38549,large portion,1.0,150.0,100.0
48572,38550,slice,1.0,40.0,100.0
48572,38551,small portion,1.0,100.0,100.0
48572,38552,medium portion,1.0,130.0,100.0
48572,38553,large portion,1.0,150.0,100.0
27791,146743,fetta,1.0,100.0,98.0
2415,5335,"breast unit, bone removed (yield from 1 lb ready-to-cook chicken)",0.5,87.0,
2415,5336,"breast unit, bone removed",0.5,145.0,
48588,38602,portion,1.0,47.0,100.0
48599,38623,small portion,1.0,70.0,100.0
48599,38624,medium portion,1.0,100.0,100.0
48599,38625,large portion,1.0,170.0,100.0
48599,38626,half,1.0,350.0,100.0
48599,38627,quarter,1.0,190.0,100.0
48599,38628,drumstick,1.0,47.0,100.0
48599,38629,leg,1.0,90.0,100.0
48599,38630,wing,1.0,25.0,100.0
48599,38631,thigh,1.0,45.0,100.0
48599,38632,small breast,1.0,100.0,100.0
48599,38633,medium breast,1.0,130.0,100.0
48599,38634,large breast,1.0,150.0,100.0
2666,5875,oz,4.0,113.0,
2666,5876,lb,1.0,453.0,
6418,12446,cup,1.0,92.0,
6518,12565,"can drained, rinsed",1.0,254.0,
6518,12566,"cup (drained, rinsed)",1.0,152.0,
6331,12303,cup,1.0,240.0,
6331,12304,can (total can contents),1.0,448.0,
6519,12567,cup,1.0,240.0,
6519,12568,can (total can contents),1.0,448.0,
6516,12563,cup,1.0,164.0,
6330,12302,cup,1.0,164.0,
6329,12300,cup,1.0,200.0,
6329,12301,tbsp,1.0,12.5,
48631,38706,portion,1.0,220.0,100.0
48633,38708,portion,1.0,290.0,100.0
48634,38709,level teaspoon,1.0,3.0,100.0
48635,38710,teaspoon,1.0,5.0,100.0
48637,38714,small portion,1.0,180.0,100.0
48637,38715,medium portion,1.0,260.0,100.0
48637,38716,large portion,1.0,360.0,100.0
177563,138606,portion,1.0,400.0,
48641,38721,sprig,1.0,1.0,100.0
825,1364,colher de chá,1.0,5.0,100.0
825,1365,colher de chá rasa,1.0,3.0,100.0
825,1366,colher de sobremesa,1.0,9.0,100.0
825,1367,colher de sobremesa rasa,1.0,6.0,100.0
825,1368,colher de sopa,1.0,12.0,100.0
825,1369,colher de sopa rasa,1.0,8.0,100.0
48648,38731,heaped teaspoon,1.0,16.0,100.0
48648,38732,level teaspoon,1.0,8.0,100.0
48648,38733,average spread,1.0,20.0,100.0
48650,38735,heaped teaspoon,1.0,16.0,100.0
48650,38736,level teaspoon,1.0,8.0,100.0
48650,38737,average spread,1.0,20.0,100.0
7963,15409,oz,1.0,28.35,
7963,15410,bar,1.0,112.0,
7964,15411,oz,1.0,28.35,
7964,15412,bar,1.0,101.0,
48662,38764,teaspoon,1.0,10.0,100.0
48662,38765,tablespoon,1.0,33.0,100.0
48669,38790,teaspoon,1.0,3.0,100.0
4037,7962,unit,1.0,74.0,
48676,38799,heaped teaspoon,1.0,6.0,100.0
48676,38800,level teaspoon,1.0,2.0,100.0
7705,14979,cup,1.0,86.0,
7705,14980,tbsp,1.0,5.4,
27376,146456,cucchiaio da tavola (colmo),1.0,9.0,100.0
27376,146457,cucchiaio da tavola (raso),1.0,5.0,100.0
27376,146458,cucchiaino da tè (colmo),1.0,4.0,100.0
27376,146459,cucchiaino da tè (raso),1.0,2.0,100.0
21862,30231,vaso pequeño,1.0,113.0,100.0
21862,30232,vaso grande,1.0,225.0,100.0
48681,38808,can,1.0,400.0,100.0
22261,68303,verre,1.0,120.0,100.0
22261,68304,verre,1.0,150.0,100.0
22261,68305,verre,1.0,200.0,100.0
22261,68306,verre,1.0,250.0,100.0
21713,30026,cucharada de café,1.0,2.0,100.0
21713,30027,cucharada de postre,1.0,5.0,100.0
21713,30028,cucharada sopera,1.0,9.0,100.0
82286,69700,portion petite,1.0,100.0,100.0
82286,69701,portion moyenne,1.0,150.0,100.0
82286,69702,portion grande,1.0,200.0,100.0
48687,38811,small fillet,1.0,50.0,88.0
48687,38812,medium fillet,1.0,120.0,88.0
48687,38813,large fillet,1.0,175.0,88.0
48687,38814,average steak,1.0,50.0,88.0
48689,38819,small fillet,1.0,50.0,90.0
48689,38820,medium fillet,1.0,120.0,90.0
48689,38821,large fillet,1.0,175.0,90.0
48689,38822,average steak,1.0,50.0,90.0
48691,38827,small portion,1.0,120.0,100.0
48691,38828,medium portion,1.0,180.0,100.0
48691,38829,large portion,1.0,225.0,100.0
48691,38830,average steak,1.0,50.0,100.0
48693,38835,small fillet,1.0,50.0,90.0
48693,38836,medium fillet,1.0,120.0,90.0
48693,38837,large fillet,1.0,175.0,90.0
48693,38838,average steak,1.0,50.0,90.0
21654,29958,vaso pequeño,1.0,113.0,100.0
21654,29959,taza,1.0,210.0,100.0
21654,29960,vaso grande,1.0,210.0,100.0
21654,29961,bol,1.0,300.0,100.0
22284,68361,tasse,1.0,250.0,100.0
22284,68362,tasse,1.0,300.0,100.0
22284,68363,bol,1.0,350.0,100.0
22284,68364,tasse,1.0,90.0,100.0
48704,38873,mug,1.0,260.0,100.0
48704,38874,cup,1.0,190.0,100.0
48704,38875,vending machine cup,1.0,170.0,100.0
48706,38879,mug,1.0,260.0,100.0
48706,38880,cup,1.0,190.0,100.0
48706,38881,vending machine cup,1.0,170.0,100.0
48712,38897,mug,1.0,260.0,100.0
48712,38898,cup,1.0,190.0,100.0
48712,38899,vending machine cup,1.0,170.0,100.0
48713,38900,mug,1.0,260.0,100.0
48713,38901,cup,1.0,190.0,100.0
48713,38902,vending machine cup,1.0,170.0,100.0
669,1023,unidade,1.0,5.0,100.0
669,1024,"colher de sopa, inteiros",1.0,19.0,100.0
669,1025,"prato, inteiros",1.0,67.0,100.0
669,1026,"colher de sopa, laminados",1.0,15.0,100.0
669,1027,"colher de servir, laminados",1.0,37.0,100.0
669,1028,"prato, laminados",0.25,43.0,100.0
669,1029,"prato, laminados",0.5,86.0,100.0
48721,38922,tablespoon,1.0,45.0,100.0
48721,38923,small tub,1.0,120.0,100.0
48721,38924,large tub,1.0,250.0,100.0
48721,38925,takeaway portion,1.0,100.0,100.0
9592,17744,brownie,1.0,36.0,
4526,8873,cup,0.25,4.0,
4526,8874,sprigs,9.0,20.0,
48740,38964,large sprig,1.0,1.0,78.0
81268,69457,unité moyenne,1.0,40.0,100.0
5119,9936,cup,1.0,165.0,
5119,9937,package (10 oz) yields,1.0,284.0,
5118,9934,cup,1.0,165.0,
5118,9935,package (10 oz) yields,1.0,284.0,
4533,8894,"cup drained, rinsed",1.0,150.0,
4533,8895,"can drained, rinsed",1.0,266.0,
4985,9706,cup,1.0,210.0,
4985,9707,can (303 x 406),1.0,340.0,
4982,9696,"small ear (5-1/2"" to 6-1/2"" long)",1.0,89.0,
4982,9697,"medium ear (6-3/4"" to 7-1/2"" long)",1.0,103.0,
4982,9698,"large ear (7-3/4"" to 9"" long)",1.0,118.0,
4982,9699,cup,1.0,149.0,
4982,9700,baby ear,1.0,8.0,
4982,9701,"ear, yields",1.0,77.0,
4527,8875,cup,1.0,145.0,
4527,8876,"large ear (7-3/4"" to 9"" long) yields",1.0,143.0,
4527,8877,"medium ear (6-3/4"" to 7-1/2"" long) yields",1.0,102.0,
4527,8878,"small ear (5-1/2"" to 6-1/2"" long)",1.0,73.0,
48746,38972,small can,1.0,198.0,100.0
8002,15457,cup,1.0,128.0,
22482,68921,portion petite,1.0,20.0,100.0
22482,68922,portion moyenne,1.0,40.0,100.0
22482,68923,portion grande,1.0,60.0,100.0
23134,65538,unité moyenne,1.0,250.0,100.0
23134,65539,unité moyenne,0.5,125.0,100.0
23134,65540,unité moyenne,0.33,80.0,100.0
23134,65541,unité moyenne,0.25,60.0,100.0
23134,65542,unité moyenne,0.125,30.0,100.0
183816,142822,unité petite,1.0,250.0,100.0
183816,142823,unité grande,1.0,550.0,100.0
22403,67198,portion petite,1.0,100.0,100.0
22403,67199,portion moyenne,1.0,175.0,100.0
22403,67200,portion grande,1.0,280.0,100.0
22402,67079,unité petite,1.0,250.0,100.0
22402,67080,unité grande,1.0,550.0,100.0
48753,38987,medium unit,1.0,100.0,100.0
48753,38988,large unit,1.0,150.0,100.0
48753,38989,small portion,1.0,60.0,100.0
48753,38990,medium portion,1.0,90.0,100.0
48753,38991,large portion,1.0,120.0,100.0
48757,39002,medium unit,1.0,100.0,100.0
48757,39003,large unit,1.0,150.0,100.0
48757,39004,small portion,1.0,60.0,100.0
48757,39005,medium portion,1.0,90.0,100.0
48757,39006,large portion,1.0,120.0,100.0
48758,39007,medium unit,1.0,100.0,88.0
48758,39008,large unit,1.0,150.0,88.0
48758,39009,small portion,1.0,60.0,88.0
48758,39010,medium portion,1.0,90.0,88.0
48758,39011,large portion,1.0,120.0,88.0
23290,65814,portion petite,1.0,100.0,100.0
23290,65815,portion moyenne,1.0,200.0,100.0
23290,65816,grande portion,1.0,300.0,100.0
82156,69340,portion petite,1.0,230.0,100.0
82156,69341,portion moyenne,1.0,430.0,100.0
82156,69342,portion grande,1.0,650.0,100.0
8004,15459,"cup, cooked",1.0,157.0,
8004,15460,"cup, dry, yields",1.0,528.0,
8004,15461,"oz, dry, yields",1.0,86.0,
48760,39013,tablespoon,1.0,33.0,100.0
48760,39014,average portion,1.0,150.0,100.0
209027,160516,prato,0.25,23.0,80.0
678,1043,ramo,1.0,16.0,100.0
678,1044,prato,0.25,69.0,100.0
678,1045,prato,0.5,141.0,100.0
209015,160505,ramo,1.0,16.0,100.0
209015,160506,prato,0.25,69.0,100.0
209015,160507,prato,0.5,141.0,100.0
677,1042,ramo,1.0,46.0,39.0
7239,13940,oz,0.5,14.2,
7239,13941,"cup, crushed",1.0,55.0,
7239,13942,unit,1.0,10.0,
7239,13943,thin wafer,1.0,2.0,
7239,13944,wafer,1.0,10.0,
7239,13945,"Norwegian flatbread type (4-3/4"" x 2-3/4"" x 1/16"")",1.0,5.8,
7239,13946,Rye Krisp wafer (triple cracker),1.0,25.0,
7239,13947,Wasa rye type,1.0,10.0,
67694,54583,cracker,3.0,10.7,
27317,146403,pacchetto,1.0,30.0,100.0
27317,146404,unità,1.0,6.0,100.0
27553,146584,pacchetto,1.0,30.0,100.0
27553,146585,unità,1.0,6.0,100.0
3800,7487,cup,0.25,40.0,
3799,7485,"cup, chopped",1.0,110.0,
3799,7486,"cup, whole",1.0,100.0,
48769,39035,average glass,1.0,160.0,100.0
48769,39036,individual cartoon,1.0,200.0,100.0
48769,39037,tall tumbler,1.0,300.0,100.0
48769,39038,wine glass,1.0,120.0,100.0
48769,39039,Britvic can,1.0,173.0,100.0
48769,39040,pub bottle,1.0,110.0,100.0
48771,39045,unit,1.0,7.0,100.0
1622,3470,cup,1.0,94.0,
1622,3471,tsp,1.0,2.0,
1622,3472,packet,1.0,3.0,
48780,39059,small cartoon,1.0,150.0,100.0
48780,39060,large cartoon,1.0,300.0,100.0
48780,39061,tablespoon,1.0,15.0,100.0
48784,39065,portion,1.0,100.0,100.0
38253,28899,colher de sopa rasa,1.0,15.0,100.0
38253,28900,lata,1.0,300.0,100.0
82076,69509,unité moyenne,1.0,27.5,100.0
48788,39068,unit,1.0,10.0,100.0
48788,39069,thin cracker,1.0,5.0,100.0
48788,39070,portion,1.0,10.0,100.0
48788,39071,small portion,1.0,6.0,100.0
48788,39072,craker,1.0,15.0,100.0
48789,39073,mini portion,1.0,35.0,100.0
48789,39074,portion,1.0,60.0,100.0
48789,39075,savoury portion,1.0,90.0,100.0
81254,66101,sachet moyen,1.0,90.0,100.0
81254,66102,sachet grand,1.0,300.0,100.0
48793,39079,average portion,1.0,170.0,100.0
48799,39093,portion,1.0,40.0,100.0
6271,12228,oz,3.0,85.0,
951,1625,unidade,1.0,11.0,100.0
4554,8928,"cup, pared, chopped",1.0,133.0,
4554,8929,"cup, sliced",1.0,119.0,
4554,8930,"large unit (8-1/4"" long)",1.0,280.0,
4554,8931,medium unit,1.0,201.0,
4554,8932,slice,1.0,7.0,
4554,8933,"small unit (6-3/8"" long)",1.0,158.0,
4554,8934,"stick (4"" long)",1.0,9.0,
48800,39094,slice,1.0,6.0,92.0
48800,39095,1'' piece,1.0,60.0,92.0
48800,39096,portion,1.0,23.0,92.0
4553,8926,cup slices,0.5,52.0,
4553,8927,"unit (8-1/4"")",1.0,301.0,
48801,39097,tablespoon,1.0,12.0,100.0
48802,39098,serving,1.0,90.0,100.0
48802,39099,tablespoon,1.0,40.0,100.0
3803,7491,cup,1.0,112.0,
48810,39105,level teaspoon,1.0,3.0,100.0
48834,39153,serving,1.0,200.0,100.0
48834,39154,tablespoon,1.0,50.0,100.0
48839,39166,small portion,1.0,180.0,100.0
48839,39167,medium portion,1.0,260.0,100.0
48839,39168,large portion,1.0,360.0,100.0
48842,39175,small portion,1.0,180.0,100.0
48842,39176,medium portion,1.0,260.0,100.0
48842,39177,large portion,1.0,360.0,100.0
48873,39245,serving,1.0,200.0,100.0
48873,39246,tablespoon,1.0,50.0,100.0
48900,39297,serving,1.0,200.0,100.0
48900,39298,tablespoon,1.0,50.0,100.0
48913,39324,average portion,1.0,120.0,100.0
48913,39325,can,1.0,420.0,100.0
48913,39326,cartoon,1.0,530.0,100.0
48913,39327,individual pot,1.0,150.0,100.0
48915,39332,average portion,1.0,120.0,100.0
48915,39333,can,1.0,420.0,100.0
48915,39334,cartoon,1.0,530.0,100.0
48915,39335,individual pot,1.0,150.0,100.0
82543,69865,tablette,1.0,200.0,100.0
82543,69866,barre,1.0,25.0,100.0
82543,69867,barre,1.0,10.0,100.0
22916,69721,unité moyenne,1.0,100.0,100.0
22916,69722,unité moyenne,1.0,200.0,100.0
22916,69723,portion moyenne d'environ 5 carrés,1.0,25.0,100.0
82546,69860,tablette,1.0,200.0,100.0
82546,69861,portion moyenne,1.0,25.0,100.0
22945,69871,carré moyen,1.0,10.0,100.0
237213,181659,carré moyen,1.0,10.0,100.0
22942,69869,gros carré,1.0,15.0,100.0
48926,39342,unit,1.0,15.0,100.0
48927,39343,unit,1.0,15.0,84.0
48928,39344,unit,1.0,25.0,100.0
180341,140416,portion,1.0,5.5,
48933,39350,teaspoon,1.0,1.0,100.0
48934,39351,sprig,1.0,1.0,100.0
48935,39352,level tablespoon,1.0,15.0,100.0
48935,39353,heaped tablespoon,1.0,33.0,100.0
48936,39354,level tablespoon,1.0,15.0,100.0
48936,39355,heaped tablespoon,1.0,33.0,100.0
816,1341,colher de chá,1.0,10.0,100.0
816,1342,colher de sobremesa,1.0,17.0,100.0
381,504,unidade pequena,1.0,190.0,
208626,159964,unidade pequena,1.0,190.0,100.0
48944,39364,tablespoon,1.0,15.0,100.0
48945,39365,tablespoon,1.0,15.0,100.0
48947,39367,tablespoon,1.0,15.0,100.0
48950,39370,heaped tablespoon,1.0,25.0,100.0
23294,69453,portion petite,1.0,100.0,100.0
23294,69454,portion moyenne,1.0,200.0,100.0
23294,69455,grande portion,1.0,300.0,100.0
23294,69456,cuillère à soupe moyenne,1.0,20.0,100.0
48951,39371,mug,1.0,218.0,100.0
48954,39374,portion,1.0,18.0,100.0
81129,69414,unité de la taille d'un œuf de poule,1.0,50.0,100.0
81129,69415,portion petite,1.0,175.0,100.0
81129,69416,portion moyenne,1.0,200.0,100.0
81129,69417,portion grande,1.0,300.0,100.0
81129,69418,unité moyenne,1.0,175.0,100.0
4560,8943,cup,1.0,155.0,
22526,68594,unité petite (S),1.0,53.0,87.0
22526,68595,unité moyenne (M),1.0,58.0,87.0
22526,68596,unité grande (L),1.0,68.0,87.0
22526,68597,unité très grande (XL),1.0,73.0,87.0
1672,3607,large unit,1.0,33.0,
1672,3608,cup,1.0,243.0,
1710,3691,oz,1.0,28.0,
1677,3616,"cup, chopped",1.0,136.0,
1677,3617,tbsp,1.0,8.5,
1677,3618,large unit,1.0,50.0,
1678,3619,tbsp,1.0,15.0,
1678,3620,large unit,1.0,61.0,
1679,3621,large unit,1.0,50.0,
1680,3622,large unit,1.0,61.0,
1680,3623,tbsp,1.0,13.7,
1680,3624,cup,1.0,220.0,
1671,3601,large unit,1.0,50.0,
1671,3602,extra large unit,1.0,56.0,
1671,3603,jumbo unit,1.0,63.0,
1671,3604,cup (4.86 large eggs),1.0,243.0,
1671,3605,medium unit,1.0,44.0,
1671,3606,small unit,1.0,38.0,
1709,3690,oz,1.0,28.0,
1674,3611,oz,1.0,28.35,
1674,3612,lb,0.5,227.0,
21637,29927,unidad pequeña,1.0,28.0,100.0
21637,29928,unidad mediana,1.0,33.0,100.0
21637,29929,unidad grande,1.0,43.0,100.0
22385,67169,portion petite,1.0,100.0,100.0
22385,67170,portion moyenne,1.0,175.0,100.0
22385,67171,portion grande,1.0,250.0,100.0
4994,9718,"cup (1"" cubes)",1.0,99.0,
4558,8940,"cup (1"" cubes)",1.0,99.0,
4557,8937,"cup, cubes",1.0,82.0,
4557,8938,"unit, peeled (yield from 1-1/4 lb)",1.0,458.0,
4557,8939,"unit, unpeeled (approx 1-1/4 lb)",1.0,548.0,
48980,39391,portion,1.0,120.0,100.0
48983,39393,unit,1.0,32.0,100.0
48984,39394,unit,1.0,50.0,100.0
48984,39395,(size 1) unit,1.0,67.0,100.0
48984,39396,(size 2) unit,1.0,61.0,100.0
48984,39397,(size 3) unit,1.0,57.0,100.0
48984,39398,(size 4) unit,1.0,47.0,100.0
48986,39400,unit,1.0,60.0,100.0
48987,39401,unit,1.0,60.0,100.0
48988,39402,unit,1.0,50.0,100.0
48988,39403,(size 1) unit,1.0,67.0,100.0
48988,39404,(size 2) unit,1.0,61.0,100.0
48988,39405,(size 3) unit,1.0,57.0,100.0
48988,39406,(size 4) unit,1.0,47.0,100.0
48990,39407,portion,1.0,120.0,100.0
48992,39408,unit,1.0,18.0,100.0
81533,66593,petit sachet,1.0,50.0,100.0
81533,66594,sachet moyen,1.0,70.0,100.0
81533,66595,grand sachet,1.0,200.0,100.0
67475,54149,cup,1.0,150.0,
235031,180034,unité moyenne,1.0,530.0,83.0
235031,180035,cuillère à soupe,1.0,10.0,83.0
550,767,prato,0.25,84.0,100.0
550,768,prato,0.5,126.0,100.0
208184,160235,prato,0.25,84.0,100.0
208184,160236,prato,0.5,126.0,100.0
688,1057,folha,1.0,2.0,60.0
22273,68377,tasse,1.0,70.0,100.0
22273,68378,tasse,1.0,90.0,100.0
54985,45674,porción,1.0,204.0,
349609,257377,portion,1.0,611.0,
82229,66998,unité moyenne,1.0,15.0,100.0
6408,12433,"patty (approx 2-1/4"" dia)",1.0,17.0,
1084,2152,colher de chá cheia,1.0,5.0,
1084,2153,colher de sopa cheia,1.0,16.0,
1084,2154,colher de sopa rasa,1.0,12.0,
1084,2155,colher de sobremesa cheia,1.0,10.0,
1084,2156,colher de sobremesa rasa,1.0,8.0,
8479,16071,sandwich,1.0,268.0,
49004,39416,thin spread,1.0,5.0,100.0
49004,39417,medium spread,1.0,7.0,100.0
49004,39418,thick spread,1.0,10.0,100.0
49004,39419,thin spread on roll,1.0,5.0,100.0
49004,39420,medium spread on roll,1.0,7.0,100.0
49004,39421,thick spread on roll,1.0,10.0,100.0
49004,39422,average spread on toasted crumpet,1.0,10.0,100.0
49004,39423,thin scraping on crispbread,1.0,2.0,100.0
49004,39424,teaspoon,1.0,5.0,100.0
49005,39425,thin spread,1.0,5.0,100.0
49005,39426,medium spread,1.0,7.0,100.0
49005,39427,thick spread,1.0,10.0,100.0
49005,39428,thin spread on roll,1.0,5.0,100.0
49005,39429,medium spread on roll,1.0,7.0,100.0
49005,39430,thick spread on roll,1.0,10.0,100.0
49005,39431,average spread on toasted crumpet,1.0,10.0,100.0
49005,39432,thin scraping on crispbread,1.0,2.0,100.0
49005,39433,teaspoon,1.0,5.0,100.0
49008,39452,thin spread,1.0,5.0,100.0
49008,39453,medium spread,1.0,7.0,100.0
49008,39454,thick spread,1.0,10.0,100.0
49008,39455,thin spread on roll,1.0,5.0,100.0
49008,39456,medium spread on roll,1.0,7.0,100.0
49008,39457,thick spread on roll,1.0,10.0,100.0
49008,39458,average spread on toasted crumpet,1.0,10.0,100.0
49008,39459,thin scraping on crispbread,1.0,2.0,100.0
49008,39460,teaspoon,1.0,5.0,100.0
49009,39461,thin spread,1.0,5.0,100.0
49009,39462,medium spread,1.0,7.0,100.0
49009,39463,thick spread,1.0,10.0,100.0
49009,39464,thin spread on roll,1.0,5.0,100.0
49009,39465,medium spread on roll,1.0,7.0,100.0
49009,39466,thick spread on roll,1.0,10.0,100.0
49009,39467,average spread on toasted crumpet,1.0,10.0,100.0
49009,39468,thin scraping on crispbread,1.0,2.0,100.0
49009,39469,teaspoon,1.0,5.0,100.0
49010,39470,thin spread,1.0,5.0,100.0
49010,39471,medium spread,1.0,7.0,100.0
49010,39472,thick spread,1.0,10.0,100.0
49010,39473,thin spread on roll,1.0,5.0,100.0
49010,39474,medium spread on roll,1.0,7.0,100.0
49010,39475,thick spread on roll,1.0,10.0,100.0
49010,39476,average spread on toasted crumpet,1.0,10.0,100.0
49010,39477,thin scraping on crispbread,1.0,2.0,100.0
49010,39478,teaspoon,1.0,5.0,100.0
49011,39479,thin spread,1.0,5.0,100.0
49011,39480,medium spread,1.0,7.0,100.0
49011,39481,thick spread,1.0,10.0,100.0
49011,39482,thin spread on roll,1.0,5.0,100.0
49011,39483,medium spread on roll,1.0,7.0,100.0
49011,39484,thick spread on roll,1.0,10.0,100.0
49011,39485,average spread on toasted crumpet,1.0,10.0,100.0
49011,39486,thin scraping on crispbread,1.0,2.0,100.0
49011,39487,teaspoon,1.0,5.0,100.0
501,620,colher de sopa,1.0,20.0,100.0
501,621,prato,0.25,48.0,100.0
501,622,prato,0.5,100.0,100.0
209035,160088,colher de sopa,1.0,20.0,100.0
209035,160089,prato,0.25,48.0,100.0
209035,160090,prato,0.5,100.0,100.0
235001,179926,unité petite,1.0,125.0,85.0
235001,179927,unité grande,1.0,340.0,85.0
957,1636,colher de café,1.0,3.0,100.0
957,1637,colher de chá,1.0,7.0,100.0
956,1634,colher de café,1.0,3.0,100.0
956,1635,colher de chá,1.0,7.0,100.0
22056,69877,sachet moyen,1.0,190.0,100.0
426510,318444,portion,1.0,338.0,
259277,197708,portion,1.0,338.0,
264,385,fatia fina,1.0,13.0,100.0
264,386,fatia grossa,1.0,32.0,100.0
207992,161163,fatia fina,1.0,13.0,100.0
207992,161164,fatia grossa,1.0,32.0,100.0
27522,146539,unità media,1.0,15.0,95.0
49019,39490,unit,1.0,20.0,100.0
3814,7507,cup,1.0,149.0,
3814,7508,unit,1.0,8.4,
3809,7497,"large unit (2-1/2"" dia)",1.0,64.0,
3809,7498,"medium unit (2-1/4"" dia)",1.0,50.0,
3809,7499,"small unit (1-1/2"" dia)",1.0,40.0,
49023,39493,unit,1.0,55.0,98.0
22088,66735,petite portion,1.0,20.0,100.0
22088,66736,portion moyenne,1.0,40.0,100.0
22088,66737,grande portion,1.0,80.0,100.0
49027,39498,unit,1.0,28.0,100.0
49027,39499,jumbo unit,1.0,60.0,100.0
6016,11694,oz (boneless),1.0,28.35,
6016,11695,unit,1.0,4.0,
6016,11696,can (2 oz),1.0,45.0,
6016,11697,unit,5.0,20.0,
6030,11724,oz,3.0,85.0,
6030,11725,fillet,1.0,180.0,
6029,11722,oz,3.0,85.0,
6029,11723,fillet,1.0,231.0,
6270,12227,oz,3.0,85.0,
6219,12138,oz,3.0,85.0,
6219,12139,fillet,0.5,154.0,
6249,12193,fillet,1.0,143.0,
6249,12194,oz,3.0,85.0,
6138,11967,oz (boneless),1.0,28.35,
6138,11968,cubic inch (boneless),1.0,16.0,
6138,11969,oz,3.0,85.0,
6194,12088,oz,3.0,85.0,
6194,12089,can,1.0,165.0,
49032,39509,unit,1.0,100.0,100.0
49034,39511,unit,1.0,100.0,100.0
27273,146381,porzione,1.0,30.0,100.0
49038,39515,small slice,1.0,95.0,100.0
49038,39516,medium slice,1.0,140.0,100.0
49038,39517,large slice,1.0,180.0,100.0
81645,67422,cuillère à soupe,1.0,6.0,100.0
586,831,colher de chá,1.0,3.0,100.0
586,832,colher de sobremesa,1.0,6.0,100.0
586,833,colher de sopa,1.0,8.0,100.0
208199,160305,colher de chá,1.0,3.0,100.0
208199,160306,colher de sobremesa,1.0,6.0,100.0
208199,160307,colher de sopa,1.0,8.0,100.0
126085,105168,colher de chá,1.0,3.0,100.0
126085,105169,colher de sobremesa,1.0,6.0,100.0
126085,105170,colher de sopa,1.0,8.0,100.0
126085,105171,caneca,1.0,100.0,
587,834,colher de sobremesa,1.0,5.0,100.0
587,835,colher de sopa,1.0,8.0,100.0
587,836,porção preparada,1.0,154.0,100.0
208201,160308,colher de sobremesa,1.0,5.0,100.0
208201,160309,colher de sopa,1.0,8.0,100.0
208201,160310,porção preparada,1.0,154.0,100.0
593,858,colher de sopa,1.0,5.0,100.0
593,859,mão-cheia,1.0,16.0,100.0
593,860,prato de sopa,1.0,35.0,100.0
593,861,taça,1.0,40.0,100.0
591,852,colher de sobremesa,1.0,6.0,100.0
591,853,colher de sopa,1.0,8.0,100.0
591,854,porção preparada,1.0,169.0,100.0
591,855,mão-cheia,1.0,16.0,100.0
591,856,prato de sopa,1.0,60.0,100.0
208204,160326,colher de sobremesa,1.0,6.0,100.0
208204,160327,colher de sopa,1.0,8.0,100.0
208204,160328,porção preparada,1.0,169.0,100.0
208204,160329,mão-cheia,1.0,16.0,100.0
208204,160330,prato de sopa,1.0,60.0,100.0
592,857,prato de sopa,1.0,52.0,100.0
49065,39565,level tablespoon,1.0,20.0,100.0
49065,39566,heaped tablespoon,1.0,30.0,100.0
49067,39569,level tablespoon,1.0,20.0,100.0
49067,39570,heaped tablespoon,1.0,30.0,100.0
349508,257316,portion,1.0,90.0,
209245,161503,portion,1.0,269.0,
7538,14636,piece,1.0,57.0,
726,1116,unidade,1.0,4.0,100.0
726,1117,mão-cheia,1.0,47.0,100.0
208295,160578,unidade,1.0,4.0,100.0
208295,160579,mão-cheia,1.0,47.0,100.0
38064,28174,asa grande,1.0,55.0,
38064,28175,asa média,1.0,40.0,
38064,28176,asa pequena,1.0,30.0,
38064,28177,"colher de sopa cheia, desfiado",1.0,20.0,100.0
38064,28178,"colher de sopa rasa, desfiado",1.0,10.0,100.0
38064,28179,costela grande,1.0,90.0,
38064,28180,costela média,1.0,60.0,
38064,28181,costela pequena,1.0,50.0,
38064,28182,coxa grande,1.0,55.0,
38064,28183,coxa média,1.0,40.0,
38064,28184,coxa pequena,1.0,30.0,
38064,28185,peito grande,1.0,270.0,
38064,28186,peito médio,1.0,180.0,
38064,28187,peito pequeno,1.0,140.0,
38064,28188,pescoço grande,1.0,15.0,
38064,28189,pescoço médio,1.0,10.0,
38064,28190,pescoço pequeno,1.0,8.0,
38064,28191,sobrecoxa grande,1.0,95.0,
38064,28192,sobrecoxa média,1.0,65.0,
38064,28193,sobrecoxa pequena,1.0,50.0,
38064,28194,"unidade média, passarinho",1.0,16.0,
3310,6871,frank 1 NLEA serving,1.0,57.0,
209249,161505,portion,1.0,300.0,
22439,67225,petite boîte,1.0,110.0,100.0
22439,67226,boîte moyenne,1.0,220.0,100.0
22439,67227,grande boîte,1.0,440.0,100.0
22412,67207,portion petite,1.0,100.0,100.0
22412,67208,portion moyenne,1.0,175.0,100.0
22412,67209,portion grande,1.0,250.0,100.0
183997,142998,2 Tbsp,1.0,7.0,
22569,69499,petite portion,1.0,50.0,100.0
22569,69500,portion moyenne,1.0,100.0,100.0
22569,69501,grande portion,1.0,150.0,100.0
22569,69502,petite tranche,1.0,25.0,100.0
81786,65766,pot moyen,1.0,100.0,100.0
81787,65767,pot moyen,1.0,100.0,100.0
82161,67013,portion petite,1.0,100.0,100.0
82161,67014,portion moyenne,1.0,200.0,100.0
82161,67015,portion grande,1.0,300.0,100.0
177567,138607,portion,1.0,90.0,
49076,39585,small pot,1.0,60.0,100.0
49076,39586,large pot,1.0,100.0,100.0
49076,39587,tablespoon,1.0,45.0,100.0
49077,39588,small pot,1.0,60.0,100.0
49077,39589,large pot,1.0,100.0,100.0
49077,39590,tablespoon,1.0,45.0,100.0
49078,39591,small pot,1.0,60.0,100.0
49078,39592,large pot,1.0,100.0,100.0
49078,39593,tablespoon,1.0,45.0,100.0
82660,69834,bâtonnet,1.0,50.0,100.0
82660,69835,portion moyenne,1.0,50.0,100.0
82660,69836,boule,1.0,25.0,100.0
45383,35664,portion,1.0,160.0,
172919,135641,Slice,1.0,35.3,
49086,39603,portion,1.0,250.0,100.0
49089,39606,standard cartoon,1.0,257.0,100.0
49093,39616,portion,1.0,140.0,100.0
6979,13373,steak (yield from 123.5 g raw meat ),1.0,92.0,
6979,13374,serving ( 3 oz ),1.0,85.0,
81889,65983,cuillère à soupe,1.0,30.0,100.0
21979,68569,gousse,1.0,6.0,100.0
4562,8946,cup,1.0,136.0,
4562,8947,tsp,1.0,2.8,
4562,8948,clove,1.0,3.0,
4562,8949,cloves,3.0,9.0,
49101,39621,unit,1.0,10.0,79.0
207865,160848,taça,1.0,158.0,100.0
49107,39627,small portion,1.0,8.0,67.0
49107,39628,medium portion,1.0,25.0,67.0
22547,66181,petite tranche,1.0,23.0,100.0
67452,54103,tbsp,5.0,28.0,
22078,67540,petit morceau,1.0,20.0,100.0
22078,67541,morceau moyen,1.0,40.0,100.0
22078,67542,morceau grand,1.0,80.0,100.0
236799,178785,petit morceau,1.0,20.0,100.0
236799,178786,morceau moyen,1.0,40.0,100.0
236799,178787,morceau grand,1.0,80.0,100.0
22086,66726,petite portion,1.0,20.0,100.0
22086,66727,portion moyenne,1.0,40.0,100.0
22086,66728,grande portion,1.0,80.0,100.0
81536,66699,petite portion,1.0,20.0,100.0
81536,66700,portion moyenne,1.0,40.0,100.0
81536,66701,grande portion,1.0,80.0,100.0
236816,178754,petite portion,1.0,20.0,100.0
236816,178755,portion moyenne,1.0,40.0,100.0
236816,178756,grande portion,1.0,80.0,100.0
4016,7920,cup,1.0,247.0,
4016,7921,fruit yields,1.0,196.0,
49131,39644,average glass,1.0,160.0,100.0
49131,39645,individual cartoon,1.0,200.0,100.0
49131,39646,tall tumbler,1.0,300.0,100.0
49131,39647,wine glass,1.0,120.0,100.0
49131,39648,Britvic can,1.0,173.0,100.0
49131,39649,pub bottle,1.0,110.0,100.0
49134,39656,portion,1.0,80.0,100.0
49134,39657,small unit,1.0,250.0,100.0
49134,39658,medium unit,1.0,340.0,100.0
49134,39659,large unit,1.0,425.0,100.0
3829,7524,"cup sections, with juice",1.0,230.0,
3829,7525,"large unit (approx 4-1/2"" dia)",0.5,166.0,
3829,7526,"medium unit (approx 4"" dia)",0.5,128.0,
3829,7527,"small unit (approx 3-1/2"" dia)",0.5,100.0,
3830,7528,"cup sections, with juice",1.0,230.0,
3830,7529,"unit (3-3/4"" dia)",0.5,123.0,
3830,7530,NLEA serving,1.0,154.0,
49135,39660,unit,1.0,5.0,100.0
49135,39661,small bunch,1.0,100.0,100.0
3849,7563,cup,1.0,256.0,
49137,39664,unit,1.0,2.0,100.0
49137,39665,small bunch,1.0,100.0,100.0
49138,39666,unit,1.0,2.0,100.0
49138,39667,small bunch,1.0,100.0,100.0
3847,7559,cup,1.0,151.0,
3847,7560,unit,10.0,49.0,
3847,7561,NLEA serving,1.0,126.0,
49140,39668,small portion,1.0,25.0,100.0
49140,39669,medium portion,1.0,50.0,100.0
49140,39670,large portion,1.0,120.0,100.0
22756,67162,portion petite,1.0,20.0,100.0
22756,67163,portion moyenne,1.0,40.0,100.0
22756,67164,portion grande,1.0,60.0,100.0
209040,160521,prato,0.25,50.0,100.0
209040,160522,prato,0.5,102.0,100.0
517,662,colher de sopa,1.0,17.0,100.0
517,663,colher de servir,1.0,36.0,100.0
517,664,prato,0.25,93.0,100.0
517,665,prato,0.5,200.0,100.0
208397,160130,colher de sopa,1.0,17.0,100.0
208397,160131,colher de servir,1.0,36.0,100.0
208397,160132,prato,0.25,93.0,100.0
208397,160133,prato,0.5,200.0,100.0
208398,160129,colher de sopa,1.0,16.0,100.0
49151,39677,heaped teaspoon,1.0,15.0,100.0
428367,319809,portion,1.0,80.0,
49165,39699,small fillet,1.0,50.0,88.0
49165,39700,medium fillet,1.0,120.0,88.0
49165,39701,large fillet,1.0,170.0,88.0
49170,39705,fillet,1.0,150.0,88.0
49188,39731,average steak,1.0,145.0,78.0
49191,39732,average slice,1.0,23.0,100.0
49191,39733,very thin slice,1.0,11.0,100.0
3176,6649,slice,1.0,13.0,
9953,18058,cup pieces,1.0,138.0,
9953,18059,cubic inch,1.0,20.0,
22063,66590,petit morceau,1.0,20.0,100.0
22063,66591,morceau moyen,1.0,40.0,100.0
22063,66592,morceau grand,1.0,80.0,100.0
49198,39741,portion,1.0,10.0,38.0
49198,39742,unit,1.0,1.0,38.0
49205,39746,small fillet,1.0,85.0,100.0
49205,39747,medium fillet,1.0,119.0,100.0
49208,39750,roll mop,1.0,90.0,56.99999999999999
49215,39756,small portion,1.0,30.0,100.0
49215,39757,medium portion,1.0,62.0,100.0
49215,39758,large portion,1.0,90.0,100.0
341869,252373,portion,1.0,179.95,
7797,15122,cup,1.0,339.0,
7797,15123,tbsp,1.0,21.0,
7797,15124,packet (0.5 oz),1.0,14.0,
22919,65459,cuillère à café,1.0,8.0,100.0
22919,65460,cuillère à soupe,1.0,25.0,100.0
49216,39759,heaped teaspoon,1.0,17.0,100.0
49216,39760,level teaspoon,1.0,8.0,100.0
49216,39761,average spread,1.0,20.0,100.0
49216,39762,portion pack,1.0,28.0,100.0
49218,39763,mug,1.0,225.0,100.0
49219,39764,mug,1.0,225.0,100.0
49222,39768,sachet,1.0,12.0,100.0
49222,39769,portion pack,1.0,20.0,100.0
49226,39772,tablespoon,1.0,30.0,100.0
49226,39773,portion,1.0,60.0,100.0
176338,137837,porción,1.0,139.28,
130188,107977,porción,1.0,100.0,
6419,12447,tbsp,1.0,15.0,
6419,12448,cup,1.0,246.0,
6407,12431,tablespoon,1.0,15.0,
6407,12432,cup,1.0,246.0,
49229,39783,Viennetta slice,1.0,56.0,100.0
49229,39784,Romantica slice,1.0,60.0,100.0
49235,39796,average serving,1.0,75.0,100.0
49235,39797,average scoop,1.0,60.0,100.0
49235,39798,average slice,1.0,75.0,100.0
49235,39799,individual tub,1.0,60.0,100.0
49236,39800,average serving,1.0,75.0,100.0
49236,39801,average scoop,1.0,60.0,100.0
49236,39802,average slice,1.0,75.0,100.0
49236,39803,individual tub,1.0,60.0,100.0
7638,14814,serving (1/2 cup),1.0,66.0,
235072,180115,portion petite,1.0,20.0,100.0
235072,180116,portion moyenne,1.0,40.0,100.0
235072,180117,portion grande,1.0,60.0,100.0
49242,39804,portion,1.0,120.0,100.0
49242,39805,pot,1.0,100.0,100.0
60,143,unidade,1.0,125.0,100.0
60,144,"unidade, tipo Continente/Dia/Mimosa/Pingo Doce",1.0,125.0,100.0
60,145,"unidade, tipo Danone/Longa Vida",1.0,120.0,100.0
62,148,unidade,1.0,185.0,100.0
62,149,"unidade, tipo Agros",1.0,185.0,100.0
208440,159595,unidade,1.0,185.0,100.0
208438,159579,unidade,1.0,125.0,100.0
208438,159580,unidade,1.0,120.0,100.0
55,131,unidade,1.0,125.0,100.0
55,132,"unidade, tipo Continente/Dia/Mimosa/Pingo Doce",1.0,125.0,100.0
55,133,"unidade, tipo Danone/Longa Vida",1.0,120.0,100.0
58,138,unidade,1.0,125.0,100.0
58,139,"unidade, tipo Corpos Danone",1.0,120.0,100.0
208446,161216,unidade,1.0,120.0,100.0
208446,161217,unidade,1.0,150.0,100.0
1410,2968,unidade média,1.0,200.0,
1410,2969,unidade pequena,1.0,140.0,
50,116,unidade,1.0,125.0,100.0
50,117,"unidade, tipo Corpos Danone",1.0,125.0,100.0
50,118,"unidade, tipo Equilíbrio Continente",1.0,100.0,100.0
208444,159575,unidade,1.0,125.0,100.0
208444,159576,unidade,1.0,100.0,100.0
49248,39810,unit,1.0,13.0,100.0
49250,39813,heaped teaspoon,1.0,18.0,100.0
49250,39814,level teaspoon,1.0,8.0,100.0
49250,39815,spread,1.0,25.0,100.0
27730,146701,cucchiaio da tavola (colmo),1.0,27.0,100.0
27730,146702,cucchiaino da tè (colmo),1.0,10.0,100.0
27730,146703,porzione,1.0,20.0,100.0
82536,65453,cuillère à café,1.0,10.0,100.0
82536,65454,cuillère à soupe,1.0,30.0,100.0
49252,39819,heaped teaspoon,1.0,18.0,100.0
49252,39820,level teaspoon,1.0,8.0,100.0
49252,39821,spread,1.0,25.0,100.0
22928,65447,cuillère à café,1.0,10.0,100.0
22928,65448,cuillère à soupe,1.0,30.0,100.0
7798,15125,tbsp,1.0,20.0,
7798,15126,packet (0.5 oz),1.0,14.0,
7906,15327,tbsp,1.0,20.0,
7906,15328,packet (0.5 oz),1.0,14.0,
49255,39822,portion,1.0,115.0,100.0
49255,39823,pot,1.0,125.0,100.0
49256,39824,portion,1.0,115.0,100.0
49256,39825,pot,1.0,125.0,100.0
49257,39826,average portion,1.0,115.0,100.0
49257,39827,pot,1.0,125.0,100.0
728,1118,unidade pequena,1.0,78.0,81.0
728,1119,unidade média,1.0,111.0,81.0
208335,160580,unidade pequena,1.0,78.0,81.0
208335,160581,unidade média,1.0,111.0,81.0
49281,39850,medium unit,1.0,60.0,100.0
22136,67289,unité petite,1.0,75.0,100.0
22136,67290,unité grande,1.0,150.0,100.0
27501,146525,unità media,1.0,90.0,87.0
3859,7576,"cup, sliced",1.0,180.0,
3859,7577,"unit (2"" dia)",1.0,69.0,
3859,7578,NLEA serving,1.0,148.0,
49313,39904,portion,1.0,120.0,83.0
49337,39934,small portion,1.0,50.0,100.0
49337,39935,medium portion,1.0,90.0,100.0
49337,39936,large portion,1.0,150.0,100.0
49337,39937,slice,1.0,150.0,100.0
49342,39945,portion,1.0,120.0,61.0
49349,39946,small portion,1.0,50.0,100.0
49349,39947,medium portion,1.0,90.0,100.0
49349,39948,large portion,1.0,150.0,100.0
49349,39949,slice,1.0,150.0,100.0
729,1120,unidade pequena,1.0,92.0,69.0
729,1121,unidade média,1.0,161.0,69.0
729,1122,unidade grande,1.0,232.0,69.0
208301,160582,unidade pequena,1.0,92.0,69.0
208301,160583,unidade média,1.0,161.0,69.0
208301,160584,unidade grande,1.0,232.0,69.0
22643,67003,portion petite,1.0,225.0,100.0
22643,67004,portion grande,1.0,450.0,100.0
49409,39978,portion,1.0,420.0,100.0
49411,39980,average portion,1.0,420.0,100.0
7377,14331,tsp,1.0,4.0,
7377,14332,tbsp,1.0,12.0,
7377,14333,packet,1.0,7.2,
183022,142239,portion,1.0,343.3333333333333,
22421,67100,unité petite,1.0,100.0,75.0
22421,67101,unité moyenne,1.0,225.0,75.0
22421,67102,unité grande,1.0,360.0,75.0
49415,39983,main dish portion,1.0,200.0,100.0
49415,39984,side dish portion,1.0,90.0,100.0
4591,8991,unit,1.0,124.0,
4591,8992,"cup, chopped or diced",0.25,26.0,
49417,39987,medium unit,1.0,160.0,100.0
49417,39988,average serving,1.0,75.0,100.0
49417,39989,stem,1.0,80.0,100.0
49418,39990,medium unit,1.0,160.0,56.99999999999999
49418,39991,average serving,1.0,75.0,56.99999999999999
49418,39992,stem,1.0,80.0,56.99999999999999
37514,27121,garrafa,1.0,200.0,100.0
209089,161411,embalagem,1.0,490.0,100.0
10,33,caneca,1.0,271.0,100.0
10,34,chávena almoçadeira,1.0,158.0,100.0
10,35,copo pequeno,1.0,207.0,100.0
10,36,copo grande,1.0,372.0,100.0
10,37,embalagem tetra pak pequena,1.0,203.0,100.0
208475,159491,caneca,1.0,271.0,100.0
208475,159492,chávena almoçadeira,1.0,158.0,100.0
208475,159493,copo pequeno,1.0,207.0,100.0
208475,159494,copo grande,1.0,372.0,100.0
208475,159495,embalagem tetra pak pequena,1.0,203.0,100.0
38249,28885,colher de sopa cheia,1.0,10.0,100.0
38249,28886,colher de sopa rasa,1.0,8.0,100.0
38249,28887,colher de sobremesa cheia,1.0,7.0,100.0
38249,28888,colher de sobremesa rasa,1.0,5.0,100.0
49422,40000,measure,1.0,10.0,100.0
81104,68019,verre,1.0,120.0,100.0
81104,68020,verre,1.0,150.0,100.0
81104,68021,verre,1.0,200.0,100.0
81104,68022,verre,1.0,250.0,100.0
3862,7585,cup,1.0,244.0,
3862,7586,fl oz,1.0,30.5,
3862,7587,unit yields,1.0,48.0,
3862,7588,wedge yields,1.0,5.9,
3865,7595,tbsp,1.0,6.0,
3865,7596,tsp,1.0,2.0,
49427,40004,small unit,1.0,100.0,100.0
49427,40005,medium unit,1.0,170.0,100.0
49427,40006,large unit,1.0,220.0,100.0
49444,40018,tablespoon,1.0,40.0,100.0
6342,12318,cup,1.0,198.0,
6342,12319,tbsp,1.0,12.3,
49448,40020,small leaf,1.0,5.0,82.0
49448,40021,portion,1.0,20.0,82.0
49448,40022,iceberg unit,1.0,80.0,82.0
4595,8999,cup shredded,1.0,47.0,
4595,9000,inner leaf,1.0,6.0,
4595,9001,outer leaf,1.0,28.0,
4595,9002,head,1.0,626.0,
4595,9003,NLEA serving,1.0,85.0,
4596,9004,cup shredded,1.0,72.0,
4596,9005,"cup, chopped (1/2"" pieces, loosely packed)",1.0,57.0,
4596,9006,large head,1.0,755.0,
4596,9007,"medium head (6"" dia)",1.0,539.0,
4596,9008,small head,1.0,324.0,
4596,9009,large leaf,1.0,15.0,
4596,9010,medium leaf,1.0,8.0,
4596,9011,small leaf,1.0,5.0,
4596,9012,NLEA Serving,1.0,89.0,
23038,68557,pot moyen,1.0,100.0,100.0
49451,40025,portion,1.0,10.0,100.0
81105,68023,verre,1.0,120.0,100.0
81105,68024,verre,1.0,150.0,100.0
81105,68025,verre,1.0,200.0,100.0
81105,68026,verre,1.0,250.0,100.0
3866,7597,"unit (2"" dia)",1.0,67.0,
3866,7598,NLEA serving,1.0,67.0,
730,1123,unidade,1.0,93.0,61.0
265,387,unidade,1.0,38.0,94.0
237542,179305,cuillère à soupe moyenne,1.0,10.0,100.0
237542,179306,cuillère à café moyenne,1.0,4.0,100.0
3316,6877,cup,0.25,55.0,
145,251,fatia,1.0,53.0,98.0
208036,159699,fêvera,1.0,72.0,100.0
208036,159700,costeleta com osso,1.0,78.0,100.0
49485,40056,can,1.0,330.0,100.0
49485,40057,small bottle,1.0,330.0,100.0
49485,40058,medium bottle,1.0,500.0,100.0
49489,40062,portion,1.0,10.0,100.0
49489,40063,unit,1.0,2.0,100.0
49490,40064,portion,1.0,220.0,100.0
49490,40065,large tin,1.0,430.0,100.0
49490,40066,small tin,1.0,210.0,100.0
201645,155244,portion,1.0,315.0,
49496,40073,small portion,1.0,100.0,91.0
49496,40074,medium portion,1.0,150.0,91.0
49496,40075,large portion,1.0,200.0,91.0
209114,161049,colher de chá,1.0,7.0,100.0
209114,161050,colher de chá rasa,1.0,4.0,100.0
209114,161051,colher de sobremesa,1.0,14.0,100.0
209114,161052,colher de sobremesa rasa,1.0,6.0,100.0
209114,161053,colher de sopa,1.0,25.0,100.0
209114,161054,colher de sopa rasa,1.0,14.0,100.0
738,1134,unidade,1.0,344.0,68.0
738,1135,fatia,1.0,24.0,68.0
738,1136,prato de sobremesa,1.0,113.0,68.0
37305,26803,"unidade grande, coração de boi",1.0,410.0,62.11
37305,26804,"unidade grande, espada",1.0,220.0,62.11
37305,26805,"unidade média, espada",1.0,140.0,62.11
37305,26806,"unidade pequena, espada",1.0,60.0,62.11
208314,160594,unidade,1.0,344.0,68.0
208314,160595,fatia,1.0,24.0,68.0
208314,160596,prato de sobremesa,1.0,113.0,68.0
21650,29950,ración individual,1.0,230.0,64.0
49502,40081,unit,1.0,150.0,100.0
49502,40082,slice,1.0,40.0,100.0
3877,7616,cup pieces,1.0,165.0,
3877,7617,unit without refuse,1.0,336.0,
72664,57619,colher de chá,1.0,7.0,100.0
794,1282,embalagem individual,1.0,10.0,100.0
794,1283,colher de chá,1.0,8.0,100.0
794,1284,colher de sobremesa,1.0,13.0,100.0
794,1285,colher de sopa,1.0,20.0,100.0
2200,4847,tsp,1.0,4.7,
2200,4848,stick,1.0,113.0,
2326,5151,tbsp,1.0,14.0,
2327,5152,tablespoon,1.0,14.0,
2257,4989,tbsp,1.0,14.1,
2257,4990,cup,1.0,227.0,
2257,4991,tsp,1.0,4.7,
2257,4992,stick,1.0,111.0,
2276,5036,tbsp,1.0,14.0,
2276,5037,cup,1.0,229.0,
2276,5038,tsp,1.0,4.8,
2282,5051,tbsp,1.0,15.0,
2288,5057,tbsp,1.0,14.6,
2288,5058,cup,1.0,233.0,
49505,40084,heaped teaspoon,1.0,18.0,100.0
49505,40085,level teaspoon,1.0,8.0,100.0
49505,40086,spread,1.0,15.0,100.0
21735,30077,cucharada de postre,1.0,11.0,100.0
21735,30078,cucharada sopera,1.0,25.0,100.0
22936,69196,cuillère à café,1.0,10.0,100.0
22936,69197,cuillère à soupe,1.0,30.0,100.0
21736,30079,cucharada de postre,1.0,11.0,100.0
21736,30080,cucharada sopera,1.0,25.0,100.0
435997,325082,portion,1.0,159.632,
49516,40101,heaped tablespoon,1.0,33.0,100.0
49516,40102,level tablespoon,1.0,15.0,100.0
49516,40103,portion pack,1.0,12.0,100.0
49516,40104,portion in salad,1.0,30.0,100.0
49517,40105,heaped tablespoon,1.0,33.0,100.0
49517,40106,level tablespoon,1.0,15.0,100.0
49517,40107,portion pack,1.0,12.0,100.0
49517,40108,portion in salad,1.0,30.0,100.0
731,1124,unidade pequena,1.0,93.0,90.0
731,1125,unidade média,1.0,152.0,90.0
731,1126,unidade grande,1.0,243.0,90.0
732,1127,unidade média,1.0,150.0,80.0
49521,40115,portion,1.0,40.0,100.0
211395,163033,portion,1.0,346.0,
49522,40116,portion,1.0,80.0,100.0
822,1352,colher de chá,1.0,8.0,100.0
822,1353,colher de sobremesa,1.0,15.0,100.0
822,1354,colher de sopa,1.0,24.0,100.0
1469,3116,colher de café,1.0,2.0,
1469,3117,colher de chá,1.0,3.0,
1469,3118,colher de sopa,1.0,15.0,
1469,3119,colher de sobremesa,1.0,9.0,
49525,40119,slice,1.0,150.0,100.0
49528,40121,slice,1.0,200.0,100.0
49536,40126,slice,1.0,200.0,100.0
3879,7620,"cup, balls",1.0,177.0,
3879,7621,"cup, cubes",1.0,160.0,
3879,7622,"cup, diced",1.0,156.0,
3879,7623,"large unit (about 6-1/2"" dia)",1.0,814.0,
3879,7624,large wedge (1/8 of large melon),1.0,102.0,
3879,7625,"medium unit (about 5"" dia)",1.0,552.0,
3879,7626,medium unit (1/8 of medium melon),1.0,69.0,
3879,7627,"small unit (about 4-1/4"" dia)",1.0,441.0,
3879,7628,small wedge(1/8 of small melon),1.0,55.0,
3879,7629,cantaloupe ball,10.0,138.0,
3879,7630,NLEA serving,1.0,134.0,
741,1140,fatia fina com casca,1.0,131.0,53.0
741,1141,fatia grossa com casca,1.0,352.0,53.0
741,1142,"taça, cortado",1.0,138.0,53.0
209048,160600,fatia fina com casca,1.0,131.0,53.0
209048,160601,fatia grossa com casca,1.0,352.0,53.0
209048,160602,"taça, cortado",1.0,138.0,53.0
49545,40138,glass,1.0,215.0,100.0
49546,40139,glass,1.0,215.0,100.0
1653,3550,cup,1.0,250.0,
1653,3551,fl oz,1.0,31.2,
67388,53984,cup,1.0,250.0,
67388,53985,fl oz,1.0,31.2,
67388,53986,quart,1.0,1000.0,
1635,3502,cup,1.0,245.0,
1635,3503,quart,1.0,980.0,
1634,3499,cup,1.0,244.0,
1634,3500,fl oz,1.0,30.5,
1634,3501,quart,1.0,976.0,
1633,3497,cup,1.0,246.0,
1633,3498,quart,1.0,984.0,
1632,3495,cup,1.0,245.0,
1632,3496,quart,1.0,980.0,
1694,3648,cup,1.0,245.0,
1694,3649,quart,1.0,980.0,
1631,3492,cup,1.0,244.0,
1631,3493,fl oz,1.0,30.5,
1631,3494,quart,1.0,976.0,
49561,40164,average glass,1.0,200.0,100.0
49561,40165,average portion with cereals,1.0,100.0,100.0
49561,40166,portion in mug of tea/coffee,1.0,30.0,100.0
49561,40167,portion in cup of tea/coffee,1.0,25.0,100.0
49561,40168,tablespoon,1.0,15.0,100.0
49561,40169,dessertspoon,1.0,10.0,100.0
49561,40170,teaspoon,1.0,5.0,100.0
49563,40178,average glass,1.0,200.0,100.0
49563,40179,average portion with cereals,1.0,100.0,100.0
49563,40180,portion in mug of tea/coffee,1.0,40.0,100.0
49563,40181,portion in cup of tea/coffee,1.0,30.0,100.0
49563,40182,tablespoon,1.0,15.0,100.0
49563,40183,dessertspoon,1.0,10.0,100.0
49563,40184,teaspoon,1.0,5.0,100.0
49569,40216,average glass,1.0,200.0,100.0
49569,40217,average portion with cereals,1.0,100.0,100.0
49569,40218,portion in mug of tea/coffee,1.0,50.0,100.0
49569,40219,portion in cup of tea/coffee,1.0,35.0,100.0
49569,40220,tablespoon,1.0,15.0,100.0
49569,40221,dessertspoon,1.0,10.0,100.0
49569,40222,teaspoon,1.0,5.0,100.0
49572,40239,pint,1.0,585.0,100.0
49572,40240,half pint,1.0,293.0,100.0
49572,40241,average glass,1.0,200.0,100.0
49572,40242,average portion with cereals,1.0,100.0,100.0
49572,40243,portion in mug of tea/coffee,1.0,40.0,100.0
49572,40244,portion in cup of tea/coffee,1.0,30.0,100.0
49572,40245,tablespoon,1.0,15.0,100.0
49572,40246,dessertspoon,1.0,10.0,100.0
49572,40247,teaspoon,1.0,5.0,100.0
1629,3486,cup,1.0,244.0,
1629,3487,fl oz,1.0,30.5,
1629,3488,tbsp,1.0,15.0,
1629,3489,quart,1.0,976.0,
1739,3740,cup,1.0,244.0,
1739,3741,tbsp,1.0,15.0,
1739,3742,fl oz,1.0,30.5,
1739,3743,quart,1.0,976.0,
49573,40248,average glass,1.0,200.0,100.0
49573,40249,average portion with cereals,1.0,100.0,100.0
49573,40250,portion in mug of tea/coffee,1.0,30.0,100.0
49573,40251,portion in cup of tea/coffee,1.0,25.0,100.0
49573,40252,tablespoon,1.0,15.0,100.0
49573,40253,dessertspoon,1.0,10.0,100.0
49573,40254,teaspoon,1.0,5.0,100.0
49575,40262,average glass,1.0,200.0,100.0
49575,40263,average portion with cereals,1.0,100.0,100.0
49575,40264,portion in mug of tea/coffee,1.0,30.0,100.0
49575,40265,portion in cup of tea/coffee,1.0,25.0,100.0
49575,40266,tablespoon,1.0,15.0,100.0
49575,40267,dessertspoon,1.0,10.0,100.0
49575,40268,teaspoon,1.0,5.0,100.0
49577,40276,large glass,1.0,386.0,100.0
49577,40277,medium glass,1.0,300.0,100.0
236947,182660,verre,1.0,120.0,100.0
236947,182661,verre,1.0,150.0,100.0
236947,182662,verre,1.0,200.0,100.0
236947,182663,verre,1.0,250.0,100.0
23209,67763,verre,1.0,120.0,100.0
23209,67764,verre,1.0,150.0,100.0
23209,67765,verre,1.0,200.0,100.0
23209,67766,verre,1.0,250.0,100.0
49584,40285,portion,1.0,10.0,100.0
49584,40286,teaspoon,1.0,7.0,100.0
49587,40290,sprig,1.0,1.0,100.0
49588,40291,teaspoon,1.0,3.0,100.0
49589,40292,teaspoon,1.0,1.0,100.0
943,1604,colher de chá,1.0,7.0,100.0
943,1605,colher de chá rasa,1.0,4.0,100.0
943,1606,colher de sobremesa,1.0,15.0,100.0
943,1607,colher de sobremesa rasa,1.0,9.0,100.0
943,1608,colher de sopa,1.0,23.0,100.0
943,1609,colher de sopa rasa,1.0,14.0,100.0
209132,161079,colher de chá,1.0,7.0,100.0
209132,161080,colher de chá rasa,1.0,4.0,100.0
209132,161081,colher de sobremesa,1.0,15.0,100.0
209132,161082,colher de sobremesa rasa,1.0,9.0,100.0
209132,161083,colher de sopa,1.0,23.0,100.0
209132,161084,colher de sopa rasa,1.0,14.0,100.0
6186,12075,oz,3.0,85.0,
743,1146,unidade pequena,1.0,15.0,96.0
743,1147,unidade média,1.0,27.0,96.0
743,1148,unidade grande,1.0,44.0,96.0
37331,26850,unidade grande,1.0,20.0,92.60000000000001
37331,26851,unidade média,1.0,12.0,92.60000000000001
37331,26852,unidade pequena,1.0,7.0,92.60000000000001
208320,160606,unidade pequena,1.0,15.0,96.0
208320,160607,unidade média,1.0,27.0,96.0
208320,160608,unidade grande,1.0,44.0,96.0
3194,6688,oz,1.0,28.35,
3194,6689,slice (15 per 8 oz package),1.0,15.0,
162892,128452,tsp,0.25,1.4,
49599,40299,portion,1.0,60.0,100.0
49600,40300,portion,1.0,60.0,100.0
183532,142634,sachet moyen,1.0,125.0,100.0
49601,40301,small portion,1.0,30.0,100.0
49601,40302,medium portion,1.0,50.0,100.0
49601,40303,large portion,1.0,80.0,100.0
49601,40304,tablespoon,1.0,15.0,100.0
82571,65929,portion petite,1.0,50.0,100.0
82571,65930,portion grande,1.0,100.0,100.0
82571,65931,cuillère à soupe moyenne,1.0,10.0,100.0
82571,65932,tasse,1.0,50.0,100.0
49608,40310,portion,1.0,68.0,100.0
7283,14092,oz,1.0,28.35,
7283,14093,unit,1.0,52.0,
22049,67489,petite portion,1.0,30.0,100.0
22049,67490,portion moyenne,1.0,60.0,100.0
22049,67491,grande portion,1.0,90.0,100.0
22392,67068,unité petite,1.0,8.0,93.0
22392,67069,unité moyenne,1.0,16.0,93.0
22392,67070,unité grande,1.0,25.0,93.0
4608,9050,"cups, whole",1.0,87.0,
4608,9051,cup sliced,1.0,72.0,
4608,9052,whole piece,1.0,20.0,
49624,40335,small serving,1.0,5.0,70.0
49624,40336,medium serving,1.0,10.0,70.0
49624,40337,large serving,1.0,20.0,70.0
4587,8986,cup of slices,1.0,121.0,
49625,40338,average serving,1.0,56.0,100.0
4604,9036,cup pieces,1.0,156.0,
4604,9037,tbsp,1.0,9.8,
4604,9038,unit,1.0,12.0,
49628,40343,average serving,1.0,44.0,100.0
49629,40344,average serving,1.0,44.0,100.0
4603,9029,"cup, pieces or slices",1.0,70.0,
4603,9030,"cup, whole",1.0,96.0,
4603,9031,large unit,1.0,23.0,
4603,9032,medium unit,1.0,18.0,
4603,9033,slice,1.0,6.0,
4603,9034,small unit,1.0,10.0,
4603,9035,cup pieces,0.5,35.0,
49630,40345,small serving,1.0,5.0,96.0
49630,40346,medium serving,1.0,10.0,96.0
49630,40347,large serving,1.0,20.0,96.0
49631,40348,average serving,1.0,56.0,100.0
49633,40354,unit,1.0,7.0,100.0
49633,40355,average portion,1.0,40.0,100.0
49633,40356,small tin,1.0,105.0,100.0
49633,40357,small jar,1.0,80.0,100.0
49633,40358,large jar,1.0,198.0,100.0
1835,3929,tsp or packet,1.0,5.0,
1835,3930,cup,1.0,249.0,
49641,40374,level teaspoon,1.0,8.0,100.0
49642,40375,level teaspoon,1.0,8.0,100.0
89373,73989,Tin,1.0,400.0,100.0
426432,318376,portion,1.0,255.0,
175849,138409,portion,1.0,269.76,
215209,165564,portion,1.0,258.0,
208322,160609,unidade,1.0,131.0,89.0
235442,183273,unité petite,1.0,110.0,100.0
235442,183274,unité moyenne,1.0,220.0,100.0
235442,183275,unité grande,1.0,300.0,100.0
49643,40376,average piece,1.0,90.0,100.0
49644,40377,average piece,1.0,90.0,89.0
3884,7645,cup slices,1.0,143.0,
3884,7646,"small unit (2-1/3"" dia)",1.0,129.0,
3884,7647,"medium unit (2-1/2"" dia)",1.0,142.0,
3884,7648,"large unit (2-3/4"" dia)",1.0,156.0,
3884,7649,NLEA serving,1.0,140.0,
49646,40378,serving,1.0,280.0,100.0
49649,40381,serving,1.0,280.0,100.0
349498,257314,portion,1.0,378.762,
1559,3255,unidade,1.0,5.0,
774,1214,unidade,1.0,4.0,100.0
774,1215,colher de sopa,1.0,12.0,100.0
774,1216,mão-cheia,1.0,30.0,100.0
49655,40385,slice,1.0,56.0,100.0
49666,40396,teaspoon,1.0,3.0,100.0
5295,10285,tbsp,1.0,16.0,
5295,10286,cup,1.0,250.0,
5226,10145,"cup, whole",1.0,143.0,
5226,10146,"cup, sliced",1.0,92.0,
5226,10147,"cup, slivered",1.0,108.0,
5226,10148,"cup, ground",1.0,95.0,
5226,10149,oz (23 whole kernels),1.0,28.35,
5226,10150,unit,1.0,1.2,
5228,10154,cup of whole kernels,1.0,138.0,
5228,10155,oz (22 whole kernels),1.0,28.35,
5229,10156,cup of whole kernels,1.0,157.0,
5229,10157,oz (22 whole kernels),1.0,28.35,
5236,10173,oz,1.0,28.35,
5245,10184,oz,1.0,28.35,
5257,10206,"cup, chopped",1.0,115.0,
5257,10207,"cup, ground",1.0,75.0,
5257,10208,"cup, whole",1.0,135.0,
5257,10209,oz (21 whole kernels),1.0,28.35,
5257,10210,unit,10.0,14.0,
49667,40397,bag,1.0,200.0,100.0
5266,10224,cup,1.0,131.0,
5266,10225,oz,1.0,28.35,
5270,10231,"cup, chopped",1.0,109.0,
5270,10232,"cup, halves",1.0,99.0,
5270,10233,oz (19 halves),1.0,28.35,
5278,10250,"cup, chopped",1.0,125.0,
5278,10251,tbsp,1.0,7.8,
5278,10252,oz,1.0,28.35,
5279,10253,"cup, chopped",1.0,117.0,
5279,10254,"cup, ground",1.0,80.0,
5279,10255,"cup, in shell, edible yield (7 nuts)",1.0,28.0,
5279,10256,cup shelled (50 halves),1.0,100.0,
5279,10257,cup pieces or chips,1.0,120.0,
5279,10258,oz (14 halves),1.0,28.35,
41244,142132,cullera de cafè,1.0,5.0,100.0
209096,160979,embalagem tetra pak pequena,1.0,200.0,100.0
209096,160980,embalagem tetra pak,1.0,330.0,100.0
209096,160981,unidade,1.0,110.0,100.0
895,1525,embalagem tetra pak pequena,1.0,200.0,100.0
895,1526,embalagem tetra pak,1.0,330.0,100.0
895,1527,unidade,1.0,110.0,100.0
21533,29692,cucharada sopera rasa,1.0,13.0,100.0
21533,29693,cucharada sopera colmada,1.0,23.0,100.0
21494,29618,cucharada sopera,1.0,13.0,100.0
21494,29619,ración individual,1.0,35.0,100.0
81748,68327,verre,1.0,120.0,100.0
81748,68328,verre,1.0,150.0,100.0
81748,68329,verre,1.0,200.0,100.0
81748,68330,verre,1.0,250.0,100.0
81338,66240,portion petite,1.0,50.0,100.0
81338,66241,portion grande,1.0,100.0,100.0
81338,66242,cuillère à soupe moyenne,1.0,9.0,100.0
81338,66243,cuillère à soupe bombée,1.0,16.0,100.0
8013,15470,cup,1.0,156.0,
236464,178551,portion petite,1.0,80.0,100.0
236464,178552,portion moyenne,1.0,130.0,100.0
236464,178553,portion grande,1.0,200.0,100.0
2254,4980,tbsp,1.0,14.0,
2254,4981,cup,1.0,218.0,
2254,4982,tsp,1.0,4.5,
2195,4832,tbsp,1.0,13.6,
2195,4833,cup,1.0,218.0,
2195,4834,tsp,1.0,4.5,
49671,40402,tablespoon,1.0,11.0,100.0
49671,40403,teaspoon,1.0,3.0,100.0
49678,40416,tablespoon,1.0,11.0,100.0
49678,40417,teaspoon,1.0,3.0,100.0
2196,4835,tablespoon,1.0,13.5,
2196,4836,cup,1.0,216.0,
2196,4837,tsp,1.0,4.5,
49681,40422,tablespoon,1.0,11.0,100.0
49681,40423,teaspoon,1.0,3.0,100.0
49683,40426,tablespoon,1.0,11.0,100.0
49683,40427,teaspoon,1.0,3.0,100.0
49691,40440,medium unit,1.0,5.0,100.0
4621,9072,cup slices,0.5,80.0,
4621,9073,"pods (3"" long)",8.0,85.0,
22235,68470,cuillère à soupe moyenne,1.0,10.0,100.0
22235,68471,cuillère à café moyenne,1.0,4.0,100.0
49694,40443,unit,1.0,3.0,100.0
49699,40448,portion,1.0,120.0,100.0
49696,40445,portion,1.0,120.0,100.0
49698,40447,portion,1.0,120.0,100.0
22417,69400,cuillère à soupe,1.0,30.0,100.0
22416,67091,portion petite,1.0,50.0,100.0
22416,67092,portion moyenne,1.0,100.0,100.0
22416,67093,portion grande,1.0,150.0,100.0
22416,67094,unité petite,1.0,60.0,92.0
22416,67095,unité moyenne,1.0,115.0,92.0
22416,67096,unité grande,1.0,205.0,92.0
49703,40452,average serving,1.0,40.0,100.0
4625,9089,cup,1.0,210.0,
4625,9090,chopped tbsp,1.0,15.0,
4625,9091,large unit,1.0,128.0,
4625,9092,"large slice (1/4"" thick)",1.0,32.0,
4625,9093,medium unit,1.0,94.0,
4625,9094,"medium slice (1/8"" thick)",1.0,12.0,
4625,9095,small unit,1.0,60.0,
4625,9096,thin slice,1.0,8.0,
49711,40459,unit,1.0,15.0,57.99999999999999
49711,40460,large unit,1.0,25.0,57.99999999999999
4624,9079,"cup, chopped",1.0,160.0,
4624,9080,"cup, sliced",1.0,115.0,
4624,9081,tbsp chopped,1.0,10.0,
4624,9082,large unit,1.0,150.0,
4624,9083,"large slice (1/4"" thick)",1.0,38.0,
4624,9084,"medium slice (2-1/2"" dia)",1.0,110.0,
4624,9085,"medium slice (1/8"" thick)",1.0,14.0,
4624,9086,small unit,1.0,70.0,
4624,9087,thin slice,1.0,9.0,
4624,9088,ring,10.0,60.0,
49712,40461,small unit,1.0,60.0,90.0
49712,40462,medium unit,1.0,150.0,90.0
49712,40463,large unit,1.0,240.0,90.0
49712,40464,slice,1.0,20.0,90.0
4633,9109,"cup, chopped",1.0,100.0,
4633,9110,tbsp chopped,1.0,6.0,
4633,9111,large unit,1.0,25.0,
4633,9112,"medium unit (4-1/8"" long)",1.0,15.0,
4633,9113,"small unit (3"" long)",1.0,5.0,
4634,9114,tbsp,1.0,6.0,
4634,9115,stalk,1.0,12.0,
4634,9116,cup chopped,1.0,71.0,
49714,40471,average glass,1.0,160.0,100.0
49714,40472,individual cartoon,1.0,200.0,100.0
49714,40473,tall tumbler,1.0,300.0,100.0
49714,40474,wine glass,1.0,120.0,100.0
49714,40475,Britvic can,1.0,173.0,100.0
49714,40476,pub bottle,1.0,110.0,100.0
49715,40477,unit,1.0,50.0,100.0
22476,67971,verre,1.0,120.0,100.0
22476,67972,verre,1.0,150.0,100.0
22476,67973,verre,1.0,200.0,100.0
22476,67974,verre,1.0,250.0,100.0
3894,7672,cup,1.0,248.0,
3894,7673,fl oz,1.0,31.0,
3894,7674,unit yields,1.0,86.0,
3902,7690,tbsp,1.0,6.0,
3902,7691,tsp,1.0,2.0,
49718,40479,small unit,1.0,120.0,71.0
49718,40480,medium unit,1.0,160.0,71.0
49718,40481,large unit,1.0,210.0,71.0
49719,40482,small unit,1.0,120.0,71.0
49719,40483,medium unit,1.0,160.0,71.0
49719,40484,large unit,1.0,210.0,71.0
3892,7667,"cup sections, without membranes",1.0,185.0,
3892,7668,"unit (2-5/8"" dia)",1.0,141.0,
3892,7669,"unit (2-11/16"" dia)",1.0,151.0,
49720,40485,teaspoon,1.0,1.0,100.0
38218,28818,unidade,1.0,45.0,89.3
482,570,unidade,1.0,56.0,100.0
208564,160038,unidade,1.0,56.0,100.0
208565,160039,unidade,1.0,50.0,100.0
484,572,unidade,1.0,50.0,100.0
478,569,unidade,1.0,78.0,88.0
208570,160037,unidade,1.0,78.0,88.0
428351,319794,portion,1.0,322.0,
37999,27690,"colher de sopa rasa, picado",1.0,15.0,100.0
37999,27691,pote de vidro,1.0,570.0,56.599999999999994
49744,40495,small portion,1.0,60.0,100.0
49744,40496,medium portion,1.0,110.0,100.0
49744,40497,large portion,1.0,150.0,100.0
49749,40504,small portion,1.0,60.0,100.0
49749,40505,medium portion,1.0,110.0,100.0
49749,40506,large portion,1.0,150.0,100.0
49751,40510,small portion,1.0,60.0,100.0
49751,40511,medium portion,1.0,110.0,100.0
49751,40512,large portion,1.0,150.0,100.0
746,1151,unidade,1.0,691.0,63.0
746,1152,fatia com casca,1.0,37.0,63.0
746,1153,metade com casca e sementes,1.0,313.0,63.0
49756,40514,average slice,1.0,140.0,100.0
3909,7705,"cup 1"" pieces",1.0,145.0,
3909,7706,"cup, mashed",1.0,230.0,
3909,7707,small unit,1.0,157.0,
3909,7708,large unit,1.0,781.0,
49759,40516,teaspoon,1.0,3.0,100.0
82467,69567,tranche moyenne,1.0,20.0,100.0
82467,69568,tranche grande,1.0,25.0,100.0
1719,3705,tablespoon,1.0,5.0,
22064,66596,petit morceau,1.0,20.0,100.0
22064,66597,morceau moyen,1.0,40.0,100.0
22064,66598,morceau grand,1.0,80.0,100.0
22064,66599,cuillère à soupe,1.0,10.0,100.0
49762,40519,level teaspoon,1.0,1.0,100.0
4639,9126,cup chopped,1.0,60.0,
4639,9127,tbsp,1.0,3.8,
4639,9128,sprig,10.0,10.0,
21645,29946,cucharada sopera,1.0,3.0,80.0
21991,68567,cuillère à soupe,1.0,5.0,100.0
21991,68568,cuillère à café,1.0,1.5,100.0
49763,40520,large sprig,1.0,1.0,80.0
8061,15519,oz,2.0,128.0,
49783,40545,small portion,1.0,150.0,100.0
49783,40546,medium portion,1.0,230.0,100.0
49783,40547,large portion,1.0,350.0,100.0
21596,29869,"cucharada sopera, pasta pequeña",1.0,13.0,100.0
21596,29870,puñado de pasta pequeña,1.0,25.0,100.0
21596,29871,ración individual sopa,1.0,28.0,100.0
21596,29872,ración individual,1.0,80.0,100.0
49786,40553,small portion,1.0,150.0,100.0
49786,40554,medium portion,1.0,220.0,100.0
49786,40555,large portion,1.0,270.0,100.0
49789,40556,small portion,1.0,150.0,100.0
49789,40557,medium portion,1.0,220.0,100.0
49789,40558,large portion,1.0,270.0,100.0
49790,40559,small portion,1.0,150.0,100.0
49790,40560,medium portion,1.0,220.0,100.0
49790,40561,large portion,1.0,270.0,100.0
21555,29776,ración individual sopa,1.0,83.0,100.0
21555,29777,ración individual,1.0,240.0,100.0
21553,29771,"cucharada sopera, pasta pequeña",1.0,13.0,100.0
21553,29772,puñado de pasta pequeña,1.0,25.0,100.0
21553,29773,ración individual sopa,1.0,28.0,100.0
21553,29774,ración individual,1.0,80.0,100.0
8089,15558,cup spaghetti not packed,1.0,117.0,
8089,54350,cup spaghetti packed,1.0,151.0,
8089,54351,cup elbows,1.0,117.0,
8089,54352,cup penne,1.0,97.0,
8089,54353,cup shells,1.0,105.0,
8089,54354,cup lasagne,1.0,116.0,
8089,54355,cup rotini,1.0,107.0,
8089,54356,cup farfalle,1.0,107.0,
49791,40562,small portion,1.0,150.0,100.0
49791,40563,medium portion,1.0,220.0,100.0
49791,40564,large portion,1.0,270.0,100.0
21552,29770,ración individual,1.0,240.0,100.0
49818,40576,spread in slice of bread,1.0,40.0,100.0
49818,40577,starter portion,1.0,80.0,100.0
49819,40578,spread in slice of bread,1.0,40.0,100.0
49819,40579,starter portion,1.0,80.0,100.0
49826,40584,small piece,1.0,70.0,90.0
49826,40585,medium piece,1.0,110.0,90.0
49826,40586,large piece,1.0,150.0,90.0
49827,40587,small piece,1.0,70.0,100.0
49827,40588,medium piece,1.0,110.0,100.0
49827,40589,large piece,1.0,150.0,100.0
3915,7718,cup of slices,1.0,154.0,
3915,7719,"small unit (2-1/2"" dia)",1.0,130.0,
3915,7720,"medium unit (2-2/3"" dia)",1.0,150.0,
3915,7721,"large unit (2-3/4"" dia)",1.0,175.0,
3915,7722,"extra large unit (3"" dia)",1.0,224.0,
3915,7723,NLEA serving,1.0,147.0,
6428,12458,tbsp,2.0,32.0,
6428,12459,cup,1.0,258.0,
6536,12591,tbsp,2.0,32.0,
6536,12592,cup,1.0,258.0,
6417,12444,tbsp,2.0,32.0,
6417,12445,cup,1.0,258.0,
10017,18184,tbsp,1.0,16.0,
49829,40590,portion pack,1.0,25.0,100.0
49829,40591,thin spread,1.0,12.0,100.0
6415,12441,tablespoon,2.0,36.0,
22231,68450,cuillère à soupe moyenne,1.0,10.0,100.0
22231,68451,cuillère à café moyenne,1.0,4.0,100.0
6532,12582,cup,1.0,146.0,
6532,12583,oz,1.0,28.35,
6532,12584,unit,1.0,1.0,
49831,40593,small bag,1.0,25.0,100.0
49831,40594,medium bag,1.0,50.0,100.0
49831,40595,large bag,1.0,50.0,100.0
49831,40596,portion,1.0,13.0,100.0
27517,146536,cucchiaio da tavola (raso),1.0,10.0,100.0
49835,40600,small bag,1.0,25.0,100.0
49835,40601,medium bag,1.0,50.0,100.0
49835,40602,large bag,1.0,50.0,100.0
49835,40603,portion,1.0,13.0,100.0
6533,12585,cup,1.0,147.0,
6533,12586,oz,1.0,28.35,
49837,40607,medium comice unit,1.0,150.0,100.0
49837,40608,large comice unit,1.0,250.0,100.0
49837,40609,medium conference unit,1.0,170.0,100.0
3930,7747,"cup, slices",1.0,140.0,
3930,7748,"cup, cubes",1.0,161.0,
3930,7749,small unit,1.0,148.0,
3930,7750,medium unit,1.0,178.0,
3930,7751,large unit,1.0,230.0,
3930,7752,NLEA serving,1.0,166.0,
4024,7939,"cup, sliced",1.0,140.0,
4024,7940,small unit,1.0,159.0,
4024,7941,medium unit,1.0,179.0,
4024,7942,large unit,1.0,219.0,
49845,40614,medium comice unit,1.0,150.0,70.0
49845,40615,large comice unit,1.0,250.0,70.0
49845,40616,medium conference unit,1.0,170.0,70.0
4025,7943,"cup, sliced",1.0,140.0,
4025,7944,small unit,1.0,172.0,
4025,7945,medium unit,1.0,202.0,
4025,7946,large unit,1.0,242.0,
5028,9773,cup,0.5,80.0,
5028,9774,package (10 oz) yields,1.0,278.0,
4658,9158,package (10 oz) yields,1.0,278.0,
4658,9159,cup,0.5,80.0,
49846,40617,small portion,1.0,40.0,100.0
49846,40618,medium portion,1.0,70.0,100.0
49846,40619,large portion,1.0,100.0,100.0
49846,40620,tablespoon,1.0,30.0,100.0
49850,40625,small portion,1.0,40.0,100.0
49850,40626,medium portion,1.0,70.0,100.0
49850,40627,large portion,1.0,100.0,100.0
49850,40628,tablespoon,1.0,30.0,100.0
4653,9152,cup,0.5,80.0,
4653,9153,package (10 oz) yields,1.0,253.0,
49853,40633,small portion,1.0,40.0,100.0
49853,40634,medium portion,1.0,70.0,100.0
49853,40635,large portion,1.0,100.0,100.0
49853,40636,tablespoon,1.0,30.0,100.0
49859,40651,tablespoon,1.0,40.0,100.0
49859,40652,portion,1.0,120.0,100.0
49861,40653,small portion,1.0,40.0,100.0
49861,40654,medium portion,1.0,70.0,100.0
49861,40655,large portion,1.0,100.0,100.0
49861,40656,tablespoon,1.0,30.0,100.0
49863,40657,unit,1.0,6.0,100.0
49864,40658,unit,1.0,6.0,49.0
208079,159895,porção,1.0,48.0,100.0
208882,159926,bife pequeno,1.0,37.0,100.0
209055,160528,rodela,1.0,6.0,64.0
209055,160529,prato,0.25,61.0,64.0
209055,160530,unidade,1.0,270.0,64.0
21913,30303,cucharada sopera,1.0,20.0,100.0
49866,40659,level teaspoon,1.0,2.0,100.0
49867,40660,medium unit,1.0,160.0,100.0
49867,40661,sliced ring,1.0,10.0,100.0
49868,40662,medium unit,1.0,160.0,84.0
49868,40663,sliced ring,1.0,10.0,84.0
49869,40664,medium unit,1.0,160.0,100.0
49869,40665,sliced ring,1.0,10.0,100.0
49870,40666,medium unit,1.0,160.0,84.0
49870,40667,sliced ring,1.0,10.0,84.0
49876,40674,medium unit,1.0,160.0,87.0
49876,40675,sliced ring,1.0,10.0,87.0
49878,40678,medium unit,1.0,160.0,84.0
49878,40679,sliced ring,1.0,10.0,84.0
5030,9776,unit,1.0,45.0,
5030,9777,"cup, chopped or diced",0.5,75.0,
5182,10080,unit,1.0,27.0,
4663,9166,"cup, chopped",1.0,149.0,
4663,9167,"cup, sliced",1.0,92.0,
4663,9168,tbsp,1.0,9.3,
4663,9169,"large unit (2-1/4 per lb, approx 3-3/4"" long, 3"" dia)",1.0,164.0,
4663,9170,"medium unit (approx 2-3/4"" long, 2-1/2"" dia)",1.0,119.0,
4663,9171,"ring (3"" dia, 1/4"" thick)",1.0,10.0,
4663,9172,small unit,1.0,74.0,
4663,9173,strip,10.0,27.0,
5032,9780,"cup, chopped",1.0,149.0,
5032,9781,"cup, sliced",1.0,92.0,
5032,9782,tablespoon,1.0,9.3,
5032,9783,"large unit (2-1/4 per pound, approx 3-3/4"" long, 3"" dia.)",1.0,164.0,
5032,9784,"medium unit (approx 2-3/4"" long, 2-1/2 dia.)",1.0,119.0,
5032,9785,small unit,1.0,74.0,
5032,9786,"ring (3"" dia., 1/4"" thick)",1.0,10.0,
5154,10026,"unit, large (3-3/4"" long, 3"" dia)",1.0,186.0,
5154,10027,strip,10.0,52.0,
747,1154,unidade pequena,1.0,150.0,78.0
747,1155,unidade média,1.0,180.0,78.0
747,1156,unidade grande,1.0,225.0,78.0
747,1157,"unidade, tipo Forelle",1.0,164.0,78.0
747,1158,"unidade, tipo Packam/William",1.0,203.0,78.0
747,1159,"unidade pequena, tipo Rocha",1.0,92.0,78.0
747,1160,"unidade média, tipo Rocha",1.0,138.0,78.0
426,524,posta,1.0,122.0,84.0
426,525,rabo,1.0,126.0,
423,519,posta,1.0,122.0,84.0
423,520,rabo,1.0,126.0,100.0
208680,159989,posta,1.0,122.0,84.0
208680,159990,rabo,1.0,126.0,84.0
259222,197684,portion,1.0,161.5,
49902,40719,portion,1.0,310.0,100.0
49894,40711,portion,1.0,110.0,100.0
49894,40712,small individual unit,1.0,54.0,100.0
49894,40713,large individual unit,1.0,100.0,100.0
49901,40718,portion,1.0,130.0,100.0
49904,40721,average serving,1.0,170.0,100.0
49905,40722,single portion,1.0,320.0,100.0
49905,40723,average serving,1.0,170.0,100.0
49921,40764,individual unit,1.0,160.0,100.0
959,1641,colher de chá,1.0,3.0,100.0
696,1069,unidade média,1.0,200.0,71.0
696,1070,"unidade, verde",1.0,169.0,71.0
696,1071,"unidade, vermelha",1.0,232.0,71.0
49934,40788,portion,1.0,13.0,100.0
49935,40789,average glass,1.0,160.0,100.0
49935,40790,individual cartoon,1.0,200.0,100.0
49935,40791,tall tumbler,1.0,300.0,100.0
49935,40792,wine glass,1.0,120.0,100.0
49935,40793,Britvic can,1.0,173.0,100.0
49935,40794,pub bottle,1.0,110.0,100.0
3944,7775,"cup, chunks",1.0,165.0,
3944,7776,unit,1.0,905.0,
3944,7777,"slice (4-2/3"" dia x 3/4"" thick)",1.0,166.0,
3944,7778,"slice (3-1/2"" dia x 3/4"" thick)",1.0,84.0,
3944,7779,"thin slice (3-1/2"" dia x 1/2"" thick)",1.0,56.0,
4034,7958,"cup, chunks",1.0,165.0,
4034,7959,"slice (4-2/3"" dia x 3/4"" thick)",1.0,166.0,
4034,7960,unit,1.0,905.0,
4034,7961,NLEA serving,1.0,112.0,
49940,40798,large slice,1.0,80.0,100.0
110080,93792,Serving,1.0,15.0,100.0
81653,67424,unité avec coque,1.0,1.0,50.0
81653,67425,poignée avec coque,1.0,20.0,50.0
49942,40799,portion,1.0,10.0,100.0
49943,40800,portion,1.0,10.0,55.00000000000001
81232,65566,unité petite,1.0,40.0,100.0
81232,65567,unité grande,1.0,70.0,100.0
49945,40801,deep pan 7'' diameter slice,1.0,58.0,100.0
49945,40802,deep pan 9-10'' diameter slice,1.0,68.0,100.0
49945,40803,deep pan 12'' diameter slice,1.0,88.0,100.0
49945,40804,thin crust 7'' diameter slice,1.0,29.0,100.0
49945,40805,thin crust 9-10'' diameter slice,1.0,43.0,100.0
49945,40806,thin crust 12'' diameter slice,1.0,70.0,100.0
49947,40813,deep pan 7'' diameter slice,1.0,73.0,100.0
49947,40814,deep pan 9-10'' diameter slice,1.0,83.0,100.0
49947,40815,deep pan 12'' diameter slice,1.0,100.0,100.0
49947,40816,thin crust 7'' diameter slice,1.0,38.0,100.0
49947,40817,thin crust 9-10'' diameter slice,1.0,52.0,100.0
49947,40818,thin crust 12'' diameter slice,1.0,83.0,100.0
49949,40825,deep pan 7'' diameter slice,1.0,73.0,100.0
49949,40826,deep pan 9-10'' diameter slice,1.0,83.0,100.0
49949,40827,deep pan 12'' diameter slice,1.0,100.0,100.0
49949,40828,thin crust 7'' diameter slice,1.0,38.0,100.0
49949,40829,thin crust 9-10'' diameter slice,1.0,52.0,100.0
49949,40830,thin crust 12'' diameter slice,1.0,83.0,100.0
22702,68788,unité moyenne,0.25,80.0,100.0
22702,68789,unité moyenne,0.5,170.0,100.0
22702,68790,unité grande,1.0,500.0,100.0
22702,68791,unité mini (comme amuse-gueule),1.0,20.0,100.0
22702,68792,unité petite d'environ 13cm de diamètre,1.0,150.0,100.0
22702,68793,unité moyenne d'environ 25cm de diamètre,1.0,350.0,100.0
49954,40845,small fillet,1.0,75.0,100.0
49954,40846,medium fillet,1.0,130.0,100.0
49954,40847,large fillet,1.0,180.0,100.0
49969,40877,small unit,1.0,30.0,100.0
49969,40878,medium unit,1.0,55.0,100.0
49969,40879,large unit,1.0,85.0,100.0
49970,40880,small unit,1.0,30.0,94.0
49970,40881,medium unit,1.0,55.0,94.0
49970,40882,large unit,1.0,85.0,94.0
49966,40870,small unit,1.0,30.0,100.0
49966,40871,medium unit,1.0,55.0,100.0
49966,40872,large unit,1.0,85.0,100.0
49967,40873,small unit,1.0,30.0,94.0
49967,40874,medium unit,1.0,55.0,94.0
49967,40875,large unit,1.0,85.0,94.0
3968,7821,"cup, pitted",1.0,174.0,
3968,7822,"unit, pitted",1.0,9.5,
3957,7801,"cup, sliced",1.0,165.0,
3957,7802,"unit (2-1/8"" dia)",1.0,66.0,
3957,7803,NLEA serving,1.0,151.0,
4045,7967,cup,1.0,249.0,
4045,7968,fl oz,1.0,31.4,
3963,7813,cup arils (seed/juice sacs),0.5,87.0,
3963,7814,"unit (4"" dia)",1.0,282.0,
49987,40898,small bag,1.0,25.0,100.0
49987,40899,large bag,1.0,75.0,100.0
49988,40900,tablespoon,1.0,12.0,100.0
49993,40906,small portion,1.0,50.0,100.0
49993,40907,medium portion,1.0,90.0,100.0
49993,40908,large portion,1.0,150.0,100.0
49993,40909,average slice,1.0,40.0,100.0
49993,40910,thin slice,1.0,28.0,100.0
50015,40933,small portion,1.0,50.0,100.0
50015,40934,medium portion,1.0,90.0,100.0
50015,40935,large portion,1.0,150.0,100.0
50015,40936,average slice,1.0,40.0,100.0
50015,40937,thin slice,1.0,28.0,100.0
4234,8334,oz,3.0,85.0,
4234,8335,"piece, cooked, excluding refuse (yield from 1 lb raw meat with refuse)",1.0,247.0,
4272,8404,oz,1.0,28.35,
4272,8405,lb,1.0,453.6,
4151,8178,oz,3.0,85.0,
4151,8179,roast,1.0,2252.0,
4159,8195,oz,3.0,85.0,
4159,8196,"steak, excluding refuse (yield from 1 raw steak, with refuse, weighing 300 g)",1.0,147.0,
50034,40990,small portion,1.0,50.0,100.0
50034,40991,medium portion,1.0,90.0,100.0
50034,40992,large portion,1.0,150.0,100.0
50034,40993,average slice,1.0,40.0,100.0
50034,40994,thin slice,1.0,28.0,100.0
50048,41018,portion,1.0,75.0,100.0
50049,41019,portion,1.0,150.0,76.0
50074,41065,portion,1.0,140.0,100.0
50083,41073,loin steak,1.0,120.0,100.0
50083,41074,shoulder steak,1.0,135.0,100.0
50089,41081,portion,1.0,300.0,100.0
50092,41083,tablespoon,1.0,15.0,100.0
50092,41084,(jumbo) tablespoon,1.0,10.0,100.0
50092,41085,small portion,1.0,110.0,100.0
50092,41086,medium portion,1.0,160.0,100.0
50092,41087,large portion,1.0,210.0,100.0
50093,41088,tablespoon,1.0,15.0,100.0
50093,41089,(jumbo) tablespoon,1.0,10.0,100.0
50093,41090,small portion,1.0,110.0,100.0
50093,41091,medium portion,1.0,160.0,100.0
50093,41092,large portion,1.0,7210.0,100.0
50095,41096,small portion,1.0,110.0,100.0
50095,41097,medium portion,1.0,160.0,100.0
50095,41098,large portion,1.0,210.0,100.0
50112,41148,small portion,1.0,100.0,100.0
50112,41149,medium portion,1.0,165.0,100.0
50112,41150,large portion,1.0,240.0,100.0
50112,41151,unit,1.0,10.0,100.0
50115,41157,small portion,1.0,100.0,100.0
50115,41158,medium portion,1.0,165.0,100.0
50115,41159,large portion,1.0,240.0,100.0
50115,41160,unit,1.0,10.0,100.0
50122,41185,small pack,1.0,25.0,100.0
50122,41186,medium pack,1.0,40.0,100.0
50122,41187,family pack,1.0,100.0,100.0
50122,41188,large unit,1.0,2.0,100.0
23044,66011,unité de la taille d'un œuf de poule,1.0,50.0,100.0
23044,66012,portion petite,1.0,175.0,100.0
23044,66013,unité moyenne,1.0,175.0,100.0
23044,66014,portion moyenne,1.0,200.0,100.0
23044,66015,portion grande,1.0,300.0,100.0
4687,9220,cup,0.5,78.0,
4687,9221,"unit (2-1/2"" dia, sphere)",1.0,136.0,
4688,9222,skin,1.0,34.0,
4689,9223,cup,0.5,78.0,
4689,9224,"large unit (3"" to 4-1/4"" dia.)",1.0,300.0,
4689,9225,"medium unit (2-1/4"" to 3-1/4"" dia.)",1.0,167.0,
4689,9226,"small unit (1-3/4"" to 2-1/2"" dia.)",1.0,125.0,
5140,9968,cup,1.0,210.0,
50136,41214,small portion,1.0,120.0,100.0
50136,41215,medium portion,1.0,175.0,100.0
50136,41216,large portion,1.0,220.0,100.0
50136,41217,unit,1.0,40.0,100.0
50137,41218,small portion,1.0,120.0,100.0
50137,41219,medium portion,1.0,175.0,100.0
50137,41220,large portion,1.0,220.0,100.0
50137,41221,unit,1.0,40.0,100.0
50140,41226,small unit,1.0,100.0,100.0
50140,41227,medium unit,1.0,180.0,100.0
50140,41228,large unit,1.0,220.0,100.0
50144,41239,small portion,1.0,120.0,100.0
50144,41240,medium portion,1.0,175.0,100.0
50144,41241,large portion,1.0,220.0,100.0
50144,41242,unit,1.0,60.0,100.0
50145,41243,tablespoon,1.0,45.0,100.0
50145,41244,scoop,1.0,60.0,100.0
50145,41245,forkful,1.0,30.0,100.0
50145,41246,small portion,1.0,120.0,100.0
50145,41247,medium portion,1.0,175.0,100.0
50145,41248,large portion,1.0,220.0,100.0
50146,41249,tablespoon,1.0,45.0,100.0
50146,41250,scoop,1.0,60.0,100.0
50146,41251,forkful,1.0,30.0,100.0
50146,41252,small portion,1.0,120.0,100.0
50146,41253,medium portion,1.0,175.0,100.0
50146,41254,large portion,1.0,220.0,100.0
50151,41258,small unit,1.0,50.0,100.0
50151,41259,medium unit,1.0,85.0,100.0
50151,41260,average portion,1.0,200.0,100.0
50152,41261,small unit,1.0,50.0,100.0
50152,41262,medium unit,1.0,85.0,100.0
50152,41263,average portion,1.0,200.0,100.0
4677,9199,"cup, diced",0.5,75.0,
4677,9200,"large unit (3"" to 4-1/4"" dia)",1.0,369.0,
4677,9201,"medium unit (2-1/4"" to 3-1/4"" dia)",1.0,213.0,
4677,9202,"small unit (1-3/4"" to 2-1/4"" dia)",1.0,170.0,
4676,9195,"cup, diced",0.5,75.0,
4676,9196,"large unit (3"" to 4-1/4"" dia.)",1.0,369.0,
4676,9197,"medium unit (2+-1/4"" to 3-1/4"" dia.)",1.0,213.0,
4676,9198,"small unit (1-3/4"" to 2-1/4"" dia.)",1.0,92.0,
21781,30142,unidad mediana,1.0,40.0,40.0
50158,41268,unit,1.0,8.0,100.0
50159,41269,unit,1.0,8.0,100.0
50163,41272,unit,1.0,3.0,35.0
50163,41273,portion,1.0,60.0,35.0
50163,41274,half pint,1.0,142.0,35.0
178034,139156,tbsp,1.0,15.0,
183998,143000,Tbsp,1.0,16.0,
178204,139282,portion,1.0,125.0,
236818,178800,petite portion,1.0,20.0,100.0
236818,178801,portion moyenne,1.0,40.0,100.0
236818,178802,grande portion,1.0,80.0,100.0
50177,41294,portion,1.0,170.0,100.0
50182,41299,large can,1.0,425.0,100.0
50182,41300,small can,1.0,213.0,100.0
50182,41301,portion,1.0,200.0,100.0
50183,41302,large can,1.0,425.0,100.0
50183,41303,small can,1.0,213.0,100.0
50183,41304,portion,1.0,200.0,100.0
50184,41305,portion,1.0,200.0,100.0
50187,41308,portion,1.0,110.0,100.0
50187,41309,can,1.0,300.0,100.0
7718,15002,oz,1.0,28.35,
7718,15003,refrigerated container (4 oz),1.0,108.0,
7718,15004,shelf stable container (3.5 oz),1.0,98.0,
7761,15072,serving (4 oz),1.0,113.0,
7759,15070,serving (3.5 oz shelf stable),1.0,99.0,
80277,64978,cup,1.0,17.0,
428473,319915,portion,1.0,68.747,
349507,257315,portion,1.0,90.0,
209233,161491,portion,1.0,280.0,
4736,9290,"cup, mashed",1.0,245.0,
50194,41315,medium portion,1.0,60.0,100.0
4735,9289,"cup (1"" cubes)",1.0,116.0,
10244,18514,unidade,1.0,50.0,
208222,160250,fatia,1.0,76.0,100.0
208222,160251,unidade,1.0,72.0,100.0
208223,160252,fatia,1.0,76.0,100.0
208223,160253,unidade,1.0,72.0,100.0
38340,29010,fatia,1.0,25.0,100.0
182504,141921,fatia,1.0,22.0,100.0
182504,141922,fatia larga,1.0,31.0,100.0
565,787,unidade,1.0,62.0,100.0
208229,160259,baguete pequena,1.0,105.0,100.0
208229,160260,bola,1.0,44.0,100.0
208229,160261,cacetinho,1.0,93.0,100.0
208232,160265,fatia,1.0,23.0,100.0
208232,160266,bola,1.0,57.0,100.0
208232,160267,cacetinho,1.0,106.0,100.0
752,1166,"unidade, tipo amarelo",1.0,178.0,76.0
752,1167,"unidade, tipo vermelho",1.0,146.0,76.0
752,1168,"unidade, tipo paraguaio",1.0,119.0,76.0
208332,160626,"unidade, tipo amarelo",1.0,178.0,76.0
208332,160627,"unidade, tipo vermelho",1.0,146.0,76.0
208332,160628,"unidade, tipo paraguaio",1.0,119.0,76.0
2516,5587,unit,1.0,92.0,
2516,5588,unit (yield from 1 lb ready-to cook quail),1.0,342.0,
32,89,colher de chá,1.0,7.0,100.0
35,93,fatia,1.0,18.0,85.0
35,94,bola,1.0,350.0,85.0
36,95,fatia,1.0,18.0,85.0
36,96,bola,1.0,350.0,85.0
40,104,colher de chá,1.0,5.0,85.0
40,105,colher de sopa,1.0,10.0,85.0
208518,161286,fatia,1.0,20.0,100.0
208522,161287,embalagem,1.0,80.0,100.0
208522,161288,porção,1.0,28.0,100.0
1423,3000,"fatia grande, tipo Danúbio",1.0,40.0,
1423,3001,"fatia média, tipo Danúbio",1.0,30.0,
1423,3002,"fatia pequena, tipo Danúbio",1.0,20.0,
1423,3003,"unidade, tipo Frescatino",1.0,65.0,
1425,3007,fatia média,1.0,20.0,
22680,67027,unité,0.25,100.0,100.0
22680,67028,unité,0.5,210.0,100.0
22680,67029,unité,1.0,430.0,100.0
50201,41333,small slice,1.0,95.0,100.0
50201,41334,medium slice,1.0,140.0,100.0
50201,41335,large slice,1.0,180.0,100.0
50201,41336,miniature,1.0,40.0,100.0
50202,41337,small slice,1.0,95.0,100.0
50202,41338,medium slice,1.0,140.0,100.0
50202,41339,large slice,1.0,180.0,100.0
50202,41340,miniature,1.0,40.0,100.0
50203,41341,small slice,1.0,95.0,100.0
50203,41342,medium slice,1.0,140.0,100.0
50203,41343,large slice,1.0,180.0,100.0
50203,41344,miniature,1.0,40.0,100.0
50204,41345,small slice,1.0,95.0,100.0
50204,41346,medium slice,1.0,140.0,100.0
50204,41347,large slice,1.0,180.0,100.0
50204,41348,miniature,1.0,40.0,100.0
147049,118811,taza,1.0,185.0,
8098,15567,cup,1.0,185.0,
21562,29788,cucharada sopera rasa,1.0,13.0,100.0
21562,29789,cucharada sopera colmada,1.0,23.0,100.0
21562,29790,ración individual,1.0,80.0,100.0
50208,41351,serving,1.0,85.0,100.0
22427,67106,portion petite,1.0,50.0,100.0
22427,67107,portion moyenne,1.0,100.0,100.0
22427,67108,portion grande,1.0,150.0,100.0
22427,67109,unité moyenne,1.0,6.0,100.0
50214,41356,unit,1.0,8.0,81.0
4742,9303,cup of slices,1.0,116.0,
4742,9304,"unit (7"" long)",1.0,338.0,
4741,9297,cup of slices,1.0,116.0,
4741,9298,"large unit (1"" to 1-1/4"" dia)",1.0,9.0,
4741,9299,"medium unit (3/4"" to 1"" dia)",1.0,4.5,
4741,9300,slice,1.0,1.0,
4741,9301,small unit,1.0,2.0,
4741,9302,cup of slices,0.5,58.0,
50216,41358,tablespoon,1.0,30.0,100.0
3974,7830,"cup, packed",1.0,165.0,
3974,7831,cup (not packed),1.0,145.0,
3978,7843,cup,1.0,123.0,
3978,7844,pint as purchased (yields),1.0,312.0,
3978,7845,unit,10.0,19.0,
50221,41360,unit,1.0,4.0,100.0
50221,41361,portion,1.0,60.0,100.0
50223,41363,portion,1.0,90.0,100.0
21865,30235,"puñado, mano cerrada",1.0,20.0,98.0
50224,41364,tablespoon,1.0,30.0,100.0
50224,41365,average serving,1.0,180.0,100.0
235091,183126,portion petite,1.0,50.0,100.0
235091,183127,portion moyenne,1.0,100.0,100.0
235091,183128,portion grande,1.0,150.0,100.0
235091,183129,unité petite,1.0,60.0,0.0
235091,183130,unité moyenne,1.0,115.0,0.0
235091,183131,unité grande,1.0,205.0,0.0
45,109,fatia,1.0,24.0,100.0
208531,159568,fatia,1.0,24.0,100.0
9853,17913,serving,1.0,169.0,
50240,41380,portion,1.0,140.0,100.0
67653,54534,serving,1.0,30.0,
50263,41401,small portion,1.0,100.0,100.0
50263,41402,medium portion,1.0,180.0,100.0
50263,41403,large portion,1.0,290.0,100.0
50263,41404,heaped tablespoon,1.0,40.0,100.0
50250,41382,small portion,1.0,100.0,100.0
50250,41383,medium portion,1.0,180.0,100.0
50250,41384,large portion,1.0,290.0,100.0
50250,41385,heaped tablespoon,1.0,40.0,100.0
50252,41386,small portion,1.0,100.0,100.0
50252,41387,medium portion,1.0,180.0,100.0
50252,41388,large portion,1.0,290.0,100.0
50252,41389,heaped tablespoon,1.0,40.0,100.0
8012,15469,cup,1.0,202.0,
50254,41390,small portion,1.0,100.0,100.0
50254,41391,medium portion,1.0,180.0,100.0
50254,41392,large portion,1.0,290.0,100.0
50254,41393,heaped tablespoon,1.0,40.0,100.0
50269,41413,small portion,1.0,100.0,100.0
50269,41414,medium portion,1.0,180.0,100.0
50269,41415,large portion,1.0,290.0,100.0
50269,41416,heaped tablespoon,1.0,40.0,100.0
50265,41405,small portion,1.0,100.0,100.0
50265,41406,medium portion,1.0,180.0,100.0
50265,41407,large portion,1.0,290.0,100.0
50265,41408,heaped tablespoon,1.0,40.0,100.0
50272,41421,small portion,1.0,100.0,100.0
50272,41422,medium portion,1.0,180.0,100.0
50272,41423,large portion,1.0,290.0,100.0
50272,41424,heaped tablespoon,1.0,40.0,100.0
50276,41425,small portion,1.0,100.0,100.0
50276,41426,medium portion,1.0,180.0,100.0
50276,41427,large portion,1.0,290.0,100.0
50276,41428,heaped tablespoon,1.0,40.0,100.0
27039,146283,porzione media,1.0,100.0,100.0
50279,41430,small portion,1.0,100.0,100.0
50279,41431,medium portion,1.0,180.0,100.0
50279,41432,large portion,1.0,290.0,100.0
50280,41433,portion,1.0,250.0,100.0
432,530,unidade média,1.0,349.0,
50300,41468,small leaf,1.0,5.0,100.0
50300,41469,portion,1.0,20.0,100.0
81238,65857,unité moyenne,1.0,85.0,100.0
211399,163034,portion,1.0,60.0,
231928,176939,portion,1.0,140.0,
1845,3953,tsp,1.0,0.7,
1845,3954,tbsp,1.0,1.7,
50306,41472,large sprig,1.0,1.0,100.0
81137,69419,"unité, surgelée, non préparée",1.0,28.0,100.0
50309,41475,Boots original unit,1.0,6.0,100.0
50309,41476,Boots Ruskmen unit,1.0,8.0,100.0
50309,41477,"Boots low sugar, flavoured unit",1.0,10.0,100.0
50309,41478,Farley's original unit,1.0,17.0,100.0
50309,41479,Liga unit,1.0,8.0,100.0
23136,65558,petite tranche,1.0,15.0,100.0
6472,12514,container,1.0,227.0,
50313,41484,large sprig,1.0,1.0,100.0
960,1642,"colher de chá, fino",1.0,7.0,100.0
960,1643,"colher de chá rasa, fino",1.0,5.0,100.0
960,1644,"colher de sobremesa, fino",1.0,15.0,100.0
960,1645,"colher de sobremesa rasa, fino",1.0,11.0,100.0
960,1646,"colher de sopa, fino",1.0,21.0,100.0
960,1647,"colher de sopa rasa, fino",1.0,15.0,100.0
960,1648,"colher de chá, grosso",1.0,8.0,100.0
960,1649,"colher de chá rasa, grosso",1.0,6.0,100.0
960,1650,"colher de sobremesa, grosso",1.0,17.0,100.0
960,1651,"colher de sobremesa rasa, grosso",1.0,13.0,100.0
960,1652,"colher de sopa, grosso",1.0,24.0,100.0
960,1653,"colher de sopa rasa, grosso",1.0,16.0,100.0
1479,3132,saco pequeno,1.0,15.0,
9984,18125,tbsp,1.0,16.0,
9984,18126,cup,1.0,256.0,
10033,18218,tbsp,1.0,15.0,
10033,18219,cup,1.0,240.0,
10094,18312,tbsp,1.0,14.5,
10094,18313,cup,1.0,232.0,
50317,41491,tub,1.0,250.0,100.0
50317,41492,large tub,1.0,400.0,100.0
50319,41495,tub,1.0,250.0,100.0
50319,41496,large tub,1.0,400.0,100.0
50321,41499,tub,1.0,250.0,100.0
50321,41500,large tub,1.0,400.0,100.0
50326,41509,tub,1.0,250.0,100.0
50326,41510,large tub,1.0,400.0,100.0
50328,41513,tub,1.0,250.0,100.0
50328,41514,large tub,1.0,400.0,100.0
208916,161368,prato,0.5,90.0,100.0
50329,41515,small slice,1.0,5.0,100.0
50329,41516,large slice,1.0,12.0,100.0
3213,6725,round slice,1.0,12.3,
3214,6726,serving,1.0,28.0,
50333,41519,average steak,1.0,100.0,87.0
50333,41520,large steak,1.0,170.0,87.0
50334,41521,average steak,1.0,100.0,87.0
50334,41522,large steaks,1.0,170.0,87.0
50338,41527,average steak,1.0,100.0,87.0
50338,41528,large steaks,1.0,170.0,87.0
50339,41529,portion,1.0,100.0,71.0
50339,41530,sandwich portion,1.0,45.0,71.0
9803,17863,filet,1.0,108.0,
9803,17864,strip,1.0,136.0,
27600,146596,fetta suttile,1.0,10.0,100.0
27600,146597,fetta,1.0,40.0,100.0
50342,41535,average portion,1.0,56.0,100.0
50343,41536,portion,1.0,56.0,96.0
22818,69589,tranche moyenne,1.0,220.0,90.0
22818,69590,filet petit,1.0,100.0,100.0
22818,69591,filet grand,1.0,190.0,100.0
50346,41539,portion,1.0,100.0,100.0
50346,41540,sandwich portion,1.0,45.0,100.0
436,532,posta,1.0,173.0,
436,533,lombo,1.0,101.0,100.0
208694,160002,posta,1.0,134.0,68.0
208694,160003,lombo,1.0,101.0,100.0
699,1077,colher de sopa,1.0,5.0,75.0
1836,3931,tsp,1.0,6.0,
1836,3932,tbsp,1.0,18.0,
1836,3933,cup,1.0,292.0,
1836,3934,dash,1.0,0.4,
82212,68870,unité moyenne,1.0,130.0,100.0
82212,68871,unité petite (environ de la taille d'un quart de baguette),1.0,70.0,100.0
50358,41554,portion,1.0,205.0,100.0
50359,41555,portion,1.0,145.0,100.0
50360,41556,portion,1.0,180.0,100.0
50361,41557,portion,1.0,165.0,100.0
2834,6170,tbsp,1.0,17.0,
2834,6171,cup,0.5,143.0,
2834,6172,cup,1.0,279.0,
2849,6197,tbsp,1.0,18.0,
50381,41570,portion,1.0,90.0,100.0
50384,41573,portion,1.0,90.0,100.0
50385,41574,portion,1.0,90.0,100.0
50388,41576,portion,1.0,150.0,100.0
2812,6137,tbsp,1.0,18.0,
2812,6138,fl oz,1.0,36.0,
2812,6139,cup,1.0,288.0,
50390,41578,portion,1.0,170.0,100.0
50394,41580,tablespoon,1.0,30.0,71.0
50395,41581,small unit,1.0,32.0,100.0
50395,41582,medium unit,1.0,60.0,100.0
50395,41583,large/jumbo unit,1.0,145.0,100.0
50395,41584,mini unit,1.0,14.0,100.0
3183,6662,link,1.0,101.0,
3183,6663,"link, 5/lb",1.0,91.0,
50401,41596,thin unit,1.0,20.0,100.0
50401,41597,large unit,1.0,40.0,100.0
50405,41604,thin unit,1.0,20.0,100.0
50405,41605,large unit,1.0,40.0,100.0
50406,41606,thin unit,1.0,20.0,100.0
50406,41607,large unit,1.0,40.0,100.0
50407,41608,thin unit,1.0,20.0,100.0
50407,41609,large unit,1.0,40.0,100.0
50409,41612,thin unit,1.0,20.0,100.0
50409,41613,large unit,1.0,40.0,100.0
5202,10109,oz,1.0,28.35,
5304,10299,"tbsp, whole",1.0,10.3,
5304,10300,"cup, whole",1.0,168.0,
5304,10301,"tbsp, ground",1.0,7.0,
5304,10302,"tsp, whole",1.0,3.4,
5304,10303,"tsp, ground",1.0,2.5,
67479,54159,tbsp,3.0,30.0,
5286,10270,tbsp,1.0,16.0,
5284,10265,tbsp,1.0,15.0,
5284,10266,oz,1.0,28.35,
5212,10124,oz,1.0,28.35,
36860,25929,colher de sopa,1.0,10.0,100.0
208416,161209,colher de sopa,1.0,10.0,100.0
50437,41648,tablespoon,1.0,12.0,100.0
4908,9585,tbsp chopped,1.0,10.0,
50440,41649,unit,1.0,10.0,72.0
50445,41657,portion,1.0,310.0,100.0
50446,41658,portion,1.0,310.0,100.0
7565,14663,oz,1.0,28.35,
7565,14664,large piece,1.0,20.0,
7565,14665,oz,1.0,28.35,
9202,17300,oz,1.0,28.35,
7912,15338,cup,1.0,11.0,
7912,15339,oz,1.0,28.35,
7597,14727,oz,1.0,28.35,
7597,14728,twist,10.0,60.0,
7920,15354,unit,1.0,9.0,
7920,15355,translation missing: en.models.common_measure.data.USDA_19817.2.one,2.0,18.0,
7874,15270,unit,1.0,9.0,
7874,15271,translation missing: en.models.common_measure.data.USDA_19413.2.one,2.0,18.0,
7922,15358,unit,1.0,9.0,
7922,15359,translation missing: en.models.common_measure.data.USDA_19819.2.one,2.0,18.0,
7601,14735,cake,1.0,9.0,
7601,14736,cake,2.0,18.0,
22045,69644,portion petite,1.0,30.0,100.0
22045,69645,portion moyenne,1.0,60.0,100.0
22045,69646,portion grande,1.0,90.0,100.0
81520,67440,portion moyenne,1.0,30.0,100.0
81520,67441,boîte moyenne,1.0,250.0,100.0
81520,67442,boîte moyenne,0.25,63.0,100.0
907,1553,tigela,1.0,250.0,100.0
908,1554,tigela,1.0,240.0,100.0
208931,161373,tijela cheia,1.0,399.0,100.0
208931,161374,prato fundo cheio,1.0,399.0,100.0
913,1560,tigela,1.0,232.0,100.0
914,1561,prato de sopa,1.0,194.0,100.0
208935,161028,tigela grande,1.0,510.0,100.0
208935,161029,tigela pequena,1.0,350.0,100.0
920,1567,tigela,1.0,286.0,100.0
208953,161397,tijela cheia,1.0,399.0,100.0
208953,161398,prato fundo cheio,1.0,399.0,100.0
922,1569,tigela,1.0,193.0,100.0
50465,41669,portion,1.0,95.0,100.0
2915,6274,serving (1 cup),1.0,246.0,
2803,6126,cube,1.0,3.6,
2860,6207,cup,1.0,249.0,
2862,6209,cup (8 fl oz),1.0,248.0,
2862,6210,prepared can (10.75 oz),1.0,602.0,
2976,6338,cup (8 fl oz),1.0,244.0,
2976,6339,prepared can (10.75 oz),1.0,593.0,
50475,41713,small portion,1.0,150.0,100.0
50475,41714,medium portion,1.0,220.0,100.0
50475,41715,large portion,1.0,300.0,100.0
50475,41716,main course type,1.0,260.0,100.0
50475,41717,starter type,1.0,190.0,100.0
50475,41718,cup-a-soup portion,1.0,215.0,100.0
50475,41719,large can,1.0,405.0,100.0
50475,41720,small can,1.0,300.0,100.0
50477,41729,small portion,1.0,150.0,100.0
50477,41730,medium portion,1.0,220.0,100.0
50477,41731,large portion,1.0,300.0,100.0
50477,41732,main course type,1.0,260.0,100.0
50477,41733,starter type,1.0,190.0,100.0
50477,41734,cup-a-soup portion,1.0,215.0,100.0
50477,41735,small can,1.0,300.0,100.0
50477,41736,large can,1.0,405.0,100.0
50478,41737,small portion,1.0,150.0,100.0
50478,41738,medium portion,1.0,220.0,100.0
50478,41739,large portion,1.0,300.0,100.0
50478,41740,main course type,1.0,260.0,100.0
50478,41741,starter type,1.0,190.0,100.0
50478,41742,cup-a-soup portion,1.0,215.0,100.0
50478,41743,small can,1.0,300.0,100.0
50478,41744,large can,1.0,405.0,100.0
50481,41746,large can,1.0,405.0,100.0
50481,41747,small can,1.0,300.0,100.0
50481,41748,small portion,1.0,150.0,100.0
50481,41749,medium portion,1.0,220.0,100.0
50481,41750,large portion,1.0,300.0,100.0
50482,41751,small portion,1.0,150.0,100.0
50482,41752,medium portion,1.0,220.0,100.0
50482,41753,large portion,1.0,300.0,100.0
22767,66777,assiette ou bol,0.5,200.0,100.0
22767,66778,assiette ou bol,0.75,300.0,100.0
22767,66779,assiette ou bol,1.0,400.0,100.0
50484,41759,large can,1.0,405.0,100.0
50484,41760,small can,1.0,300.0,100.0
50484,41761,small portion,1.0,150.0,100.0
50484,41762,medium portion,1.0,220.0,100.0
50484,41763,large portion,1.0,300.0,100.0
50485,41764,small portion,1.0,150.0,100.0
50485,41765,medium portion,1.0,220.0,100.0
50485,41766,large portion,1.0,300.0,100.0
50486,41767,small portion,1.0,150.0,100.0
50486,41768,medium portion,1.0,220.0,100.0
50486,41769,large portion,1.0,300.0,100.0
50489,41778,large can,1.0,405.0,100.0
50489,41779,small can,1.0,300.0,100.0
50489,41780,small portion,1.0,150.0,100.0
50489,41781,medium portion,1.0,220.0,100.0
50489,41782,large portion,1.0,300.0,100.0
50490,41783,small portion,1.0,150.0,100.0
50490,41784,medium portion,1.0,220.0,100.0
50490,41785,large portion,1.0,300.0,100.0
50491,41786,small portion,1.0,150.0,100.0
50491,41787,medium portion,1.0,220.0,100.0
50491,41788,large portion,1.0,300.0,100.0
67444,54087,cup,1.0,221.0,
67444,54088,can,1.0,390.0,
67444,54089,carton (32 oz),1.0,926.0,
2872,6224,cup,0.5,126.0,
50494,41797,small portion,1.0,150.0,100.0
50494,41798,medium portion,1.0,220.0,100.0
50494,41799,large portion,1.0,300.0,100.0
1715,3699,tablespoon,1.0,12.0,
1715,3700,cup,1.0,230.0,
6395,12409,tbsp,1.0,18.0,
6395,12410,tsp,1.0,6.0,
50495,41800,teaspoon,1.0,5.0,100.0
22012,68546,cuillère à soupe,1.0,16.0,100.0
172889,135619,Small Can,1.0,205.0,
50498,41804,portion,1.0,400.0,100.0
8141,15612,cup,1.0,140.0,
1848,3959,tsp,1.0,0.5,
1848,3960,tbsp,1.0,1.6,
82093,66115,unité moyenne,1.0,7.0,100.0
1794,3840,"tsp, crumbled",1.0,0.6,
1794,3841,"tbsp, crumbled",1.0,1.8,
1800,3852,tsp,1.0,2.6,
1800,3853,tbsp,1.0,7.8,
1801,3854,tsp,1.0,2.1,
1801,3855,tbsp,1.0,6.5,
1804,3860,whole tsp,1.0,2.1,
1804,3861,whole tbsp,1.0,6.0,
1810,3872,tsp,1.0,3.1,
1810,3873,tbsp,1.0,9.7,
1814,3880,tsp,1.0,2.0,
1814,3881,tbsp,1.0,6.3,
1816,3884,tsp,1.0,2.4,
1816,3885,tbsp,1.0,6.9,
1817,3886,"tsp, leaves",1.0,1.0,
1817,3887,"tsp, ground",1.0,1.8,
1818,3888,tsp,1.0,2.3,
1818,3889,tbsp,1.0,6.8,
1819,3890,tsp,1.0,0.5,
1819,3891,tbsp,1.0,1.6,
1820,3892,"tsp, ground",1.0,2.3,
1820,3893,"tbsp, ground",1.0,6.9,
1820,3894,whole tsp,1.0,2.9,
1820,3895,dash,1.0,0.1,
1822,3898,"tsp, ground",1.0,2.4,
1822,3899,"tbsp, ground",1.0,7.1,
1824,3902,tsp,1.0,1.5,
1824,3903,tbsp,1.0,4.4,
1832,3922,tsp,1.0,3.0,
1832,3923,tbsp,1.0,9.4,
173743,136146,Pack,150.0,150.0,
50499,41805,serving,1.0,90.0,100.0
50499,41806,tablespoon,1.0,40.0,100.0
22409,67204,portion petite,1.0,100.0,100.0
22409,67205,portion moyenne,1.0,200.0,100.0
22409,67206,portion grande,1.0,300.0,100.0
50502,41807,serving,1.0,90.0,100.0
50502,41808,tablespoon,1.0,40.0,100.0
4766,9339,cup,0.5,95.0,
4766,9340,package (10 oz) yields,1.0,220.0,
21818,30172,guarnición,1.0,125.0,100.0
21818,30173,ración individual,1.0,250.0,100.0
50503,41809,serving,1.0,90.0,100.0
50503,41810,tablespoon,1.0,40.0,100.0
50504,41811,serving,1.0,90.0,81.0
50504,41812,tablespoon,1.0,40.0,81.0
4761,9330,cup,1.0,30.0,
4761,9331,bunch,1.0,340.0,
4761,9332,leaf,1.0,10.0,
4761,9333,package (10 oz),1.0,284.0,
50509,41822,serving,1.0,90.0,100.0
50509,41823,tablespoon,1.0,40.0,100.0
50511,41826,unit,1.0,10.0,69.0
50512,41827,unit,1.0,10.0,31.0
50516,41830,serving,1.0,65.0,100.0
50518,41831,serving,1.0,65.0,100.0
50530,41847,Knorr unit,1.0,9.0,100.0
50530,41848,Oxo unit,1.0,6.0,100.0
50531,41849,Knorr unit,1.0,9.0,100.0
50531,41850,Oxo unit,1.0,6.0,100.0
50532,41851,half pint,1.0,284.0,100.0
50533,41852,Knorr unit,1.0,9.0,100.0
50533,41853,Oxo unit,1.0,6.0,100.0
3989,7860,"cup, halves",1.0,152.0,
3989,7861,"cup, pureed",1.0,232.0,
3989,7862,"cup, sliced",1.0,166.0,
3989,7863,"cup, whole",1.0,144.0,
3989,7864,"extra large unit (1-5/8"" dia)",1.0,27.0,
3989,7865,"large unit (1-3/8"" dia)",1.0,18.0,
3989,7866,"medium unit (1-1/4"" dia)",1.0,12.0,
3989,7867,pint as purchased (yields),1.0,357.0,
3989,7868,"small unit (1"" dia)",1.0,7.0,
3989,7869,NLEA serving,1.0,147.0,
50537,41859,unit,1.0,12.0,94.0
50537,41860,average portion,1.0,100.0,94.0
21744,30095,cucharada de café colmada,1.0,4.0,100.0
21744,30096,terrón,1.0,5.0,100.0
21744,30097,cucharada de postre colmada,1.0,7.0,100.0
21744,30098,sobre individual,1.0,7.0,100.0
21744,30099,cucharada sopera colmada,1.0,23.0,100.0
50545,41863,cube,1.0,5.0,100.0
50545,41864,heaped teaspoon,1.0,6.0,100.0
50545,41865,level teaspoon,1.0,4.0,100.0
50545,41866,packet,1.0,6.0,100.0
50545,41867,tablespoon,1.0,20.0,100.0
237183,181648,sachet,1.0,10.0,100.0
7828,15175,unpacked tsp,1.0,3.0,
7828,15176,packed cup,1.0,220.0,
7828,15177,unpacked cup,1.0,145.0,
7828,15178,packed tsp,1.0,4.6,
7828,15179,brownulated tsp,1.0,3.2,
7829,15180,serving packet,1.0,2.8,
7829,15181,tsp,1.0,4.2,
7829,15182,cup,1.0,200.0,
7829,15183,serving (1 cube),1.0,2.3,
7830,15184,unsifted cup,1.0,120.0,
7830,15185,sifted cup,1.0,100.0,
7830,15186,unsifted tbsp,1.0,8.0,
7830,15187,tsp,1.0,2.5,
900,1539,embalagem tetra pak pequena,1.0,200.0,100.0
900,1540,lata,1.0,330.0,100.0
209101,160996,embalagem tetra pak pequena,1.0,200.0,100.0
209101,160997,lata,1.0,330.0,100.0
22238,68478,cuillère à soupe moyenne,1.0,10.0,100.0
22238,68479,cuillère à café moyenne,1.0,4.0,100.0
50550,41879,tablespoon,1.0,16.0,100.0
50555,41881,small portion,1.0,40.0,100.0
50555,41882,medium portion,1.0,60.0,100.0
50555,41883,large portion,1.0,85.0,100.0
22424,67103,unité moyenne,1.0,185.0,80.0
50561,41891,medium unit,1.0,65.0,100.0
50561,41892,average portion,1.0,130.0,100.0
50562,41893,medium unit,1.0,65.0,100.0
50562,41894,average portion,1.0,130.0,100.0
5084,9859,"medium unit (2"" dia, 5"" long, raw)",1.0,114.0,
5084,9860,"cup, mashed",0.5,100.0,
4803,9400,"cup, mashed",1.0,328.0,
4803,9401,medium unit,1.0,151.0,
4801,9394,"cup, cubes",1.0,133.0,
4801,9395,"unit, 5"" long",1.0,130.0,
50567,41897,tablespoon,1.0,30.0,87.0
50567,41898,average portion,1.0,85.0,87.0
50568,41899,tablespoon,1.0,30.0,100.0
50568,41900,average portion,1.0,85.0,100.0
50572,41907,unit,1.0,125.0,59.0
50572,41908,tablespoon,1.0,30.0,59.0
50572,41909,average portion,1.0,85.0,59.0
50571,41904,unit,1.0,125.0,59.0
50571,41905,tablespoon,1.0,30.0,59.0
50571,41906,average portion,1.0,85.0,59.0
7839,15204,tbsp,1.0,20.0,
7839,15205,serving (1/4 cup),1.0,83.0,
7839,15206,cup,1.0,315.0,
341828,252363,portion,1.0,218.437,
7363,14293,shell,1.0,12.9,
7363,14294,unit,1.0,12.7,
7363,14295,"medium unit (approx 5"" dia)",1.0,13.3,
7363,14296,"large unit (6-1/2"" dia)",1.0,21.0,
7363,14297,"miniature (3"" dia)",1.0,5.0,
7363,14298,oz,1.0,28.35,
7428,14488,oz,1.0,28.35,
7428,14489,"medium unit (approx 5"" dia)",1.0,13.0,
7428,14490,"miniature (3"" dia)",1.0,5.0,
426871,318800,portion,1.0,733.6,
235600,179194,cuillère à soupe,1.0,15.0,100.0
50584,41929,heaped teaspoon,1.0,19.0,100.0
3904,7694,"cup, sections",1.0,195.0,
3904,7695,"small unit (2-1/4"" dia)",1.0,76.0,
3904,7696,"medium unit (2-1/2"" dia)",1.0,88.0,
3904,7697,"large unit (2-3/4"" dia)",1.0,120.0,
3904,7698,NLEA serving,1.0,109.0,
961,1654,embalagem,1.0,250.0,100.0
53415,44349,Tarrina,1.0,62.5,
50614,41965,cup,1.0,190.0,100.0
50614,41966,mug,1.0,260.0,100.0
50614,41967,vending machine cup,1.0,170.0,100.0
50615,41968,cup,1.0,190.0,100.0
50615,41969,mug,1.0,260.0,100.0
50615,41970,vending machine cup,1.0,170.0,100.0
65069,52486,1 Chilli Pepper,1.0,100.0,100.0
65069,52487,3 Chilli Pepper,1.0,300.0,100.0
1838,3938,tsp,1.0,0.8,
1838,3939,tsp,0.5,0.4,
50620,41976,large sprig,1.0,1.0,100.0
205483,157914,portion,1.0,119.0,
23132,69931,petite tranche de pain de mie,1.0,20.0,100.0
23132,69932,tranche moyenne de pain de mie,1.0,35.0,100.0
23132,69933,grande tranche de pain de mie,1.0,40.0,100.0
23132,69934,petite tranche de pain de campagne,1.0,30.0,100.0
23132,69935,grande tranche de pain de campagne,1.0,50.0,100.0
50628,41980,portion,1.0,56.0,100.0
50629,41981,tablespoon,1.0,30.0,100.0
6420,12449,block,0.2,91.0,
6400,12423,oz,1.0,28.35,
6400,12424,piece,1.0,13.0,
22517,66986,cuillère à soupe,1.0,40.0,100.0
22517,66987,pièce/morceau,1.0,15.0,100.0
22517,66988,plaquette,1.0,75.0,100.0
22517,66989,bloc,1.0,350.0,100.0
209067,161409,unidade,1.0,16.0,100.0
209067,161410,chávena,1.0,150.0,100.0
1119,2264,"colher de sopa cheia, cubos",1.0,15.0,
1119,2265,"colher de sopa cheia, tiras",1.0,30.0,
1119,2266,"colher de sopa rasa, tiras",1.0,20.0,
1119,2267,fatia grande,1.0,30.0,
1119,2268,fatia média,1.0,15.0,
1119,2269,fatia pequena,1.0,10.0,
1119,2270,unidade grande,1.0,150.0,
1119,2271,unidade média,1.0,100.0,
1119,2272,unidade pequena,1.0,50.0,
700,1078,unidade média,1.0,135.0,85.0
700,1079,"unidade, tipo alongado/xuxa",1.0,101.0,85.0
700,1080,"unidade, tipo cereja",1.0,23.0,85.0
700,1081,"unidade grande, tipo coração",1.0,306.0,85.0
700,1082,"prato, tipo redondo",0.25,84.0,85.0
700,1083,"rodela, tipo coração",1.0,20.0,85.0
700,1084,"unidade, tipo coração",1.0,214.0,85.0
50632,41982,average glass,1.0,160.0,100.0
50632,41983,individual cartoon,1.0,200.0,100.0
50632,41984,tall tumbler,1.0,300.0,100.0
50632,41985,wine glass,1.0,120.0,100.0
50632,41986,Britvic can,1.0,173.0,100.0
50632,41987,pub bottle,1.0,110.0,100.0
50633,41988,sachet,1.0,12.0,100.0
50633,41989,portion pack,1.0,20.0,100.0
22443,68933,petite boîte,1.0,70.0,100.0
22443,68934,boîte moyenne,1.0,140.0,100.0
235146,180010,petite boîte,1.0,70.0,100.0
235146,180011,boîte moyenne,1.0,140.0,100.0
4823,9448,cup,0.25,66.0,
4823,9449,cup,1.0,262.0,
4823,9450,tbsp,1.0,16.0,
4823,9451,can (6 oz),1.0,170.0,
4826,9454,cup,1.0,245.0,
50634,41990,heaped tablespoon,1.0,33.0,100.0
50634,41991,level tablespoon,1.0,15.0,100.0
22483,67153,unité moyenne,1.0,12.0,100.0
235138,179977,boîte moyenne,1.0,240.0,100.0
21696,30003,cucharada sopera,1.0,15.0,100.0
50636,41993,large can,1.0,400.0,100.0
50637,41994,unit,1.0,15.0,99.0
50637,41995,salad portion,1.0,34.0,99.0
4911,9588,"cup, chopped",1.0,158.0,
4911,9589,tomato,1.0,111.0,
5092,9871,cup,1.0,240.0,
5092,9872,tbsp,1.0,15.0,
5092,9873,can,1.0,190.0,
5092,9874,large unit,1.0,164.0,
5092,9875,medium unit,1.0,111.0,
5092,9876,small unit,1.0,82.0,
5092,9877,cup,0.5,120.0,
4818,9436,cup,1.0,240.0,
4818,9437,medium unit,2.0,246.0,
4817,9423,cup cherry tomatoes,1.0,149.0,
4817,9424,"cup, chopped or sliced",1.0,180.0,
4817,9425,Italian tomato unit,1.0,62.0,
4817,9426,cherry,1.0,17.0,
4817,9427,"whole large unit (3"" dia)",1.0,182.0,
4817,9428,"whole medium unit (2-3/5"" dia)",1.0,123.0,
4817,9429,"medium slice (1/4"" thick)",1.0,20.0,
4817,9430,plum,1.0,62.0,
4817,9431,"whole small unit (2-2/5"" dia)",1.0,91.0,
4817,9432,"thick/large slice (1/2"" thick)",1.0,27.0,
4817,9433,wedge (1/4 of medium tomato),1.0,31.0,
4817,9434,thin/small slice,1.0,15.0,
4817,9435,NLEA serving,1.0,148.0,
50639,42000,small unit,1.0,65.0,100.0
50639,42001,medium unit,1.0,85.0,100.0
50639,42002,large unit,1.0,150.0,100.0
50639,42003,slice,1.0,17.0,100.0
50640,42004,small unit,1.0,65.0,90.0
50640,42005,medium unit,1.0,85.0,90.0
50640,42006,large unit,1.0,150.0,90.0
50640,42007,slice,1.0,17.0,90.0
50641,42008,small unit,1.0,65.0,99.0
50641,42009,medium unit,1.0,85.0,99.0
50641,42010,large unit,1.0,150.0,99.0
50641,42011,slice,1.0,17.0,99.0
5158,10034,cup,1.0,54.0,
5158,10035,piece,1.0,2.0,
5159,10036,cup,1.0,110.0,
5159,10037,piece,1.0,3.0,
4912,9590,"cup, chopped",1.0,139.0,
4912,9591,unit,1.0,212.0,
426875,318803,portion,1.0,365.5,
201647,155246,portion,1.0,223.0,
259262,197698,portion,1.0,244.0,
50654,42027,unit,1.0,40.0,100.0
7535,14632,unit,1.0,49.0,
7535,14633,package,1.0,484.0,
9589,17741,tortilla,1.0,41.0,
208252,160278,unidade,1.0,13.0,100.0
208429,161215,chávena,1.0,166.0,100.0
50667,42038,unit,1.0,230.0,87.0
50668,42039,unit,1.0,155.0,71.0
50672,42040,small can,1.0,100.0,62.0
50672,42041,sandiwch portion,1.0,45.0,62.0
50673,42042,small can,1.0,100.0,62.0
50673,42043,sandiwch portion,1.0,45.0,62.0
22821,69703,tranche petite,1.0,140.0,100.0
22821,69704,tranche moyenne,1.0,220.0,100.0
22821,69705,tranche grande,1.0,390.0,100.0
176465,137916,Burger,1.0,97.0,
50680,42045,portion,1.0,23.0,100.0
2575,5692,oz,4.0,113.0,
2575,5693,lb,1.0,453.6,
2575,54041,"patty, 4 oz",1.0,114.0,
50681,42046,small portion,1.0,70.0,100.0
50681,42047,medium portion,1.0,90.0,100.0
50681,42048,large portion,1.0,140.0,100.0
50681,42049,slice,1.0,23.0,100.0
50681,42050,steak,1.0,100.0,100.0
50688,42059,small portion,1.0,70.0,100.0
50688,42060,medium portion,1.0,90.0,100.0
50688,42061,large portion,1.0,140.0,100.0
50688,42062,slice,1.0,23.0,100.0
50688,42063,steak,1.0,100.0,100.0
50690,42064,small portion,1.0,70.0,100.0
50690,42065,medium portion,1.0,90.0,100.0
50690,42066,large portion,1.0,140.0,100.0
50690,42067,slice,1.0,23.0,100.0
50690,42068,steak,1.0,100.0,100.0
50691,42069,small portion,1.0,100.0,100.0
50691,42070,medium portion,1.0,140.0,100.0
50691,42071,large portion,1.0,220.0,100.0
50698,42081,small portion,1.0,180.0,100.0
50698,42082,medium portion,1.0,260.0,100.0
50698,42083,large portion,1.0,360.0,100.0
5098,9890,"cup, chopped",1.0,144.0,
4838,9477,"cup, chopped",1.0,144.0,
4833,9465,"cup, cubes",1.0,130.0,
4833,9466,large unit,1.0,183.0,
4833,9467,medium unit,1.0,122.0,
4833,9468,slice,1.0,15.0,
4833,9469,small unit,1.0,61.0,
4833,9470,"cup, cubes",0.5,65.0,
176474,137926,Portion (1/2 pack),125.0,125.0,
759,1176,unidade,1.0,7.0,86.0
759,1177,cacho,1.0,126.0,86.0
761,1180,colher de chá,1.0,6.0,100.0
761,1181,colher de sobremesa,1.0,10.0,100.0
761,1182,colher de sopa,1.0,14.0,100.0
761,1183,mão-cheia,1.0,333.0,100.0
760,1178,unidade,1.0,7.0,82.0
760,1179,cacho,1.0,126.0,82.0
1839,3940,tsp,1.0,4.2,
1839,3941,tbsp,1.0,13.0,
1839,3942,cup,1.0,208.0,
23123,66315,unité petite,1.0,80.0,100.0
23123,66316,unité moyenne,1.0,130.0,100.0
23123,66317,unité grande,1.0,200.0,100.0
7073,13480,oz,3.0,85.0,
7073,13481,cross cut shank,1.0,187.0,
7062,13463,oz,3.0,85.0,
7062,13464,cutlet,1.0,44.0,
81195,69989,petite portion,1.0,80.0,100.0
81195,69990,portion moyenne,1.0,130.0,100.0
81195,69991,portion grande,1.0,200.0,100.0
81685,68510,cuillère à soupe moyenne,1.0,18.0,100.0
81685,68511,cuillère à café moyenne,1.0,7.0,100.0
81682,68504,cuillère à soupe moyenne,1.0,18.0,100.0
81682,68505,cuillère à café moyenne,1.0,7.0,100.0
50720,42116,portion,1.0,340.0,100.0
50721,42117,portion,1.0,340.0,100.0
50722,42118,serving,1.0,200.0,100.0
50722,42119,tablespoon,1.0,50.0,100.0
50723,42120,serving,1.0,90.0,100.0
4848,9495,cup,0.5,91.0,
4848,9496,package (10 oz) yields,1.0,275.0,
50724,42121,portion,1.0,340.0,100.0
50725,42122,portion,1.0,340.0,100.0
10057,18252,slice,1.0,56.0,
427315,319137,portion,1.0,325.4,
427319,319138,portion,1.0,90.0,
50728,42124,average portion,1.0,120.0,100.0
209138,161130,colher de chá,1.0,2.0,100.0
209138,161131,colher de sobremesa,1.0,5.0,100.0
209138,161132,colher de sopa,1.0,8.0,100.0
21813,30166,cucharada sopera,1.0,13.0,100.0
50731,42126,tablespoon,1.0,15.0,100.0
1850,3964,tbsp,1.0,16.0,
1850,3965,cup,1.0,255.0,
1850,3966,tsp,1.0,5.3,
1837,3935,tbsp,1.0,14.9,
1837,3936,cup,1.0,239.0,
1837,3937,tsp,1.0,5.0,
1849,3961,tbsp,1.0,14.9,
1849,3962,cup,1.0,239.0,
1849,3963,tsp,1.0,5.0,
859,1451,cálice,1.0,90.0,100.0
862,1454,copo,1.0,228.0,100.0
862,1455,embalagem tetra pak pequena,1.0,250.0,100.0
862,1456,garrafa,1.0,750.0,100.0
866,1466,copo,1.0,228.0,100.0
866,1467,embalagem tetra pak pequena,1.0,250.0,100.0
866,1468,garrafa,1.0,750.0,100.0
50733,42127,individual portion,1.0,65.0,100.0
50734,42128,portion,1.0,20.0,100.0
50735,42129,portion,1.0,20.0,43.0
81128,69409,unité de la taille d'un œuf de poule,1.0,50.0,100.0
81128,69410,portion petite,1.0,175.0,100.0
81128,69411,portion moyenne,1.0,200.0,100.0
81128,69412,portion grande,1.0,300.0,100.0
81128,69413,unité moyenne,1.0,175.0,100.0
50737,42130,glass,1.0,200.0,100.0
50737,42131,tall tumbler,1.0,300.0,100.0
22264,67575,verre,1.0,120.0,100.0
22264,67576,verre,1.0,150.0,100.0
22264,67577,verre,1.0,200.0,100.0
22264,67578,verre,1.0,250.0,100.0
22271,67579,verre,1.0,120.0,100.0
22271,67580,verre,1.0,150.0,100.0
22271,67581,verre,1.0,200.0,100.0
22271,67582,verre,1.0,250.0,100.0
50738,42132,quarter of a bunch,1.0,20.0,62.0
8136,15606,cup,1.0,125.0,
81269,69458,unité moyenne,1.0,40.0,100.0
235705,182785,unité moyenne,1.0,40.0,100.0
8099,15568,cup,1.0,186.0,
8045,15502,cup,1.0,192.0,
22471,67144,portion petite,1.0,50.0,100.0
22471,67145,portion moyenne,1.0,100.0,100.0
22471,67146,portion grande,1.0,150.0,100.0
22471,67147,cuillère à soupe,1.0,15.0,100.0
211413,163050,portion,1.0,44.0,
173501,135960,pack,1.0,100.0,
50772,42204,average glass,1.0,125.0,100.0
50772,42205,small bottle,1.0,200.0,100.0
50772,42206,half bottle,1.0,375.0,100.0
50772,42207,average bottle,1.0,750.0,100.0
186532,144703,colher chá,1.0,3.0,
186532,144704,colher de sopa,1.0,10.0,
50782,42222,thin scraping,1.0,1.0,100.0
50782,42223,thick scraping,1.0,4.0,100.0
50782,42224,heaped teaspoon,1.0,18.0,100.0
50782,42225,level teaspoon,1.0,9.0,100.0
81795,65746,pot moyen,1.0,150.0,100.0
236638,179791,pot moyen,1.0,125.0,100.0
236638,179792,cuillère à soupe,1.0,25.0,100.0
27271,146373,vasetto,1.0,125.0,100.0
27271,146374,vasetto,1.0,150.0,100.0
27271,146375,vasetto,1.0,200.0,100.0
27271,146376,cucchiaio da tavola,1.0,16.0,100.0
50785,42226,average pot,1.0,125.0,100.0
50785,42227,large pot,1.0,150.0,100.0
50785,42228,tablespoon,1.0,45.0,100.0
50786,42229,average pot,1.0,125.0,100.0
50786,42230,large pot,1.0,150.0,100.0
50786,42231,tablespoon,1.0,45.0,100.0
67384,53975,container (7 oz),1.0,200.0,
1775,3812,container,1.0,170.0,
21609,29898,unidad comercial,1.0,125.0,100.0
81780,65734,pot moyen,1.0,125.0,100.0
81780,65735,cuillère à soupe,1.0,25.0,100.0
50787,42232,average pot,1.0,125.0,100.0
50787,42233,large pot,1.0,150.0,100.0
50787,42234,tablespoon,1.0,40.0,100.0
50789,42238,average pot,1.0,125.0,100.0
50789,42239,large pot,1.0,150.0,100.0
50789,42240,tablespoon,1.0,40.0,100.0
50790,42241,average pot,1.0,125.0,100.0
50790,42242,large pot,1.0,150.0,100.0
50790,42243,tablespoon,1.0,40.0,100.0
21624,29913,unidad comercial,1.0,125.0,100.0
1665,3577,container (6 oz),1.0,170.0,
1665,3578,container (8 oz),1.0,227.0,
1665,3579,container (4 oz),0.5,113.0,
1665,3580,cup (8 fl oz),1.0,245.0,
1664,3573,container (6 oz),1.0,170.0,
1664,3574,container (8 oz),1.0,227.0,
1664,3575,container (4 oz),0.5,113.0,
1664,3576,cup (8 fl oz),1.0,245.0,
50791,42244,average pot,1.0,125.0,100.0
50792,42245,average pot,1.0,125.0,100.0
50792,42246,large pot,1.0,150.0,100.0
50792,42247,tablespoon,1.0,40.0,100.0
50793,42248,average pot,1.0,125.0,100.0
50793,42249,large pot,1.0,150.0,100.0
50793,42250,tablespoon,1.0,40.0,100.0
50796,42256,average pot,1.0,125.0,100.0
50796,42257,large pot,1.0,150.0,100.0
50796,42258,tablespoon,1.0,40.0,100.0
50797,42259,average pot,1.0,125.0,100.0
50797,42260,large pot,1.0,150.0,100.0
50798,42261,average pot,1.0,125.0,100.0
50798,42262,large pot,1.0,150.0,100.0
50800,42264,portion,1.0,80.0,100.0
40245,32916,cullera de postre,1.0,2.0,100.0
145738,117944,portion,1.0,87.11764705882354,
869,1476,copo pequeno,1.0,203.0,100.0
869,1477,copo grande,1.0,357.0,100.0
869,1478,caneca,1.0,267.0,100.0
869,1479,chávena almoçadeira,1.0,155.0,100.0
27405,146475,unità media,1.0,100.0,34.0
48318,37981,small portion,1.0,20.0,100.0
48318,37982,medium portion,1.0,30.0,100.0
48318,37983,large portion,1.0,50.0,100.0
48318,37984,tablespoon,1.0,6.0,100.0
48318,37985,variety pack,1.0,17.0,100.0
48392,38187,small portion,1.0,60.0,100.0
48392,38188,medium portion,1.0,95.0,100.0
48392,38189,large portion,1.0,120.0,100.0
48565,38531,portion,1.0,25.0,100.0
48573,38554,slice,1.0,40.0,100.0
48573,38555,small portion,1.0,100.0,100.0
48573,38556,medium portion,1.0,130.0,100.0
48573,38557,large portion,1.0,150.0,100.0
48655,38750,standard bar,1.0,54.0,100.0
48655,38751,snack unit,1.0,30.0,100.0
48655,38752,square,1.0,7.0,100.0
48655,38753,miniature,1.0,5.0,100.0
48655,38754,treat,1.0,15.0,100.0
48655,38755,vending machine portion,1.0,43.0,100.0
48656,38756,large slice,1.0,12.0,100.0
48656,38757,small slice,1.0,5.0,100.0
48809,39104,level teaspoon,1.0,3.0,100.0
81821,67115,unité petite,1.0,180.0,85.0
81821,67116,unité grosse,1.0,330.0,85.0
22461,67134,unité moyenne,1.0,530.0,83.0
22461,67135,cuillère à soupe,1.0,10.0,100.0
49061,39557,level tablespoon,1.0,20.0,100.0
49061,39558,heaped tablespoon,1.0,30.0,100.0
27181,146334,cucchiaio da tavola (colmo),1.0,15.0,100.0
27181,146335,cucchiaio da tavola (raso),1.0,7.0,100.0
27181,146336,cucchiaino da tè (colmo),1.0,7.0,100.0
27181,146337,cucchiaino da tè (raso),1.0,4.0,100.0
49069,39573,level tablespoon,1.0,20.0,100.0
49069,39574,heaped tablespoon,1.0,30.0,100.0
49100,39620,level teaspoon,1.0,4.0,100.0
49113,39631,teaspoon,1.0,3.0,100.0
27288,146384,porzione,1.0,50.0,100.0
27528,146545,unità,1.0,2.0,100.0
49515,40097,heaped tablespoon,1.0,33.0,100.0
49515,40098,level tablespoon,1.0,15.0,100.0
49515,40099,portion pack,1.0,12.0,100.0
49515,40100,portion in salad,1.0,30.0,100.0
49576,40269,average glass,1.0,200.0,100.0
49576,40270,average portion with cereals,1.0,100.0,100.0
49576,40271,portion in mug of tea/coffee,1.0,30.0,100.0
49576,40272,portion in cup of tea/coffee,1.0,25.0,100.0
49576,40273,tablespoon,1.0,15.0,100.0
49576,40274,dessertspoon,1.0,10.0,100.0
49576,40275,teaspoon,1.0,5.0,100.0
27180,146332,unità piccola,1.0,100.0,100.0
27180,146333,unità in busta,1.0,125.0,100.0
81413,69613,portion petite,1.0,80.0,100.0
81413,69614,portion moyenne,1.0,130.0,100.0
81413,69615,portion grande,1.0,200.0,100.0
49685,40430,tablespoon,1.0,11.0,100.0
49685,40431,teaspoon,1.0,3.0,100.0
49692,40441,medium unit,1.0,5.0,74.0
27300,146393,cucchiaio da tavola (colmo),1.0,10.0,100.0
27300,146394,cucchiaio da tavola (raso),1.0,7.0,100.0
27300,146395,cucchiaino da tè (raso),1.0,3.0,100.0
27300,146396,cucchiaino da tè (colmo),1.0,4.0,100.0
27884,146765,porzione,1.0,100.0,100.0
27295,146390,porzione,1.0,50.0,100.0
27529,146546,cucchiaio da tavola (raso),1.0,10.0,100.0
27453,146483,unità piccola,1.0,100.0,100.0
27438,146481,porzione media,1.0,80.0,100.0
27179,146331,porzione,1.0,100.0,100.0
27297,146392,porzione,1.0,100.0,100.0
50311,41482,teaspoon,1.0,3.0,100.0
27684,146635,cucchiaio da tavola (raso),1.0,13.0,100.0
27684,146636,cucchiaino da tè (raso),1.0,6.0,100.0
50350,41543,level teaspoon,1.0,5.0,100.0
50350,41544,heaped teaspoon,1.0,8.0,100.0
50404,41602,thin unit,1.0,20.0,100.0
50404,41603,large unit,1.0,40.0,100.0
21823,30180,cucharada de postre,1.0,3.0,100.0
21823,30181,sobre comercial,1.0,1.0,100.0
22925,68576,cuillère à café/petit sachet,1.0,5.0,100.0
22925,68577,cuillère à soupe,1.0,10.0,100.0
22925,68578,petit morceau,1.0,2.5,100.0
22925,68579,morceau moyen,1.0,5.0,100.0
22925,68580,grand morceau,1.0,7.0,100.0
50548,41873,cube,1.0,5.0,100.0
50548,41874,heaped teaspoon,1.0,6.0,100.0
50548,41875,level teaspoon,1.0,4.0,100.0
50548,41876,packet,1.0,6.0,100.0
50548,41877,tablespoon,1.0,20.0,100.0
81661,65504,cuillère à soupe,1.0,15.0,100.0
50599,41936,large sprig,1.0,1.0,100.0
22430,68932,boîte moyenne,1.0,240.0,100.0
