food_id,name,normalized_name,duplicate_normalized_name,food_group_id,food_group,information_source_id,information_source,copper,calcium,phosphorus,potassium,zinc,18_1_undifferentiated,sucrose,starch,tocopherol_gamma,tocopherol_delta,tocotrienol_beta,tocotrienol_gamma,tocotrienol_delta,water,sugars,lutein_zeaxanthin,vitamin_c,niacin,tocopherol_beta,fluoride,betaine,magnesium,chloride,iodine,fructose,galactose,glucose,biotin,maltose,alcohol,fatty_acids_total_trans,caffeine,theobromine,retinol,vitamin_d,vitamin_d_d2_d3,cryptoxanthin_beta,vitamin_b_12,folic_acid,protein,fat,energy_5,fiber,sodium,carotene_beta,carotene_alpha,vitamin_e,lycopene,riboflavin,vitamin_e_added,vitamin_b_12_added,4_0,6_0,8_0,10_0,12_0,folate_dfe,cholesterol,18_2_undifferentiated,glycine,glutamic_acid,aspartic_acid,alanine,histidine,tryptophan,22_1_undifferentiated,20_4_undifferentiated,dha,18_4,20_1,epa,22_5_n_3_dpa,lactose,carbohydrate,iron,thiamin,vitamin_b_6,fatty_acids_total_saturated,fatty_acids_total_monounsaturated,fatty_acids_total_polyunsaturated,threonine,isoleucine,leucine,selenium,manganese,vitamin_a_32,vitamin_a,choline_total,serine,proline,arginine,valine,tyrosine,phenylalanine,cystine,energy,dihydrophylloquinone,20_0,22_0,14_1,15_0,17_0,24_0,20_2_n_6_c_c,17_1,20_3_undifferentiated,15_1,14_0,folate_food,16_0,18_0,18_3_undifferentiated,16_1_undifferentiated,methionine,lysine,ash,pantothenic_acid,folate_total,vitamin_k,tocotrienol_alpha,18_2_n_6_c_c,18_1_c,22_1_c,24_1_c,18_3_n_3_c_c_c_ala,18_3_n_6_c_c_c,20_3_n_6,20_4_n_6,vitamin_d2,18_2_i,beta_sitosterol,campesterol,stigmasterol,vitamin_d3,phytosterols,22_1_t,18_1_t,16_1_t,22_4,20_3_n_3,fatty_acids_total_trans_polyenoic,fatty_acids_total_trans_monoenoic,16_1_c,18_2_clas,18_2_t_not_further_defined,18_1_11_t_18_1t_n_7,13_0,hydroxyproline,21_5,menaquinone_4,18_3i,18_2_t_t,adjusted_protein
259284,Chickpeas cream soup with chicory and paprika croutons,chickpeas cream soup with chicory and paprika croutons,0,,,19,My recipes,0.3461220214715895,49.44095312909139,140.21262110500132,453.9662215239592,1.4110761979575805,0.5190625818277036,0.42537313432835827,0.30151872217858083,0.0,0.0,0.0,0.0,0.0,43.15894213144803,4.844278606965174,26.145587850222572,4.235401937680022,1.2658418434145062,0.0009164702801780571,0.2932704896569783,0.036658811207122284,45.980361351139045,847.2348782403773,0.6221523959151611,0.2451165226499084,0.007488871432312126,0.13068866195339096,0.5236973029588898,0.0,0.0,0.0,0.0,0.0,0.0,0.0,0.0,0.0,0.0,0.0,10.06865671641791,4.722964126734747,219.70128305839225,6.653286200576067,583.9900497512439,1010.3875360041898,318.65671641791045,0.8713694684472375,0.09164702801780572,0.14776119402985075,0.0,0.0,0.0,0.0,0.0,0.0,0.0,210.40848389630796,0.003959151610369207,1.0427991620843153,0.37190363969625556,1.8553940822204769,0.9679366326263421,0.38150039277297726,0.24427860696517414,0.09272584446190103,0.0,0.0,0.0,0.0,0.0,0.0,0.0,0.0,36.52558261324955,2.726852579209217,0.22857030636292225,0.30694422623723494,0.604548311076198,1.9647996857816183,1.4705813040062843,0.33877978528410585,0.3818015187221786,0.648651479444881,5.1715108667190375,8.146556690233046,1555.6166535742343,258.6973029588898,39.53129091385179,0.45904687090861485,0.48871432312123597,0.7792092170725322,0.38318931657501965,0.2365671641791045,0.4848258706467662,0.1414244566640482,919.2301683163122,0.0,0.0,0.0,0.0,0.0,0.0,0.0,0.0,0.0,0.0,0.0,0.0034825870646766166,210.40848389630796,0.2166142969363708,0.03326787117046347,0.04074365017020162,0.004765645456925897,0.12716679759099242,0.5468840010473948,1.4249803613511394,0.8156978266561928,230.06572401152135,9.724299554857293,0.0009164702801780571,,,,,,,,,,,,,,,,,,,,,,,,,,,,,,,,,
182139,"""Queso"" Vegano en lonchas tipo manchego semi-curado",queso vegano en lonchas tipo manchego semi curado,0,22,"Meals, Entrees, and Side Dishes",5,My foods,,,,,,,,,,,,,,,0.1,,,,,,,,,,,,,,,,,,,,,,,,,3.2,21.8,288.0,,,,,,,,,,,,,,,,,,,,,,,,,,,,,,,,20.7,,,,,,,,,,,,,,,,,,,,,,1204.992,,,,,,,,,,,,,,,,,,,,,,,,,,,,,,,,,,,,,,,,,,,,,,,,,,,,,,,,,
72371,100% Real Whey Protein Prozis,100 real whey protein prozis,0,26,Dietary supplements,21,My dietary supplements,,,,,,,,,,,,,,,,,,,,,,,,,,,,,,,,,,,,,,,,82.4,7.5,412.0,,,,,,,,,,,,,,,,,,,,,,,,,,,,,,,,4.0,,,,,,,,,,,,,,,,,,,,,,1723.808,,,,,,,,,,,,,,,,,,,,,,,,,,,,,,,,,,,,,,,,,,,,,,,,,,,,,,,,,
703,Abacate,abacate,1,9,Fruits and Fruit Juices,1,"TCA, INSA 2015",,4.0,36.0,326.0,0.3,,,0.0,,,,,,82.4,2.3,,3.0,1.1,,,,21.0,,,,,,,,0.0,0.0,,,5.0,,0.0,,0.0,11.0,1.1,10.5,107.5378536,3.0,15.0,32000.0,,2.1,,0.17,,,,,,,,,0.0,,,,,,,0.0011,,,,,,,,,2.3,0.3,0.1,0.3,2.2,6.5,1.2,,,,,,,5.0,,,,,,,,,449.9383794624,,,,,,,,,,,,,,,,,,,,0.75,,,,,1.1,,,,,,,,,,,,,,,,,,,,,,,,,,,,,,,,
37299,Abacate,abacate,1,9,Fruits and Fruit Juices,20,"TCNA, IBGE",0.31,10.0,40.0,351.0,0.4,,,,,,,,,,2.42,,17.4,0.67,,,,24.0,,,,,,,,,,,,,,,,,,2.23,10.06,120.0,5.6,2.0,,,2.66,,0.05,,,,,,,,,,1.58,,,,,,,,,,,,,,,7.82,0.17,0.02,0.08,1.96,5.51,1.68,,,,0.4,0.1,,7.04,,,,,,,,,502.08,,,,,,,,,,,,,,,,0.1,,,,,,35.0,,,,,,,,,,,,,,,,,,,,,,,,,,,,,,,,,,,
208253,Abacate,abacate,1,9,Fruits and Fruit Juices,33,"TCA, INSA 2019",,4.0,36.0,330.0,0.3,,,0.0,,,,,,82.4,2.3,,3.0,1.1,,,,21.0,,,,,,,,0.0,0.0,,,,,0.0,,0.0,,1.1,10.5,114.0,3.0,15.0,32.0,,2.1,,0.17,,,,,,,,,0.0,,,,,,,1.1,,,,,,,,,2.3,0.3,0.1,0.3,2.2,6.5,1.2,,,,,,,5.0,,,,,,,,,470.0,,,,,,,,,,,,,,,,,,,,0.75,,11.0,,,,,,,,,,,,,,,,,,,,,,,,,,,,,,,,,,,
37187,Abóbora cozida,ab bora cozida,0,16,Legumes and Legume Products,20,"TCNA, IBGE",0.09,15.0,30.0,230.0,0.23,,,,,,,,,,3.3,,4.7,0.41,,,,9.0,,,,,,,,,,,,,,,,,,0.72,0.07,20.0,1.1,1.0,,,0.8,,0.08,,,,,,,,,,,,,,,,,,,,,,,,,4.9,0.57,0.03,0.04,0.04,0.01,,,,,0.2,0.09,,249.58,,,,,,,,,83.68,,,,,,,,,,,,,,,,,,,,,,9.0,,,,,,,,,,,,,,,,,,,,,,,,,,,,,,,,,,,
646,Abóbora crua,ab bora crua,0,11,Vegetables and Vegetable Products,1,"TCA, INSA 2015",,25.0,5.0,199.0,0.1,,,0.3,,,,,,96.6,1.4,,12.0,0.6,,,,5.0,,,,,,,,0.0,0.0,,,160.0,,0.0,,0.0,8.0,0.3,0.2,9.319947312,0.7,1.0,962000.0,,1.0,,0.01,,,,,,,,,0.0,,,,,,,0.0,,,,,,,,,1.7,0.1,0.01,0.04,0.1,0.0,0.0,,,,,,,160.0,,,,,,,,,38.994659553408,,,,,,,,,,,,,,,,,,,,0.4,,,,,0.0,,,,,,,,,,,,,,,,,,,,,,,,,,,,,,,,
180442,Aceite de oliva virgen extra,aceite de oliva virgen extra,0,4,Fats and Oils,5,My foods,,,,,,,,,,,,,,,,,,,,,,,,,,,,,,,,,,,,,,,,,100.0,888.0,,,,,18.34,,,,,,,,,,,,,,,,,,,,,,,,,,,,,,,14.21,78.2,7.5,,,,,,,34.0,,,,,,,,,3715.392,,,,,,,,,,,,,,,,,,,,,,,,,,,,,,,,,,,,,,,,,,,,,,,,,,,,,,,,,
37405,Adoçante artificial,ado ante artificial,0,19,Sweets,20,"TCNA, IBGE",,,,,,,,,,,,,,,,,,,,,,,,,,,,,,,,,,,,,,,,,,,,240.0,,,,,,,,,,,,,,,,,,,,,,,,,,,,,,,,,,,,,,,,,,,,,,,,,,,,,,,,,,,,,,,,,,,,,,,,,,,,,,,,,,,,,,,,,,,,,,,,,,,,,,,,,,,,,
237602,"Aioli sauce (garlic and olive oil mayonnaise), prepacked",aioli sauce garlic and olive oil mayonnaise prepacked,0,6,"Soups, Sauces, and Gravies",37,"Ciqual 2020, ANSES",,,,,,15.9,0.1,,,,,,,,3.14,,,,,,,,,,1.05,,0.95,,0.1,0.0,,,,,,,,,,1.13,41.0,,0.42,736.0,,,,,,,,,,,0.0044,0.0047,,,7.27,,,,,,,,0.009,0.0041,,,0.0,,0.1,4.7,,,,,15.9,9.74,,,,,,,,,,,,,,,,,,,,,,,,,,,,0.022,,1.64,0.61,2.46,,,,2.07,,,,,,,,,,,,,,,,,,,,,,,,,,,,,,,,,,,,,
5821,"Alcoholic Beverage, wine, table, red, Burgundy",alcoholic beverage wine table red burgundy,0,14,Beverages,0,"USDA, 2018",,,,,,,,,,,,,,85.62,,,,,,,,,,,,,,,,10.3,0.0,,,,,,,,,0.07,0.0,86.0,,,,,,,,,,,,,,,,,,,,,,,,,,,,,,,,3.69,,,,,,,,,,,,,,,,,,,,,,360.0,,,,,,,,,,,,,,,,,,,,0.34,,,,,,,,,,,,,,,,,,,,,,,,,,,,,,,,,,,,,
37082,Alface,alface,0,11,Vegetables and Vegetable Products,20,"TCNA, IBGE",0.03,36.0,29.0,194.0,0.18,,,,,,,,,,0.79,,18.0,0.38,,,,13.0,,,,,,,,,,,,,,,,,,1.36,0.15,15.0,1.3,28.0,,,0.31,,0.08,,,,,,,,,,0.02,,,,,,,,,,,,,,,2.79,0.86,0.07,0.09,0.02,0.01,0.08,,,,0.6,0.25,,370.25,,,,,,,,,62.76,,,,,,,,,,,,,,,,0.06,,,,,,38.0,,,,,,,,,,,,,,,,,,,,,,,,,,,,,,,,,,,
651,Alface crua,alface crua,1,11,Vegetables and Vegetable Products,1,"TCA, INSA 2015",,70.0,46.0,313.0,0.4,,,0.0,,,,,,95.9,0.8,,4.0,0.4,,,,22.0,,,,,,,,0.0,0.0,,,115.0,,0.0,,0.0,55.0,1.8,0.2,11.9486504,1.3,3.0,688000.0,,0.6,,0.02,,,,,,,,,0.0,,,,,,,0.0001,,,,,,,,,0.8,1.5,0.06,0.04,0.0,0.0,0.1,,,,,,,115.0,,,,,,,,,49.9931532736,,,,,,,,,,,,,,,,,,,,0.65,,,,,0.0,,,,,,,,,,,,,,,,,,,,,,,,,,,,,,,,
208985,Alface crua,alface crua,1,11,Vegetables and Vegetable Products,33,"TCA, INSA 2019",,70.0,46.0,310.0,0.4,,,0.0,,,,,,95.9,0.8,,4.0,0.4,,,,22.0,,,,,,,,0.0,0.0,,,,,0.0,,0.0,,1.8,0.2,15.0,1.3,3.0,688.0,,0.6,,0.02,,,,,,,,,0.0,,,,,,,0.1,,,,,,,,,0.8,1.5,0.06,0.04,0.0,0.0,0.1,,,,,,,115.0,,,,,,,,,62.0,,,,,,,,,,,,,,,,,,,,0.65,,55.0,,,,,,,,,,,,,,,,,,,,,,,,,,,,,,,,,,,
1041,Alface lisa crua,alface lisa crua,0,11,Vegetables and Vegetable Products,2,"TACO, NEPA",0.03333333333333,27.5133333333333,26.1333333333333,348.71,0.34666666666667,,,,,,,,,95.0,,,21.39,0.75,,,,9.10666666666667,,,,,,,,,,,,,,,,,,1.68840579710145,0.12333333333333,13.8209014492753,2.33,4.23333333333333,,,,,0.08333333333333,,,,,,,,,,,,,,,,,,,,,,,,,2.42826086956522,0.61,0.08666666666667,0.07,,,,,,,,0.33366666666667,,184.0,,,,,,,,,57.826651663767855,,,,,,,,,,,,,,,,,,,,0.76,,,,,,,,,,,,,,,,,,,,,,,,,,,,,,,,,,,,,
652,Alho cru,alho cru,0,11,Vegetables and Vegetable Products,1,"TCA, INSA 2015",,17.0,86.0,346.0,0.7,,,10.0,,,,,,79.8,1.3,,17.0,0.6,,,,17.0,,,,,,,,0.0,0.0,,,0.0,,0.0,,0.0,3.0,3.8,0.6,66.673469232,3.0,10.0,0.0,,0.01,,0.02,,,,,,,,,0.0,,,,,,,0.0008,,,,,,,,,11.3,0.8,0.21,0.38,0.1,0.0,0.3,,,,,,,0.0,,,,,,,,,278.961795266688,,,,,,,,,,,,,,,,,,,,1.0,,,,,0.3,,,,,,,,,,,,,,,,,,,,,,,,,,,,,,,,
47908,"Allspice, ground",allspice ground,0,2,Spices and Herbs,23,McCance and Widdowson's,0.55,660.0,110.0,1040.0,1.0,,,,,,,,,8.5,,,0.0,2.9,,,,130.0,,,,0.0,,,0.0,,,,,0.0,,0.0,,0.0,,6.1,8.7,,,77.0,,,,,0.06,,,,,,,,,0.0,,,,,,,,,,,,,,,0.0,,7.1,0.1,,2.5,0.7,2.4,,,,,1.7,,54.0,,,,,,,,,,,,,,,,,,,,,,,,,,,,,,,0.0,,,,,,,,,,,,,,,,,,,,,,,,,,,,,,,,,,,
63888,Almond Butter,almond butter,0,12,Nut and Seed Products,5,My foods,,,,,,,,,,,,,,,4.0,,,,,,,,,,,,,,,,,,,,,,,,,25.4,55.8,650.0,11.8,500.0,,,,,,,,,,,,,,,,,,,,,,,,,,,,,,6.5,,,,4.4,,,,,,,,,,,,,,,,,,2719.6,,,,,,,,,,,,,,,,,,,,,,,,,,,,,,,,,,,,,,,,,,,,,,,,,,,,,,,,,
436004,"Almond, Aroma, Flavor",almond aroma flavor,0,4,Fats and Oils,5,My foods,,,,,,,,,,,,,,,,,,,,,,,,,,,,,,,,,,,,,,,,0.0,0.0,10.0,,,,,,,,,,,,,,,,,,,,,,,,,,,,,,,,0.0,,,,,,,,,,,,,,,,,,,,,,41.84,,,,,,,,,,,,,,,,,,,,,,,,,,,,,,,,,,,,,,,,,,,,,,,,,,,,,,,,,
436001,"Almond, Flour",almond flour,0,11,Vegetables and Vegetable Products,5,My foods,,,,,,,,,,,,,,,,,,,,,,,,,,,,,,,,,,,,,,,,21.94,50.62,581.0,,,,,,,,,,,,,,,,,,,,,,,,,,,,,,,,9.54,,,,,,,,,,,,,,,,,,,,,,2430.904,,,,,,,,,,,,,,,,,,,,,,,,,,,,,,,,,,,,,,,,,,,,,,,,,,,,,,,,,
47909,"Almonds, flaked and ground",almonds flaked and ground,0,12,Nut and Seed Products,23,McCance and Widdowson's,1.0,240.0,550.0,780.0,3.2,,4.2,2.7,0.81,0.0,,,,4.2,4.2,,0.0,3.1,0.26,,,270.0,18.0,2.0,0.0,,0.0,64.0,0.0,0.0,0.0,,,0.0,,0.0,,0.0,,21.1,55.8,612.0,,14.0,0.0,0.0,23.96,,0.75,,,0.0,0.0,0.0,0.0,0.0,,0.0,,,,,,,0.0034,,,0.0,,,0.0,0.0,0.0,6.9,3.0,0.21,0.15,4.43,38.19,10.46,,,,2.0,1.7,,0.0,,,,,,,,,2534.0,,0.11,0.0,,0.0,0.0,0.0,,,,,0.05,,3.36,0.91,,,,,,0.44,48.0,,,10.19,37.82,0.0,0.0,0.27,0.0,0.0,0.0,,,,,,,,,,,,,,,,,,,,,,,,,
47910,"Almonds, toasted",almonds toasted,0,12,Nut and Seed Products,23,McCance and Widdowson's,1.02,240.0,560.0,790.0,3.3,,4.3,2.7,0.82,0.0,,,,2.6,4.3,,0.0,2.6,0.26,,,270.0,18.0,2.0,0.0,,0.0,49.0,0.0,,,,,0.0,,0.0,,0.0,,21.2,56.7,621.0,,14.0,0.0,0.0,24.36,,0.57,,,,,,,,,0.0,,,,,,,0.0035,,,,,,,,0.0,7.0,3.1,0.13,0.09,4.7,35.0,14.5,,,,4.0,1.7,,0.0,,,,,,,,,2570.0,,,,,,,,,,,,,,,,,,,,,0.25,36.0,,,,,,,,,,,,,,,,,,,,,,,,,,,,,,,,,,,
427305,Amatriciana Burger,amatriciana burger,0,,,19,My recipes,0.07229054224464061,56.606532156368225,153.69735182849936,249.68978562421188,2.563924337957125,0.16462774274905423,1.2891979823455235,9.51389659520807,0.05808322824716267,0.0018865069356872636,0.0,0.00021689785624211854,0.0,50.2169709962169,2.357694829760404,10.909962168978561,2.2143757881462798,3.3963238335435055,0.0003127364438839849,0.035863808322824715,0.007793190416141235,16.924791929382092,376.953341740227,9.688726355611603,0.2939697351828499,0.003530895334174023,0.27953341740226983,2.356216897856242,0.014754098360655738,0.0,0.5838774274905423,0.0,0.0,31.082723833543504,1.778562421185372,0.6329129886506936,0.19520807061790665,1.2203858764186635,0.0,15.063944514501893,20.011815889029005,286.4222698612862,0.7645725094577553,338.6113493064313,37.45598991172761,0.0,0.5468524590163935,0.0,0.1712799495586381,0.0,0.0,0.021000252206809587,0.012963177805800759,0.007912736443883987,0.016420933165195464,0.018718537200504416,1.032282471626734,74.48423707440101,0.061890542244640606,0.00944716267339218,0.03705018915510719,0.029100126103404792,0.01606633039092055,0.006800756620428751,0.005874552332912989,0.0,0.004077679697351828,0.0012580075662042877,0.0,0.001019419924337957,0.0,0.00015182849936948298,0.2934678436317781,11.968411097099622,1.3566784363177806,0.15611979823455233,0.2549611601513241,4.838014375788147,4.487825220680958,0.665161916771753,0.012222446406052963,0.01477250945775536,0.023910970996216897,6.415384615384616,0.09547919293820933,22.426986128625472,28.29861286254729,6.453064312736444,0.021258007566204287,0.011456746532156368,0.01791853720050441,0.01885422446406053,0.010998991172761664,0.01492484237074401,0.005933921815889029,1198.3907770996207,0.0021689785624211854,0.0006567465321563684,8.675914249684741e-05,0.00015182849936948298,0.002352585119798235,0.003967717528373267,0.0,0.0003904161412358133,0.0002602774274905422,0.0004988650693568726,0.0,0.053298865069356875,1.032282471626734,0.20033745271122325,0.08233568726355613,0.05532181588902901,0.008479949558638084,0.008332156368221943,0.020068348045397227,0.12841614123581338,0.44749508196721316,32.927868852459014,0.8949306431273645,0.001301387137452711,0.04453165195460277,0.23028852459016397,0.0,0.0,0.002706431273644389,0.0005629255989911727,0.0004771752837326607,0.0,0.0,0.0012691046658259773,0.03324085750315259,0.005245901639344263,0.0007061790668348045,0.043379571248423704,0.026683480453972258,0.0,0.013284237074401012,6.506935687263555e-05,0.0002819672131147541,2.1689785624211853e-05,0.0015293820933165196,0.013349306431273647,0.008414880201765448,0.0014050441361916773,0.0002602774274905422,,,,,,,,
201642,Amatriciana Sauce,amatriciana sauce,0,,,19,My recipes,0.05279807692307692,21.376923076923077,23.53846153846154,175.03846153846152,0.19889423076923074,0.02680769230769231,0.0,0.0,,,,,,87.15807692307692,2.8390384615384616,,9.846153846153847,0.8929807692307692,,,,8.585576923076923,,0.1605769230769231,0.0,0.0,0.0,,0.0,0.0,0.07692307692307693,0.0,,0.0,,0.0,,0.06307692307692307,0.0,1.4125,5.5830769230769235,70.575,1.0859615384615384,469.5144230769231,193.1730769230769,,0.5675,,0.06382692307692307,,,0.0,0.0,0.0,0.0,0.0,,6.923076923076923,0.08673076923076922,,,,,,,,0.0,0.0,,,0.0,,0.0,2.8623076923076924,0.6933653846153846,0.27565384615384614,0.10481730769230768,0.03701923076923076,0.030730769230769228,0.10480769230769231,,,,0.125,0.0585576923076923,,0.23076923076923075,,,,,,,,,295.2858,,,,,,,,,,,,0.0,,0.02917307692307692,0.0063076923076923076,0.009461538461538462,,,,0.5322115384615385,0.15451923076923074,13.624999999999998,2.0500000000000003,,,,,,,,,,,,,,,,,,,,,,,,,,,0.3626923076923077,,,,,,,
706,Ameixa encarnada,ameixa encarnada,1,9,Fruits and Fruit Juices,1,"TCA, INSA 2015",,13.0,13.0,190.0,0.0,,,0.0,,,,,,88.0,7.4,,2.0,0.5,,,,7.0,,,,,,,,0.0,0.0,,,70.00000000000001,,0.0,,0.0,6.0,0.8,0.2,35.606978192,1.9,2.0,420000.0,,0.6,,0.08,,,,,,,,,0.0,,,,,,,0.0001,,,,,,,,,7.4,0.2,0.02,0.05,0.0,0.1,0.1,,,,,,,70.0,,,,,,,,,148.979596755328,,,,,,,,,,,,,,,,,,,,0.31,,,,,0.1,,,,,,,,,,,,,,,,,,,,,,,,,,,,,,,,
208255,Ameixa encarnada,ameixa encarnada,1,9,Fruits and Fruit Juices,33,"TCA, INSA 2019",,13.0,13.0,190.0,0.0,,,0.0,,,,,,88.0,7.4,,2.0,0.5,,,,7.0,,,,,,,,0.0,0.0,,,,,0.0,,0.0,,0.8,0.2,41.0,1.9,2.0,420.0,,0.6,,0.08,,,,,,,,,0.0,,,,,,,0.1,,,,,,,,,7.4,0.2,0.02,0.05,0.0,0.1,0.1,,,,,,,70.0,,,,,,,,,172.0,,,,,,,,,,,,,,,,,,,,0.31,,6.0,,,,,,,,,,,,,,,,,,,,,,,,,,,,,,,,,,,
764,"Amendoim, miolo",amendoim miolo,1,9,Fruits and Fruit Juices,1,"TCA, INSA 2015",,62.0,380.0,675.0,3.2,,,5.3,,,,,,5.7,4.8,,0.0,15.0,,,,182.0,,,,,,,,0.0,0.0,,,0.0,,0.0,,0.0,110.0,25.4,47.7,571.384462128,8.8,7.0,0.0,,9.9,,0.13,,,,,,,,,0.0,,,,,,,0.0055,,,,,,,,,10.1,2.2,0.9,0.44,8.5,21.8,14.8,,,,,,,0.0,,,,,,,,,2390.672589543552,,,,,,,,,,,,,,,,,,,,2.6,,,,,14.3,,,,,,,,,,,,,,,,,,,,,,,,,,,,,,,,
208361,"Amendoim, miolo",amendoim miolo,1,16,Legumes and Legume Products,33,"TCA, INSA 2019",,62.0,380.0,680.0,3.2,,,5.3,,,,,,5.7,4.8,,0.0,15.0,,,,180.0,,,,,,,,0.0,0.0,,,,,0.0,,0.0,,25.4,47.7,589.0,8.8,7.0,0.0,,9.9,,0.13,,,,,,,,,0.0,,,,,,,5.5,,,,,,,,,10.1,2.2,0.9,0.44,8.5,21.8,14.8,,,,,,,0.0,,,,,,,,,2440.0,,,,,,,,,,,,,,,,,,,,2.6,,110.0,,,,,,,,,,,,,,,,,,,,,,,,,,,,,,,,,,,
542,Amido de milho (pó),amido de milho p,0,20,Cereal Grains and Pasta,1,"TCA, INSA 2015",,11.0,13.0,63.0,0.3,,,90.2,,,,,,9.0,0.0,,0.0,0.0,,,,7.0,,,,,,,,0.0,0.0,,,0.0,,0.0,,0.0,0.0,0.4,0.2,375.426595568,0.1,54.0,0.0,,0.0,,0.02,,,,,,,,,0.0,,,,,,,0.0001,,,,,,,,,90.2,0.4,0.1,0.0,0.0,0.1,0.1,,,,,,,0.0,,,,,,,,,1570.784875856512,,,,,,,,,,,,,,,,,,,,0.19,,,,,0.1,,,,,,,,,,,,,,,,,,,,,,,,,,,,,,,,
762,"Amêndoa, miolo, com pele",am ndoa miolo com pele,1,9,Fruits and Fruit Juices,1,"TCA, INSA 2015",,266.0,405.0,855.0,3.1,,,2.6,,,,,,4.9,4.6,,1.0,2.2,,,,259.0,,,,,,,,0.0,0.0,,,0.0,,0.0,,0.0,49.0,21.6,56.0,619.179063728,12.0,6.0,0.0,,24.0,,0.75,,,,,,,,,0.0,,,,,,,0.0035,,,,,,,,,7.2,4.0,0.21,0.15,4.7,34.5,14.3,,,,,,,0.0,,,,,,,,,2590.645202637952,,,,,,,,,,,,,,,,,,,,3.0,,,,,13.9,,,,,,,,,,,,,,,,,,,,,,,,,,,,,,,,
208359,"Amêndoa, miolo, com pele",am ndoa miolo com pele,1,16,Legumes and Legume Products,33,"TCA, INSA 2019",,270.0,410.0,860.0,3.1,,,2.6,,,,,,4.9,4.6,,1.0,2.2,,,,260.0,,,,,,,,0.0,0.0,,,,,0.0,,0.0,,21.6,56.0,643.0,12.0,6.0,0.0,,24.0,,0.75,,,,,,,,,0.0,,,,,,,3.5,,,,,,,,,7.2,4.0,0.21,0.15,4.7,34.5,14.3,,,,,,,0.0,,,,,,,,,2660.0,,,,,,,,,,,,,,,,,,,,3.0,,49.0,,,,,,,,,,,,,,,,,,,,,,,,,,,,,,,,,,,
710,Ananás,anan s,1,9,Fruits and Fruit Juices,1,"TCA, INSA 2015",,18.0,7.0,160.0,0.1,,,0.0,,,,,,87.6,9.5,,16.0,0.6,,,,13.0,,,,,,,,0.0,0.0,,,3.0,,0.0,,0.0,5.0,0.5,0.2,43.732060464,1.2,2.0,20000.0,,0.1,,0.03,,,,,,,,,0.0,,,,,,,0.0001,,,,,,,,,9.5,0.3,0.04,0.09,0.0,0.1,0.1,,,,,,,3.0,,,,,,,,,182.974940981376,,,,,,,,,,,,,,,,,,,,0.2,,,,,0.1,,,,,,,,,,,,,,,,,,,,,,,,,,,,,,,,
37298,Ananás,anan s,1,9,Fruits and Fruit Juices,20,"TCNA, IBGE",0.1,13.0,8.0,115.0,0.1,,,,,,,,,,9.26,,36.2,0.49,,,,12.0,,,,,,,,,,,,5.67,,,,,,0.54,0.12,48.0,1.4,1.0,,,0.02,,0.03,,,,,,,,,,0.02,,,,,,,,,,,,,,,12.63,0.28,0.08,0.11,0.01,0.01,0.04,,,,0.1,1.18,,2.83,,,,,,,,,200.832,,,,,,,,,,,,,,,,0.02,,,,,,15.0,,,,,,,,,,,,,,,,,,,,,,,,,,,,,,,,,,,
47915,"Anchovies, canned in oil, drained",anchovies canned in oil drained,0,15,Finfish and Shellfish Products,23,McCance and Widdowson's,0.17,300.0,300.0,230.0,3.0,,0.0,0.0,,,,,,46.4,0.0,,0.0,3.8,,,,56.0,9100.0,,0.0,0.0,0.0,,0.0,0.0,0.0,,,57.0,,,,11.0,,25.2,10.0,191.0,0.0,5870.0,,,,,0.1,,,,,,,,,63.0,,,,,,,0.0047,,,,,,,,0.0,0.0,4.1,0.0,,1.6,5.3,1.8,,,,,0.18,,57.0,,,,,,,,,798.0,,,,,,,,,,,,,,,,,,,,,,18.0,,,,,,,,,,,,,8.0,,,,,,,,,,,,,,,,,,,,,,
47917,"Apple juice concentrate, unsweetened, commerical",apple juice concentrate unsweetened commerical,0,14,Beverages,23,McCance and Widdowson's,0.0,35.0,38.0,640.0,0.1,,10.4,0.0,,,,,,31.4,57.6,,49.0,0.7,,,,29.0,7.0,0.0,33.9,,13.2,2.0,0.0,0.0,,,,0.0,,0.0,,0.0,,0.5,0.6,223.0,,11.0,0.0,0.0,0.02,,0.02,,,,,,,,,0.0,,,,,,,0.0001,,,,,,,,0.0,57.6,1.6,0.01,0.07,0.1,0.0,0.3,,,,0.0,0.5,,0.0,,,,,,,,,952.0,,,,,,,,,,,,,,,,,,,,,0.22,1.0,,,,,,,,,,,,,,,,,,,,,,,,,,,,,,,,,,,
47918,"Apple juice, clear, ambient and chilled",apple juice clear ambient and chilled,0,9,Fruits and Fruit Juices,23,McCance and Widdowson's,0.01,6.0,6.0,89.0,0.0,,1.8,0.0,0.0,0.0,,,,86.6,9.7,,26.0,0.2,0.0,,,4.0,64.0,0.0,5.5,0.0,2.4,0.9,0.0,0.0,0.0,,,0.0,,0.0,,0.0,,0.1,0.0,37.0,0.0,3.0,,,0.0,,0.02,,,,,,,,,0.0,,,,,,,0.0,,,,,,,,0.0,9.7,0.06,0.05,0.05,0.0,0.0,0.0,,,,0.0,0.03,,0.0,,,,,,,,,157.0,,,,,,,,,,,,,,,,,,,,,0.05,1.0,,,,,,,,,,,,,,,,,,,,,,,,,,,,,,,,,,,
47919,"Apple sauce, homemade",apple sauce homemade,0,6,"Soups, Sauces, and Gravies",23,McCance and Widdowson's,0.03,5.0,6.0,75.0,0.0,,13.7,0.0,,,,,,77.5,20.2,,9.0,0.1,,,,3.0,,3.0,4.8,,1.6,0.7,0.0,0.0,0.0,,,0.0,,0.0,,0.0,,0.3,0.2,79.0,1.4,2.0,,,0.1,,0.01,,,,,,,,,0.0,,,,,,,0.0001,,,,,,,,0.0,20.2,0.11,0.03,0.04,0.05,0.02,0.11,,,,0.0,0.02,,0.0,,,,,,,,,336.0,,,,,,,,,,,,,,,,,,,,,0.0,1.0,,,,,,,,,,,,,,,,,,,,,,,,,,,,,,,,,,,
81569,"Apple, pulp, raw",apple pulp raw,0,9,Fruits and Fruit Juices,11,"CIQUAL, ANSES",0.031,5.0,11.0,90.0,0.05,,,0.0,,,,,,86.7,10.1,,4.0,0.091,,,,4.0,,0.1,,,,,,0.0,,,,0.0,,0.0,,0.0,,0.27,0.13,,1.3,0.0,17.0,,0.05,,0.028,,,0.0,0.0,0.0,0.0,0.0,,0.0,,,,,,,,,,0.0,,,0.0,,,10.7,0.07,0.019,0.037,0.021,0.005,0.037,,,,0.15,0.038,,,,,,,,,,,,,,,,,,,,,,,0.0,,0.017,0.002,,,,,0.17,0.071,0.0,0.6,,,,,,,,,,,,,,,,,,,,,,,,,,,0.59,,,,,,,
20278,"Apple, raw, with skin",apple raw with skin,0,9,Fruits and Fruit Juices,10,"CNF, GC",0.027,6.0,11.0,107.0,0.04,,2.07,0.05,,,,,,85.6,10.4,,4.6,0.091,,,,5.0,,,5.9,0.0,2.43,,0.0,0.0,,,,0.0,,0.0,,0.0,,0.26,0.17,52.0,1.9,1.0,27.0,,,,0.026,,,,,,,,,0.0,,,,,,,,,,,,,,,0.0,13.8,0.12,0.017,0.041,0.028,0.007,0.051,,,,0.0,0.035,,3.0,3.4,,,,,,,,217.57,,,,,,,,,,,,,,,,,,,,0.19,0.061,3.0,2.2,,,,,,,,,,,,,,,,,,,,,,,,,,,,,,,,,,
81614,"Apple, var. Golden, pulp and skin, raw",apple var golden pulp and skin raw,0,9,Fruits and Fruit Juices,11,"CIQUAL, ANSES",0.05,3.5,9.8,110.0,0.0,0.0,,0.0,,,,,,85.5,11.2,,3.47,0.0,,,,4.1,0.0,0.0,,,,,,0.0,,,,,,0.0,,,,0.0,0.0,53.5,2.6,0.0,21.8,,25.9,,0.0,,,0.0,0.0,0.0,0.0,0.0,,,0.0,,,,,,,,0.0,0.0,,,0.0,,,11.2,0.12,0.0,0.043,0.0,0.0,0.0,,,,0.0,0.04,,,,,,,,,,,226.0,,,,,,,,,,,,0.0,,0.0,0.0,0.0,,,,0.0,0.068,0.0,0.0,,,,,,,,,,,,,,,,,,,,,,,,,,,0.098,,,,,,,
47924,"Apples, cooking, raw, flesh only, peeled",apples cooking raw flesh only peeled,0,9,Fruits and Fruit Juices,23,McCance and Widdowson's,0.02,4.0,7.0,88.0,0.0,,1.0,0.0,,,,,,87.7,8.9,,14.0,0.1,,,,3.0,,4.0,5.9,,2.0,1.2,0.0,0.0,0.0,,,0.0,,0.0,,0.0,,0.3,0.3,37.0,1.7,2.0,,,0.12,,0.02,,,,,,,,,0.0,,,,,,,0.0001,,,,,,,,0.0,8.9,0.1,0.04,0.06,0.06,0.03,0.13,,,,0.0,0.02,,0.0,,,,,,,,,159.0,,,,,,,,,,,,,,,,,,,,,0.0,5.0,,,,,,,,,,,,,,,,,,,,,,,,,,,,,,,,,,,
47925,"Apples, cooking, raw, flesh only, weighed with skin and core",apples cooking raw flesh only weighed with skin and core,0,9,Fruits and Fruit Juices,23,McCance and Widdowson's,0.01,3.0,5.0,64.0,0.0,,0.7,0.0,,,,,,64.0,6.4,,10.0,0.1,,,,2.0,,3.0,4.3,,1.5,0.9,0.0,0.0,0.0,,,0.0,,0.0,,0.0,,0.2,0.2,27.0,1.2,1.0,,,0.09,,0.07,,,,,,,,,0.0,,,,,,,,,,,,,,,0.0,6.5,0.07,0.01,0.04,0.04,0.02,0.09,,,,0.0,0.0,,0.0,,,,,,,,,116.0,,,,,,,,,,,,,,,,,,,,,,0.0,,,,,,,,,,,,,,,,,,,,,,,,,,,,,,,,,,,
47927,"Apples, cooking, stewed without sugar, flesh only",apples cooking stewed without sugar flesh only,0,9,Fruits and Fruit Juices,23,McCance and Widdowson's,0.03,3.0,7.0,87.0,0.0,,1.7,0.0,0.0,0.0,,,,87.3,9.7,0.0,12.0,0.2,0.0,,,3.0,73.0,4.0,5.9,0.0,2.1,1.0,0.0,0.0,0.0,,,0.0,,0.0,0.0,0.0,,0.2,0.3,40.0,1.7,1.0,0.0,0.0,0.11,0.0,0.03,,,,,,,,,0.0,,,,,,,0.0001,,,,,,,,0.0,9.7,0.1,0.02,0.05,0.06,0.03,0.13,,,,0.0,0.02,,0.0,,,,,,,,,169.0,,,,,,,,,,,,,,,,,,,,,0.11,0.0,,,,,,,,,,,,,,,,,,,,,,,,,,,,,,,,,,,
47929,"Apples, eating, raw, flesh and skin",apples eating raw flesh and skin,0,9,Fruits and Fruit Juices,23,McCance and Widdowson's,0.03,5.0,8.0,100.0,0.0,,2.8,0.0,0.0,0.0,,,,86.2,11.6,30.0,6.0,0.1,0.0,,,4.0,44.0,4.0,6.7,0.0,2.1,1.1,0.0,0.0,0.0,,,0.0,,0.0,0.0,0.0,,0.6,0.5,51.0,1.2,1.0,14.0,0.0,0.09,0.0,0.04,,,,,,,,,0.0,,,,,,,0.0,,,,,,,,0.0,11.6,0.09,0.04,0.07,0.12,0.04,0.2,,,,0.0,0.04,,2.0,,,,,,,,,215.0,,,,,,,,,,,,,,,,,,,,,0.1,0.0,5.6,,,,,,,,,,,,,,,,,,,,,,,,,,,,,,,,,,
47930,"Apples, eating, raw, flesh and skin, weighed with core",apples eating raw flesh and skin weighed with core,0,9,Fruits and Fruit Juices,23,McCance and Widdowson's,0.03,5.0,7.0,87.0,0.0,,2.4,0.0,,,,,,75.0,10.0,,5.0,0.1,,,,4.0,38.0,4.0,5.8,,1.8,1.0,0.0,,0.0,,,0.0,,0.0,,0.0,,0.5,0.4,43.0,1.0,1.0,,,0.08,,0.03,,,,,,,,,0.0,,,,,,,0.0,,,,,,,,0.0,10.0,0.08,0.03,0.06,0.1,0.03,0.17,,,,0.0,0.03,,2.0,,,,,,,,,183.0,,,,,,,,,,,,,,,,,,,,,0.09,0.0,4.87,,,,,,,,,,,,,,,,,,,,,,,,,,,,,,,,,,
4059,"Apples, raw, gala, with skin",apples raw gala with skin,0,,,0,"USDA, 2018",0.021,7.0,11.0,108.0,0.05,,2.78,0.05,,,,,,85.76,10.37,11.0,,0.075,,,,5.0,,,5.93,0.0,1.66,,0.0,,0.0,,,,,,11.0,,,0.25,0.12,57.0,2.3,1.0,11.0,0.0,0.18,0.0,0.029,,,,,,,,,,,,,,,,,,,,,,,,0.0,13.68,0.12,0.017,0.049,,,,,,,0.0,0.037,28.0,1.0,3.4,,,,,,,,237.0,0.0,,,,,,,,,,,,3.0,,,,,,,0.2,0.055,3.0,1.3,,,,,,,,,,,,,,,,,,,,,,,,,,,,,,,,,,
4058,"Apples, raw, granny smith, with skin",apples raw granny smith with skin,0,,,0,"USDA, 2018",0.031,5.0,12.0,120.0,0.04,,1.93,0.05,,,,,,85.46,9.59,64.0,,0.126,,,,5.0,,,5.0,0.0,2.66,,0.0,,0.0,,,,,,2.0,,,0.44,0.19,58.0,2.8,1.0,59.0,0.0,0.18,0.0,0.025,,,,,,,,,,,,,,,,,,,,,,,,0.0,13.61,0.15,0.019,0.037,,,,,,,0.1,0.044,100.0,5.0,3.4,,,,,,,,242.672,0.0,,,,,,,,,,,,3.0,,,,,,,0.29,0.056,3.0,3.2,,,,,,,,,,,,,,,,,,,,,,,,,,,,,,,,,,
4056,"Apples, raw, red delicious, with skin",apples raw red delicious with skin,0,,,0,"USDA, 2018",0.027,6.0,12.0,104.0,0.04,,1.86,0.05,0.0,0.0,,,,85.33,10.48,31.0,,0.075,0.0,,,5.0,,,5.9,0.0,2.71,,0.0,,0.0,,,,,,12.0,,,0.27,0.2,59.0,2.3,1.0,27.0,0.0,0.24,0.0,0.025,,,,,,,,,,,0.009,0.026,0.073,0.012,0.005,0.001,,,,,,,,0.0,14.06,0.11,0.015,0.034,,,,0.006,0.006,0.013,0.0,0.034,55.0,3.0,3.4,0.011,0.006,0.006,0.012,0.001,0.007,0.001,247.0,0.0,,,,,,,,,,,,3.0,,,,,0.001,0.013,0.14,0.051,3.0,2.6,,,,,,,,,,,,,,,,,,,,,,,,,,,,,,,,,,
3730,"Apples, raw, with skin",apples raw with skin,0,,,0,"USDA, 2018",0.027,6.0,11.0,107.0,0.04,0.007,2.07,0.05,0.0,0.0,,,,85.56,10.39,29.0,4.6,0.091,0.0,3.3,0.1,5.0,,,5.9,0.0,2.43,,0.0,0.0,0.0,0.0,0.0,0.0,0.0,0.0,11.0,0.0,0.0,0.26,0.17,52.0,2.4,1.0,27.0,0.0,0.18,0.0,0.026,0.0,0.0,0.0,0.0,0.0,0.0,0.0,3.0,0.0,0.043,0.009,0.025,0.07,0.011,0.005,0.001,0.0,0.0,0.0,0.0,0.0,0.0,0.0,0.0,13.81,0.12,0.017,0.041,0.028,0.007,0.051,0.006,0.006,0.013,0.0,0.035,54.0,3.0,3.4,0.01,0.006,0.006,0.012,0.001,0.006,0.001,218.0,0.0,,,,,,,,,,,0.001,3.0,0.024,0.003,0.009,0.0,0.001,0.012,0.19,0.061,3.0,2.2,,,,,,,,,,,,,,,,12.0,,,,,,,,,,,,,,,,,,
3731,"Apples, raw, without skin",apples raw without skin,0,9,Fruits and Fruit Juices,0,"USDA, 2018",0.031,5.0,11.0,90.0,0.05,0.005,0.82,,0.0,0.0,0.0,0.0,0.0,86.67,10.1,18.0,4.0,0.091,0.01,,,4.0,,,6.03,0.0,3.25,,0.0,0.0,0.0,0.0,0.0,0.0,0.0,0.0,13.0,0.0,0.0,0.27,0.13,48.0,1.3,0.0,17.0,0.0,0.05,0.0,0.028,0.0,0.0,0.0,0.0,0.0,0.0,0.0,0.0,0.0,0.031,0.009,0.026,0.074,0.012,0.005,0.001,0.0,0.0,0.0,0.0,0.0,0.0,0.0,0.0,12.76,0.07,0.019,0.037,0.021,0.005,0.037,0.006,0.006,0.014,0.0,0.038,38.0,2.0,3.4,0.011,0.006,0.006,0.012,0.001,0.007,0.001,200.832,0.0,,,,,,,,,,,0.0,0.0,0.017,0.002,0.007,0.0,0.001,0.013,0.17,0.071,0.0,0.6,0.0,,,,,,,,,,,,,,,,,,,,,,,,,,,,,,,,,
47931,"Apricots, dried",apricots dried,0,9,Fruits and Fruit Juices,23,McCance and Widdowson's,0.4,92.0,120.0,1880.0,0.7,,12.6,0.0,,,,,,14.7,43.4,,0.0,3.0,,,,65.0,35.0,,10.0,,20.8,,0.0,,,,,0.0,,0.0,0.0,0.0,,4.8,0.7,188.0,,56.0,640.0,9.0,,,0.2,,,,,,,,,0.0,,,,,,,0.0006,,,,,,,,0.0,43.4,4.1,0.0,0.17,,,,,,,7.0,0.4,,105.0,,,,,,,,,802.0,,,,,,,,,,,,,,,,,,,,,0.7,14.0,,,,,,,,,,,,,,,,,,,,,,,,,,,,,,,,,,,
3759,"Apricots, dried, sulfured, uncooked",apricots dried sulfured uncooked,0,9,Fruits and Fruit Juices,0,"USDA, 2018",0.343,55.0,71.0,1162.0,0.39,0.074,7.89,0.35,0.08,0.01,0.0,0.0,0.0,30.89,53.44,0.0,1.0,2.589,0.05,,0.3,32.0,,,12.47,0.0,33.08,,0.0,0.0,,0.0,0.0,0.0,0.0,0.0,0.0,0.0,0.0,3.39,0.51,241.0,7.3,10.0,2163.0,0.0,4.33,0.0,0.074,0.0,0.0,0.0,0.0,0.0,0.0,0.0,10.0,0.0,0.074,0.07,0.188,0.937,0.11,0.047,0.016,0.0,0.0,0.0,0.0,0.0,0.0,0.0,0.0,62.64,2.66,0.015,0.143,0.017,0.074,0.074,0.073,0.063,0.105,2.2,0.235,3604.0,180.0,13.9,0.087,0.821,0.066,0.078,0.039,0.062,0.019,1009.0,0.0,0.0,0.0,0.0,0.0,0.0,0.0,,,,,0.0,10.0,0.017,0.0,0.0,0.0,0.015,0.083,2.57,0.516,10.0,3.1,0.0,,,,,,,,,,,,,,,,,,,,,,,,,,,,,,,,,
3748,"Apricots, raw",apricots raw,0,9,Fruits and Fruit Juices,0,"USDA, 2018",0.078,13.0,23.0,259.0,0.2,0.17,5.87,,,,,,,86.35,9.24,89.0,10.0,0.6,,,,10.0,,,0.94,0.0,2.37,,0.06,0.0,0.0,0.0,0.0,0.0,0.0,0.0,104.0,0.0,0.0,1.4,0.39,48.0,2.0,1.0,1094.0,19.0,0.89,0.0,0.04,0.0,0.0,0.0,0.0,0.0,0.0,0.0,9.0,0.0,0.077,0.04,0.157,0.314,0.068,0.027,0.015,0.0,0.0,0.0,0.0,0.0,0.0,0.0,0.0,11.12,0.39,0.03,0.054,0.027,0.17,0.077,0.047,0.041,0.077,0.1,0.077,1926.0,96.0,2.8,0.083,0.101,0.045,0.047,0.029,0.052,0.003,201.0,,,,,,,,,,,,0.0,9.0,0.024,0.003,0.0,0.0,0.006,0.097,0.75,0.24,9.0,3.3,,,,,,,,,,,,,,,,18.0,,,,,,,,,,,,,,,,,,
47934,"Apricots, raw, flesh and skin",apricots raw flesh and skin,0,9,Fruits and Fruit Juices,23,McCance and Widdowson's,0.06,15.0,20.0,270.0,0.1,,4.6,0.0,,,,,,87.2,7.2,,6.0,0.5,,,,11.0,3.0,,0.9,,1.6,,0.0,0.0,0.0,,,0.0,,0.0,0.0,0.0,,0.9,0.1,31.0,,2.0,405.0,2.0,,,0.05,,,,,,,,,0.0,,,,,,,0.0001,,,,,,,,0.0,7.2,0.5,0.04,0.08,0.0,0.0,0.0,,,,1.0,0.1,,67.0,,,,,,,,,134.0,,,,,,,,,,,,,,,,,,,,,0.24,5.0,,,,,,,,,,,,,,,,,,,,,,,,,,,,,,,,,,,
47936,"Apricots, ready-to-eat, semi-dried",apricots ready to eat semi dried,0,9,Fruits and Fruit Juices,23,McCance and Widdowson's,0.35,73.0,82.0,1380.0,0.5,,10.6,0.0,,,,,,29.7,36.5,,1.0,2.3,,,,43.0,29.0,,8.4,,17.5,,0.0,0.0,0.0,,,0.0,,0.0,0.0,0.0,,4.0,0.6,158.0,,14.0,540.0,8.0,,,0.16,,,,,,,,,0.0,,,,,,,0.0005,,,,,,,,0.0,36.5,3.4,0.0,0.14,,,,,,,5.0,0.3,,91.0,,,,,,,,,674.0,,,,,,,,,,,,,,,,,,,,,0.58,11.0,,,,,,,,,,,,,,,,,,,,,,,,,,,,,,,,,,,
7462,"Archway Home Style Cookies, Oatmeal",archway home style cookies oatmeal,0,,,0,"USDA, 2018",,35.0,,219.0,,,,,,,,,,10.28,34.5,,0.0,1.88,,,,,,,,,,,,,3.88,,,,,,,,,5.48,14.08,421.0,2.9,394.0,,,,,0.18,,,,,,,,,10.0,,,,,,,,,,,,,,,,68.17,2.45,0.3,,3.2,5.66,1.33,,,,,,15.0,,,,,,,,,,1763.0,,,,,,,,,,,,,54.0,,,,,,,2.0,,54.0,,,,,,,,,,,,,,,,,,,,,,,,,,,,,,,,,,,
350083,Arrosticini,arrosticini,0,17,"Lamb, Veal, and Game Products",5,My foods,,,,,,,,,,,,,,,0.09,,,,,,,,,,,,,,,,,,,,,,,,,22.46,20.51,282.0,,175.0,,,,,,,,,,,,,,,,,,,,,,,,,,,,,,0.47,,,,8.37,,,,,,,,,,,,,,,,,,1179.888,,,,,,,,,,,,,,,,,,,,,,,,,,,,,,,,,,,,,,,,,,,,,,,,,,,,,,,,,
532,Arroz cozido simples,arroz cozido simples,1,20,Cereal Grains and Pasta,1,"TCA, INSA 2015",,7.0,33.0,36.0,0.6,,,28.0,,,,,,68.4,0.0,,0.0,0.6,,,,15.0,,,,,,,,0.0,0.0,,,0.0,,0.0,,0.0,5.8,2.5,0.2,127.372613264,0.8,305.0,0.0,,0.0,,0.01,,,,,,,,,0.0,,,,,,,0.0005,,,,,,,,,28.0,0.2,0.01,0.08,0.0,0.1,0.1,,,,,,,0.0,,,,,,,,,532.927013896576,,,,,,,,,,,,,,,,,,,,0.9,,,,,0.0,,,,,,,,,,,,,,,,,,,,,,,,,,,,,,,,
208152,Arroz cozido simples,arroz cozido simples,1,20,Cereal Grains and Pasta,33,"TCA, INSA 2019",,7.0,33.0,36.0,0.6,,,28.0,,,,,,68.4,0.0,,0.0,0.6,,,,15.0,,,,,,,,0.0,0.0,,,,,0.0,,0.0,,2.5,0.2,125.0,0.8,310.0,0.0,,0.0,,0.01,,,,,,,,,0.0,,,,,,,0.5,,,,,,,,,28.0,0.2,0.01,0.08,0.0,0.1,0.1,,,,,,,0.0,,,,,,,,,532.0,,,,,,,,,,,,,,,,,,,,0.9,,5.8,,,,,,,,,,,,,,,,,,,,,,,,,,,,,,,,,,,
534,Arroz de cenoura com azeite,arroz de cenoura com azeite,0,20,Cereal Grains and Pasta,1,"TCA, INSA 2015",,15.0,30.0,96.0,0.4,,,18.2,,,,,,73.8,0.9,,0.5,0.7,,,,13.0,,,,,,,,0.0,0.0,,,131.0,,0.0,,0.0,9.0,1.8,4.2,123.788018144,1.1,275.0,785000.0,,0.7,,0.01,,,,,,,,,0.0,,,,,,,0.0004,,,,,,,,,19.2,0.3,0.03,0.08,0.6,3.2,0.3,,,,,,,131.0,,,,,,,,,517.929067914496,,,,,,,,,,,,,,,,,,,,0.9,,,,,0.3,,,,,,,,,,,,,,,,,,,,,,,,,,,,,,,,
60893,Arroz de coliflor,arroz de coliflor,0,,,19,My recipes,,72.5,48.0,319.0,0.6,,,,,,,,,91.5,2.0,,50.0,0.6,,,,15.0,,,,,,,,,,,,0.0,,0.0,,,83.0,2.4,0.3,26.3000002384186,2.4,41.5,,,0.17,,0.0495,,,,,,,,,0.0,,,,,,,,,,,,,,,,2.3,0.5,0.0595,,0.05,0.02,0.15,,,,,,,0.333333,,,,,,,,,110.03920099754343,,,,,,,,,,,,,,,,,,,,,,,,,,,,,,,,,,,,,,,,,,,,,,,,,,,,,,,,,
208731,Arroz de ervilhas,arroz de ervilhas,0,22,"Meals, Entrees, and Side Dishes",33,"TCA, INSA 2019",,8.5,35.0,66.0,0.4,,,17.6,,,,,,78.3,0.2,,2.4,0.59,,,,10.0,,,,,,,,0.0,0.0,,,,,0.0,,0.0,,2.3,0.2,85.0,1.0,120.0,35.0,,0.05,,0.01,,,,,,,,,0.0,,,,,,,0.44,,,,,,,,,18.0,0.4,0.1,0.08,0.1,0.1,0.1,,,,,,,6.0,,,,,,,,,361.0,,,,,,,,,,,,,,,,,,,,0.521,,12.0,,,,,,,,,,,,,,,,,,,,,,,,,,,,,,,,,,,
208732,Arroz de feijão,arroz de feij o,0,22,"Meals, Entrees, and Side Dishes",33,"TCA, INSA 2019",,15.0,50.0,120.0,0.5,,,20.0,,,,,,69.4,0.4,,0.8,0.65,,,,19.0,,,,,,,,0.0,0.0,,,,,0.0,,0.0,,3.1,4.4,139.0,1.9,180.0,1.0,,0.66,,0.02,,,,,,,,,0.0,,,,,,,0.55,,,,,,,,,20.8,0.7,0.05,0.1,0.6,3.3,0.4,,,,,,,0.0,,,,,,,,,584.0,,,,,,,,,,,,,,,,,,,,0.878,,14.0,,,,,,,,,,,,,,,,,,,,,,,,,,,,,,,,,,,
47944,"Artichoke, globe, base of leaves and heart, boiled in unsalted water",artichoke globe base of leaves and heart boiled in unsalted water,0,11,Vegetables and Vegetable Products,23,McCance and Widdowson's,0.09,44.0,40.0,330.0,0.5,,0.1,0.0,,,,,,84.4,1.3,,1.0,1.0,,,,27.0,84.0,,0.4,0.0,0.8,4.1000000000000005,0.0,,,,,0.0,,0.0,,0.0,,2.9,0.2,18.0,,15.0,90.0,0.0,0.19,,0.02,,,,,,,,,0.0,,,,,,,0.0005,,,,,,,,0.0,2.7,0.5,0.0,0.02,0.1,0.0,0.1,,,,0.0,0.3,,15.0,,,,,,,,,78.0,,,,,,,,,,,,,,,,,,,,,0.34,50.0,,,,,,,,,,,,,,,,,,,,,,,,,,,,,,,,,,,
47945,"Artichoke, globe, boiled, weighed as served",artichoke globe boiled weighed as served,0,11,Vegetables and Vegetable Products,23,McCance and Widdowson's,0.04,19.0,17.0,140.0,0.2,,0.0,0.0,,,,,,36.3,0.6,,0.0,0.4,,,,12.0,36.0,,0.2,0.0,0.3,1.8,0.0,,,,,0.0,,0.0,,0.0,,1.2,0.1,8.0,,6.0,39.0,0.0,0.08,,0.01,,,,,,,,,0.0,,,,,,,0.0002,,,,,,,,0.0,1.2,0.2,0.0,0.01,0.0,0.0,0.0,,,,0.0,0.1,,6.0,,,,,,,,,34.0,,,,,,,,,,,,,,,,,,,,,0.15,21.0,,,,,,,,,,,,,,,,,,,,,,,,,,,,,,,,,,,
4417,"Artichokes, (globe or french), cooked, boiled, drained, without salt",artichokes globe or french cooked boiled drained without salt,0,11,Vegetables and Vegetable Products,0,"USDA, 2018",0.127,21.0,73.0,286.0,0.4,0.011,0.73,0.0,,,,,,84.08,0.99,464.0,7.4,1.11,,,0.2,42.0,,,0.02,0.0,0.24,,0.0,0.0,0.0,0.0,0.0,0.0,0.0,0.0,0.0,0.0,0.0,2.89,0.34,53.0,5.7,60.0,8.0,0.0,0.19,0.0,0.089,0.0,0.0,0.0,0.0,0.0,0.0,0.004,89.0,0.0,0.105,,,,,,,0.0,0.0,0.0,0.0,0.0,0.0,0.0,0.0,11.95,0.61,0.05,0.081,0.079,0.011,0.145,,,,0.2,0.225,13.0,1.0,34.4,,,,,,,,220.0,0.0,,,,,,,,,,,0.004,89.0,0.066,0.006,0.038,0.0,,,0.74,0.24,89.0,14.8,,,,,,,,,,,,,,,,,,,,,,,,,,,,,,,,,,
5162,"Arugula, raw",arugula raw,0,11,Vegetables and Vegetable Products,0,"USDA, 2018",0.076,160.0,52.0,369.0,0.47,0.046,,,,,,,,91.71,2.05,3555.0,15.0,0.305,,,0.1,47.0,,,,,,,,0.0,0.0,0.0,0.0,0.0,0.0,0.0,0.0,0.0,0.0,2.58,0.66,25.0,1.6,27.0,1424.0,0.0,0.43,0.0,0.086,0.0,0.0,0.0,0.0,0.0,0.0,0.003,97.0,0.0,0.13,,,,,,,0.0,0.002,0.0,0.0,0.0,0.0,0.0,,3.65,1.46,0.044,0.073,0.086,0.049,0.319,,,,0.3,0.321,2373.0,119.0,15.3,,,,,,,,105.0,,,,,,,,,,,,0.0,97.0,0.072,0.004,0.17,0.001,,,1.4,0.437,97.0,108.6,,,,,,,,,,,,,,,,,,,,,,,,,,,,,,,,,,
47949,"Asparagus, boiled in unsalted water",asparagus boiled in unsalted water,0,11,Vegetables and Vegetable Products,23,McCance and Widdowson's,0.08,25.0,50.0,220.0,0.7,,0.2,0.0,,,,,,91.5,1.4,1622.0,10.0,0.8,,,,13.0,60.0,0.0,0.7,0.0,0.5,0.4,0.0,0.0,0.0,,,0.0,,0.0,,0.0,,3.4,0.8,26.0,,1.0,389.0,0.0,1.16,,0.06,,,,,,,,,0.0,,,,,,,0.0006,,,,,,,,0.0,1.4,0.6,0.12,0.07,0.1,0.2,0.3,,,,1.0,0.2,,65.0,,,,,,,,,110.0,,,,,,,,,,,,,,,,,,,,,0.16,173.0,51.82,,,,,,,,,,,,,,,,,,,,,,,,,,,,,,,,,,
22384,"Asparagus, boiled/cooked in water",asparagus boiled cooked in water,0,11,Vegetables and Vegetable Products,11,"CIQUAL, ANSES",0.074,19.9,51.5,198.0,0.2,,,0.0,,,,,,93.0,0.81,,16.1,1.06,,,,6.31,,0.25,,,,,,0.0,,,,0.0,,0.0,,0.0,,2.53,0.32,19.8,1.8,8.5,544.0,,1.35,,0.12,,,0.0,0.0,0.0,0.0,0.00094,,0.0,,,,,,,,,,0.0,,,0.0,,,0.81,0.74,0.11,0.05,0.072,0.013,0.15,,,,0.0,0.049,,,,,,,,,,,82.9,,,,,,,,,,,,0.0028,,0.063,0.0056,,,,,0.62,0.19,142.0,65.3,,,,,,,,,,,,,,,,,,,,,,,,,,,2.53,,,,,,,
4421,"Asparagus, cooked, boiled, drained",asparagus cooked boiled drained,0,11,Vegetables and Vegetable Products,0,"USDA, 2018",0.165,23.0,54.0,224.0,0.6,0.0,0.08,0.0,0.21,0.0,,,,92.63,1.3,771.0,7.7,1.084,0.02,21.9,0.9,14.0,,,0.79,0.0,0.42,,0.0,0.0,0.0,0.0,0.0,0.0,0.0,0.0,0.0,0.0,0.0,2.4,0.22,22.0,2.0,14.0,604.0,0.0,1.5,30.0,0.139,0.0,0.0,0.0,0.0,0.0,0.0,0.0,149.0,0.0,0.076,0.101,0.255,0.555,0.125,0.053,0.029,0.0,0.0,0.0,0.0,0.0,0.0,0.0,0.0,4.11,0.91,0.162,0.079,0.048,0.0,0.105,0.092,0.082,0.14,6.1,0.154,1006.0,50.0,26.1,0.116,0.077,0.099,0.125,0.057,0.082,0.034,94.0,0.0,0.0,0.0,0.0,0.0,0.0,0.0,0.0,0.0,0.0,0.0,0.0,149.0,0.048,0.0,0.029,0.0,0.034,0.113,0.63,0.225,149.0,50.6,,,,,,,,,,,,,,,,,,,,,,,,,,,,,,,,,,
4919,"Asparagus, cooked, boiled, drained, with salt",asparagus cooked boiled drained with salt,0,11,Vegetables and Vegetable Products,0,"USDA, 2018",0.165,23.0,54.0,224.0,0.6,0.0,0.08,0.0,,,,,,92.63,1.3,771.0,7.7,1.084,,21.9,0.9,14.0,,,0.79,0.0,0.42,,0.0,0.0,0.0,0.0,0.0,0.0,0.0,0.0,0.0,0.0,0.0,2.4,0.22,22.0,2.0,240.0,604.0,0.0,1.5,30.0,0.139,0.0,0.0,0.0,0.0,0.0,0.0,0.0,149.0,0.0,0.076,0.101,0.255,0.555,0.125,0.053,0.029,0.0,0.0,0.0,0.0,0.0,0.0,0.0,0.0,4.11,0.91,0.162,0.079,0.048,0.0,0.105,0.092,0.082,0.14,6.1,0.154,1006.0,50.0,26.1,0.116,0.077,0.099,0.125,0.057,0.082,0.034,94.0,0.0,0.0,0.0,0.0,0.0,0.0,0.0,0.0,0.0,0.0,0.0,0.0,149.0,0.048,0.0,0.029,0.0,0.034,0.113,0.63,0.225,149.0,50.6,,,,,,,,,,,,,,,,,,,,,,,,,,,,,,,,,,
21643,"Asparagus, green",asparagus green,0,11,Vegetables and Vegetable Products,9,"BEDCA, UGR",8e-05,27.7,59.0,207.0,0.51,,,,,,,,,92.8,,,21.6,,,,,12.5,,,,,,,,,,,,,,0.0,,0.0,,2.9,0.6,25.22,1.7,3.0,320.0,,2.0,,0.11,,,,,,,,,0.0,,,,,,,,,,,,,,,,2.0,1.3,0.12,,0.1,0.1,0.2,,,,1.0,0.2,,26.66,,,,,,,,,105.5,,,,,,,,,,,,,,,,,,,,,0.17,,,,,,,,,,,,,,,,,,,,,,,,,,,,,,,,,,,,
4420,"Asparagus, raw",asparagus raw,1,11,Vegetables and Vegetable Products,0,"USDA, 2018",0.189,24.0,52.0,202.0,0.54,0.0,0.23,,0.09,0.0,,,,93.22,1.88,710.0,5.6,0.978,0.0,,0.6,14.0,,,1.0,0.0,0.65,,0.0,0.0,0.0,0.0,0.0,0.0,0.0,0.0,0.0,0.0,0.0,2.2,0.12,20.0,2.1,2.0,449.0,9.0,1.13,0.0,0.141,0.0,0.0,0.0,0.0,0.0,0.0,0.0,52.0,0.0,0.04,0.093,0.233,0.508,0.115,0.049,0.027,0.0,0.0,0.0,0.0,0.0,0.0,0.0,0.0,3.88,2.14,0.143,0.091,0.04,0.0,0.05,0.084,0.075,0.128,2.3,0.158,756.0,38.0,16.0,0.106,0.071,0.091,0.115,0.052,0.075,0.031,85.0,0.0,0.0,0.0,0.0,0.0,0.0,0.0,0.0,0.0,0.0,0.0,0.0,52.0,0.04,0.0,0.01,0.0,0.031,0.104,0.58,0.274,52.0,41.6,,,,,,,,,,,,,,,,24.0,,,,,,,,,,,,,,,,,,
47950,"Asparagus, raw",asparagus raw,1,11,Vegetables and Vegetable Products,23,McCance and Widdowson's,0.08,27.0,72.0,260.0,0.7,,0.1,0.1,,,,,,91.4,1.9,,12.0,1.0,,,,13.0,60.0,0.0,1.1,0.0,0.7,0.4,0.0,0.0,0.0,,,0.0,,0.0,0.0,0.0,,2.9,0.6,25.0,,1.0,310.0,10.0,1.16,,0.06,,,,,,,,,0.0,,,,,,,0.0005,,,,,,,,0.0,2.0,0.7,0.16,0.09,0.1,0.1,0.2,,,,1.0,0.2,,53.0,,,,,,,,,103.0,,,,,,,,,,,,,,,,,,,,,0.17,175.0,,,,,,,,,,,,,,,,,,,,,,,,,,,,,,,,,,,
350,Atum conserva em óleo,atum conserva em leo,1,15,Finfish and Shellfish Products,1,"TCA, INSA 2015",,9.0,202.0,255.0,0.9,,,0.0,,,,,,61.0,0.0,,0.0,9.8,,,,40.0,,,,,,,,0.0,0.177,,,23.0,,0.4,,2.4,14.0,24.3,13.0,214.119815168,0.0,423.0,0.0,,1.9,,0.022,,,,,,,,,41.0,,,,,,,0.0045,,,,,,,,,0.0,0.7,0.022,0.23,0.9,3.8,7.1,,,,,,,23.0,,,,,,,,,895.877306662912,,,,,,,,,,,,,,,,,,,,1.5,,,,,6.8,,,,,,,,,,,,,,,,,,,,,,,,,,,,,,,,
208581,Atum conserva em óleo,atum conserva em leo,1,15,Finfish and Shellfish Products,33,"TCA, INSA 2019",,9.0,200.0,260.0,0.9,,,0.0,,,,,,61.0,0.0,,0.0,9.8,,,,40.0,,,,,,,,0.0,0.2,,,,,0.4,,2.4,,24.3,13.0,214.0,0.0,420.0,0.0,,1.9,,0.02,,,,,,,,,41.0,,,,,,,4.5,,,,,,,,,0.0,0.7,0.02,0.23,0.9,3.8,7.1,,,,,,,23.0,,,,,,,,,894.0,,,,,,,,,,,,,,,,,,,,1.5,,14.0,,,,,,,,,,,,,,,,,,,,,,,,,,,,,,,,,,,
73990,Atún al curry,at n al curry,0,,,19,My recipes,,13.943896253602306,130.7366311239193,337.91726224783866,0.5297175792507205,,,,,,,,,81.91107066282422,0.8671659942363112,,4.169164265129683,7.216512968299712,,,,20.7578674351585,,,,,,,,,,,,11.299135446685879,,3.7652449567723343,,,17.928818443804037,10.936521498559078,1.6874582132564842,64.70693204503792,0.8433602305475504,73.26464265129682,,,0.7036397694524495,,0.16387319884726226,,,,,,,,,12.168299711815564,,,,,,,,,,,,,,,,1.0217290109510087,0.9590749279538905,0.08847262247838618,,0.46175337291066276,0.29116399141210375,0.7051810968299712,,,,,,,22.82651296829971,,,,,,,,,270.7338036764386,,,,,,,,,,,,,,,,,,,,,,,,,,,,,,,,,,,,,,,,,,,,,,,,,,,,,,,,,
47953,"Aubergine, fried in rapeseed oil",aubergine fried in rapeseed oil,0,11,Vegetables and Vegetable Products,23,McCance and Widdowson's,0.03,8.0,25.0,170.0,0.1,,0.1,0.2,,,,,,59.5,2.6,,1.0,0.0,,,,8.0,16.0,1.0,1.1,0.0,1.4,,0.0,0.0,0.0,,,0.0,,0.0,,0.0,,1.2,31.9,302.0,,2.0,,,7.03,,0.0,,,,,,,,,0.0,,,,,,,0.0002,,,,,,,,0.0,2.8,0.5,0.0,0.07,2.18,16.68,9.43,,,,1.0,0.2,,21.0,,,,,,,,,1262.0,,,,,,,,,,,,,,,,,,,,,0.07,5.0,,,,,,,,,,,,,,,,,,,,,,,,,,,,,,,,,,,
47954,"Aubergine, raw",aubergine raw,0,11,Vegetables and Vegetable Products,23,McCance and Widdowson's,0.01,10.0,16.0,210.0,0.2,,0.1,0.2,,,,,,92.9,2.0,,4.0,0.1,,,,11.0,14.0,1.0,0.8,0.0,1.1,,0.0,0.0,0.0,,,0.0,,0.0,0.0,0.0,,0.9,0.4,15.0,,2.0,40.0,60.0,0.03,,0.01,,,,,,,,,0.0,,,,,,,0.0002,,,,,,,,0.0,2.2,0.3,0.02,0.08,0.1,0.0,0.2,,,,1.0,0.1,,12.0,,,,,,,,,64.0,,,,,,,,,,,,,,,,,,,,,0.08,18.0,6.1,,,,,,,,,,,,,,,,,,,,,,,,,,,,,,,,,,
767,"Avelã, miolo",avel miolo,0,9,Fruits and Fruit Juices,1,"TCA, INSA 2015",,249.0,274.0,730.0,2.0,,,2.1,,,,,,4.5,3.9,,0.0,1.8,,,,159.0,,,,,,,,0.0,0.0,,,0.0,,0.0,,0.0,73.0,14.0,66.3,676.532585648,6.1,2.0,0.0,,25.0,,0.16,,,,,,,,,0.0,,,,,,,0.0034,,,,,,,,,6.0,3.0,0.3,0.59,4.9,52.2,6.2,,,,,,,0.0,,,,,,,,,2830.612338351232,,,,,,,,,,,,,,,,,,,,2.45,,,,,6.1,,,,,,,,,,,,,,,,,,,,,,,,,,,,,,,,
47958,"Avocado, average, flesh only",avocado average flesh only,0,9,Fruits and Fruit Juices,23,McCance and Widdowson's,0.19,11.0,39.0,450.0,0.4,,0.1,0.0,,,,,,72.5,0.5,,6.0,1.1,,,,25.0,6.0,2.0,0.1,,0.3,3.6,0.0,0.0,0.0,,,0.0,,0.0,0.0,0.0,,1.9,19.5,190.0,,6.0,14.0,4.0,3.2,,0.18,,,,,,,,,0.0,,,,,,,0.0003,,,,,,,,0.0,1.9,0.4,0.1,0.36,4.1,12.1,2.2,,,,0.0,0.2,,3.0,,,,,,,,,784.0,,,,,,,,,,,,,,,,,,,,,1.1,11.0,,,,,,,,,,,,,,,,,,,,,,,,,,,,,,,,,,,
47959,"Avocado, flesh only, average, weighed with skin and stone",avocado flesh only average weighed with skin and stone,0,9,Fruits and Fruit Juices,23,McCance and Widdowson's,0.13,8.0,28.0,320.0,0.3,,0.1,0.0,,,,,,51.5,0.4,,4.0,0.8,,,,18.0,4.0,1.0,0.1,,0.2,2.6,0.0,0.0,0.0,,,0.0,,0.0,0.0,0.0,,1.3,13.8,134.0,,4.0,10.0,3.0,2.27,,0.13,,,,,,,,,0.0,,,,,,,0.0002,,,,,,,,0.0,1.3,0.3,0.07,0.26,2.9,8.6,1.6,,,,0.0,0.1,,2.0,,,,,,,,,553.0,,,,,,,,,,,,,,,,,,,,,0.78,8.0,,,,,,,,,,,,,,,,,,,,,,,,,,,,,,,,,,,
3765,"Avocados, raw, California",avocados raw california,0,9,Fruits and Fruit Juices,0,"USDA, 2018",0.17,13.0,54.0,507.0,0.68,9.066,0.06,0.11,0.32,0.02,0.0,0.0,0.0,72.33,0.3,271.0,8.8,1.912,0.04,,0.7,29.0,,,0.08,0.08,0.08,,0.0,,0.0,,,0.0,0.0,0.0,27.0,0.0,0.0,1.96,15.41,167.0,6.8,8.0,63.0,24.0,1.97,0.0,0.143,,,,,0.001,0.0,0.0,89.0,0.0,1.674,0.102,0.282,0.232,0.106,0.048,0.025,0.0,0.0,0.0,0.0,0.025,0.0,0.0,0.0,8.64,0.61,0.075,0.287,2.126,9.799,1.816,0.072,0.083,0.141,0.4,0.149,147.0,7.0,14.2,0.112,0.096,0.087,0.105,0.048,0.095,0.027,697.0,0.0,0.0,0.0,0.0,0.0,0.0,0.0,0.0,0.01,0.016,0.0,0.0,89.0,2.075,0.049,0.125,0.698,0.037,0.129,1.66,1.463,89.0,21.0,0.01,,,,,0.111,0.015,,,,,76.0,5.0,2.0,,,,,,,,,,,,,,,,,,,,
3766,"Avocados, raw, Florida",avocados raw florida,0,9,Fruits and Fruit Juices,0,"USDA, 2018",0.311,10.0,40.0,351.0,0.4,4.689,0.0,,0.39,0.0,0.0,0.0,,78.81,2.42,,17.4,0.672,0.08,,,24.0,,,0.25,,2.17,,0.0,,0.0,,,0.0,0.0,0.0,36.0,0.0,0.0,2.23,10.06,120.0,5.6,2.0,53.0,27.0,2.66,,0.053,,,,,,,,35.0,0.0,1.58,0.116,0.321,0.264,0.121,0.055,0.028,,,,,,,,0.0,7.82,0.17,0.021,0.078,1.96,5.513,1.676,0.082,0.094,0.16,,0.095,140.0,7.0,,0.128,0.11,0.099,0.12,0.054,0.108,0.031,501.0,,,,,,,,,,,,,35.0,1.905,0.055,0.096,0.825,0.042,0.147,1.08,0.931,35.0,,0.0,,,,,,,,,,,,,,,,,,,,,,,,,,,,,,,,,
777,Azeite,azeite,1,4,Fats and Oils,1,"TCA, INSA 2015",,0.0,0.0,0.0,0.0,,,0.0,,,,,,0.0,0.0,,0.0,0.0,,,,0.0,,,,,,,,0.0,0.0,,,0.0,,0.0,,0.0,0.0,0.1,99.9,900.0,0.0,0.0,0.0,,14.0,,0.0,,,,,,,,,0.0,,,,,,,0.0,,,,,,,,,0.0,0.0,0.0,0.0,14.4,78.6,6.9,,,,,,,0.0,,,,,,,,,3765.6,,,,,,,,,,,,,,,,,,,,0.0,,,,,6.2,,,,,,,,,,,,,,,,,,,,,,,,,,,,,,,,
208533,Azeite,azeite,1,4,Fats and Oils,33,"TCA, INSA 2019",,0.0,0.0,0.0,0.0,,,0.0,,,,,,0.0,0.0,,0.0,0.0,,,,0.0,,,,,,,,0.0,0.0,,,,,0.0,,0.0,,0.0,99.9,899.0,0.0,0.0,0.0,,14.0,,0.0,,,,,,,,,0.0,,,,,,,0.0,,,,,,,,,0.0,0.0,0.0,0.0,14.4,78.6,6.9,,,,,,,0.0,,,,,,,,,3700.0,,,,,,,,,,,,,,,,,,,,0.0,,0.0,,,,,,,,,,,,,,,,,,,,,,,,,,,,,,,,,,,
1222,Azeite de oliva extra virgem,azeite de oliva extra virgem,0,4,Fats and Oils,2,"TACO, NEPA",,,,,,74.01,,,,,,,,,,,,,,,,,,,,,,,,,,,,,,,,,,,100.0,884.0,,,,,,,,,,,,,,,,,,,,,,,,,,,,0.25,,,,,,,,14.9,75.5,9.5,,,,,,,,,,,,,,,,3698.656,,0.38,0.12,,,,0.05,,,,,,,11.3,2.96,,1.09,,,,,,,,8.74,,,,0.75,,,,,,,,,,,,,,,,,,,,,,,,,,,,
428348,BACCALA 'MORRO SCOTTED WITH CHICKPEAS CREAM AND CRUSCHI PEPPER,baccala morro scotted with chickpeas cream and cruschi pepper,0,,,19,My recipes,0.07642946927374304,21.271997206703915,164.6110335195531,337.4395949720671,0.5274127094972068,0.11666759776536315,0.008798882681564247,0.044168994413407825,0.0,0.0,0.0,0.0,0.0,77.60470321229052,0.633868715083799,0.0,0.8732891061452516,1.5176717877094976,3.491620111731844e-05,,,30.86103351955308,836.8016759776538,0.6145251396648045,0.0038407821229050282,0.0013966480446927377,0.0047486033519553075,0.0,0.0,0.0,0.0,0.0,0.0,8.379888268156426,25.139664804469277,0.628491620111732,0.0,0.6354748603351956,0.0,13.650600558659221,2.915862430167598,97.41201117318437,1.1610335195530728,587.9046787709498,36.05516759776537,0.02444134078212291,0.9971543296089386,0.0,0.05493400837988827,0.0,0.0,0.0,0.0,0.0,0.0,0.0,26.967178770949726,30.032332402234644,0.14615956703910618,0.6445715782122906,2.0553072625698325,1.407902932960894,0.8010579608938547,0.3972967877094973,0.1499668296089386,0.0020949720670391065,0.015363128491620113,0.08379888268156425,0.0006983240223463688,0.010474860335195532,0.044692737430167606,0.0069832402234636885,0.0,3.5839175977653643,0.7110789106145253,0.06897765363128493,0.19165607541899446,0.43739629888268167,1.6853250698324025,0.47360055865921796,0.5878397346368716,0.6222101955307263,1.0916539804469276,23.625663407821232,0.23239874301675986,80.92842178770951,11.367667597765365,51.058170391061466,0.5645701815642459,0.4870258379888269,0.851604399441341,0.688332402234637,0.44800279329608944,0.5465136173184357,0.14870565642458103,407.5718547486035,0.0,0.0,0.0,0.0,0.0,0.0,0.0,0.0,0.0,0.0,0.0,0.006797486033519554,26.967178770949726,0.09116096368715085,0.025694483240223467,0.006211941340782124,0.011813896648044695,0.3829825418994414,1.2179787011173187,0.9314036312849162,0.15606215083798883,27.085893854748612,1.7318435754189947,3.491620111731844e-05,,,,,,,,,,,,,,0.628491620111732,0.04189944134078213,,,,,,,,,,,,,,,,,,
428355,"BEEF CHEEK, POMEGRANATE AND PURE CELERY, TURNIP",beef cheek pomegranate and pure celery turnip,0,,,19,My recipes,0.0746938690102532,14.897468089558485,36.58254865034526,186.6967984934087,0.9625486503452607,0.38219125340029303,0.17123666038920277,1.9742812303829251,0.00010462439840970915,0.0,0.0,0.0,0.0,80.4151517053777,3.077430424775058,6.649926762921114,5.6945804561623765,1.6528577108181628,0.00013182674199623353,0.056685499058380426,0.049487340447792426,10.612052730696798,315.80665411173885,0.26156099602427285,1.176735718769617,0.0011717932621887425,1.4514500941619588,0.01073446327683616,0.0,0.0,0.0,0.0,0.0,0.0,0.0,0.0,0.0,1.999748901443817,0.0,7.061207365557649,2.5996903117807073,80.03327055869428,0.6755597405314919,246.31533793680688,116.89223686963801,51.27662690939527,0.3330194601381042,0.013182674199623353,0.024418288344842016,0.0,0.0,0.0,0.0,0.0,0.0001464741577735928,0.0015526260724000836,4.541535886168655,0.002284996861268048,0.09397133291483575,0.010229336681314082,0.06756476250261562,0.07378175350491735,0.011653483992467044,0.006284159866080771,0.0035518518518518516,0.0,8.78844946641557e-05,0.0,0.0,0.0,0.0,0.0,0.0,6.9099539652647,1.3643021552626073,0.0344331450094162,0.1668265327474367,0.6781841389412011,1.315514752040176,0.28076522284996863,0.012951663527934714,0.011293785310734463,0.016840552416823605,4.301485666457419,0.08805691567273488,221.28143963172215,12.274325172630258,4.139715421636326,0.012445072190834903,0.013642603055032433,0.027314291692822765,0.01685289809583595,0.00839945595312827,0.013803724628583387,0.005066122619794936,334.85920401757693,0.0,7.532956685499058e-05,0.00016739903745553462,0.0,0.0,0.0,0.0,4.603473530027202e-05,0.0,0.0,0.0,0.0281443816698054,4.541535886168655,0.2549135802469136,0.189779870265746,0.01323456790123457,0.00046578782172002514,0.004958359489432936,0.018832391713747645,0.41870056497175145,0.22935718769617075,4.965892446118435,7.026051475204018,0.000742833228708935,,0.0006444862942038084,,1.8832391713747646e-05,5.6497175141242944e-05,0.0,,,,,,,,,1.1288972588407618,,0.0,,,,,0.0,,,,,0.0,0.0,,,,,
208586,Bacalhau fresco cozido,bacalhau fresco cozido,0,15,Finfish and Shellfish Products,33,"TCA, INSA 2019",,14.0,230.0,350.0,0.6,,,0.0,,,,,,78.1,0.0,,0.0,2.3,,,,31.0,,,,,,,,0.0,0.0,,,,,1.0,,0.9,,19.1,0.8,84.0,0.0,340.0,0.0,,0.7,,0.05,,,,,,,,,50.0,,,,,,,3.6,,,,,,,,,0.0,0.3,0.05,0.17,0.1,0.1,0.3,,,,,,,10.0,,,,,,,,,354.0,,,,,,,,,,,,,,,,,,,,2.2,,10.0,,,,,,,,,,,,,,,,,,,,,,,,,,,,,,,,,,,
356,"Bacalhau seco e salgado, demolhado assado no forno com azeite",bacalhau seco e salgado demolhado assado no forno com azeite,0,15,Finfish and Shellfish Products,1,"TCA, INSA 2015",,44.0,133.0,95.0,0.9,,,0.0,,,,,,69.3,0.6,,1.0,0.96,,,,28.0,,,,,,,,0.0,0.0,,,4.0,,0.4,,0.7,11.0,20.7,5.0,130.718235376,0.3,1603.0,0.0,,0.9,,0.075,,,,,,,,,56.0,,,,,,,0.0032,,,,,,,,,0.8,0.4,0.071,0.11,0.8,3.6,0.5,,,,,,,4.0,,,,,,,,,546.925096813184,,,,,,,,,,,,,,,,,,,,3.2,,,,,0.3,,,,,,,,,,,,,,,,,,,,,,,,,,,,,,,,
254,Bacon,bacon,1,17,"Lamb, Veal, and Game Products",1,"TCA, INSA 2015",,7.0,140.0,225.0,1.3,,,0.0,,,,,,48.3,0.0,,0.0,3.8,,,,18.0,,,,,,,,0.0,0.138,,,0.0,,0.0,,0.9,2.0,13.8,34.6,366.549799802035,0.0,1190.0,0.0,,0.08,,0.15,,,,,,,,,67.0,,,,,,,0.0022,,,,,,,,,0.0,0.7,0.54,0.27,11.9,11.6,5.6,,,,,,,0.0,,,,,,,,,1533.6443623717144,,,,,,,,,,,,,,,,,,,,2.8,,,,,4.8,,,,,,,,,,,,,,,,,,,,,,,,,,,,,,,,
38466,Bacon,bacon,1,10,Pork Products,20,"TCNA, IBGE",0.16,11.0,533.0,565.0,3.5,,,,,,,,,,0.59,,,11.1,,,,33.0,,,,,,,,,0.31,,,11.0,,0.7,,1.23,,37.04,41.78,541.0,,2310.0,,,0.31,,0.26,,,,,,,,,110.0,4.0,,,,,,,,,,,,,,,1.43,1.44,0.4,0.35,13.74,18.52,4.55,,,,62.0,0.02,,11.0,,,,,,,,,2263.544,,,,,,,,,,,,,,,,0.2,,,,,,2.0,,,,,,,,,,,,,,,,,,,,,,,,,,,,,,,,,,,
207929,Bacon,bacon,1,7,Sausages and Luncheon Meats,33,"TCA, INSA 2019",,7.0,140.0,230.0,1.3,,,0.0,,,,,,48.3,0.0,,0.0,3.8,,,,18.0,,,,,,,,0.0,0.1,,,,,0.0,,0.9,,13.8,34.6,367.0,0.0,1190.0,0.0,,0.08,,0.15,,,,,,,,,67.0,,,,,,,2.2,,,,,,,,,0.0,0.7,0.54,0.27,11.9,11.6,5.6,,,,,,,0.0,,,,,,,,,1510.0,,,,,,,,,,,,,,,,,,,,2.8,,2.0,,,,,,,,,,,,,,,,,,,,,,,,,,,,,,,,,,,
47970,"Bacon rashers, back, fat trimmed, grilled",bacon rashers back fat trimmed grilled,0,7,Sausages and Luncheon Meats,23,McCance and Widdowson's,0.07,8.0,210.0,360.0,2.2,,0.0,0.0,,,,,,56.2,0.0,,0.0,7.7,,,,23.0,1850.0,8.0,0.0,0.0,0.0,5.0,0.0,0.0,0.1,,,0.0,,0.7,,1.0,,25.7,12.3,214.0,0.0,1430.0,,,0.07,,0.17,,,,,,,,,44.0,,,,,,,0.0047,,,,,,,,0.0,0.0,0.7,0.98,0.5,4.6,5.2,1.6,,,,13.0,0.01,,0.0,,,,,,,,,892.0,,,,,,,,,,,,,,,,,,,,,1.34,3.0,,,,,,,,,,,,,,,,,,,,,,,,,,,,,,,,,,,
47972,"Bacon rashers, back, grilled",bacon rashers back grilled,0,7,Sausages and Luncheon Meats,23,McCance and Widdowson's,0.05,7.0,180.0,340.0,1.7,8.3,0.0,0.0,,,,,,50.4,0.0,,0.0,7.2,,,,21.0,2060.0,7.0,0.0,0.0,0.0,3.0,0.0,0.0,0.01,,,0.0,,0.6,,1.0,,23.2,21.6,287.0,0.0,1390.0,,,0.07,,0.15,,,0.0,0.0,0.0,0.01,0.0,,75.0,2.3,,,,,,0.0038,0.0,0.1,0.02,0.0,0.2,0.01,0.03,0.0,0.0,0.6,1.16,0.52,8.1,9.0,2.8,,,,12.0,0.01,,0.0,,,,,,,,,1194.0,,0.0,0.0,0.0,0.0,0.1,0.0,0.09,0.1,0.1,0.0,0.3,,4.9,2.8,0.2,0.5,,,,1.24,5.0,,,2.22,8.13,0.0,0.0,0.22,0.0,0.05,0.08,,,0.1,0.0,0.0,0.3,0.1,,,,0.0,,,,,,,,,,0.0,,,,
47976,"Bacon rashers, back, reduced salt, grilled",bacon rashers back reduced salt grilled,0,7,Sausages and Luncheon Meats,23,McCance and Widdowson's,0.09,7.0,200.0,340.0,2.1,,0.0,0.0,,,,,,51.6,0.0,,0.0,7.2,,,,22.0,1500.0,7.0,0.0,0.0,0.0,5.0,0.0,0.0,0.1,,,0.0,,0.6,,1.0,,24.1,20.6,282.0,0.0,1130.0,,,0.07,,0.16,,,,,,,,,74.0,,,,,,,0.0044,,,,,,,,0.0,0.0,0.7,0.92,0.47,7.8,8.7,2.7,,,,12.0,0.01,,0.0,,,,,,,,,1172.0,,,,,,,,,,,,,,,,,,,,,1.25,2.0,,,,,,,,,,,,,,,,,,,,,,,,,,,,,,,,,,,
47981,"Bacon rashers, middle, grilled",bacon rashers middle grilled,0,7,Sausages and Luncheon Meats,23,McCance and Widdowson's,0.07,8.0,220.0,350.0,2.2,9.1,0.0,0.0,,,,,,47.8,0.0,,0.0,7.5,,,,21.0,2060.0,8.0,0.0,,0.0,6.0,0.0,0.0,0.14,,,0.0,,0.6,,1.0,,24.8,23.1,307.0,0.0,1390.0,,,0.13,,0.17,,,0.0,0.0,0.0,0.01,0.0,,83.0,2.4,,,,,,0.0051,0.0,0.1,0.03,0.0,0.2,0.01,0.04,0.0,0.0,0.7,0.77,0.42,8.4,10.0,3.0,,,,11.0,0.01,,0.0,,,,,,,,,1276.0,,0.0,0.0,0.0,0.0,0.1,0.0,0.1,0.1,0.1,0.0,0.3,,5.0,2.8,0.3,0.6,,,,1.27,3.0,,,2.38,8.79,0.0,0.0,0.26,0.0,0.06,0.09,,,0.1,0.0,0.0,,0.1,,,,0.0,,,,,,,,,,0.0,,,,
67673,"Bagels, multigrain",bagels multigrain,0,,,0,"USDA, 2018",0.236,124.0,188.0,204.0,1.52,0.307,,,,,,,,39.4,8.66,80.0,0.0,4.265,,,,85.0,,,,,,,,0.0,0.0,0.0,0.0,0.0,0.0,0.0,0.0,0.0,48.0,9.9,1.24,241.0,6.2,359.0,1.0,0.0,0.66,0.0,0.253,0.0,0.0,0.0,0.0,0.0,0.0,0.0,114.0,6.0,0.549,,,,,,,0.0,0.0,0.0,0.0,0.001,0.0,0.0,,47.47,2.23,0.422,0.18,0.0,0.314,0.7,,,,26.9,1.79,2.0,0.0,16.1,,,,,,,,1007.0,,0.0,0.0,0.0,0.0,0.0,0.0,0.0,0.0,0.0,0.0,0.0,33.0,0.0,0.0,0.15,0.006,,,1.99,0.518,81.0,0.6,,,,,0.0,,,,,,,,,,,,,,,0.0,,,,,,,,,,0.0,,,,
47988,"Bagels, plain",bagels plain,0,18,Baked Products,23,McCance and Widdowson's,,,,,,,0.0,51.3,,,,,,32.1,4.8,,0.0,,,,,,,,1.0,,0.8,,3.0,0.0,,,,0.0,,0.0,,0.0,,10.0,1.8,273.0,3.0,400.0,,,,,,,,,,,,,,0.0,,,,,,,,,,,,,,,0.0,57.8,,,,,,,,,,,,,0.0,,,,,,,,,1161.0,,,,,,,,,,,,,,,,,,,,,,,,,,,,,,,,,,,,,,,,,,,,,,,,,,,,,,,,,
7533,"Bagels, wheat",bagels wheat,0,,,0,"USDA, 2018",0.175,20.0,142.0,165.0,1.1,0.277,,,,,,,,37.55,6.12,88.0,0.0,3.37,,24.1,21.6,51.0,,,,,,,,0.0,0.0,0.0,0.0,0.0,0.0,0.0,0.0,0.0,46.0,10.2,1.53,250.0,4.1,439.0,2.0,0.0,0.32,0.0,0.209,0.0,0.0,0.0,0.0,0.0,0.0,0.0,108.0,0.0,0.859,,,,,,,0.0,0.0,0.0,0.0,0.005,0.0,0.0,,48.89,2.76,0.403,0.147,0.0,0.29,0.936,,,,28.7,1.43,0.0,0.0,9.8,,,,,,,,1047.0,,0.0,0.0,0.0,0.0,0.0,0.0,0.0,0.0,0.0,0.0,0.0,31.0,0.0,0.0,0.076,0.008,,,1.82,0.375,76.0,1.5,,,,,0.0,,,,,,,,,,,,,,,0.0,,,,,,,,,,0.0,,,,
47990,"Baked beans, canned in tomato sauce",baked beans canned in tomato sauce,0,16,Legumes and Legume Products,23,McCance and Widdowson's,0.24,42.0,88.0,272.0,0.6,0.06,3.4,10.2,0.97,0.05,,,,72.8,4.8,0.0,0.0,0.7,0.01,,,30.0,471.0,0.0,0.8,0.0,0.6,2.5,0.0,,0.0,,,0.0,,0.0,0.0,0.0,,5.0,0.5,81.0,4.9,261.0,23.0,0.0,0.35,2726.0,0.03,,,0.0,0.0,0.0,0.0,0.0,,0.0,0.13,,,,,,0.001,0.0,0.0,0.0,0.0,0.0,0.0,0.0,0.0,15.0,1.42,0.21,0.13,0.09,0.06,0.27,,,,3.0,0.33,,4.0,,,,,,,,,343.0,,0.0,0.0,0.0,0.0,0.0,0.0,0.0,0.0,0.0,0.0,0.0,,0.07,0.01,0.14,0.0,,,,0.11,29.0,,,0.13,0.06,0.0,0.0,0.14,0.0,0.0,0.0,,,,,,,,,,,0.0,,,,,,,,0.0,,,,,,
47991,"Baked beans, canned in tomato sauce, reduced sugar, reduced salt",baked beans canned in tomato sauce reduced sugar reduced salt,0,16,Legumes and Legume Products,23,McCance and Widdowson's,0.24,42.0,88.0,272.0,0.6,0.06,1.9,10.2,,,,,,72.8,3.3,,0.0,0.7,,,,30.0,340.0,0.0,0.8,0.0,0.6,2.5,0.0,,0.0,,,0.0,,0.0,,0.0,,5.0,0.5,75.0,4.9,190.0,,,0.35,,0.03,,,0.0,0.0,0.0,0.0,0.0,,0.0,0.13,,,,,,0.001,0.0,0.0,0.0,0.0,0.0,0.0,0.0,0.0,13.5,1.42,0.21,0.13,0.09,0.06,0.27,,,,3.0,0.33,,4.0,,,,,,,,,320.0,,0.0,0.0,0.0,0.0,0.0,0.0,0.0,0.0,0.0,0.0,0.0,,0.07,0.01,0.14,0.0,,,,0.11,29.0,,,0.13,0.06,0.0,0.0,0.14,0.0,0.0,0.0,,,,,,,,,,,0.0,,,,,,,,0.0,,,,,,
178182,Baked potatoes,baked potatoes,0,,,19,My recipes,0.005388601036269429,13.580310880829014,52.093264248704656,545.3575129533679,0.27948186528497404,,0.0,16.414507772020727,,,,,,75.15854922279793,0.5036269430051813,,14.293264248704661,2.361243523316062,,,,2.150259067357513,,,0.0,0.0,0.0,,0.0,0.0,,,,0.0,,0.0,,0.0,,2.006839378238342,3.5907772020725393,104.35492227979273,1.6740932642487047,617.8134715025907,22.564766839378233,,0.6799481865284973,,0.039170984455958555,,,,,,0.00019689119170984454,0.00014507772020725388,,0.005440414507772021,,,,,,,,,,,,,,,0.0,16.986528497409324,0.6580310880829014,0.09581347150259067,0.4171502590673575,0.58139896373057,1.944300518134715,0.7585492227979275,,,,,0.009948186528497407,,2.8756476683937824,,,,,,,,,436.6209948186539,,,,,,,,,,,,0.0012435233160621758,,0.019896373056994814,0.002383419689119171,,,,,0.024352331606217616,0.008290155440414507,33.818652849740936,,,,,,,,,,,,,,,,,,,,,,,,,,,,0.0,,,,,,,
47994,Baking powder,baking powder,0,6,"Soups, Sauces, and Gravies",23,McCance and Widdowson's,0.0,1130.0,8430.0,49.0,2.8,,0.0,37.8,,,,,,6.3,0.0,,0.0,0.0,,,,9.0,29.0,0.0,0.0,0.0,0.0,0.0,0.0,0.0,0.0,,,0.0,,0.0,,0.0,,5.2,0.0,163.0,0.0,11800.0,,,0.0,,0.0,,,,,,,,,0.0,,,,,,,0.001,,,,,,,,0.0,37.8,0.0,0.0,0.0,0.0,0.0,0.0,,,,0.0,0.0,,0.0,,,,,,,,,693.0,,,,,,,,,,,,,,,,,,,,,0.0,0.0,,,,,,,,,,,,,,,,,,,,,,,,,,,,,,,,,,,
713,Banana,banana,1,9,Fruits and Fruit Juices,1,"TCA, INSA 2015",,8.0,25.0,425.0,0.2,,,2.2,,,,,,72.1,19.6,,10.0,0.7,,,,28.0,,,,,,,,0.0,0.0,,,4.0,,0.0,,0.0,14.0,1.6,0.4,95.111257184,3.1,6.0,21000.0,,0.27,,0.07,,,,,,,,,0.0,,,,,,,0.0003,,,,,,,,,21.8,0.4,0.06,0.29,0.1,0.0,0.1,,,,,,,4.0,,,,,,,,,397.945500057856,,,,,,,,,,,,,,,,,,,,0.89,,,,,0.0,,,,,,,,,,,,,,,,,,,,,,,,,,,,,,,,
208266,Banana,banana,1,9,Fruits and Fruit Juices,33,"TCA, INSA 2019",,8.0,25.0,430.0,0.2,,,2.2,,,,,,72.1,19.6,,10.0,0.7,,,,28.0,,,,,,,,0.0,0.0,,,,,0.0,,0.0,,1.6,0.4,104.0,3.1,6.0,21.0,,0.27,,0.07,,,,,,,,,0.0,,,,,,,0.3,,,,,,,,,21.8,0.4,0.06,0.29,0.1,0.0,0.1,,,,,,,4.0,,,,,,,,,441.0,,,,,,,,,,,,,,,,,,,,0.89,,14.0,,,,,,,,,,,,,,,,,,,,,,,,,,,,,,,,,,,
47995,"Banana bread, homemade",banana bread homemade,0,18,Baked Products,23,McCance and Widdowson's,0.19,85.0,150.0,285.0,0.5,,19.9,17.4,,,,,,27.4,36.3,,2.0,0.6,,,,26.0,185.0,,6.4,,7.6,4.1000000000000005,2.2,,0.02,,,,,,,0.2,,4.4,12.4,331.0,,171.0,,,,,0.07,,,,,,,,,30.8,,,,,,,0.0009,,,,,,,,0.0,53.9,1.1,0.11,0.17,3.27,4.42,3.85,,,,,0.49,,,,,,,,,,,1396.0,,,,,,,,,,,,,,,,,,,,,0.32,11.0,,,,,,,,,,,,,,,,,,,,,,,,,,,,,,,,,,,
153549,"Banana, Raw, Large 111g",banana raw large 111g,0,9,Fruits and Fruit Juices,5,My foods,,,,,,,,,,,,,,,,,,,,,,,,,,,,,,,,,,,,,,,,1.44144,0.27027,94.59459,,,,,,,,,,,,,,,,,,,,,,,,,,,,,,,,19.63964,,,,,,,,,,,,,,,,,,,,,,395.78376456,,,,,,,,,,,,,,,,,,,,,,,,,,,,,,,,,,,,,,,,,,,,,,,,,,,,,,,,,
47997,"Bananas, flesh only",bananas flesh only,0,9,Fruits and Fruit Juices,23,McCance and Widdowson's,0.1,6.0,23.0,330.0,0.2,,2.7,2.2,0.01,0.0,,,,75.0,18.1,13.0,9.0,0.7,0.0,,,27.0,109.0,3.0,7.5,0.0,7.9,2.5,0.0,0.0,0.0,,,0.0,,0.0,0.0,0.0,,1.2,0.1,81.0,1.4,0.0,20.0,12.0,0.16,4.0,0.04,,,,,,,,,0.0,,,,,,,0.0002,,,,,,,,0.0,20.3,0.27,0.15,0.31,0.04,0.0,0.04,,,,0.0,0.36,,4.0,,,,,,,,,348.0,,,,,,,,,,,,,,,,,,,,,0.35,14.0,0.06,,,,,,,,,,,,,,,,,,,,,,,,,,,,,,,,,,
3767,"Bananas, raw",bananas raw,0,9,Fruits and Fruit Juices,0,"USDA, 2018",0.078,5.0,22.0,358.0,0.15,0.022,2.39,5.38,0.02,0.01,0.0,0.0,0.0,74.91,12.23,22.0,8.7,0.665,0.0,2.2,0.1,27.0,,,4.85,0.0,4.98,,0.01,0.0,0.0,0.0,0.0,0.0,0.0,0.0,0.0,0.0,0.0,1.09,0.33,89.0,2.6,1.0,26.0,25.0,0.1,0.0,0.073,0.0,0.0,0.0,0.0,0.0,0.001,0.002,20.0,0.0,0.046,0.038,0.152,0.124,0.04,0.077,0.009,0.0,0.0,0.0,0.0,0.0,0.0,0.0,0.0,22.84,0.26,0.031,0.367,0.112,0.032,0.073,0.028,0.028,0.068,1.0,0.27,64.0,3.0,9.8,0.04,0.028,0.049,0.047,0.009,0.049,0.009,371.0,0.0,,,,,,,,,,,0.002,20.0,0.102,0.005,0.027,0.01,0.008,0.05,0.82,0.334,20.0,0.5,0.06,,,,,,,,,,,,,,,16.0,,,,,,,,,,,,,,,,,,
47998,"Bananas, raw, flesh only, weighed with skin",bananas raw flesh only weighed with skin,0,9,Fruits and Fruit Juices,23,McCance and Widdowson's,0.06,4.0,14.0,208.0,0.1,,1.7,1.4,,,,,,47.3,11.4,,5.0,0.5,,,,17.0,69.0,2.0,4.7,0.0,5.0,1.6,0.0,0.0,0.0,,,0.0,,0.0,,0.0,,0.8,0.0,51.0,0.9,0.0,,,0.1,,0.03,,,,,,,,,0.0,,,,,,,0.0002,,,,,,,,0.0,12.8,0.17,0.09,0.2,0.03,0.0,0.03,,,,0.0,0.23,,3.0,,,,,,,,,217.0,,,,,,,,,,,,,,,,,,,,,0.22,9.0,0.04,,,,,,,,,,,,,,,,,,,,,,,,,,,,,,,,,,
48001,Barbecue sauce,barbecue sauce,0,6,"Soups, Sauces, and Gravies",23,McCance and Widdowson's,0.11,17.0,27.0,240.0,0.2,,,6.2,,,,,,61.6,29.9,,3.0,0.4,,,,23.0,970.0,1.0,,0.0,,1.0,0.0,0.0,,,,0.0,,0.0,,0.0,,1.0,0.1,140.0,1.2,630.0,,,0.91,,0.02,,,,,,,,,0.0,,,,,,,0.0001,,,,,,,,0.0,36.1,0.6,0.03,0.04,0.0,0.0,0.1,,,,0.0,0.1,,84.0,,,,,,,,,598.0,,,,,,,,,,,,,,,,,,,,,0.1,5.0,,,,,,,,,,,,,,,,,,,,,,,,,,,,,,,,,,,
48007,"Barley, pearl, boiled",barley pearl boiled,0,11,Vegetables and Vegetable Products,23,McCance and Widdowson's,0.14,7.0,71.0,92.0,0.7,,0.0,27.6,,,,,,69.6,0.0,,0.0,0.5,,,,22.0,41.0,,0.0,,0.0,0.0,0.0,,,,,,,0.0,,0.0,,2.7,0.6,120.0,,1.0,,,0.1,,0.01,,,,,,,,,,,,,,,,0.0008,,,,,,,,0.0,27.6,1.0,0.02,0.04,,,,,,,0.0,0.44,,0.0,,,,,,,,,510.0,,,,,,,,,,,,,,,,,,,,,0.1,3.0,,,,,,,,,,,,,,,,,,,,,,,,,,,,,,,,,,,
60692,Barrita chocolate (Geo Nutricion),barrita chocolate geo nutricion,0,19,Sweets,5,My foods,,,,718.0,,,,,,,,,,,,,,,,,,375.0,,,,,,,,,,,,,,,,,,63.0,6.1,320.0,,,,,,,,,,,,,,,,,,,,,,,,,,,,,,,,52.0,,,,,,,,,,,,,,,,,,,,,,1338.88,,,,,,,,,,,,,,,,,,,,,,,,,,,,,,,,,,,,,,,,,,,,,,,,,,,,,,,,,
48009,"Basil, dried, ground",basil dried ground,0,2,Spices and Herbs,23,McCance and Widdowson's,1.37,2110.0,490.0,3430.0,5.8,,,0.0,,,,,,6.4,,,0.0,6.9,,,,420.0,,,,0.0,,,0.0,,,,,0.0,,0.0,,0.0,,14.4,4.0,251.0,,34.0,,,,,0.32,,,,,,,,,0.0,,,,,,,0.0037,,,,,,,,0.0,43.2,42.0,0.15,,,,,,,,,3.2,,940.0,,,,,,,,,1051.0,,,,,,,,,,,,,,,,,,,,,,0.0,,,,,,,,,,,,,,,,,,,,,,,,,,,,,,,,,,,
1833,"Basil, fresh",basil fresh,1,2,Spices and Herbs,0,"USDA, 2018",0.385,177.0,56.0,295.0,0.81,0.088,0.0,,0.16,0.0,0.0,0.0,0.0,92.06,0.3,5650.0,18.0,0.902,0.0,,0.4,64.0,,,0.02,0.27,0.02,,0.0,0.0,0.0,0.0,0.0,0.0,0.0,0.0,46.0,0.0,0.0,3.15,0.64,23.0,1.6,4.0,3142.0,0.0,0.8,0.0,0.076,0.0,0.0,0.0,0.0,0.0,0.0,0.0,68.0,0.0,0.073,0.122,0.277,0.301,0.132,0.051,0.039,0.0,0.0,0.0,0.0,0.0,0.0,0.0,0.0,2.65,3.17,0.034,0.155,0.041,0.088,0.389,0.104,0.104,0.191,0.3,1.148,5275.0,264.0,11.4,0.099,0.104,0.117,0.127,0.077,0.13,0.028,94.0,0.0,,,,,,,,,,,0.0,68.0,0.036,0.005,0.316,0.0,0.036,0.11,1.49,0.209,68.0,414.8,0.0,,,,,,,,,,,,,,,,,,,,,,,,,,,,,,,,,
48010,"Basil, fresh",basil fresh,1,2,Spices and Herbs,23,McCance and Widdowson's,,250.0,37.0,300.0,0.7,,,0.0,,,,,,88.0,,,26.0,1.1,,,,11.0,,,,0.0,,,0.0,0.0,0.0,,,0.0,,0.0,,0.0,,3.1,0.8,40.0,,9.0,,,,,0.31,,,,,,,,,0.0,,,,,,,,,,,,,,,0.0,5.1,5.5,0.08,,,,,,,,,,,660.0,,,,,,,,,169.0,,,,,,,,,,,,,,,,,,,,,,,,,,,,,,,,,,,,,,,,,,,,,,,,,,,,,,,,,
48011,"Bass, sea, flesh only, baked",bass sea flesh only baked,0,15,Finfish and Shellfish Products,23,McCance and Widdowson's,0.04,31.0,231.0,390.0,0.8,1.67,0.0,0.0,,,,,,69.0,0.0,,0.0,2.6,,,,35.0,100.0,10.0,0.0,,0.0,2.5,0.0,,0.01,,,24.0,,0.0,,2.9,,23.2,6.8,154.0,0.0,80.0,,,0.33,,0.18,,,0.0,0.0,0.0,0.0,0.0,,49.0,0.75,,,,,,0.0049,0.13,0.07,0.52,0.05,0.21,0.35,0.11,0.0,0.0,0.27,0.19,0.14,1.47,2.29,2.09,,,,24.0,0.03,,24.0,,,,,,,,,646.0,,0.02,0.01,0.0,0.03,0.06,0.0,0.05,0.0,0.02,0.0,0.19,,0.94,0.21,0.16,0.26,,,,0.63,4.0,,,0.74,1.66,0.13,0.02,0.15,0.01,0.01,0.03,,,,,,,,,,,0.0,,,,,,,,0.0,,,,,,
48014,"Bass, sea, flesh only, raw, weighed with bones and skin",bass sea flesh only raw weighed with bones and skin,0,15,Finfish and Shellfish Products,23,McCance and Widdowson's,0.03,12.0,174.0,318.0,0.5,,0.0,0.0,,,,,,59.7,0.0,,0.0,2.6,,,,26.0,77.0,7.0,0.0,,0.0,2.2,0.0,0.0,0.02,,,29.0,,0.0,,2.6,,17.2,8.4,144.0,0.0,62.0,,,0.41,,0.17,,,,,,,,,61.0,,,,,,,0.0038,,,,,,,,0.0,0.0,0.23,0.34,0.32,1.86,2.94,2.5,,,,25.0,0.02,,29.0,,,,,,,,,603.0,,,,,,,,,,,,,,,,,,,,,0.63,4.0,,,,,,,,,,,,,,,,,,,,,,,,,,,,,,,,,,,
209081,Batata assada no forno,batata assada no forno,0,11,Vegetables and Vegetable Products,33,"TCA, INSA 2019",,12.0,54.0,580.0,0.3,,,23.2,,,,,,62.9,1.6,,15.9,1.7,,,,21.0,,,,,,,,0.0,0.0,,,,,0.0,,0.0,,3.2,4.8,159.0,2.1,540.0,0.0,,1.82,,0.03,,,,,,,,,0.0,,,,,,,0.77,,,,,,,,,24.8,0.3,0.23,0.51,0.6,2.5,1.6,,,,,,,0.0,,,,,,,,,670.0,,,,,,,,,,,,,,,,,,,,2.25,,35.0,,,,,,,,,,,,,,,,,,,,,,,,,,,,,,,,,,,
638,Batata cozida,batata cozida,1,11,Vegetables and Vegetable Products,1,"TCA, INSA 2015",,9.0,38.0,366.0,0.2,,,17.3,,,,,,77.0,1.2,,11.0,1.3,,,,13.0,,,,,,,,0.0,0.0,,,0.0,,0.0,,0.0,21.0,2.4,0.0,85.313363856,1.6,103.0,0.0,,0.06,,0.02,,,,,,,,,0.0,,,,,,,0.0006,,,,,,,,,18.5,0.2,0.18,0.38,0.0,0.0,0.0,,,,,,,0.0,,,,,,,,,356.951114373504,,,,,,,,,,,,,,,,,,,,0.66,,,,,0.0,,,,,,,,,,,,,,,,,,,,,,,,,,,,,,,,
209082,Batata cozida,batata cozida,1,11,Vegetables and Vegetable Products,33,"TCA, INSA 2019",,9.0,38.0,370.0,0.2,,,17.3,,,,,,77.0,1.2,,11.0,1.3,,,,13.0,,,,,,,,0.0,0.0,,,,,0.0,,0.0,,2.4,0.0,87.0,1.6,100.0,0.0,,0.06,,0.02,,,,,,,,,0.0,,,,,,,0.6,,,,,,,,,18.5,0.2,0.18,0.38,0.0,0.0,0.0,,,,,,,0.0,,,,,,,,,368.0,,,,,,,,,,,,,,,,,,,,0.66,,21.0,,,,,,,,,,,,,,,,,,,,,,,,,,,,,,,,,,,
10240,Batata cozinhada (exceto frita),batata cozinhada exceto frita,0,11,Vegetables and Vegetable Products,3,System groups,,11.8,42.2,426.4,0.22,,,17.06,,,,,,74.08,,,12.0,1.266,,,,14.8,,,,,,,,0.0,0.0304,,,8.2,,0.0,,0.001,24.8,2.42,2.34,105.865042544,1.64,231.8,6200.0,,0.332,,0.024,,,,,,,,,3.4,,,,,,,0.00056,,,,,,,,,18.36,0.24,0.184,0.374,0.62,0.94,0.6,,,,,,,8.2,,,,,,,,,442.939338004096,,,,,,,,,,,,,,,,,,,,1.192,,,,,0.56,,,,,,,,,,,,,,,,,,,,,,,,,,,,,,,,
645,Batata doce assada,batata doce assada,1,11,Vegetables and Vegetable Products,1,"TCA, INSA 2015",,27.0,36.0,389.0,0.3,,,20.4,,,,,,66.9,1.9,,25.0,0.6,,,,16.0,,,,,,,,0.0,0.0,,,650.0,,0.0,,0.0,13.0,1.0,0.0,118.769584976,3.0,23.0,3900000.0,,5.1,,0.0,,,,,,,,,0.0,,,,,,,0.0003,,,,,,,,,28.3,0.4,0.17,0.09,0.0,0.0,0.0,,,,,,,650.0,,,,,,,,,496.931943539584,,,,,,,,,,,,,,,,,,,,0.74,,,,,0.0,,,,,,,,,,,,,,,,,,,,,,,,,,,,,,,,
209084,Batata doce assada,batata doce assada,1,11,Vegetables and Vegetable Products,33,"TCA, INSA 2019",,27.0,36.0,390.0,0.3,,,20.4,,,,,,66.9,1.9,,25.0,0.6,,,,16.0,,,,,,,,0.0,0.0,,,,,0.0,,0.0,,1.0,0.0,123.0,3.0,23.0,3900.0,,5.1,,0.0,,,,,,,,,0.0,,,,,,,0.3,,,,,,,,,28.3,0.4,0.17,0.09,0.0,0.0,0.0,,,,,,,650.0,,,,,,,,,522.0,,,,,,,,,,,,,,,,,,,,0.74,,13.0,,,,,,,,,,,,,,,,,,,,,,,,,,,,,,,,,,,
202891,Batter,batter,0,,,19,My recipes,0.05592233009708738,32.85436893203884,137.6504854368932,401.06796116504853,0.6355339805825243,0.41067961165048544,0.0,36.24174757281553,,,,,,6.680291262135922,0.3718446601941748,,0.0,0.3054368932038835,,,,4.902912621359223,0.2815533980582524,0.6116504854368933,0.0,0.0,0.0,1.941747572815534,0.0,0.0,0.0,,,6.116504854368932,,0.09029126213592233,,0.10689320388349513,36.09708737864078,10.750485436893202,1.8922330097087379,349.6266990291262,2.553398058252427,900.5436893203884,0.0,,0.12203883495145632,,0.09650485436893204,,,0.0,0.0,0.0,0.0,0.0,,48.640776699029125,0.13398058252427184,,,,,,7.766990291262137e-05,,0.016601941747572815,0.005242718446601942,,,0.008155339805825244,,0.0,73.54980582524271,2.8473786407766983,0.04951456310679612,0.06640776699029126,0.4157281553398058,0.4860194174757282,0.2805825242718447,,,,2.545631067961165,0.0016893203883495147,,0.0,,,,,,,,,1462.8381087378632,,,,,,,,,,,,0.004077669902912622,,0.27611650485436895,0.0987378640776699,0.003203883495145631,,,,0.10339805825242718,0.2736893203883495,58.650485436893206,0.03495145631067961,,,,,,,,,,,,,,,,,,,,,,,,,,,0.0,,,,,,,
48015,"Bay leaf, dried",bay leaf dried,0,2,Spices and Herbs,23,McCance and Widdowson's,0.42,830.0,110.0,530.0,3.7,,,0.0,,,,,,5.4,,,0.0,2.0,,,,120.0,,,,0.0,,,0.0,,,,,0.0,,0.0,,0.0,,7.6,8.4,313.0,,23.0,,,,,0.42,,,,,,,,,0.0,,,,,,,0.0019,,,,,,,,0.0,48.6,43.0,0.01,,2.3,1.6,2.3,,,,,8.2,,620.0,,,,,,,,,1312.0,,,,,,,,,,,,,,,,,,,,,,0.0,,,,,,,,,,,,,,,,,,,,,,,,,,,,,,,,,,,
182055,Bazaar Lebanese Bread Wholemeal,bazaar lebanese bread wholemeal,0,20,Cereal Grains and Pasta,5,My foods,,,,,,,,,,,,,,,,,,,,,,,,,,,,,,,,,,,,,,,,9.940119760479043,2.1556886227544907,286.22754491017963,,,,,,,,,,,,,,,,,,,,,,,,,,,,,,,,53.29341317365269,,,,,,,,,,,,,,,,,,,,,,1197.5760479041915,,,,,,,,,,,,,,,,,,,,,,,,,,,,,,,,,,,,,,,,,,,,,,,,,,,,,,,,,
48020,"Beanburger, soya, fried in rapeseed oil",beanburger soya fried in rapeseed oil,0,22,"Meals, Entrees, and Side Dishes",23,McCance and Widdowson's,0.25,67.0,209.0,450.0,0.9,,1.8,9.9,,,,,,57.5,3.7,,5.0,0.8,,,,55.0,331.0,,1.0,0.0,1.0,17.8,0.0,,0.0,,,10.0,,0.3,,0.2,,10.5,10.7,193.0,,201.0,0.0,0.0,2.28,,0.1,,,,,,,,,29.2,,,,,,,0.0019,,,,,,,,0.0,14.5,2.55,0.24,0.19,1.18,4.39,3.87,,,,5.0,0.88,,40.0,,,,,,,,,806.0,,,,,,,,,,,,,,,,,,,,,0.27,39.0,14.74,,,,,,,,,,,,,,,,,,,,,,,,,,,,,,,,,,
6291,"Beans, black turtle, mature seeds, canned",beans black turtle mature seeds canned,0,16,Legumes and Legume Products,0,"USDA, 2018",0.192,35.0,108.0,308.0,0.54,0.025,,,,,,,,75.64,0.23,0.0,2.7,0.62,,,,35.0,,,,,,,,0.0,0.0,0.0,0.0,0.0,0.0,0.0,0.0,0.0,0.0,6.03,0.29,91.0,6.9,384.0,0.0,0.0,0.62,0.0,0.12,0.0,0.0,0.0,0.0,0.0,0.0,0.0,61.0,0.0,0.068,0.244,0.969,0.755,0.274,0.166,0.072,0.0,0.0,0.0,0.0,0.0,0.0,0.0,,16.55,1.9,0.14,0.055,0.075,0.025,0.125,0.222,0.285,0.512,1.3,0.233,4.0,0.0,23.2,0.378,0.345,0.331,0.348,0.143,0.356,0.056,380.744,,,,,,,,,,,,0.0,61.0,0.07,0.004,0.057,0.0,0.079,0.422,1.49,0.184,61.0,2.3,,,,,,,,,,,,,,,,,,,,,,,,,,,,,,,,,,
6495,"Beans, black, mature seeds, canned, low sodium",beans black mature seeds canned low sodium,0,16,Legumes and Legume Products,0,"USDA, 2018",0.192,35.0,108.0,308.0,0.54,0.025,,,,,,,,75.64,0.23,0.0,2.7,0.62,,,,35.0,,,,,,,,0.0,0.0,0.0,0.0,0.0,0.0,0.0,0.0,0.0,0.0,6.03,0.29,91.0,6.9,138.0,0.0,0.0,0.62,0.0,0.12,0.0,0.0,0.0,0.0,0.0,0.0,0.0,61.0,0.0,0.068,0.244,0.969,0.755,0.274,0.166,0.072,0.0,0.0,0.0,0.0,0.0,0.0,0.0,,16.55,1.9,0.14,0.055,0.075,0.025,0.125,0.222,0.285,0.512,1.3,0.233,4.0,0.0,23.2,0.378,0.345,0.331,0.348,0.143,0.356,0.056,380.744,,,,,,,,,,,,0.0,61.0,0.07,0.004,0.057,0.0,0.079,0.422,1.49,0.184,61.0,2.3,,,,,,,,,,,,,,,,,,,,,,,,,,,,,,,,,,
6288,"Beans, black, mature seeds, cooked, boiled, without salt",beans black mature seeds cooked boiled without salt,0,16,Legumes and Legume Products,0,"USDA, 2018",0.209,27.0,140.0,355.0,1.12,0.047,,,,,,,,65.74,0.32,0.0,0.0,0.505,,,,70.0,,,,,,,,0.0,0.0,0.0,0.0,0.0,0.0,0.0,0.0,0.0,0.0,8.86,0.54,132.0,8.7,1.0,0.0,0.0,0.87,0.0,0.059,0.0,0.0,0.0,0.0,0.0,0.0,0.0,149.0,0.0,0.126,0.346,1.351,1.072,0.372,0.247,0.105,0.0,0.0,0.0,0.0,0.0,0.0,0.0,,23.71,2.1,0.244,0.069,0.139,0.047,0.231,0.373,0.391,0.708,1.2,0.444,6.0,0.0,32.6,0.482,0.376,0.549,0.464,0.25,0.479,0.096,552.288,,,,,,,,,,,,0.0,149.0,0.13,0.008,0.105,0.0,0.133,0.608,1.15,0.242,149.0,3.3,,,,,,,,,,,,,,,,,,,,,,,,,,,,,,,,,,
48024,"Beans, blackeye, whole, dried, boiled in unsalted water",beans blackeye whole dried boiled in unsalted water,0,16,Legumes and Legume Products,23,McCance and Widdowson's,0.22,21.0,140.0,320.0,1.1,,0.9,18.0,,,,,,66.2,1.1,,0.0,0.5,,,,45.0,,,0.0,0.0,0.1,7.0,0.0,0.0,0.0,,,0.0,,0.0,,0.0,,8.8,0.7,116.0,,5.0,13.0,0.0,,,0.05,,,,,,,,,0.0,,,,,,,0.0019,,,,,,,,0.0,19.9,1.9,0.19,0.1,0.2,0.1,0.3,,,,3.0,0.5,,2.0,,,,,,,,,494.0,,,,,,,,,,,,,,,,,,,,,0.3,210.0,,,,,,,,,,,,,,,,,,,,,,,,,,,,,,,,,,,
48025,"Beans, blackeye, whole, dried, raw",beans blackeye whole dried raw,0,16,Legumes and Legume Products,23,McCance and Widdowson's,0.75,81.0,410.0,1170.0,3.2,,2.5,47.5,,,,,,10.7,2.9,,1.0,2.1,,,,140.0,,,0.1,0.0,0.2,18.4,0.1,0.0,0.0,,,0.0,,0.0,,0.0,,23.5,1.6,311.0,,16.0,35.0,0.0,,,0.19,,,,,,,,,0.0,,,,,,,0.005,,,,,,,,0.0,54.1,7.6,0.87,0.36,0.5,0.1,0.7,,,,7.0,1.3,,6.0,,,,,,,,,1324.0,,,,,,,,,,,,,,,,,,,,,1.5,630.0,,,,,,,,,,,,,,,,,,,,,,,,,,,,,,,,,,,
48027,"Beans, broad, whole, boiled in unsalted water",beans broad whole boiled in unsalted water,0,16,Legumes and Legume Products,23,McCance and Widdowson's,0.13,18.0,100.0,190.0,0.7,,0.6,4.3,,,,,,82.8,0.9,,20.0,3.0,,,,19.0,14.0,4.0,0.2,0.0,0.1,2.1,0.0,,0.0,,,0.0,,0.0,0.0,0.0,,5.1,0.8,48.0,,20.0,142.0,8.0,0.4,,0.06,,,,,,,,,0.0,,,,,,,0.0008,,,,,,,,0.0,5.6,0.8,0.03,0.08,0.1,0.1,0.4,,,,,0.2,,24.0,,,,,,,,,204.0,,,,,,,,,,,,,,,,,,,,,3.8,32.0,,,,,,,,,,,,,,,,,,,,,,,,,,,,,,,,,,,
48028,"Beans, broad, whole, raw",beans broad whole raw,0,16,Legumes and Legume Products,23,McCance and Widdowson's,0.11,23.0,130.0,310.0,0.9,,0.9,5.4,,,,,,80.3,1.3,,32.0,3.2,,,,24.0,18.0,4.0,0.3,0.0,0.1,2.7,0.0,,,,,0.0,,0.0,0.0,0.0,,5.7,1.0,59.0,,1.0,165.0,9.0,0.46,,0.04,,,,,,,,,0.0,,,,,,,0.0009,,,,,,,,0.0,7.2,0.9,0.04,0.06,0.1,0.1,0.5,,,,,0.2,,28.0,,,,,,,,,247.0,,,,,,,,,,,,,,,,,,,,,4.94,145.0,,,,,,,,,,,,,,,,,,,,,,,,,,,,,,,,,,,
48029,"Beans, butter, canned, re-heated, drained",beans butter canned re heated drained,0,16,Legumes and Legume Products,23,McCance and Widdowson's,0.14,15.0,68.0,290.0,0.6,,1.1,10.9,,,,,,74.0,1.1,,0.0,0.2,,,,27.0,,,0.0,0.0,0.0,,0.0,0.0,0.0,,,0.0,,0.0,,0.0,,5.9,0.5,77.0,,0.0,0.0,0.0,0.33,,0.03,,,,,,,,,0.0,,,,,,,0.0009,,,,,,,,0.0,13.0,1.5,0.05,0.05,0.1,0.0,0.2,,,,3.0,0.3,,0.0,,,,,,,,,327.0,,,,,,,,,,,,,,,,,,,,,,12.0,,,,,,,,,,,,,,,,,,,,,,,,,,,,,,,,,,,
48030,"Beans, butter, dried, boiled in unsalted water",beans butter dried boiled in unsalted water,0,16,Legumes and Legume Products,23,McCance and Widdowson's,0.16,19.0,87.0,400.0,0.9,,1.5,15.6,,,,,,70.5,1.5,,0.0,0.4,,,,38.0,2.0,,0.0,0.0,0.0,,0.0,,,,,0.0,,0.0,,0.0,,7.1,0.6,103.0,,9.0,0.0,0.0,0.4,,0.05,,,,,,,,,0.0,,,,,,,0.0011,,,,,,,,0.0,18.4,1.7,0.16,0.16,0.1,0.0,0.3,,,,,0.5,,0.0,,,,,,,,,437.0,,,,,,,,,,,,,,,,,,,,,0.42,,,,,,,,,,,,,,,,,,,,,,,,,,,,,,,,,,,,
48034,"Beans, chick peas, Kabuli, split, dried, raw",beans chick peas kabuli split dried raw,0,16,Legumes and Legume Products,23,McCance and Widdowson's,1.03,50.0,330.0,990.0,3.6,,2.4,43.8,,,,,,12.2,2.6,,0.0,1.9,,,,110.0,60.0,,0.2,0.0,0.0,,0.0,,,,,0.0,,0.0,,0.0,,22.7,5.4,325.0,,39.0,55.0,0.0,2.88,,0.24,,,,,,,,,0.0,,,,,,,0.003,,,,,,,,0.0,49.6,5.3,0.39,0.53,0.5,1.1,2.7,,,,2.0,1.6,,9.0,,,,,,,,,1379.0,,,,,,,,,,,,,,,,,,,,,1.59,180.0,,,,,,,,,,,,,,,,,,,,,,,,,,,,,,,,,,,
48036,"Beans, chick peas, Kabuli, whole, dried, raw",beans chick peas kabuli whole dried raw,0,16,Legumes and Legume Products,23,McCance and Widdowson's,0.95,160.0,310.0,1000.0,3.0,,2.4,43.8,,,,,,10.0,2.6,,0.0,1.9,,,,130.0,60.0,,0.2,0.0,0.0,,0.0,0.0,0.0,,,0.0,,0.0,,0.0,,21.3,5.4,320.0,,39.0,60.0,0.0,2.88,,0.24,,,,,,,,,0.0,,,,,,,0.0029,,,,,,,,0.0,49.6,5.5,0.39,0.53,0.5,1.1,2.7,,,,2.0,2.4,,10.0,,,,,,,,,1355.0,,,,,,,,,,,,,,,,,,,,,1.59,180.0,8.92,,,,,,,,,,,,,,,,,,,,,,,,,,,,,,,,,,
48032,"Beans, chick peas, canned, re-heated, drained",beans chick peas canned re heated drained,0,16,Legumes and Legume Products,23,McCance and Widdowson's,0.05,43.0,81.0,110.0,0.8,,0.4,15.1,,,,,,67.5,0.4,,0.0,0.2,,,,24.0,,,0.0,0.0,0.0,,0.0,0.0,0.0,,,0.0,,0.0,,0.0,,7.2,2.9,115.0,,0.0,21.0,0.0,1.55,,0.03,,,,,,,,,0.0,,,,,,,0.001,,,,,,,,0.0,16.1,1.5,0.05,0.04,0.3,0.7,1.3,,,,1.0,0.8,,3.0,,,,,,,,,487.0,,,,,,,,,,,,,,,,,,,,,,11.0,,,,,,,,,,,,,,,,,,,,,,,,,,,,,,,,,,,
6296,"Beans, french, mature seeds, cooked, boiled, without salt",beans french mature seeds cooked boiled without salt,0,16,Legumes and Legume Products,0,"USDA, 2018",0.115,63.0,102.0,370.0,0.64,0.051,,,,,,,,66.57,,,1.2,0.546,,,,56.0,,,,,,,,,0.0,,,0.0,0.0,0.0,,0.0,0.0,7.05,0.76,129.0,9.4,6.0,,,,,0.062,,,,,,,,75.0,0.0,0.166,0.275,1.075,0.853,0.296,0.196,0.083,,,,,,,,,24.02,1.08,0.13,0.105,0.083,0.052,0.453,0.297,0.311,0.563,1.2,0.382,3.0,0.0,,0.384,0.299,0.437,0.369,0.199,0.381,0.077,540.0,,,,,,,,,,,,0.002,75.0,0.07,0.009,0.287,0.001,0.106,0.484,1.61,0.222,75.0,,,,,,,,,,,,,,,,,,,,,,,,,,,,,,,,,,,
48038,"Beans, green, boiled in unsalted water",beans green boiled in unsalted water,0,16,Legumes and Legume Products,23,McCance and Widdowson's,0.07,61.0,44.0,304.0,0.4,,0.5,0.9,,,,,,89.6,3.0,,6.0,0.7,,,,28.0,54.0,2.0,1.2,0.0,1.3,0.7,0.0,0.0,0.0,,,0.0,,0.0,0.0,0.0,,2.1,0.3,26.0,4.1,0.0,129.0,28.0,0.26,0.0,0.08,,,,,,,,,0.0,,,,,,,0.0004,,,,,,,,0.0,4.0,1.06,0.08,0.02,0.06,0.0,0.18,,,,1.0,0.37,,24.0,,,,,,,,,108.0,,,,,,,,,,,,,,,,,,,,,0.12,58.0,,,,,,,,,,,,,,,,,,,,,,,,,,,,,,,,,,,
48039,"Beans, green, raw",beans green raw,0,16,Legumes and Legume Products,23,McCance and Widdowson's,0.06,52.0,38.0,286.0,0.4,,0.0,1.0,0.67,0.1,,,,91.3,2.2,,8.0,0.8,0.0,,,25.0,69.0,2.0,1.4,0.0,0.8,1.0,0.0,0.0,0.0,,,0.0,,0.0,147.0,0.0,,2.1,0.4,24.0,3.4,0.0,179.0,0.0,0.44,0.0,0.09,,,,,,,,,0.0,,,,,,,0.0004,,,,,,,,0.0,3.1,1.04,0.12,0.06,0.08,0.0,0.24,,,,1.0,0.31,,42.0,,,,,,,,,102.0,,,,,,,,,,,,,,,,,,,,,0.11,58.0,39.0,,,,,,,,,,,,,,,,,,,,,,,,,,,,,,,,,,
48054,"Beans, red kidney, canned in water, re-heated, drained",beans red kidney canned in water re heated drained,0,16,Legumes and Legume Products,23,McCance and Widdowson's,0.0,71.0,130.0,280.0,0.7,,0.5,13.7,,,,,,70.1,0.6,,0.0,0.6,,,,30.0,,,0.0,0.0,0.1,,0.0,0.0,0.0,,,0.0,,0.0,,0.0,,6.9,0.6,92.0,,0.0,4.0,0.0,0.19,,0.06,,,,,,,,,0.0,,,,,,,0.0011,,,,,,,,0.0,15.7,2.0,0.21,0.11,0.1,0.1,0.3,,,,6.0,0.3,,1.0,,,,,,,,,391.0,,,,,,,,,,,,,,,,,,,,,0.15,15.0,,,,,,,,,,,,,,,,,,,,,,,,,,,,,,,,,,,
48055,"Beans, red kidney, dried, boiled in unsalted water",beans red kidney dried boiled in unsalted water,0,16,Legumes and Legume Products,23,McCance and Widdowson's,0.23,37.0,130.0,420.0,1.0,,0.8,14.5,,,,,,66.0,1.0,,1.0,0.6,,,,45.0,1.0,,0.0,0.0,0.1,,0.0,0.0,0.0,,,0.0,,0.0,,0.0,,8.4,0.5,103.0,,2.0,4.0,0.0,0.2,,0.05,,,,,,,,,0.0,,,,,,,0.0013,,,,,,,,0.0,17.4,2.5,0.17,0.12,0.1,0.0,0.3,,,,6.0,0.5,,1.0,,,,,,,,,440.0,,,,,,,,,,,,,,,,,,,,,0.22,42.0,,,,,,,,,,,,,,,,,,,,,,,,,,,,,,,,,,,
48057,"Beans, runner, boiled in unsalted water",beans runner boiled in unsalted water,0,16,Legumes and Legume Products,23,McCance and Widdowson's,0.01,22.0,21.0,130.0,0.2,,0.5,0.3,,,,,,92.8,2.0,,10.0,0.0,,,,14.0,5.0,0.0,0.9,0.0,0.6,0.5,0.0,0.0,0.0,,,0.0,,0.0,,0.0,,1.2,0.5,18.0,,1.0,120.0,4.0,0.23,,0.02,,,,,,,,,0.0,,,,,,,0.0003,,,,,,,,0.0,2.3,1.0,0.05,0.04,0.1,0.0,0.3,,,,,0.2,,20.0,,,,,,,,,76.0,,,,,,,,,,,,,,,,,,,,,0.04,42.0,26.0,,,,,,,,,,,,,,,,,,,,,,,,,,,,,,,,,,
4456,"Beans, snap, green, frozen, cooked, boiled, drained without salt",beans snap green frozen cooked boiled drained without salt,0,11,Vegetables and Vegetable Products,0,"USDA, 2018",0.059,42.0,29.0,159.0,0.24,0.007,,,0.08,0.01,0.0,0.0,0.0,91.42,1.88,508.0,4.1,0.383,0.0,,0.1,19.0,,,,,,,,0.0,0.0,0.0,0.0,0.0,0.0,0.0,0.0,0.0,0.0,1.49,0.17,28.0,3.0,1.0,224.0,55.0,0.04,0.0,0.09,0.0,0.0,0.0,0.0,0.0,0.0,0.0,23.0,0.0,0.036,0.053,0.153,0.208,0.068,0.028,0.016,0.0,0.0,0.0,0.0,0.0,0.0,0.0,,6.45,0.66,0.035,0.06,0.044,0.008,0.083,0.065,0.054,0.091,0.4,0.288,419.0,21.0,13.5,0.081,0.055,0.06,0.073,0.034,0.054,0.014,117.152,,,,,,,,,,,,0.0,23.0,0.035,0.006,0.047,0.0,0.018,0.072,0.47,0.049,23.0,38.1,0.0,,,,,,,,,,,,,,,,,,,,,,,,,,,,,,,,,
48060,"Beans, soya, dried, raw",beans soya dried raw,0,16,Legumes and Legume Products,23,McCance and Widdowson's,1.55,240.0,660.0,1730.0,4.3,,4.8,4.8,,,,,,8.5,5.5,,0.0,2.2,,,,250.0,7.0,6.0,0.5,0.0,0.2,65.0,0.0,0.0,0.0,,,0.0,,0.0,,0.0,,35.9,18.6,370.0,,5.0,12.0,0.0,2.9,,0.27,,,,,,,,,0.0,,,,,,,0.0057,,,,,,,,0.0,15.8,9.7,0.61,0.38,2.3,3.5,9.1,,,,14.0,2.6,,2.0,,,,,,,,,1551.0,,,,,,,,,,,,,,,,,,,,,0.79,370.0,,,,,,,,,,,,,,,,,,,,,,,,,,,,,,,,,,,
6324,"Beans, white, mature seeds, canned",beans white mature seeds canned,0,16,Legumes and Legume Products,0,"USDA, 2018",0.232,73.0,91.0,454.0,1.12,0.025,,,,,,,,70.1,0.29,0.0,0.0,0.113,,,,51.0,,,,,,,,,0.0,,,0.0,0.0,0.0,0.0,0.0,0.0,7.26,0.29,114.0,4.8,340.0,0.0,0.0,0.79,0.0,0.037,,,,,,,,65.0,0.0,0.067,0.283,1.106,0.878,0.304,0.202,0.086,,,,,,,,,21.2,2.99,0.096,0.075,0.074,0.025,0.123,0.305,0.32,0.579,1.6,0.515,0.0,0.0,,0.395,0.308,0.449,0.38,0.204,0.392,0.079,477.0,,,,,,,,,,,,0.0,65.0,0.069,0.004,0.056,,0.109,0.498,1.15,0.185,65.0,2.9,,,,,,,,,,,,,,,,,,,,,,,,,,,,,,,,,,
6323,"Beans, white, mature seeds, cooked, boiled, without salt",beans white mature seeds cooked boiled without salt,0,16,Legumes and Legume Products,0,"USDA, 2018",0.287,90.0,113.0,561.0,1.38,0.031,,,,,,,,63.08,0.34,0.0,0.0,0.14,,,,63.0,,,,,,,,0.0,0.0,0.0,0.0,0.0,0.0,0.0,0.0,0.0,0.0,9.73,0.35,139.0,6.3,6.0,0.0,0.0,0.94,0.0,0.046,0.0,0.0,0.0,0.0,0.0,0.0,0.0,81.0,0.0,0.083,0.38,1.483,1.176,0.408,0.271,0.115,0.0,0.0,0.0,0.0,0.0,0.0,0.0,,25.09,3.7,0.118,0.093,0.091,0.031,0.152,0.409,0.429,0.776,1.3,0.636,0.0,0.0,35.1,0.529,0.412,0.602,0.509,0.274,0.526,0.106,581.576,,,,,,,,,,,,0.0,81.0,0.085,0.005,0.069,0.0,0.146,0.668,1.75,0.229,81.0,3.5,,,,,,,,,,,,,,,,,,,,,,,,,,,,,,,,,,
74340,Bebida de amêndoa Alpro sem açúcares,bebida de am ndoa alpro sem a cares,0,1,Dairy and Egg Products,5,My foods,,120.0,,,,,,,,,,,,,0.0,,,,,,,,,,,,,,,,,,,,,,,0.38,,0.4,1.1,13.0,0.3,0.0,,,,,,,,,,,,,,,,,,,,,,,,,,,,,0.0,0.0,,,,0.1,,,,,,,,,,,,,,,,,,54.392,,,,,,,,,,,,,,,,,,,,,,,,,,,,,,,,,,,,,,,,,,,,,,,,,,,,,,,,,
125812,Bebida de amêndoa sem açúcar adicionado,bebida de am ndoa sem a car adicionado,0,1,Dairy and Egg Products,5,My foods,,,,,,,,,,,,,,,0.0,,,,,,,,,,,,,,,,,,,,,0.75,,0.38,,0.4,1.1,13.0,0.3,56.0,,,1.8,,0.21,,,,,,,,,,,,,,,,,,,,,,,,,0.0,,,,0.1,0.7,0.3,,,,,,,,,,,,,,,,54.392,,,,,,,,,,,,,,,,,,,,,,,,,,,,,,,,,,,,,,,,,,,,,,,,,,,,,,,,,
59756,Bebida vegetal soja,bebida vegetal soja,0,14,Beverages,5,My foods,,,,,,,,,,,,,,,0.7,,,,,,,,,,,,,,,,,,,,,,,,,3.1,1.7,32.3,0.2,0.02,,,,,,,,,,,,,,,,,,,,,,,,,,,,,,1.0,,,,,,,,,,,,,,,,,,,,,,135.14319999999998,,,,,,,,,,,,,,,,,,,,,,,,,,,,,,,,,,,,,,,,,,,,,,,,,,,,,,,,,
209076,"Bebida à base de soja natural, sem açúcar e sem sal",bebida base de soja natural sem a car e sem sal,0,16,Legumes and Legume Products,33,"TCA, INSA 2019",,18.0,48.0,130.0,0.3,,,0.0,,,,,,93.0,0.2,,0.0,0.1,,,,18.0,,,,,,,,0.0,0.0,,,,,0.0,,0.0,,3.7,2.2,37.0,0.3,30.0,0.0,,0.2,,0.04,,,,,,,,,0.0,,,,,,,0.9,,,,,,,,,0.4,0.4,0.08,0.04,0.4,0.5,1.3,,,,,,,0.0,,,,,,,,,154.0,,,,,,,,,,,,,,,,,,,,0.4,,17.0,,,,,,,,,,,,,,,,,,,,,,,,,,,,,,,,,,,
237621,"Bechamel sauce, prepacked",bechamel sauce prepacked,0,6,"Soups, Sauces, and Gravies",37,"Ciqual 2020, ANSES",0.018,82.3,33.0,126.0,0.27,1.47,0.18,3.1,,,,,,81.3,3.1,,0.5,0.27,,,,7.52,567.0,25.0,0.1,0.1,0.1,,0.1,0.0,,,,64.0,,0.5,,0.17,,2.56,7.4,,1.3,274.0,20.0,,0.17,,0.12,,,0.26,0.16,0.1,0.18,0.22,,30.0,0.46,,,,,,,,0.01,0.01,,,0.01,,2.92,6.2,0.1,0.04,0.045,4.61,1.71,0.49,,,,4.18,0.016,,,,,,,,,,,,,,,,,,,,,,,0.74,,2.16,0.66,0.03,,,,1.12,0.27,16.0,,,,,,,,,,,,,,,,,,,,,,,,,,,,,,,,,,,
80327,Beef Bone Broth,beef bone broth,0,6,"Soups, Sauces, and Gravies",5,My foods,,,,,,,,,,,,,,,,,,,,,,,,,,,,,,,,,,,,,,,,3.75,0.0,16.666666666666668,,,,,,,,,,,,,,,,,,,,,,,,,,,,,,,,0.0,,,,,,,,,,,,,,,,,,,,,,69.73333333333335,,,,,,,,,,,,,,,,,,,,,,,,,,,,,,,,,,,,,,,,,,,,,,,,,,,,,,,,,
428359,"Beef Tartare with Chestnuts, Hazelnuts, crunchy cabbage and marinate egg",beef tartare with chestnuts hazelnuts crunchy cabbage and marinate egg,0,,,19,My recipes,0.15419034090909092,35.727272727272734,156.73295454545456,293.2784090909091,2.066903409090909,4.206008522727273,0.1926136363636364,0.020454545454545454,0.14204545454545456,0.017045454545454548,0.0,0.0028409090909090914,0.0,68.81036931818183,0.8389204545454546,151.9318181818182,7.365056818181819,2.067670454545455,0.016903409090909094,0.4829545454545455,0.17045454545454547,26.690340909090914,699.9772727272729,4.250000000000001,0.2512784090909091,0.0011363636363636365,0.3938920454545455,0.37500000000000006,0.0017045454545454547,0.0,0.06329545454545456,0.0,0.0,45.45454545454546,23.295454545454547,0.7556818181818183,2.556818181818182,1.0028409090909092,0.0,13.204687500000002,8.863778409090909,156.31250000000003,0.9832386363636364,515.8409090909091,7.627840909090909,5.752840909090909,1.1000284090909092,0.0,0.22430397727272727,0.0,0.0,0.0011363636363636365,0.0,0.0011363636363636365,0.0017045454545454547,0.0017045454545454547,31.747159090909093,127.43181818181819,0.9847585227272727,0.17335227272727274,0.7202556818181819,0.5191051136363637,0.26610795454545455,0.11784090909090911,0.06248693181818182,0.0,0.05340909090909091,0.01647727272727273,0.0,0.019332386363636364,0.0037500000000000007,0.009488636363636366,0.0,6.361079545454547,1.9912500000000004,0.10740056818181819,0.3316619318181819,2.0300568181818184,5.013920454545455,1.2028409090909091,0.19526988636363637,0.23021306818181822,0.37768465909090915,11.528409090909092,0.44177556818181823,170.9659090909091,46.66193181818182,87.23295454545455,0.33046875,0.19254261363636369,0.36035511363636363,0.2966903409090909,0.16832386363636365,0.23893465909090914,0.09998579545454547,654.0115,0.02840909090909091,0.012017045454545456,0.0028409090909090914,0.001988636363636364,0.009772727272727273,0.02295454545454546,0.006818181818181819,0.005113636363636364,0.0051136363636363645,0.0065340909090909095,0.0,0.04954545454545455,31.747159090909093,1.3452130681818182,0.5587926136363637,0.03865056818181819,0.07607954545454546,0.1261221590909091,0.3013636363636364,0.714630681818182,0.8511647727272728,38.96875000000001,15.555113636363638,0.023863636363636365,0.6040340909090909,2.765568181818182,0.0,0.0,0.03340909090909091,0.0034090909090909094,0.010000000000000002,0.0075000000000000015,,,6.0852272727272725,0.33579545454545456,0.0528409090909091,0.5681818181818182,1.875,0.0,0.0065340909090909095,0.0008522727272727273,0.0036931818181818185,0.00028409090909090913,0.0034090909090909094,0.007386363636363637,0.05625000000000001,0.0034090909090909094,0.0034090909090909094,,0.0,,,,,,
349599,Beef Tartare with asparagus salad and bio egg cream,beef tartare with asparagus salad and bio egg cream,0,,,19,My recipes,0.07760714285714286,23.299999999999997,168.40714285714287,286.90000000000003,2.7219285714285713,0.6091071428571428,0.024642857142857147,0.0,0.09892857142857144,0.010714285714285714,0.0,0.0017857142857142859,0.0,73.17785714285715,0.3539285714285714,165.89285714285714,1.207142857142857,3.193892857142857,0.0017857142857142859,0.19642857142857145,0.11785714285714284,28.214285714285715,28.99285714285714,5.642857142857143,0.10857142857142857,0.0014285714285714286,0.1442857142857143,0.5642857142857143,0.0,0.0,0.0857857142857143,0.0,0.0,30.642857142857142,14.642857142857142,0.8178571428571428,1.6071428571428572,1.3189285714285715,0.0,16.267142857142858,5.281785714285714,114.93660714285716,0.4592857142857143,1242.8285714285714,49.57142857142857,0.9642857142857142,0.5650000000000001,0.0,0.22364285714285714,0.0,0.0,0.0007142857142857143,0.0,0.0007142857142857143,0.0010714285714285715,0.0,13.964285714285715,103.23007142857142,0.2819642857142857,0.08710714285714286,0.32371428571428573,0.29175,0.14357142857142857,0.06042857142857143,0.035366428571428576,0.0,0.03357142857142857,0.010357142857142858,0.0,0.004821428571428571,0.005642857142857144,0.012535714285714289,0.0,0.6264285714285714,2.2212142857142863,0.08289285714285716,0.35017857142857145,1.7364285714285714,2.4592500000000004,0.6172857142857143,0.10828571428571429,0.12785714285714286,0.20764285714285716,12.142857142857142,0.12621428571428572,177.42857142857142,35.107142857142854,54.17857142857144,0.18475,0.09903571428571428,0.15617857142857142,0.16553571428571429,0.09467857142857143,0.12946428571428573,0.05189285714285715,480.8947642857137,0.01785714285714286,0.0005357142857142857,0.0007142857142857143,0.00125,0.012714285714285716,0.026500000000000003,0.0,0.0032142857142857142,0.002142857142857143,0.004107142857142857,0.0,0.06232142857142859,13.964285714285715,0.9500357142857143,0.47775000000000006,0.009642857142857142,0.03589285714285714,0.07117857142857144,0.17400000000000002,3.0942857142857143,0.7688214285714285,26.450000000000003,5.68,0.010714285714285714,0.3354642857142857,1.4740000000000002,0.0,0.0,0.023357142857142858,0.002142857142857143,0.009571428571428573,0.011285714285714288,,,,,,0.35714285714285715,2.571428571428571,0.0,0.004107142857142857,0.0005357142857142857,0.0023214285714285715,0.00017857142857142857,0.002142857142857143,0.004642857142857143,0.03535714285714286,0.002142857142857143,0.002142857142857143,,,,,,,,
28569,Beef meatballs,beef meatballs,0,13,Beef Products,15,"IFCD, UCC",0.16,14.0,136.0,306.0,2.85,,,0.1,,,,,,88.4,1.5,,3.7,4.65,,,,17.0,,,,,,,,,,,,6.0,,0.37,,1.32,,14.5,7.1,129.0,,168.0,,,0.55,,0.16,,,,,,,,,48.0,,,,,,,,,,,,,,,,1.8,1.24,0.08,0.33,2.8,3.2,0.4,,,,6.0,0.05,,,,,,,,,,,539.74,,,,,,,,,,,,,,,,,,,,,0.73,23.0,,,,,,,,,,,,,,,,,,,,,,,,,,,,,,,,,,,
28690,"Beef stew (vegetables, potato, soup, barley, lentils), homemade",beef stew vegetables potato soup barley lentils homemade,0,22,"Meals, Entrees, and Side Dishes",15,"IFCD, UCC",0.06,28.0,70.0,306.0,1.16,,,7.0,,,,,,79.0,3.8,,8.5,1.22,,,,14.0,,,,,,,,,,,,0.0,,0.12,,0.33,,5.6,1.7,79.0,,228.0,,,0.2,,0.07,,,,,,,,,11.0,,,,,,,,,,,,,,,,11.2,0.9,0.51,0.26,0.5,0.5,0.2,,,,2.0,0.1,,,,,,,,,,,330.54,,,,,,,,,,,,,,,,,,,,,0.32,18.0,,,,,,,,,,,,,,,,,,,,,,,,,,,,,,,,,,,
265890,"Beef tartare with anchovies, gherkins, fried capers, mustard mayonnaise and English Sichuan pepper sauce",beef tartare with anchovies gherkins fried capers mustard mayonnaise and english sichuan pepper sauce,0,,,19,My recipes,0.1264120697784064,75.50542197076851,73.46063177746346,85.48043375766149,1.2463460631777463,0.9047760490334747,0.1157001414427157,0.02451673738802452,0.07171145685997171,0.003017444601603017,0.0,0.0001885902876001886,0.0,80.16454502593116,0.43323903818953324,12.149929278642151,0.3041018387553041,1.23990099009901,0.0001885902876001886,0.05610561056105612,0.020273455917020275,15.351249410655353,368.03394625176804,1.1975483262611974,0.1123998114097124,0.0032531824611032535,0.16694955209806697,0.2923149457802924,0.0023102310231023107,0.0,0.08791607732201791,0.0,0.0,18.18010372465818,1.5464403583215465,0.5886374351720887,0.8062234794908062,0.8987741631305987,0.0,9.495096652522395,7.4262140499764255,110.12430457331448,0.5106082036775107,494.8769448373409,5.923149457802923,0.023573785950023574,0.37652050919377655,0.0,0.09840641206977842,0.0,0.0,7.543611504007545e-05,0.0,7.543611504007545e-05,0.00023102310231023102,4.714757190004715e-05,5.167373880245168,85.5106082036775,0.1103866100895804,0.027152286657237155,0.09977369165487979,0.07452145214521452,0.04096181046676096,0.018203677510608206,0.00752946723243753,0.024893917963224897,0.031475719000471476,0.0010938236680810938,0.0,0.01722772277227723,0.0,0.00017916077322017917,0.007685054219707686,0.8400754361150401,0.764167845355964,0.013833097595473834,0.031211692597831214,1.932804337576615,4.1308161244695905,0.5691640735502121,0.029240924092409245,0.03791136256482792,0.06089580386610089,11.46020744931636,0.1386044318717586,19.25978312116926,18.28099952852428,119.37906647807638,0.04945780292314946,0.032380952380952385,0.042791136256482794,0.04733616218764734,0.027652050919377655,0.03925978312116926,0.0162989156058463,460.7600903347458,0.001885902876001886,0.0028477133427628476,0.003932107496463932,0.00883074021687883,0.014115983026874116,0.04743517208863743,0.00021216407355021216,0.0034747760490334745,0.0002263083451202263,0.000858085808580858,0.0,0.04135785007072136,5.167373880245168,0.42573314474304574,0.2863884959924564,0.02472890146157473,0.055200377180575196,0.02212635549269213,0.05002357378595003,0.8182461103253182,0.25090523338048093,7.085808580858086,1.9702970297029705,0.013201320132013201,0.03731258840169731,0.08214049976426215,0.024893917963224897,0.0012022630834512024,0.01353135313531353,0.002545968882602546,0.0004148986327204149,0.0,,,0.0,0.0,0.0,0.03771805752003772,2.2630834512022635,0.0,0.0005280528052805281,5.6577086280056576e-05,0.00024516737388024514,0.0004431871758604432,0.00034417727487034413,0.0005846298915605846,0.003922677982083922,0.0002263083451202263,0.00034417727487034413,,,0.0,,0.0,0.0,,
48072,"Beef, braising steak, braised, lean and fat",beef braising steak braised lean and fat,0,13,Beef Products,23,McCance and Widdowson's,0.0,8.0,210.0,330.0,8.7,,0.0,0.0,,,,,,53.1,0.0,,0.0,4.9,,,,22.0,61.0,15.0,0.0,0.0,0.0,2.0,0.0,0.0,0.51,,,0.0,,0.7,,3.0,,32.9,12.7,246.0,0.0,60.0,,,0.03,,0.26,,,0.0,0.0,0.0,0.01,,,100.0,,,,,,,0.0075,,,0.0,,,0.0,0.0,0.0,0.0,2.6,0.05,0.33,5.3,5.2,0.8,,,,10.0,0.0,,1.0,,,,,,,,,1029.0,,,,,,,,,,,,,,,,,,,,,0.57,52.0,,,0.63,4.33,0.02,0.0,0.05,0.0,0.0,0.02,,,,,,,,,,,,,,,,,,,,,,,,,
48076,"Beef, braising steak, slow cooked, lean",beef braising steak slow cooked lean,0,13,Beef Products,23,McCance and Widdowson's,0.0,7.0,200.0,260.0,8.5,,0.0,0.0,,,,,,60.0,0.0,,0.0,3.5,,,,20.0,31.0,12.0,0.0,0.0,0.0,2.0,0.0,0.0,0.3,,,0.0,,0.7,,3.0,,31.4,7.9,197.0,,53.0,,,0.04,,0.2,,,,,,,,,90.0,,,,,,,0.007,,,,,,,,0.0,0.0,2.5,0.04,0.28,3.4,3.3,0.5,,,,10.0,0.0,,0.0,,,,,,,,,826.0,,,,,,,,,,,,,,,,,,,,,0.4,49.0,,,,,,,,,,,,,,,,,,,,,,,,,,,,,,,,,,,
235935,"Beef, cheek, raw",beef cheek raw,0,13,Beef Products,37,"Ciqual 2020, ANSES",,,,,2.7,1.35,,,,,,,,73.2,0.0,,,4.67,,,,,,,,,,,,0.0,,,,,,,,7.24,,22.3,5.02,136.0,0.0,71.0,,,,,,,,,,,,0.0035,,,0.23,,,,,,,,,,,,,,,0.4,3.18,,0.15,1.81,1.75,0.51,,,,14.4,,,,,,,,,,,,571.0,,,,,,,,,,,,0.1,,0.87,0.68,0.04,,,,0.19,,,,,,,,,,,,,,,,,,,,,,,,,,,,,,,,,,,,,
8700,"Beef, chuck for stew, separable lean and fat, all grades, raw",beef chuck for stew separable lean and fat all grades raw,0,13,Beef Products,0,"USDA, 2018",0.088,13.0,213.0,367.0,5.43,2.091,,,,,,,,72.51,0.0,0.0,0.0,5.003,,,18.6,21.0,,,,,,,,0.0,0.231,0.0,0.0,2.0,4.0,0.1,0.0,2.3,0.0,21.75,4.48,128.0,0.0,80.0,0.0,0.0,0.17,0.0,0.17,0.0,0.0,0.0,0.0,0.0,0.0,0.0,3.0,64.0,0.247,0.968,3.541,2.002,1.257,0.717,0.249,0.0,0.047,0.0,0.0,0.001,0.002,0.0,,0.16,2.12,0.08,0.567,1.86,2.32,0.3,0.985,0.952,1.8,24.2,0.014,6.0,2.0,71.8,0.854,0.895,1.462,1.006,0.771,0.848,0.231,535.552,,0.0,,0.026,,0.053,0.007,0.0,0.043,,,0.113,3.0,1.022,0.665,0.004,0.159,0.634,1.956,1.11,0.665,3.0,1.5,,0.232,1.862,,,0.004,,,,,,,,,0.1,,,0.231,,,,,0.231,,0.015,,0.164,,0.11,,,,,
48085,"Beef, fillet steak, fried in corn oil, lean",beef fillet steak fried in corn oil lean,0,13,Beef Products,23,McCance and Widdowson's,0.0,6.0,240.0,390.0,5.1,,0.0,0.0,,,,,,62.6,0.0,,0.0,6.2,,,,27.0,56.0,10.0,0.0,0.0,0.0,2.0,0.0,0.0,0.3,,,0.0,,0.6,,2.0,,28.2,7.9,184.0,,68.0,,,,,0.25,,,,,,,,,81.0,,,,,,,0.0063,,,,,,,,0.0,0.0,2.3,0.12,0.59,3.4,2.9,0.9,,,,9.0,0.0,,0.0,,,,,,,,,772.0,,,,,,,,,,,,,,,,,,,,,0.83,16.0,,,,,,,,,,,,,,,,,,,,,,,,,,,,,,,,,,,
48088,"Beef, fillet steak, from steakhouse, lean and fat",beef fillet steak from steakhouse lean and fat,0,13,Beef Products,23,McCance and Widdowson's,0.1,5.0,250.0,410.0,4.4,,0.0,0.0,,,,,,63.5,0.0,,0.0,5.6,,,,32.0,64.0,11.0,0.0,0.0,0.0,2.0,0.0,0.0,0.3,,,0.0,,0.6,,2.0,,28.5,7.8,184.0,,61.0,,,0.08,,0.31,,,,,,,,,81.0,,,,,,,0.0069,,,,,,,,0.0,0.0,3.5,0.14,0.8,3.6,3.1,0.4,,,,9.0,0.02,,0.0,,,,,,,,,773.0,,,,,,,,,,,,,,,,,,,,,1.27,9.0,,,,,,,,,,,,,,,,,,,,,,,,,,,,,,,,,,,
48089,"Beef, fillet steak, grilled, lean",beef fillet steak grilled lean,0,13,Beef Products,23,McCance and Widdowson's,,6.0,250.0,400.0,5.2,,0.0,0.0,,,,,,62.6,0.0,,0.0,6.4,,,,27.0,58.0,11.0,0.0,0.0,0.0,2.0,0.0,0.0,0.2,,,0.0,,0.7,,2.0,,29.1,8.0,188.0,,70.0,,,0.06,,0.26,,,,,,,,,71.0,,,,,,,0.0065,,,,,,,,0.0,0.0,2.3,0.12,0.61,3.6,3.2,0.5,,,,10.0,,,0.0,,,,,,,,,791.0,,,,,,,,,,,,,,,,,,,,,0.85,17.0,,,,,,,,,,,,,,,,,,,,,,,,,,,,,,,,,,,
5343,"Beef, flank, steak, separable lean only, trimmed to 0"" fat, choice, cooked, braised",beef flank steak separable lean only trimmed to 0 fat choice cooked braised,0,13,Beef Products,0,"USDA, 2018",0.124,6.0,267.0,351.0,6.05,4.85,,,,,,,,57.27,0.0,0.0,0.0,4.6,,,14.0,24.0,,,,,,,,0.0,,0.0,0.0,0.0,8.0,0.2,0.0,3.41,0.0,28.02,13.0,237.0,0.0,72.0,0.0,0.0,0.14,0.0,0.19,0.0,0.0,0.0,0.0,0.0,0.01,0.01,9.0,71.0,0.28,1.706,4.206,2.552,1.703,0.894,0.184,0.0,0.02,0.001,0.0,0.01,0.003,0.015,,0.0,3.47,0.14,0.36,5.54,5.44,0.39,1.119,1.275,2.229,30.8,0.019,0.0,0.0,106.7,1.104,1.336,1.812,1.39,0.893,1.107,0.362,992.0,0.0,,,,,,,,,,,0.42,9.0,3.2,1.71,0.09,0.48,0.73,2.368,2.14,0.38,9.0,1.6,,,,,,,,,,,,,,,0.2,,,,,,,,,,,,,,0.294,,,,,
9103,"Beef, ground, 95% lean meat / 5% fat, raw",beef ground 95 lean meat 5 fat raw,0,13,Beef Products,0,"USDA, 2018",0.078,9.0,198.0,346.0,5.09,1.909,,,,,,,,73.24,0.0,0.0,0.0,5.494,,,7.8,22.0,,,,,,,,0.0,0.22,0.0,0.0,4.0,3.0,0.1,0.0,2.24,0.0,21.41,5.0,137.0,0.0,66.0,0.0,0.0,0.17,0.0,0.151,0.0,0.0,0.0,0.0,0.0,0.0,0.005,5.0,62.0,0.185,1.454,3.213,1.93,1.342,0.696,0.109,0.0,0.035,0.0,0.0,0.014,0.0,0.0,,0.0,2.38,0.041,0.392,2.182,1.994,0.257,0.829,0.947,1.671,17.4,0.01,14.0,4.0,70.9,0.858,1.092,1.395,1.053,0.659,0.836,0.221,571.0,,0.009,,0.023,0.023,0.052,,,0.022,,,0.125,5.0,1.156,0.813,0.036,0.154,0.551,1.775,1.05,0.652,5.0,0.3,,,,,,0.029,0.008,,,,,,,,0.1,,,0.22,,,,,0.22,,,,,,0.272,,,,,
81184,"Beef, ground, cooked (average)",beef ground cooked average,0,13,Beef Products,11,"CIQUAL, ANSES",0.08,14.3,195.0,321.0,5.05,5.59,,,,,,,,60.0,0.0,,0.0,5.28,,,,28.6,61.0,6.1,,,,,,0.0,,,,3.0,,0.0,,2.33,,23.8,15.1,231.0,0.0,82.2,0.0,,0.12,,0.18,,,0.0,0.0,0.0,0.00073,0.014,,77.5,0.29,,,,,,,,0.024,0.001,,,0.0032,,,0.0018,2.62,0.046,0.31,6.65,6.23,0.89,,,,2.74,0.054,,,,,,,,,,,962.0,,,,,,,,,,,,0.43,,3.5,2.33,0.053,,,,1.16,0.66,9.03,1.21,,,,,,,,,,,,,,,,,,,,,,,,,,,0.0,,,,,,,
8816,"Beef, ground, unspecified fat content, cooked",beef ground unspecified fat content cooked,0,13,Beef Products,0,"USDA, 2018",0.081,25.0,213.0,353.0,6.19,5.612,,,,,,,,58.69,0.0,0.0,0.0,5.682,,22.3,8.0,22.0,,,,,,,,0.0,,0.0,0.0,7.0,8.0,0.2,0.0,2.73,0.0,25.07,14.53,240.0,0.0,85.0,0.0,0.0,0.43,0.0,0.18,0.0,0.0,0.0,0.0,0.0,0.0,0.011,9.0,84.0,0.34,1.236,4.078,2.421,1.55,0.923,0.281,0.0,0.044,0.001,0.0,0.048,0.003,0.016,,0.62,2.67,0.043,0.38,5.6,6.398,0.486,1.175,1.165,2.141,20.5,0.012,22.0,7.0,81.0,1.024,1.117,1.692,1.252,0.927,1.0,0.252,1006.0,0.0,0.012,0.0,0.114,0.069,0.16,,0.0,0.097,0.0,0.0,0.419,9.0,3.162,1.768,0.049,0.528,0.676,2.371,1.09,0.681,9.0,1.7,,,,,,0.041,0.012,,,,,,,,0.2,,,,,,,,,,,,,,0.402,,,,,
48112,"Beef, mince, raw, extra lean",beef mince raw extra lean,0,13,Beef Products,23,McCance and Widdowson's,0.06,10.0,180.0,290.0,4.4,3.6,0.0,0.0,,,,,,73.4,0.0,,0.0,6.4,,,,19.0,85.0,11.0,0.0,0.0,0.0,1.0,0.0,0.0,0.23,,,0.0,,0.5,,2.0,,21.9,4.2,130.0,,90.0,,,0.18,,0.15,,,0.0,0.0,0.0,0.0,0.0,,37.0,0.2,,,,,,0.004,0.0,0.0,0.0,0.0,0.0,0.0,0.02,0.0,0.0,1.5,0.07,0.42,2.08,2.01,0.18,,,,7.0,0.0,,0.0,,,,,,,,,546.0,,0.0,0.0,0.1,0.1,0.2,0.0,,0.1,0.0,0.0,0.3,,2.2,1.4,0.1,0.3,,,,0.55,16.0,,,0.14,3.24,0.0,0.0,0.06,0.0,0.01,0.02,,,0.0,0.4,0.0,,0.4,,,,0.0,,,,,,,,,,0.0,,,,
23116,"Beef, minced steak, 10% fat, raw",beef minced steak 10 fat raw,0,13,Beef Products,11,"CIQUAL, ANSES",0.072,12.0,184.0,321.0,4.79,,,,,,,,,69.0,0.0,,0.0,5.07,,,,20.0,,6.8,,,,,,0.0,,,,4.0,,0.1,,2.21,,20.0,10.1,171.0,0.0,64.7,0.0,,0.17,,0.15,,,0.0,0.0,0.0,0.0,0.0061,,65.0,0.21,,,,,,,,,0.0,,,0.0,,,0.0,2.24,0.042,0.37,2.88,4.62,0.34,,,,13.9,0.01,,,,,,,,,,,713.0,,,,,,,,,,,,0.21,,1.66,1.0,0.051,,,,0.95,0.6,6.0,0.8,,,,,,,,,,,,,,,,,,,,,,,,,,,0.0,,,,,,,
48116,"Beef, minced, stewed with onions, extra lean",beef minced stewed with onions extra lean,0,22,"Meals, Entrees, and Side Dishes",23,McCance and Widdowson's,0.05,11.0,103.0,179.0,2.4,,0.2,1.6,,,,,,80.3,0.6,,0.0,2.8,,,,12.0,400.0,6.0,0.2,,0.2,0.6,0.0,,0.13,,,0.0,,0.3,,0.8,,12.1,3.6,113.0,0.3,288.0,,,0.39,,0.06,,,,,,,,,19.4,,,,,,,0.0022,,,,,,,,0.0,2.5,0.88,0.04,0.19,1.24,1.8,0.47,,,,4.0,0.03,,0.0,,,,,,,,,471.0,,,,,,,,,,,,,,,,,,,,,0.24,5.0,,,,,,,,,,,,,,,,,,,,,,,,,,,,,,,,,,,
48126,"Beef, rump steak, strips, stir-fried in corn oil, lean",beef rump steak strips stir fried in corn oil lean,0,13,Beef Products,23,McCance and Widdowson's,0.04,7.0,270.0,450.0,5.8,,0.0,0.0,,,,,,57.9,0.0,,0.0,6.8,,,,30.0,64.0,12.0,0.0,0.0,0.0,2.0,0.0,0.0,0.3,,,0.0,,0.7,,3.0,,32.3,8.8,208.0,0.0,78.0,,,0.06,,0.3,,,,,,,,,92.0,,,,,,,0.0072,,,,,,,,0.0,0.0,2.6,0.21,0.73,3.3,3.5,1.2,,,,11.0,0.02,,0.0,,,,,,,,,875.0,,,,,,,,,,,,,,,,,,,,,0.94,5.0,,,,,,,,,,,,,,,,,,,,,,,,,,,,,,,,,,,
48142,"Beef, sirloin steak, grilled medium-rare, lean",beef sirloin steak grilled medium rare lean,0,13,Beef Products,23,McCance and Widdowson's,0.0,7.0,220.0,370.0,4.3,2.9,0.0,0.0,,,,,,63.9,0.0,,0.0,6.9,,,,24.0,57.0,13.0,0.0,0.0,0.0,2.0,0.0,0.0,0.17,,,0.0,,0.5,,2.0,,26.6,7.7,176.0,,65.0,,,0.02,,0.16,,,0.0,0.0,0.0,0.0,0.0,,67.0,0.2,,,,,,0.0057,0.0,0.0,0.0,0.0,0.0,0.01,0.01,0.0,0.0,1.4,0.07,0.58,3.4,3.3,0.3,,,,10.0,0.0,,6.0,,,,,,,,,737.0,,0.0,0.0,0.0,0.1,0.2,0.0,,0.1,0.0,0.0,0.2,,2.0,1.0,0.0,0.3,,,,0.64,14.0,,,0.17,2.75,0.0,0.0,0.05,0.0,0.01,0.02,,,0.0,0.3,0.0,0.0,0.4,,,,0.0,,,,,,,,,,0.0,,,,
48143,"Beef, sirloin steak, grilled medium-rare, lean and fat",beef sirloin steak grilled medium rare lean and fat,0,13,Beef Products,23,McCance and Widdowson's,0.0,7.0,200.0,340.0,3.9,,0.0,0.0,,,,,,58.9,0.0,,0.0,6.1,,,,22.0,54.0,13.0,0.0,0.0,0.0,2.0,0.0,0.0,0.4,,,0.0,,0.4,,2.0,,24.8,12.6,213.0,,60.0,,,0.03,,0.16,,,,,,,,,70.0,,,,,,,0.0051,,,,,,,,0.0,0.0,1.3,0.07,0.53,5.6,5.4,0.4,,,,9.0,0.0,,0.0,,,,,,,,,888.0,,,,,,,,,,,,,,,,,,,,,0.62,15.0,,,,,,,,,,,,,,,,,,,,,,,,,,,,,,,,,,,
48145,"Beef, sirloin steak, grilled rare, lean and fat",beef sirloin steak grilled rare lean and fat,0,13,Beef Products,23,McCance and Widdowson's,0.03,6.0,210.0,340.0,4.3,,0.0,0.0,,,,,,61.7,0.0,,0.0,5.2,,,,23.0,52.0,11.0,0.0,0.0,0.0,2.0,0.0,0.0,0.4,,,0.0,,0.5,,2.0,,25.1,12.8,216.0,,60.0,,,0.07,,0.24,,,,,,,,,74.0,,,,,,,0.0052,,,,,,,,0.0,0.0,2.0,0.1,0.5,5.8,5.6,0.4,,,,8.0,0.02,,0.0,,,,,,,,,900.0,,,,,,,,,,,,,,,,,,,,,0.77,18.0,,,,,,,,,,,,,,,,,,,,,,,,,,,,,,,,,,,
23110,"Beef, steak or beef steak, grilled",beef steak or beef steak grilled,0,13,Beef Products,11,"CIQUAL, ANSES",0.076,7.07,,371.0,5.39,0.83,,,,,,,,69.1,0.0,,,5.15,,,,28.9,61.0,6.0,,,,,,0.0,,,,,,,,2.7,,27.6,1.95,128.0,0.0,63.9,0.0,,,,,,,,,,,,,91.3,0.051,,,,,,,,0.0012,,,,,,,0.0,2.21,,0.46,0.9,0.83,0.055,,,,0.0,0.012,,,,,,,,,,,541.0,,,,,,,,,,,,0.06,,0.64,0.2,0.0032,,,,1.09,,,,,,,,,,,,,,,,,,,,,,,,,,,,,,0.0,,,,,,,
48152,"Beef, stewing steak, pressure cooked, lean",beef stewing steak pressure cooked lean,0,13,Beef Products,23,McCance and Widdowson's,0.04,19.0,220.0,290.0,9.5,,0.0,0.0,,,,,,58.2,0.0,,0.0,3.3,,,,23.0,35.0,13.0,0.0,0.0,0.0,2.0,0.0,0.0,0.2,,,0.0,,0.8,,3.0,,35.1,6.5,199.0,,60.0,,,0.07,,0.19,,,,,,,,,100.0,,,,,,,0.0079,,,,,,,,0.0,0.0,2.8,0.03,0.28,2.4,2.7,0.8,,,,12.0,0.01,,0.0,,,,,,,,,837.0,,,,,,,,,,,,,,,,,,,,,0.42,,,,,,,,,,,,,,,,,,,,,,,,,,,,,,,,,,,,
48164,"Beef, topside, roasted medium-rare, lean and fat",beef topside roasted medium rare lean and fat,0,13,Beef Products,23,McCance and Widdowson's,0.06,5.0,210.0,360.0,5.1,,0.0,0.0,,,,,,57.6,0.0,,0.0,4.9,,,,23.0,54.0,10.0,0.0,0.0,0.0,2.0,0.0,0.0,0.44,,,0.0,,0.4,,2.0,,29.9,11.4,222.0,0.0,62.0,,,0.05,,0.3,,,0.0,0.0,0.0,0.0,,,71.0,,,,,,,0.0059,,,0.0,,,0.02,0.02,0.0,0.0,2.3,0.06,0.5,4.8,5.2,0.5,,,,9.0,0.02,,0.0,,,,,,,,,930.0,,,,,,,,,,,,,,,,,,,,,0.55,15.0,,,0.26,4.21,0.0,0.0,0.07,0.0,0.01,0.04,,,0.0,0.4,0.0,,0.5,,,,,,,,,,,,,,,,,,
5390,"Beef, variety meats and by-products, tripe, raw",beef variety meats and by products tripe raw,0,13,Beef Products,0,"USDA, 2018",0.07,69.0,64.0,67.0,1.42,1.413,,,0.02,0.0,0.0,0.0,0.0,84.16,0.0,0.0,0.0,0.881,0.0,,,13.0,,,,,,,,0.0,0.15,0.0,0.0,0.0,0.0,0.0,0.0,1.39,0.0,12.07,3.69,85.0,0.0,97.0,0.0,0.0,0.09,0.0,0.064,0.0,0.0,0.0,0.0,0.0,0.0,0.0,5.0,122.0,0.116,,,,,,,0.0,0.048,0.0,0.0,0.017,0.0,0.0,,0.0,0.59,0.0,0.014,1.291,1.533,0.18,,,,12.5,0.085,0.0,0.0,194.8,,,,,,,,355.64,,0.004,0.006,0.015,0.024,0.081,,0.005,,0.0,0.0,0.07,5.0,0.643,0.463,0.011,0.088,,,0.55,0.227,5.0,0.0,0.02,,,,,0.007,0.004,,,,,,,,0.0,,,,,,,,,,,,,,,,,,,
48170,"Beetroot, boiled in unsalted water",beetroot boiled in unsalted water,0,11,Vegetables and Vegetable Products,23,McCance and Widdowson's,0.03,29.0,87.0,510.0,0.5,,8.5,0.7,,,,,,82.4,8.8,,5.0,0.1,,,,16.0,80.0,,0.1,0.0,0.2,0.0,0.0,0.0,0.0,,,0.0,,0.0,0.0,0.0,,2.3,0.1,46.0,,90.0,14.0,27.0,0.0,,0.01,,,,,,,,,0.0,,,,,,,0.0003,,,,,,,,0.0,9.5,0.8,0.01,0.04,0.0,0.0,0.1,,,,0.0,0.9,,5.0,,,,,,,,,195.0,,,,,,,,,,,,,,,,,,,,,0.1,110.0,,,,,,,,,,,,,,,,,,,,,,,,,,,,,,,,,,,
48171,"Beetroot, pickled, drained",beetroot pickled drained,0,11,Vegetables and Vegetable Products,23,McCance and Widdowson's,0.04,19.0,17.0,190.0,0.3,,4.4,0.0,,,,,,88.6,5.6,,,0.1,,,,13.0,210.0,,0.6,0.0,0.6,0.0,0.0,0.0,0.0,,,0.0,,0.0,,0.0,,1.2,0.2,28.0,,120.0,0.0,0.0,0.0,,0.03,,,,,,,,,0.0,,,,,,,0.0002,,,,,,,,0.0,5.6,0.5,0.02,0.04,0.0,0.0,0.1,,,,0.0,0.2,,0.0,,,,,,,,,117.0,,,,,,,,,,,,,,,,,,,,,0.1,2.0,,,,,,,,,,,,,,,,,,,,,,,,,,,,,,,,,,,
48172,"Beetroot, raw",beetroot raw,1,11,Vegetables and Vegetable Products,23,McCance and Widdowson's,0.02,20.0,51.0,380.0,0.4,,6.7,0.6,,,,,,87.1,7.0,,5.0,0.1,,,,11.0,59.0,,0.1,0.0,0.2,0.0,0.0,0.0,0.0,,,0.0,,0.0,0.0,0.0,,1.7,0.1,36.0,,66.0,10.0,20.0,0.0,,0.01,,,,,,,,,0.0,,,,,,,0.0003,,,,,,,,0.0,7.6,1.0,0.01,0.03,0.0,0.0,0.1,,,,0.0,0.7,,3.0,,,,,,,,,154.0,,,,,,,,,,,,,,,,,,,,,0.12,150.0,,,,,,,,,,,,,,,,,,,,,,,,,,,,,,,,,,,
81832,"Beetroot, raw",beetroot raw,1,11,Vegetables and Vegetable Products,11,"CIQUAL, ANSES",0.098,22.1,38.1,328.0,0.54,0.026,,,,,,,,86.7,6.76,,6.45,0.27,,,,19.0,,0.5,,,,,,0.0,,,,0.0,,0.0,,0.0,,1.74,0.24,50.6,2.55,60.5,20.0,,0.06,,0.043,,,0.0,0.0,0.0,0.0,0.0,,0.0,0.078,,,,,,,,0.0,0.0,,,0.0,,,9.1,0.7,0.028,0.059,0.038,0.029,0.094,,,,0.2,0.46,,,,,,,,,,,213.0,,,,,,,,,,,,0.0,,0.036,0.0015,0.016,,,,0.94,0.15,100.0,0.2,,,,,,,,,,,,,,,,,,,,,,,,,,,1.74,,,,,,,
163529,Bega Tasty Cheese Grated,bega tasty cheese grated,0,1,Dairy and Egg Products,5,My foods,,,,,,,,,,,,,,,,,,,,,,,,,,,,,,,,,,,,,,,,24.2,35.3,411.0,,,,,,,,,,,,,,,,,,,,,,,,,,,,,,,,1.0,,,,,,,,,,,,,,,,,,,,,,1719.624,,,,,,,,,,,,,,,,,,,,,,,,,,,,,,,,,,,,,,,,,,,,,,,,,,,,,,,,,
40962,Beguda ametlla sense sucre - Bebida almendra sin azúcar - Lait amande sans sucre,beguda ametlla sense sucre bebida almendra sin az car lait amande sans sucre,0,14,Beverages,5,My foods,,120.0,,,,,,,,,,,,,0.0,,,,,,,,,,,,,,,,,,,,,0.75,,0.38,,0.4,1.1,13.0,0.3,,,,1.8,,,,,,,,,,,,,,,,,,,,,,,,,,,0.0,,,,0.1,,,,,,,,,,,,,,,,,,54.392,,,,,,,,,,,,,,,,,,,,,,,,,,,,,,,,,,,,,,,,,,,,,,,,,,,,,,,,,
657,Beterraba (raiz) crua,beterraba raiz crua,1,11,Vegetables and Vegetable Products,1,"TCA, INSA 2015",,17.0,25.0,335.0,0.4,,,0.0,,,,,,92.4,3.5,,15.0,0.2,,,,19.0,,,,,,,,0.0,0.0,,,3.0,,0.0,,0.0,109.0,1.0,0.0,17.9229756,2.6,70.0,16000.0,,0.0,,0.02,,,,,,,,,0.0,,,,,,,0.0002,,,,,,,,,3.5,0.8,0.04,0.04,0.0,0.0,0.0,,,,,,,3.0,,,,,,,,,74.9897299104,,,,,,,,,,,,,,,,,,,,0.59,,,,,0.0,,,,,,,,,,,,,,,,,,,,,,,,,,,,,,,,
208994,Beterraba (raiz) crua,beterraba raiz crua,1,11,Vegetables and Vegetable Products,33,"TCA, INSA 2019",,17.0,25.0,340.0,0.4,,,0.0,,,,,,92.4,3.5,,15.0,0.2,,,,19.0,,,,,,,,0.0,0.0,,,,,0.0,,0.0,,1.0,0.0,23.0,2.6,70.0,16.0,,0.0,,0.02,,,,,,,,,0.0,,,,,,,0.2,,,,,,,,,3.5,0.8,0.04,0.04,0.0,0.0,0.0,,,,,,,3.0,,,,,,,,,97.0,,,,,,,,,,,,,,,,,,,,0.59,,110.0,,,,,,,,,,,,,,,,,,,,,,,,,,,,,,,,,,,
36958,Beterraba cozida,beterraba cozida,0,11,Vegetables and Vegetable Products,20,"TCNA, IBGE",0.07,16.0,38.0,305.0,0.35,,,,,,,,,,8.8,,3.6,0.33,,,,23.0,,,,,,,,,,,,,,,,,,1.68,0.18,44.0,2.0,77.0,,,0.04,,0.04,,,,,,,,,,0.06,,,,,,,,,,,,,,,9.96,0.79,0.03,0.07,0.03,0.04,0.06,,,,0.7,0.33,,1.75,,,,,,,,,184.096,,,,,,,,,,,,,,,,0.01,,,,,,80.0,,,,,,,,,,,,,,,,,,,,,,,,,,,,,,,,,,,
67493,"Beverages, Apple juice drink, light, fortified with vitamin C",beverages apple juice drink light fortified with vitamin c,0,,,0,"USDA, 2018",0.01,3.0,9.0,51.0,0.04,0.0,,,,,,,,94.84,4.8,16.0,24.0,0.067,,,,5.0,,,,,,,,0.0,,0.0,0.0,0.0,0.0,0.0,0.0,0.0,0.0,0.0,0.1,22.0,0.0,13.0,0.0,0.0,0.01,0.0,0.015,0.0,0.0,0.0,0.0,0.0,0.0,0.0,0.0,0.0,0.0,,,,,,,0.0,0.0,0.0,0.0,0.0,0.0,0.0,,5.1,0.2,0.004,0.018,0.0,0.0,0.0,,,,0.1,,0.0,0.0,1.8,,,,,,,,92.0,,,,,,,,,,,,0.0,0.0,0.0,0.0,0.0,0.0,,,0.16,,0.0,0.0,,,,,,,,,,,,,,,,,,,,,,,,,,,,,,,,,,
5760,"Beverages, Protein powder whey based",beverages protein powder whey based,0,14,Beverages,0,"USDA, 2018",0.049,469.0,1321.0,500.0,6.18,0.135,,,,,,,,3.44,0.0,0.0,0.0,1.136,,,,195.0,,,,,,,,0.0,0.0,0.0,0.0,0.0,0.0,0.0,0.0,2.45,0.0,78.13,1.56,352.0,3.1,156.0,0.0,0.0,0.0,0.0,2.017,0.0,0.0,0.036,0.012,0.008,0.016,0.009,33.0,16.0,0.264,,,,,,,0.0,0.0,0.0,0.0,0.0,0.0,0.0,,6.25,1.13,0.609,0.607,0.781,0.158,0.299,,,,26.7,,0.0,0.0,224.0,,,,,,,,1472.768,,,,,,,,,,,,0.073,33.0,0.432,0.142,0.034,0.018,,,10.55,5.516,33.0,0.0,,,,,,,,,,,,,,,,,,,,,,,,,,,,,,,,,,
5752,"Beverages, Whey protein powder isolate",beverages whey protein powder isolate,0,14,Beverages,0,"USDA, 2018",1.163,698.0,581.0,872.0,8.72,0.114,,,,,,,,0.86,1.16,0.0,34.9,11.628,,,,233.0,,,,,,,,0.0,0.0,0.0,0.0,872.0,0.0,0.0,0.0,3.49,233.0,58.14,1.16,359.0,0.0,372.0,1.0,0.0,7.85,0.0,0.988,7.85,3.49,0.023,0.008,0.005,0.01,0.006,395.0,12.0,0.018,,,,,,,0.0,0.0,0.0,0.0,0.0,0.0,0.0,,29.07,1.26,0.872,1.163,0.581,0.149,0.021,,,,40.7,1.16,2907.0,872.0,225.0,,,,,,,,1503.0,,,,,,,,,,,,0.046,0.0,0.15,0.06,0.003,0.026,,,10.77,5.814,233.0,46.5,,,,,,,,,,,,,,,,,,,,,,,,,,,,,,,,,,
67488,"Beverages, almond milk, unsweetened, shelf stable",beverages almond milk unsweetened shelf stable,0,,,0,"USDA, 2018",0.02,184.0,9.0,67.0,0.06,0.563,0.81,0.07,0.32,0.13,0.0,0.0,0.0,96.54,0.81,0.0,0.0,0.07,0.12,,0.0,6.0,,,0.0,0.0,0.0,,0.0,0.0,0.0,0.0,0.0,0.0,41.0,1.0,0.0,0.0,0.0,0.4,0.96,15.0,0.2,72.0,0.0,0.0,6.33,0.0,0.01,6.33,0.0,0.0,0.0,0.0,0.0,0.0,1.0,0.0,0.252,,,,,,,0.0,0.0,0.0,0.0,0.0,0.0,0.0,0.0,1.31,0.28,0.0,0.0,0.08,0.59,0.24,,,,0.1,0.04,0.0,0.0,3.1,,,,,,,,65.0,0.1,0.001,0.0,0.0,0.002,0.0,0.0,0.0,0.001,0.0,0.0,0.003,1.0,0.066,0.019,0.0,0.005,,,0.79,0.01,1.0,0.0,0.0,0.252,0.563,0.0,0.0,0.0,0.0,0.0,,0.0,,,,,1.0,,0.0,0.0,0.0,0.0,0.0,0.0,0.0,0.005,0.0,0.0,,,,,0.0,0.0,,
5833,"Beverages, chocolate-flavor beverage mix, powder, prepared with whole milk",beverages chocolate flavor beverage mix powder prepared with whole milk,0,,,0,"USDA, 2018",0.082,95.0,88.0,172.0,0.48,0.829,,,,,,,,80.79,,0.0,0.1,0.142,,,,18.0,,,,,,,,0.0,,3.0,104.0,26.0,,,0.0,0.4,0.0,3.23,3.24,85.0,0.4,58.0,5.0,0.0,0.06,0.0,0.18,,,0.068,0.068,0.068,0.068,0.07,5.0,9.0,0.117,0.079,0.628,0.241,0.105,0.073,0.072,0.0,0.0,0.0,0.0,0.0,0.0,0.0,,11.96,0.3,0.043,0.034,1.86,0.829,0.186,0.14,0.16,0.257,3.6,0.064,93.0,26.0,,0.107,0.322,0.082,0.19,0.148,0.146,0.018,356.0,,0.0,0.0,0.0,0.0,0.0,0.0,,,,,0.272,5.0,0.825,0.421,0.068,0.001,0.071,0.14,0.78,0.336,5.0,0.3,,,,,,,,,,,,,,,,,,,,,,,,,,,,0.0,,,,,,
5846,"Beverages, coffee, brewed, prepared with tap water",beverages coffee brewed prepared with tap water,0,14,Beverages,0,"USDA, 2018",0.002,2.0,3.0,49.0,0.02,0.0,0.0,,0.01,0.0,0.0,0.0,0.0,99.39,0.0,0.0,0.0,0.191,0.0,90.7,,3.0,,,0.0,0.0,0.0,,0.0,0.0,0.0,40.0,0.0,0.0,0.0,0.0,0.0,0.0,0.0,0.12,0.02,1.0,0.0,2.0,0.0,0.0,0.01,0.0,0.076,0.0,0.0,0.0,0.0,0.0,0.0,0.0,2.0,0.0,0.001,0.004,0.02,0.005,0.003,0.002,0.0,0.0,0.0,0.0,0.0,0.0,0.0,0.0,0.0,0.0,0.01,0.014,0.001,0.002,0.015,0.001,0.001,0.002,0.005,0.0,0.023,0.0,0.0,2.6,0.001,0.004,0.001,0.003,0.002,0.003,0.002,2.0,,0.0,0.0,0.0,0.0,0.0,0.0,0.0,0.0,0.0,0.0,0.0,2.0,0.002,0.0,0.0,0.0,0.0,0.001,0.35,0.254,2.0,0.1,0.02,,0.015,,,0.0,0.0,,,,,,,,,,,0.0,,,,,0.0,,,,,0.0,,,,,,
5906,"Beverages, tea, herb, other than chamomile, brewed",beverages tea herb other than chamomile brewed,0,,,0,"USDA, 2018",0.015,2.0,0.0,9.0,0.04,0.0,,,,,,,,99.7,0.0,0.0,0.0,0.0,,,,1.0,,,,,,,,0.0,0.0,0.0,0.0,0.0,0.0,0.0,0.0,0.0,0.0,0.0,0.0,1.0,0.0,1.0,0.0,0.0,0.0,0.0,0.004,0.0,0.0,0.0,0.0,0.0,0.0,0.0,1.0,0.0,0.0,,,,,,,0.0,0.0,0.0,0.0,0.0,0.0,0.0,,0.2,0.08,0.01,0.0,0.002,0.001,0.005,,,,0.0,0.044,0.0,0.0,0.4,,,,,,,,4.184,,,,,,,,,,,,0.0,1.0,0.0,0.0,0.0,0.0,,,0.0,0.011,1.0,0.0,,,,,,,,,,,,,,,,,,,,,,,,,,,,,,,,,,
5916,"Beverages, water, tap, drinking",beverages water tap drinking,0,14,Beverages,0,"USDA, 2018",0.01,3.0,0.0,0.0,0.01,0.0,,,,,,,,99.9,0.0,0.0,0.0,0.0,,71.2,,1.0,,,,,,,,0.0,0.0,0.0,0.0,0.0,0.0,0.0,0.0,0.0,0.0,0.0,0.0,0.0,0.0,4.0,0.0,0.0,0.0,0.0,0.0,0.0,0.0,0.0,0.0,0.0,0.0,0.0,0.0,0.0,0.0,,,,,,,0.0,0.0,0.0,0.0,0.0,0.0,0.0,,0.0,0.0,0.0,0.0,0.0,0.0,0.0,,,,0.0,0.0,0.0,0.0,0.0,,,,,,,,0.0,,,,,,,,,,,,0.0,0.0,0.0,0.0,0.0,0.0,,,0.1,0.0,0.0,0.0,,,,,,,,,,,,,,,,,,,,,,,,,,,,,,,,,,
174,"Bife de vaca (acém, alcatra ou lombo) grelhado",bife de vaca ac m alcatra ou lombo grelhado,1,17,"Lamb, Veal, and Game Products",1,"TCA, INSA 2015",,11.0,183.0,392.0,4.6,,,0.0,,,,,,65.4,0.0,,0.0,5.4,,,,27.0,,,,,,,,0.0,0.3,,,0.0,,0.6,,2.0,18.0,26.4,6.4,163.17765228503,0.0,188.0,0.0,,0.03,,0.18,,,,,,,,,81.0,,,,,,,0.0056,,,,,,,,,0.0,1.7,0.1,0.52,2.7,2.7,0.4,,,,,,,0.0,,,,,,,,,682.7352971605656,,,,,,,,,,,,,,,,,,,,1.8,,,,,0.1,,,,,,,,,,,,,,,,,,,,,,,,,,,,,,,,
207939,"Bife de vaca (acém, alcatra ou lombo) grelhado",bife de vaca ac m alcatra ou lombo grelhado,1,17,"Lamb, Veal, and Game Products",33,"TCA, INSA 2019",,11.0,180.0,390.0,4.6,,,0.0,,,,,,65.4,0.0,,0.0,5.4,,,,27.0,,,,,,,,0.0,0.3,,,,,0.6,,2.0,,26.4,6.4,163.0,0.0,190.0,0.0,,0.03,,0.18,,,,,,,,,81.0,,,,,,,5.6,,,,,,,,,0.0,1.7,0.1,0.52,2.7,2.7,0.4,,,,,,,0.0,,,,,,,,,686.0,,,,,,,,,,,,,,,,,,,,1.8,,18.0,,,,,,,,,,,,,,,,,,,,,,,,,,,,,,,,,,,
27645,"Biscuits or cookies, semi-sweet",biscuits or cookies semi sweet,0,18,Baked Products,14,"FCDBE, IEO",,22.0,157.0,140.0,0.6,,,66.9,,,,,,2.2,18.5,,0.0,0.5,,,,,,,,,,,,0.0,,,,,,0.0,,,,6.6,7.9,417.75,5.7,410.0,,,1.4,,0.19,,,,,,,,,128.0,,,,,,,,,,,,,,,,85.4,0.9,0.08,0.06,3.06,2.96,1.22,,,,,,,,,,,,,,,,1747.87,,,,,,,,,,,,,,,,,,,,,,13.0,,,,,,,,,,,,,,,,,,,,,,,,,,,,,,,,,,,
27636,"Biscuits or cookies, wholemeal",biscuits or cookies wholemeal,0,18,Baked Products,14,"FCDBE, IEO",,110.0,340.0,390.0,2.8,,,42.5,,,,,,3.0,17.0,,1.0,4.9,,,,,,,,,,,,0.0,,,,74.0,,0.46,,,,8.5,19.5,432.625,8.0,314.0,28.0,,1.76,,0.16,,,,,,,,,9.0,,,,,,,,,,,,,,,,59.5,3.5,0.34,0.36,5.96,8.0,4.26,,,,,,,79.0,,,,,,,,,1810.1,,,,,,,,,,,,,,,,,,,,,,27.0,,,,,,,,,,,,,,,,,,,,,,,,,,,,,,,,,,,
48223,"Biscuits, digestive, plain",biscuits digestive plain,0,23,Snacks,23,McCance and Widdowson's,0.21,95.0,119.0,215.0,0.9,10.12,17.5,48.1,,,,,,2.8,17.5,,0.0,1.9,,,,31.0,360.0,0.0,0.0,0.0,0.0,3.5,0.0,0.0,0.01,,,0.0,,0.0,,0.0,,6.2,21.3,463.0,3.8,561.0,,,5.32,,0.02,,,0.0,0.0,0.01,0.0,0.04,,2.4,2.19,,,,,,0.0012,0.0,0.0,0.01,,0.05,0.01,0.0,0.0,65.6,1.8,0.12,0.07,7.71,10.19,2.28,,,,4.0,0.91,,0.0,,,,,,,,,1943.0,,0.07,0.06,0.0,0.01,0.02,0.03,0.0,0.0,0.0,,0.14,,6.5,0.81,0.06,0.04,,,,0.48,11.0,1.51,,2.19,10.1,0.0,0.0,0.06,0.0,0.0,0.0,,,,,,,,,,,0.0,,,,,,,,0.0,,,,,,
48228,"Biscuits, ginger nuts",biscuits ginger nuts,0,23,Snacks,23,McCance and Widdowson's,0.1,43.0,68.0,154.0,0.5,5.88,22.6,44.0,,,,,,3.3,31.3,,0.0,0.9,,,,18.0,360.0,0.0,2.4,0.0,3.0,3.5,3.3,0.0,0.01,,,0.0,,0.0,,0.0,,4.8,15.7,443.0,2.2,429.0,,,2.1,,0.03,,,0.0,0.0,0.01,0.01,0.06,,2.6,1.68,,,,,,0.0011,0.0,0.0,,,0.03,0.0,0.0,0.0,75.3,1.5,0.1,0.07,7.26,5.93,1.73,,,,2.0,0.68,,,,,,,,,,,1867.0,,0.05,0.01,0.0,0.01,0.02,0.01,0.0,0.0,0.0,0.0,0.15,,6.29,0.64,0.05,0.03,,,,0.48,11.0,1.6,,1.68,5.87,0.0,0.0,0.05,0.0,0.0,0.0,,,,,,,,,,,0.0,,,,,,,,0.0,,,,,,
48233,"Biscuits, oat based, chocolate, half coated",biscuits oat based chocolate half coated,0,23,Snacks,23,McCance and Widdowson's,0.29,80.0,216.0,297.0,1.3,,29.4,30.8,,,,,,2.7,33.1,,0.0,1.3,,,,59.0,205.0,12.0,0.7,,0.9,7.4,0.0,0.0,0.05,,,16.0,,0.0,,0.5,,6.6,24.9,489.0,6.0,271.0,,,4.72,,0.23,,,,,,,,,12.5,,,,,,,0.0018,,,,,,,,2.2,63.9,2.13,0.17,0.16,9.0,11.98,2.59,,,,4.0,1.71,,17.0,,,,,,,,,2054.0,,,,,,,,,,,,,,,,,,,,,0.63,12.0,,,,,,,,,,,,,,,,,,,,,,,,,,,,,,,,,,,
176472,Black Beans in Water (drained & cooked),black beans in water drained cooked,0,16,Legumes and Legume Products,5,My foods,,,,,,,,15.3,,,,,,,0.7,,,,,,,,,,,,,,,,,,,,,,,,,10.0,0.5,127.0,9.9,12.0,,,,,,,,,,,,,,0.0,,,,,,,,,,,,,,,,16.0,,,,0.1,0.1,0.1,,,,,,,,,,,,,,,,531.368,,,,,,,,,,,,,,,,,,,,,,,,,,,,,,,,,,,,,,,,,,,,,,,,,,,,,,,,,
237698,"Black pepper, powder",black pepper powder,0,2,Spices and Herbs,37,"Ciqual 2020, ANSES",1.0,480.0,170.0,1600.0,0.99,2.06,0.02,,,,,,,9.0,0.64,,0.5,0.46,,,,190.0,300.0,20.0,0.23,0.15,0.24,,0.0,0.0,,,,0.0,,0.25,,0.0,,13.3,7.5,330.0,25.7,14.2,608.0,,1.93,,0.01,,,0.01,0.01,0.01,0.01,0.19,,0.0,1.54,,,,,,,,0.01,0.01,,,0.01,,0.0,39.5,17.0,0.12,0.23,2.9,2.06,2.17,,,,20.0,15.0,,,,,,,,,,,1380.0,,,,,,,,,,,,0.22,,1.65,0.46,0.63,,,,4.99,1.82,21.8,,,,,,,,,,,,,,,,,,,,,,,,,,,,,,,,,,,
21824,"Black, pepper",black pepper,0,2,Spices and Herbs,9,"BEDCA, UGR",0.00113,437.0,173.0,1259.0,1.42,,,,,,,,,85.8,,,21.0,,,,,194.0,,,,,,,,,,,,,,,,0.0,,10.9,3.3,229.13,26.5,44.0,,,1.03,,0.24,,,,,,,,,0.0,,,,,,,,,,,,,,,,38.31,28.86,0.11,,,,,,,,3.1,5.63,,19.0,,,,,,,,,958.67,,,,,,,,,,,,,,,,,,,,,,,,,,,,,,,,,,,,,,,,,,,,,,,,,,,,,,,,,
27096,Blackberries,blackberries,0,9,Fruits and Fruit Juices,14,"FCDBE, IEO",,63.0,24.0,210.0,0.24,,,0.0,,,,,,82.0,5.7,,20.0,0.4,,,,,,,,,,,,0.0,,,,0.0,,0.0,,,,1.3,,26.575,7.3,4.0,100.0,,2.84,,0.04,,,,,,,,,0.0,,,,,,,,,,,,,,,,5.7,0.9,0.03,0.06,0.0,0.0,0.0,,,,,,,17.0,,,,,,,,,111.19,,,,,,,,,,,,,,,,,,,,,,41.0,,,,,,,,,,,,,,,,,,,,,,,,,,,,,,,,,,,
48249,"Blackberries, raw",blackberries raw,0,9,Fruits and Fruit Juices,23,McCance and Widdowson's,0.11,41.0,31.0,160.0,0.2,,0.0,0.0,2.9,2.75,,,,85.0,5.1,,15.0,0.5,0.0,,,23.0,22.0,,2.6,,2.5,0.4,0.0,0.0,0.0,,,0.0,,0.0,0.0,0.0,,0.9,0.2,25.0,,2.0,78.0,4.0,2.37,,0.05,,,,,,,,,0.0,,,,,,,0.0001,,,,,,,,0.0,5.1,0.7,0.02,0.05,0.0,0.1,0.1,,,,0.0,1.4,,13.0,,,,,,,,,104.0,,,,,,,,,,,,,,,,,,,,,0.25,34.0,,,,,,,,,,,,,,,,,,,,,,,,,,,,,,,,,,,
48251,"Blackberries, stewed without sugar",blackberries stewed without sugar,0,9,Fruits and Fruit Juices,23,McCance and Widdowson's,0.09,35.0,26.0,140.0,0.2,,0.0,0.0,2.48,2.44,,,,87.2,4.4,,10.0,0.3,0.0,,,19.0,18.0,,2.2,,2.1,0.3,0.0,0.0,0.0,,,0.0,,0.0,0.0,0.0,,0.8,0.2,21.0,,1.0,66.0,3.0,2.03,,0.03,,,,,,,,,0.0,,,,,,,0.0001,,,,,,,,0.0,4.4,0.6,0.01,0.03,0.0,0.1,0.1,,,,0.0,1.2,,11.0,,,,,,,,,88.0,,,,,,,,,,,,,,,,,,,,,0.16,5.0,,,,,,,,,,,,,,,,,,,,,,,,,,,,,,,,,,,
48252,"Blackberry and apple, stewed with sugar",blackberry and apple stewed with sugar,0,9,Fruits and Fruit Juices,23,McCance and Widdowson's,0.06,16.0,14.0,94.0,0.1,,10.5,0.0,,,,,,79.8,15.8,,9.0,0.2,,,,9.0,,,3.6,,1.7,0.5,0.0,0.0,0.0,,,0.0,,0.0,,0.0,,0.4,0.2,63.0,,2.0,,,0.84,,0.02,,,,,,,,,0.0,,,,,,,0.0001,,,,,,,,0.0,15.8,0.3,0.02,0.04,0.03,0.05,0.09,,,,0.0,0.47,,4.0,,,,,,,,,268.0,,,,,,,,,,,,,,,,,,,,,0.06,3.0,,,,,,,,,,,,,,,,,,,,,,,,,,,,,,,,,,,
48253,"Blackberry and apple, stewed without sugar",blackberry and apple stewed without sugar,0,9,Fruits and Fruit Juices,23,McCance and Widdowson's,0.05,17.0,15.0,103.0,0.1,,0.5,0.0,,,,,,88.3,6.4,,13.0,0.2,,,,10.0,,,3.9,,1.9,0.8,0.0,0.0,0.0,,,0.0,,0.0,,0.0,,0.5,0.2,28.0,,2.0,,,0.93,,0.03,,,,,,,,,0.0,,,,,,,0.0001,,,,,,,,0.0,6.4,0.31,0.03,0.05,0.03,0.05,0.1,,,,0.0,0.52,,5.0,,,,,,,,,118.0,,,,,,,,,,,,,,,,,,,,,0.09,15.0,,,,,,,,,,,,,,,,,,,,,,,,,,,,,,,,,,,
3770,"Blackberry juice, canned",blackberry juice canned,0,9,Fruits and Fruit Juices,0,"USDA, 2018",0.114,12.0,12.0,135.0,0.41,0.054,,,,,,,,90.9,7.7,68.0,11.3,0.446,,,,21.0,,,,,,,,0.0,0.0,0.0,0.0,0.0,0.0,0.0,0.0,0.0,0.0,0.3,0.6,38.0,0.1,1.0,74.0,0.0,0.9,0.0,0.018,0.0,0.0,0.0,0.0,0.0,0.0,0.0,10.0,0.0,0.229,,,,,,,0.0,0.0,0.0,0.0,0.004,0.0,0.0,,7.8,0.48,0.012,0.021,0.018,0.058,0.344,,,,0.3,,123.0,6.0,6.6,,,,,,,,158.992,,,,,,,,,,,,0.0,10.0,0.014,0.003,0.115,0.0,,,0.4,,10.0,15.2,,,,,,,,,,,,,,,,,,,,,,,,,,,,,,,,,,
48257,"Blackcurrants, stewed with sugar",blackcurrants stewed with sugar,0,9,Fruits and Fruit Juices,23,McCance and Widdowson's,0.11,47.0,33.0,290.0,0.3,,9.0,0.0,,,,,,72.9,15.0,,115.0,0.2,,,,13.0,11.0,,3.2,,2.8,1.4,0.0,0.0,0.0,,,0.0,,0.0,,0.0,,0.7,0.0,58.0,2.8,2.0,78.0,0.0,0.78,,0.04,,,,,,,,,0.0,,,,,,,0.0001,,,,,,,,0.0,15.0,1.0,0.02,0.05,0.0,0.0,0.0,,,,,0.2,,13.0,,,,,,,,,252.0,,,,,,,,,,,,,,,,,,,,,0.23,,,,,,,,,,,,,,,,,,,,,,,,,,,,,,,,,,,,
48262,Blueberries,blueberries,0,9,Fruits and Fruit Juices,23,McCance and Widdowson's,0.06,10.0,16.0,66.0,0.1,,0.0,0.0,0.54,0.02,,,,85.7,9.1,76.0,6.0,0.3,0.02,,,5.0,53.0,2.0,5.2,0.0,3.9,1.5,0.0,,0.0,,,0.0,,0.0,0.0,0.0,,0.9,0.2,40.0,1.5,2.0,14.0,0.0,0.94,0.0,0.04,,,,,,,,,0.0,,,,,,,0.0002,,,,,,,,0.0,9.1,0.55,0.04,0.01,0.02,0.04,0.11,,,,0.0,0.69,,2.0,,,,,,,,,169.0,,,,,,,,,,,,,,,,,,,,,0.2,8.0,,,,,,,,,,,,,,,,,,,,,,,,,,,,,,,,,,,
3774,"Blueberries, raw",blueberries raw,0,9,Fruits and Fruit Juices,0,"USDA, 2018",0.057,6.0,12.0,77.0,0.16,0.047,0.11,0.03,0.36,0.03,0.0,0.07,0.0,84.21,9.96,80.0,9.7,0.418,0.01,,0.2,6.0,,,4.97,0.0,4.88,,0.0,0.0,0.0,0.0,0.0,0.0,0.0,0.0,0.0,0.0,0.0,0.74,0.33,57.0,2.4,1.0,32.0,0.0,0.57,0.0,0.041,0.0,0.0,0.0,0.0,0.0,0.0,0.0,6.0,0.0,0.088,0.031,0.091,0.057,0.031,0.011,0.003,0.0,0.0,0.0,0.0,0.0,0.0,0.0,0.0,14.49,0.28,0.037,0.052,0.028,0.047,0.146,0.02,0.023,0.044,0.1,0.336,54.0,3.0,6.0,0.022,0.028,0.037,0.031,0.009,0.026,0.008,240.0,0.0,,,,,,,,,,,0.0,6.0,0.017,0.005,0.058,0.002,0.012,0.013,0.24,0.124,6.0,19.3,0.0,,,,,,,,,,,,,,,,,,,,,,,,,,,,,,,,,
608,Bolacha Maria,bolacha maria,0,20,Cereal Grains and Pasta,1,"TCA, INSA 2015",,38.0,128.0,162.0,0.4,,,50.5,,,,,,3.9,21.5,,0.0,1.9,,,,28.0,,,,,,,,0.0,0.1,,,0.0,,0.0,,0.0,13.0,8.4,12.2,436.1257396,2.1,418.0,0.0,,1.4,,0.45,,,,,,,,,30.0,,,,,,,0.0018,,,,,,,,,72.0,1.1,0.65,0.06,5.9,3.4,1.3,,,,,,,0.0,,,,,,,,,1824.7500944864,,,,,,,,,,,,,,,,,,,,1.38,,,,,1.3,,,,,,,,,,,,,,,,,,,,,,,,,,,,,,,,
208174,Bolo de bolacha Maria,bolo de bolacha maria,0,20,Cereal Grains and Pasta,33,"TCA, INSA 2019",,20.0,63.0,73.0,0.3,,,19.1,,,,,,27.5,27.1,,0.0,0.74,,,,12.0,,,,,,,,0.0,0.7,,,,,0.2,,0.05,,3.9,20.7,389.0,0.8,310.0,9.0,,1.03,,0.2,,,,,,,,,76.0,,,,,,,0.88,,,,,,,,,46.3,0.6,0.25,0.05,11.2,5.1,1.1,,,,,,,117.0,,,,,,,,,1630.0,,,,,,,,,,,,,,,,,,,,0.966,,8.1,,,,,,,,,,,,,,,,,,,,,,,,,,,,,,,,,,,
28764,"Bolognese sauce (jarred sauce, red pepper), homemade",bolognese sauce jarred sauce red pepper homemade,0,6,"Soups, Sauces, and Gravies",15,"IFCD, UCC",0.07,18.0,151.0,445.0,3.24,,,0.5,,,,,,58.9,3.8,,34.8,5.02,,,,26.0,,,,,,,,,,,,0.0,,0.56,,1.61,,16.9,15.5,223.0,,230.0,,,0.34,,0.31,,,,,,,,,48.0,,,,,,,,,,,,,,,,4.4,1.48,0.07,0.41,5.9,6.6,1.3,,,,5.6,0.07,,,,,,,,,,,933.03,,,,,,,,,,,,,,,,,,,,,0.41,20.0,,,,,,,,,,,,,,,,,,,,,,,,,,,,,,,,,,,
28676,"Bolognese sauce (turkey mince, tomatoes, peppers, onions), homemade",bolognese sauce turkey mince tomatoes peppers onions homemade,0,6,"Soups, Sauces, and Gravies",15,"IFCD, UCC",0.06,14.0,167.0,407.0,1.38,,,0.1,,,,,,77.0,3.2,,33.1,5.98,,,,25.0,,,,,,,,,,,,0.0,,0.2,,1.35,,16.2,1.2,89.0,,64.0,,,0.73,,0.16,,,,,,,,,47.0,,,,,,,,,,,,,,,,3.7,0.7,0.09,0.56,0.3,0.4,0.3,,,,9.0,0.08,,,,,,,,,,,372.38,,,,,,,,,,,,,,,,,,,,,0.59,21.0,,,,,,,,,,,,,,,,,,,,,,,,,,,,,,,,,,,
48264,"Bolognese sauce (with meat), homemade",bolognese sauce with meat homemade,0,22,"Meals, Entrees, and Side Dishes",23,McCance and Widdowson's,0.05,16.0,104.0,288.0,2.3,,0.4,0.1,,,,,,70.5,2.6,,3.0,3.0,,,,16.0,280.0,6.0,1.1,0.0,1.1,1.1,0.0,0.0,0.45,,,0.0,,0.4,,0.9,,11.8,11.6,161.0,0.7,180.0,,,1.97,,0.08,,,,,,,,,33.4,,,,,,,0.0021,,,,,,,,0.0,2.8,1.13,0.09,0.22,4.2,4.4,1.86,,,,4.0,0.07,,116.0,,,,,,,,,668.0,,,,,,,,,,,,,,,,,,,,,0.28,7.0,,,,,,,,,,,,,,,,,,,,,,,,,,,,,,,,,,,
48265,"Bolognese sauce (with meat), made with extra lean minced beef, homemade",bolognese sauce with meat made with extra lean minced beef homemade,0,22,"Meals, Entrees, and Side Dishes",23,McCance and Widdowson's,0.08,16.0,115.0,305.0,2.5,,0.4,0.1,,,,,,76.9,2.6,,3.0,3.3,,,,17.0,286.0,8.0,1.1,0.0,1.1,1.1,0.0,0.0,0.13,,,0.0,,0.3,,0.9,,13.0,4.9,108.0,0.6,186.0,,,1.97,,0.08,,,,,,,,,20.6,,,,,,,0.0023,,,,,,,,0.0,2.8,1.19,0.09,0.24,1.49,1.66,1.69,,,,4.0,0.07,,116.0,,,,,,,,,452.0,,,,,,,,,,,,,,,,,,,,,0.31,8.0,,,,,,,,,,,,,,,,,,,,,,,,,,,,,,,,,,,
48274,"Brazil nuts, kernel only",brazil nuts kernel only,0,12,Nut and Seed Products,23,McCance and Widdowson's,1.76,170.0,590.0,660.0,4.2,,2.4,0.7,13.87,0.17,,,,2.8,2.4,,0.0,0.3,0.15,,,410.0,57.0,20.0,0.0,,0.0,11.0,0.0,0.0,0.0,,,0.0,,0.0,,0.0,,14.3,68.2,683.0,,3.0,0.0,0.0,7.18,,0.03,,,0.0,0.0,0.0,0.0,,,0.0,,,,,,,0.003,,,0.0,,,0.0,0.0,0.0,3.1,2.5,0.67,0.31,17.41,22.36,25.43,,,,254.0,1.2,,0.0,,,,,,,,,2816.0,,,,,,,,,,,,,,,,,,,,,0.41,21.0,,,25.43,22.1,0.0,0.0,0.0,0.0,0.0,0.0,,,,,,,,,,,,,,,,,,,,,,,,,
48277,"Bread rolls, brown, crusty",bread rolls brown crusty,0,20,Cereal Grains and Pasta,23,McCance and Widdowson's,0.34,100.0,190.0,200.0,1.5,,,48.5,,,,,,30.5,1.9,,0.0,3.8,,,,65.0,614.0,7.0,,,,4.0,,0.0,,,,0.0,,0.0,,0.0,,10.3,2.8,255.0,,380.0,,,0.0,,0.15,,,,,,,,,0.0,,,,,,,0.0028,,,,,,,,0.0,50.4,3.2,0.32,0.2,0.6,0.6,0.7,,,,4.0,1.4,,0.0,,,,,,,,,1085.0,,,,,,,,,,,,,,,,,,,,,0.5,63.0,,,,,,,,,,,,,,,,,,,,,,,,,,,,,,,,,,,
48279,"Bread rolls, malted wheat",bread rolls malted wheat,0,18,Baked Products,23,McCance and Widdowson's,0.18,209.0,138.0,191.0,1.1,,0.0,39.7,,,,,,34.5,3.0,,0.0,2.7,,,,39.0,520.0,8.0,0.6,,0.3,0.7,2.0,0.0,0.04,,,0.0,,0.0,,0.0,,10.0,4.2,238.0,4.4,370.0,,,0.23,,0.09,,,,,,,,,0.0,,,,,,,0.0024,,,,,,,,0.0,42.7,1.9,0.24,0.19,1.08,1.14,1.42,,,,4.0,0.82,,0.0,,,,,,,,,1009.0,,,,,,,,,,,,,,,,,,,,,0.51,78.0,,,,,,,,,,,,,,,,,,,,,,,,,,,,,,,,,,,
48280,"Bread rolls, white, crusty",bread rolls white crusty,0,18,Baked Products,23,McCance and Widdowson's,0.13,177.0,104.0,164.0,0.9,,0.0,52.1,,,,,,29.7,2.7,,0.0,2.0,,,,22.0,540.0,4.0,0.2,,0.0,0.9,2.6,0.0,0.0,,,0.0,,0.0,,0.0,,9.2,2.2,262.0,2.9,400.0,,,0.23,,0.07,,,0.0,0.0,0.0,0.0,0.01,,0.0,,,,,,,0.0022,,,0.0,,,0.0,0.0,0.0,54.9,1.7,0.22,0.03,0.51,0.48,0.72,,,,4.0,0.53,,0.0,,,,,,,,,1116.0,,0.01,0.0,,0.0,0.0,0.0,0.0,,,,0.01,,0.36,0.12,,,,,,0.42,31.0,,,0.65,0.46,0.0,0.0,0.08,0.0,0.0,0.0,,,16.4,6.5,0.5,,,,,,,,,,,,,,0.0,,,,,,
48281,"Bread rolls, white, soft",bread rolls white soft,0,20,Cereal Grains and Pasta,23,McCance and Widdowson's,0.13,184.0,99.0,145.0,0.9,,0.0,48.8,3.35,1.23,,,,35.6,2.6,,0.0,1.8,0.0,,,23.0,660.0,4.0,0.2,,0.2,1.0,2.2,0.0,0.0,,,0.0,,0.0,,0.0,,9.3,2.6,254.0,2.6,400.0,,,0.2,,0.06,,,0.0,0.0,0.0,0.0,0.0,,0.0,,,,,,,0.002,,,0.0,,,0.0,0.0,0.0,51.5,1.5,0.2,0.03,0.62,0.59,0.82,,,,6.0,0.5,,0.0,,,,,,,,,1078.0,,0.01,0.01,,0.0,0.0,0.0,0.0,,,,0.01,,0.42,0.16,,,,,,0.4,27.0,,,0.74,0.56,0.0,0.0,0.1,0.0,0.0,0.0,,,,,,,,,,,,,,,,,,,0.0,,,,,,
48282,"Bread rolls, wholemeal",bread rolls wholemeal,0,18,Baked Products,23,McCance and Widdowson's,0.26,87.0,197.0,248.0,1.7,,0.0,43.5,,,,,,37.2,2.6,,0.0,4.1,,,,61.0,610.0,6.0,0.5,,0.5,6.0,1.7,0.0,0.0,,,0.0,,0.0,,0.0,,10.4,3.3,244.0,5.5,380.0,,,0.3,,0.09,,,,,,,,,0.0,,,,,,,0.0025,,,,,,,,0.0,46.1,2.4,0.3,0.1,0.8,0.9,0.7,,,,7.0,1.54,,0.0,,,,,,,,,1037.0,,,,,,,,,,,,,,,,,,,,,0.6,57.0,,,,,,,,,,,,,,,,,,,,,,,,,,,,,,,,,,,
48286,"Bread, brown, average",bread brown average,0,20,Cereal Grains and Pasta,23,McCance and Widdowson's,0.17,186.0,157.0,216.0,1.3,,0.0,38.7,,,,,,41.2,3.4,30.0,0.0,2.8,,,,45.0,710.0,6.0,0.3,,0.0,3.0,3.0,0.0,0.02,,,0.0,,0.0,,0.0,,7.9,2.0,207.0,5.0,400.0,0.0,0.0,0.01,,0.07,,,0.0,0.0,0.0,0.0,0.0,,0.0,,,,,,,0.0021,,,0.0,,,0.0,0.0,0.0,42.1,2.2,0.22,0.17,0.43,0.43,0.65,,,,4.0,1.14,,0.0,,,,,,,,,882.0,,0.01,0.0,,0.0,0.0,0.0,0.0,,,,0.0,,0.33,0.07,,,,,,0.46,45.0,,,0.58,0.41,0.0,0.0,0.08,0.0,0.0,0.0,,,17.1,5.8,0.9,,,,,,,,,,,,,,0.0,,,,,,
48287,"Bread, brown, toasted",bread brown toasted,0,20,Cereal Grains and Pasta,23,McCance and Widdowson's,0.22,238.0,201.0,277.0,1.7,,0.0,49.6,,,,,,24.6,4.4,,0.0,3.4,,,,58.0,910.0,8.0,0.4,,0.0,3.8,3.8,0.0,0.03,,,0.0,,0.0,,0.0,,10.1,2.6,266.0,6.4,513.0,,,0.01,,0.08,,,,,,,,,0.0,,,,,,,0.0027,,,,,,,,0.0,54.0,2.82,0.24,0.16,0.55,0.55,0.83,,,,5.0,1.46,,0.0,,,,,,,,,1131.0,,,,,,,,,,,,,,,,,,,,,0.44,29.0,,,,,,,,,,,,,,,,,,,,,,,,,,,,,,,,,,,
48288,"Bread, ciabatta",bread ciabatta,0,20,Cereal Grains and Pasta,23,McCance and Widdowson's,0.09,121.0,100.0,152.0,0.7,2.06,0.3,48.9,0.78,0.0,,,,29.2,3.1,,0.0,2.0,0.1,,,22.0,540.0,10.0,0.1,,0.0,1.0,2.7,0.0,0.02,,,0.0,,0.0,,0.0,,10.2,3.9,271.0,3.3,350.0,,,0.47,,0.06,,,0.0,0.0,0.0,0.0,0.0,,0.0,0.78,,,,,,0.0022,0.0,0.0,0.0,0.0,0.02,0.0,0.0,0.0,52.0,1.4,0.24,0.07,0.57,2.11,0.86,,,,19.0,0.6,,0.0,,,,,,,,,1150.0,,0.01,0.01,0.0,0.0,0.0,0.0,0.0,,0.0,,0.0,,0.45,0.09,0.09,0.03,,,,0.4,21.0,,,0.78,2.06,0.0,,0.09,0.0,0.0,0.0,,,19.8,5.6,0.5,,,,,,0.0,,,,,,,,0.0,,0.0,,,,
7137,"Bread, crumbs, dry, grated, plain",bread crumbs dry grated plain,0,,,0,"USDA, 2018",0.255,183.0,165.0,196.0,1.45,1.023,0.0,59.66,0.76,0.18,0.0,1.04,0.0,6.51,6.2,0.0,0.0,6.634,0.04,,,43.0,,,2.46,0.0,1.82,,1.92,0.0,,0.0,0.0,0.0,0.0,0.0,0.0,0.35,82.0,13.35,5.3,395.0,4.5,732.0,0.0,0.0,0.08,0.0,0.403,0.0,0.0,0.0,0.0,0.0,0.0,0.0,164.0,0.0,1.874,0.488,4.123,0.766,0.483,0.296,0.162,0.0,0.0,0.0,0.0,0.0,0.0,0.0,0.0,71.98,4.83,0.967,0.121,1.203,1.023,2.06,0.427,0.544,0.963,25.2,0.919,0.0,0.0,14.6,0.662,1.366,0.552,0.6,0.398,0.655,0.278,1653.0,1.1,0.0,0.0,0.0,0.0,0.0,0.0,,,,,0.0,25.0,0.674,0.529,0.186,0.0,0.232,0.43,2.87,0.552,107.0,6.6,0.01,,,,,,,,,,,,,,,8.0,,,,,,,,,,,,,,,,,,
7378,"Bread, crumbs, dry, grated, seasoned",bread crumbs dry grated seasoned,0,,,0,"USDA, 2018",0.244,182.0,177.0,231.0,1.43,1.168,0.0,54.92,0.85,0.25,0.0,0.87,0.0,6.35,5.74,0.0,2.7,6.161,0.05,,,46.0,,,1.98,0.0,1.72,,2.04,0.0,,0.0,0.0,0.0,0.0,0.0,0.0,0.35,91.0,14.13,5.48,383.0,4.9,2100.0,116.0,0.0,0.26,0.0,0.415,0.0,0.0,0.0,0.0,0.0,0.0,0.0,183.0,1.0,2.084,0.539,4.29,0.767,0.497,0.318,0.171,0.0,0.0,0.0,0.0,0.0,0.0,0.0,0.0,68.49,4.92,0.961,0.171,1.391,1.168,2.3,0.424,0.586,1.007,24.7,0.984,193.0,10.0,14.6,0.72,1.497,0.603,0.723,0.36,0.703,0.235,1604.0,0.0,0.0,0.0,0.0,0.0,0.0,0.0,,,,,0.0,28.0,0.782,0.609,0.216,0.0,0.233,0.446,5.55,0.623,119.0,46.0,0.01,,,,,,,,,,,,,,,,,,,,,,,,,,,,,,,,,
67669,"Bread, french or vienna, whole wheat",bread french or vienna whole wheat,0,,,0,"USDA, 2018",0.188,42.0,159.0,163.0,1.16,0.152,,,,,,,,39.81,0.0,97.0,0.0,3.902,,,,52.0,,,,,,,,0.0,0.0,0.0,0.0,0.0,0.0,0.0,0.0,0.0,50.0,8.33,1.04,239.0,4.2,375.0,2.0,0.0,0.3,0.0,0.252,0.0,0.0,0.0,0.0,0.0,0.0,0.0,131.0,0.0,0.541,,,,,,,0.0,0.0,0.0,0.0,0.004,0.0,0.0,,49.1,0.75,0.522,0.16,0.0,0.18,0.576,,,,31.4,,3.0,0.0,10.4,,,,,,,,1000.0,,0.0,0.0,0.0,0.0,0.0,0.0,0.0,0.0,0.0,0.0,0.0,46.0,0.0,0.0,0.035,0.024,,,1.72,,96.0,0.7,,,,,0.0,,,,,,,,,,,,,,,0.0,,,,,,,,,,0.0,,,,
48289,"Bread, garlic and herb, retail",bread garlic and herb retail,0,20,Cereal Grains and Pasta,23,McCance and Widdowson's,0.08,126.0,88.0,149.0,0.7,4.95,0.0,42.2,,,,,,25.8,2.9,,0.0,1.1,,,,21.0,730.0,3.0,0.2,0.0,0.1,0.6,2.5,0.0,0.31,,,179.0,,0.0,,0.1,,7.0,16.7,348.0,2.7,476.0,53.0,,1.79,,0.13,,,0.28,0.21,0.15,0.3,0.52,,31.2,1.3,,,,,,0.0017,0.02,0.01,0.0,0.0,0.07,0.01,0.01,0.0,45.1,1.57,0.23,0.14,8.63,5.39,1.56,,,,1.0,0.56,,188.0,,,,,,,,,1459.0,,0.04,0.02,0.09,0.19,0.14,0.01,0.01,0.0,0.01,0.0,1.13,,4.43,1.18,0.3,0.19,,,,0.2,11.0,,,1.21,4.64,0.02,0.01,0.3,0.0,0.01,0.01,,,,,,,,,,,0.0,,,,,,,,0.01,,,,,,
48290,"Bread, malt, fruited",bread malt fruited,0,20,Cereal Grains and Pasta,23,McCance and Widdowson's,0.14,104.0,125.0,234.0,0.7,,1.0,42.3,0.18,0.03,,,,24.2,22.6,21.0,0.0,2.4,0.08,,,37.0,408.0,27.0,6.3,,7.4,,7.2,0.0,0.16,,,0.0,,0.0,,0.0,,7.8,2.3,295.0,3.5,246.0,0.0,0.0,0.18,,0.32,,,0.0,0.0,0.0,0.0,0.0,,0.3,,,,,,,0.0019,,,0.0,,,0.0,0.0,0.7,64.9,1.7,0.24,0.11,0.52,1.0,1.01,,,,10.0,0.71,,0.0,,,,,,,,,1256.0,,0.01,0.01,,0.0,0.0,0.01,0.0,,,,0.01,,0.39,0.09,,,,,,,34.0,,,0.88,0.87,0.0,0.0,0.15,0.0,0.0,0.0,,,13.8,4.5,0.6,0.0,,,,,,,,,,,,,0.0,,,,,,
48293,"Bread, naan, retail",bread naan retail,0,20,Cereal Grains and Pasta,23,McCance and Widdowson's,0.09,187.0,299.0,172.0,0.7,,0.0,47.0,1.13,0.05,,,,30.8,3.1,113.0,0.0,3.0,0.08,,,21.0,550.0,,0.8,,0.7,,1.3,0.0,0.09,,,5.0,,0.1,,0.0,,7.8,7.3,285.0,2.9,360.0,11.0,0.0,0.64,,0.05,,,0.01,0.01,0.01,0.01,0.01,,5.0,,,,,,,0.0018,,,0.0,,,0.0,0.0,0.4,50.2,1.6,0.27,,0.97,3.05,2.37,,,,0.0,0.45,,7.0,,,,,,,,,1206.0,,0.03,0.02,,0.01,0.01,0.01,0.01,,,,0.04,,0.63,0.18,,,,,,,15.0,3.8,,1.91,2.92,0.0,0.01,0.46,0.0,0.0,0.0,,,28.4,14.6,0.9,0.12,,,,,,,,,,,,,0.0,,,,,,
7110,"Bread, pita, whole-wheat",bread pita whole wheat,0,18,Baked Products,0,"USDA, 2018",0.29,15.0,180.0,170.0,1.52,0.312,,,,,,,,30.6,2.87,53.0,0.0,2.84,,,,69.0,,,,,,,,0.0,,0.0,0.0,0.0,0.0,0.0,0.0,0.0,0.0,9.8,1.71,262.0,6.1,421.0,4.0,0.0,0.61,0.0,0.08,0.0,0.0,0.0,0.0,0.0,0.0,0.001,35.0,0.0,1.001,0.394,3.153,0.494,0.343,0.226,0.149,0.0,0.003,0.0,0.0,0.0,0.0,0.0,,55.89,3.06,0.339,0.265,0.208,0.349,1.055,0.282,0.367,0.671,44.0,1.74,0.0,0.0,26.5,0.469,1.046,0.455,0.441,0.292,0.47,0.228,1096.0,,,,,,,,,,,,0.004,35.0,0.373,0.022,0.052,0.037,0.153,0.265,2.0,0.831,35.0,1.4,,,,,,,,,,,,,,,,,,,,,,,,,,,,,,,,,,
48294,"Bread, pitta, white",bread pitta white,0,20,Cereal Grains and Pasta,23,McCance and Widdowson's,0.12,138.0,99.0,178.0,0.8,,0.0,52.2,,,,,,31.4,3.0,,0.0,2.2,,,,22.0,640.0,,0.5,0.0,0.5,,2.0,0.0,0.0,,,0.0,,0.0,,0.0,,9.1,1.3,255.0,2.3,400.0,,,,,0.08,,,,,,,,,0.0,,,,,,,0.0022,,,,,,,,0.0,55.1,1.9,0.34,,0.2,0.1,0.5,,,,2.0,0.48,,0.0,,,,,,,,,1084.0,,,,,,,,,,,,,,,,,,,,,,20.0,,,,,,,,,,,,,,,,,,,,,,,,,,,,,,,,,,,
7117,"Bread, reduced-calorie, oat bran, toasted",bread reduced calorie oat bran toasted,0,18,Baked Products,0,"USDA, 2018",0.147,68.0,144.0,122.0,1.19,0.789,,,,,,,,35.7,4.2,48.0,0.0,4.032,,,,55.0,,,,,,,,0.0,,0.0,0.0,0.0,0.0,0.0,0.0,0.0,48.0,9.5,3.8,239.0,14.3,547.0,2.0,0.0,0.33,0.0,0.217,0.0,0.0,0.0,0.0,0.0,0.0,0.002,115.0,0.0,1.865,0.379,2.616,0.627,0.371,0.217,0.123,0.0,0.0,0.0,0.0,0.002,0.0,0.0,,49.2,3.75,0.338,0.087,0.53,0.814,1.988,0.306,0.382,0.673,24.5,1.006,1.0,0.0,16.1,0.466,0.848,0.458,0.433,0.459,0.196,0.16,1000.0,,,,,,,,,,,,0.003,34.0,0.439,0.081,0.122,0.023,0.167,0.346,1.8,0.166,82.0,2.0,,,,,,,,,,,,,,,,,,,,,,,,,,,,,,,,,,
7123,"Bread, rye",bread rye,1,18,Baked Products,0,"USDA, 2018",0.186,73.0,125.0,166.0,1.14,1.296,,,,,,,,37.3,3.85,54.0,0.4,3.805,,51.0,,40.0,,,,,,,,0.0,,0.0,0.0,0.0,0.0,0.0,1.0,0.0,59.0,8.5,3.3,259.0,5.8,603.0,4.0,0.0,0.33,0.0,0.335,0.0,0.0,0.0,0.0,0.0,0.0,0.0,151.0,0.0,0.739,0.302,2.603,0.442,0.299,0.182,0.096,0.0,0.0,0.0,0.0,0.003,0.0,0.0,,48.3,2.83,0.434,0.075,0.626,1.311,0.799,0.255,0.319,0.579,30.9,0.824,7.0,0.0,14.6,0.417,0.909,0.325,0.379,0.213,0.411,0.173,1084.0,,,,,,,,,,,,0.011,51.0,0.385,0.23,0.06,0.012,0.139,0.233,2.5,0.44,110.0,1.2,,,,,,,,,,,,,,,,,,,,,,,,,,,,,,,,,,
27386,"Bread, rye",bread rye,1,18,Baked Products,14,"FCDBE, IEO",,80.0,160.0,190.0,1.3,,,44.0,,,,,,37.4,1.8,,0.0,2.3,,,,,,,,,,,,0.0,,,,0.0,,0.0,,,,8.3,1.7,220.25,5.8,580.0,0.0,,1.2,,0.05,,,,,,,,,0.0,,,,,,,,,,,,,,,,45.8,2.5,0.29,0.09,0.32,0.68,0.41,,,,,,,0.0,,,,,,,,,921.53,,,,,,,,,,,,,,,,,,,,,,24.0,,,,,,,,,,,,,,,,,,,,,,,,,,,,,,,,,,,
48295,"Bread, seeded",bread seeded,0,20,Cereal Grains and Pasta,23,McCance and Widdowson's,0.47,150.0,180.0,226.0,1.5,,,40.0,,,,,,33.0,3.8,,0.0,,,,,80.0,554.0,,,,,,,0.0,0.0,,,0.0,,0.0,,,,9.9,7.4,270.0,6.2,360.0,,,,,,,,,,,,,,0.0,,,,,,,0.0025,,,,,,,,0.0,43.8,2.3,,,1.0,,,,,,13.0,0.76,,,,,,,,,,,1143.0,,,,,,,,,,,,,,,,,,,,,,,,,,,,,,,,,,,,,,,,,,,,,,,,,,,,,,,,,
7138,"Bread, sticks, plain",bread sticks plain,0,,,0,"USDA, 2018",0.188,22.0,121.0,124.0,0.88,3.494,,,,,,,,6.1,1.26,65.0,0.0,5.281,,,,32.0,,,,,,,,0.0,,0.0,0.0,0.0,0.0,0.0,0.0,0.0,132.0,12.0,9.5,412.0,3.0,713.0,1.0,0.0,1.01,0.0,0.553,0.0,0.0,0.0,0.0,0.0,0.0,0.001,255.0,0.0,3.377,0.422,4.026,0.535,0.395,0.258,0.139,0.0,0.0,0.0,0.0,0.0,0.0,0.0,,68.4,4.28,0.589,0.073,1.41,3.568,3.628,0.338,0.458,0.835,37.5,0.557,0.0,0.0,14.6,0.579,1.35,0.432,0.516,0.338,0.59,0.262,1724.0,,,,,,,,,,,,0.009,30.0,0.981,0.406,0.244,0.066,0.212,0.281,3.9,0.54,162.0,2.2,,,,,,,,,,,,,,,,,,,,,,,,,,,,,,,,,,
67668,"Bread, wheat, sprouted, toasted",bread wheat sprouted toasted,0,,,0,"USDA, 2018",0.226,0.0,192.0,215.0,1.36,0.0,,,,,,,,46.61,2.86,107.0,0.0,2.532,,,,71.0,,,,,,,,0.0,0.0,0.0,0.0,0.0,0.0,0.0,0.0,0.0,0.0,14.3,0.0,205.0,5.7,515.0,3.0,0.0,0.36,0.0,0.086,0.0,0.0,0.0,0.0,0.0,0.0,0.0,0.0,0.0,0.0,,,,,,,0.0,0.0,0.0,0.0,0.0,0.0,0.0,,36.82,2.06,0.203,0.21,0.0,0.0,0.0,,,,32.6,,5.0,0.0,16.2,,,,,,,,856.0,,0.0,0.0,0.0,0.0,0.0,0.0,0.0,0.0,0.0,0.0,0.0,0.0,0.0,0.0,0.0,0.0,,,2.26,,0.0,1.2,,,,,0.0,,,,,,,,,,,,,,,0.0,,,,,,,,,,0.0,,,,
48308,"Bread, white, 'with added fibre', toasted",bread white with added fibre toasted,0,20,Cereal Grains and Pasta,23,McCance and Widdowson's,0.23,,177.0,232.0,1.4,,0.0,49.5,,,,,,27.6,4.2,,0.0,3.1,,,,54.0,770.0,0.0,0.4,,0.1,4.2,3.6,0.0,0.0,,,0.0,,0.0,,0.0,,10.4,2.6,266.0,5.7,440.0,,,0.17,,0.07,,,,,,,,,0.0,,,,,,,0.0026,,,,,,,,0.0,53.7,2.38,0.25,0.09,0.5,0.67,1.05,,,,8.0,1.33,,0.0,,,,,,,,,1132.0,,,,,,,,,,,,,,,,,,,,,0.47,20.0,,,,,,,,,,,,,,,,,,,,,,,,,,,,,,,,,,,
48302,"Bread, white, French stick",bread white french stick,0,20,Cereal Grains and Pasta,23,McCance and Widdowson's,0.09,121.0,100.0,152.0,0.7,,0.0,53.3,,,,,,29.0,2.8,67.0,0.0,1.7,,,,22.0,630.0,10.0,0.2,,0.0,0.5,2.7,0.0,0.01,,,0.0,,0.0,,0.0,,9.0,1.9,263.0,3.3,400.0,0.0,0.0,0.0,,0.06,,,0.0,0.0,0.0,0.0,0.0,,0.0,,,,,,,0.0022,,,0.0,,,0.0,0.0,0.0,56.1,1.4,0.21,0.07,0.34,0.28,0.68,,,,5.0,0.57,,0.0,,,,,,,,,1121.0,,0.0,0.0,,0.0,0.0,0.0,0.0,,,,0.0,,0.26,0.05,,,,,,0.39,29.0,,,0.62,0.25,0.0,0.0,0.06,0.0,0.0,0.0,,,15.8,5.4,0.8,0.0,,,,,,,,,,,,,0.0,,,,,,
48298,"Bread, white, average",bread white average,0,20,Cereal Grains and Pasta,23,McCance and Widdowson's,0.14,155.0,96.0,134.0,0.7,,0.0,45.8,,,,,,36.1,3.0,,0.0,1.6,,,,22.0,635.0,,0.2,,0.0,,2.8,,0.02,,,0.0,,0.0,,0.0,,8.7,2.1,236.0,2.9,400.0,,,0.08,,0.07,,,,,,,,,0.0,,,,,,,0.002,,,,,,,,0.0,48.7,1.5,0.22,0.07,,,,,,,7.0,0.49,,0.0,,,,,,,,,1004.0,,,,,,,,,,,,,,,,,,,,,,29.0,,,,,,,,,,,,,,,,,,,,,,,,,,,,,,,,,,,
27080,"Bread, white, plain",bread white plain,0,18,Baked Products,14,"FCDBE, IEO",,64.0,100.0,161.0,0.8,,,64.1,,,,,,29.0,0.6,,0.0,1.4,,,,,,,,,,,,0.0,,,,0.0,,0.0,,,,8.1,0.2,276.825,2.8,665.0,0.0,,,,0.03,,,,,,,,,0.0,,,,,,,,,,,,,,,,64.7,1.7,0.02,0.07,0.05,0.02,0.12,,,,,,,0.0,,,,,,,,,1158.24,,,,,,,,,,,,,,,,,,,,,,29.0,,,,,,,,,,,,,,,,,,,,,,,,,,,,,,,,,,,
48304,"Bread, white, sliced",bread white sliced,0,20,Cereal Grains and Pasta,23,McCance and Widdowson's,0.14,177.0,95.0,137.0,0.8,,0.0,42.7,,,,,,38.6,3.4,15.0,0.0,1.6,,,,23.0,720.0,4.0,0.2,,0.0,0.6,3.2,0.0,0.01,,,0.0,,0.0,,0.0,,7.9,1.6,219.0,2.5,400.0,0.0,0.0,0.0,,0.08,,,0.0,0.0,0.0,0.0,0.0,,0.0,,,,,,,0.002,,,0.0,,,0.0,0.0,0.0,46.1,1.6,0.24,0.08,0.29,0.32,0.52,,,,6.0,0.49,,0.0,,,,,,,,,931.0,,0.0,0.0,,0.0,0.0,0.0,0.0,,,,0.0,,0.21,0.06,,,,,,0.42,25.0,0.42,,0.47,0.31,0.0,0.0,0.06,0.0,0.0,0.0,,,11.5,3.2,0.4,0.0,,,,,,,,,,,,,0.0,,,,,,
48306,"Bread, white, toasted",bread white toasted,0,20,Cereal Grains and Pasta,23,McCance and Widdowson's,0.17,216.0,116.0,167.0,1.0,,0.0,52.1,,,,,,25.1,4.1,,0.0,2.0,,,,28.0,880.0,5.0,0.2,,0.0,0.7,3.9,0.0,0.01,,,0.0,,0.0,,0.0,,9.7,2.0,267.0,3.0,490.0,,,0.0,,0.1,,,,,,,,,0.0,,,,,,,0.0024,,,,,,,,0.0,56.2,1.95,0.25,0.1,0.35,0.39,0.63,,,,5.0,0.6,,0.0,,,,,,,,,1137.0,,,,,,,,,,,,,,,,,,,,,0.51,30.0,,,,,,,,,,,,,14.0,3.9,0.5,,,,,,,,,,,,,,,,,,,,
7133,"Bread, whole-wheat, commercially prepared",bread whole wheat commercially prepared,0,18,Baked Products,0,"USDA, 2018",0.227,161.0,212.0,254.0,1.77,0.584,0.03,28.73,0.89,0.28,1.3,0.42,0.21,39.01,4.34,87.0,0.0,4.438,0.25,,126.5,75.0,,,2.21,0.0,1.07,,1.02,0.0,0.02,0.0,0.0,0.0,0.0,0.0,0.0,0.0,0.0,12.45,3.5,252.0,6.0,455.0,2.0,0.0,2.66,0.0,0.167,0.0,0.0,0.0,0.0,0.002,0.008,0.012,42.0,0.0,1.446,,,,,,,0.0,0.004,0.0,0.0,0.017,0.0,0.0,0.01,42.71,2.47,0.394,0.215,0.722,0.62,1.592,,,,25.7,2.174,3.0,0.0,27.2,,,,,,,,1055.0,0.6,0.007,0.007,0.0,0.003,0.003,0.004,0.002,0.002,0.001,0.0,0.008,42.0,0.435,0.231,0.139,0.016,,,2.32,0.646,42.0,7.8,0.45,1.441,0.569,0.0,0.0,0.137,0.002,0.0,,,,,,,,,0.0,0.015,0.0,0.0,0.001,0.005,0.015,0.016,0.001,0.005,,,,,,0.0,,
7134,"Bread, whole-wheat, commercially prepared, toasted",bread whole wheat commercially prepared toasted,0,18,Baked Products,0,"USDA, 2018",0.67,130.0,303.0,326.0,2.15,1.96,,,,,,,,24.25,5.77,89.0,0.0,5.732,,,,99.0,,,,,,,,0.0,1.025,0.0,0.0,0.0,0.0,0.0,0.0,0.0,0.0,16.27,4.07,306.0,7.5,565.0,2.0,0.0,0.63,0.0,0.284,0.0,0.0,0.0,0.0,0.009,0.0,0.0,52.0,0.0,0.709,0.265,2.055,0.339,0.234,0.152,0.101,0.0,0.001,0.0,0.0,0.001,0.0,0.0,,51.16,2.96,0.376,0.237,0.922,1.972,0.74,0.189,0.243,0.442,52.6,2.545,4.0,0.0,33.8,0.309,0.677,0.308,0.296,0.191,0.308,0.151,1282.0,,0.011,0.011,,0.001,0.004,,,,,,0.005,52.0,0.496,0.386,0.031,0.011,0.101,0.183,4.25,0.722,52.0,9.0,,,,,,,,,,,,,,,,,,,,,,,,,,,,,,,,,,
23135,"Bread, wholemeal or integral bread (made with flour type 150)",bread wholemeal or integral bread made with flour type 150,0,20,Cereal Grains and Pasta,11,"CIQUAL, ANSES",0.17,31.9,187.0,315.0,1.12,0.14,,37.9,,,,,,37.8,2.9,,0.0,2.4,,,,56.0,,2.0,,,,,,0.0,,,,0.0,,0.0,,0.11,,10.2,3.7,256.0,7.3,398.0,,,0.3,,0.11,,,0.0,0.0,0.0,0.0,0.0,,0.0,0.47,,,,,,,,,0.0,,,0.0,,,40.8,2.09,0.2,0.24,0.7,0.14,0.5,,,,0.0,1.38,,,,,,,,,,,1080.0,,,,,,,,,,,,0.001,,0.23,0.013,0.024,,,,1.8,0.64,26.4,20.0,,,,,,,,,,,,,,,,,,,,,,,,,,,0.0,,,,,,,
48309,"Bread, wholemeal, average",bread wholemeal average,0,20,Cereal Grains and Pasta,23,McCance and Widdowson's,0.23,106.0,202.0,253.0,1.6,,0.0,39.3,,,,,,41.2,2.8,15.0,0.0,3.8,,,,66.0,660.0,,0.4,,0.2,6.3,2.2,0.0,0.04,,,0.0,,0.0,,0.0,,9.4,2.5,217.0,7.0,400.0,0.0,0.0,0.28,,0.05,,,0.0,0.0,0.0,0.0,0.0,,0.0,,,,,,,0.0023,,,0.0,,,0.0,0.0,0.0,42.0,2.4,0.25,0.11,0.46,0.59,0.82,,,,7.0,1.75,,0.0,,,,,,,,,922.0,,0.01,0.0,,0.0,0.0,0.0,0.0,,,,0.0,,0.35,0.08,,,,,,0.63,40.0,2.0,,0.74,0.56,0.0,0.0,0.1,0.0,0.0,0.0,,,20.9,7.9,1.8,0.0,,,,,,,,,,,,,0.0,,,,,,
48310,"Bread, wholemeal, toasted",bread wholemeal toasted,0,20,Cereal Grains and Pasta,23,McCance and Widdowson's,0.27,124.0,237.0,296.0,1.9,,0.0,46.0,,,,,,31.1,3.2,,0.0,4.5,,,,77.0,770.0,,0.5,,0.2,7.4,2.5,0.0,0.05,,,0.0,,0.0,,0.0,,11.2,2.9,255.0,8.2,470.0,,,0.33,,0.06,,,,,,,,,0.0,,,,,,,0.0027,,,,,,,,0.0,49.2,2.81,0.25,0.13,0.54,0.69,0.96,,,,11.0,2.05,,0.0,,,,,,,,,1084.0,,,,,,,,,,,,,,,,,,,,,0.74,46.0,,,,,,,,,,,,,,,,,,,,,,,,,,,,,,,,,,,
48313,"Breadnut seeds, dried",breadnut seeds dried,0,12,Nut and Seed Products,23,McCance and Widdowson's,2.46,94.0,180.0,2011.0,,,,,,,,,,6.5,,,47.0,2.1,,,,115.0,,,,,,,0.0,,0.0,,,0.0,,0.0,,0.0,,8.6,1.7,367.0,14.9,53.0,130.0,0.0,,,0.14,,,,,,,,,0.0,,,,,,,0.0027,,,,,,,,0.0,73.8,4.6,0.03,0.69,0.5,0.2,0.9,,,,2.0,0.3,,22.0,,,,,,,,,1536.0,,,,,,,,,,,,,,,,,,,,,1.88,113.0,,,,,,,,,,,,,,,,,,,,,,,,,,,,,,,,,,,
48314,"Breadsticks, plain",breadsticks plain,0,23,Snacks,23,McCance and Widdowson's,0.21,31.0,120.0,202.0,0.9,0.79,0.0,69.6,,,,,,4.2,3.3,,0.0,1.5,,,,30.0,1140.0,0.0,0.0,0.0,0.0,2.0,3.3,0.0,0.0,,,0.0,,0.0,,0.0,,10.9,8.1,389.0,3.7,817.0,,,0.18,,0.02,,,0.0,0.05,0.51,0.37,2.86,,6.2,0.71,,,,,,0.0021,0.0,0.0,0.0,,0.01,0.0,0.0,0.0,72.9,1.96,0.09,0.1,6.01,0.8,0.74,,,,6.0,0.57,,0.0,,,,,,,,,1650.0,,0.01,0.0,0.0,0.0,0.0,0.0,0.0,0.0,0.0,0.0,1.03,,0.97,0.2,0.03,0.01,,,,0.6,21.0,,,0.71,0.79,0.0,0.0,0.03,0.0,0.0,0.0,,,,,,,,,,,0.0,,,,,,,,0.0,,,,,,
48335,"Breakfast cereal, Ricicles, Kellogg's",breakfast cereal ricicles kellogg s,0,8,Breakfast Cereals,23,McCance and Widdowson's,,,,,,0.1,38.8,54.2,,,,,,3.3,39.1,,0.0,15.0,,,,,,,0.2,,0.1,,0.0,0.0,0.0,,,0.0,,4.2,,0.9,,3.8,0.4,377.0,0.3,460.0,,,,,1.3,,,,,,0.0,0.0,,0.0,0.15,,,,,,,0.0,0.0,,,0.0,,,0.0,95.4,7.9,1.2,1.7,0.09,0.1,0.16,,,,,,,0.0,,,,,,,,,1606.0,,0.0,0.0,,0.0,0.0,0.0,,0.0,,,0.0,,0.08,0.01,0.01,0.0,,,,,177.0,,,0.15,0.1,0.0,0.0,0.01,,,0.0,,,0.7,0.0,0.2,,1.0,,,,,,,,,,,,,,,,,,
48315,"Breakfast cereal, bran flakes, fortified",breakfast cereal bran flakes fortified,0,8,Breakfast Cereals,23,McCance and Widdowson's,0.42,44.0,357.0,480.0,2.1,0.19,15.9,52.3,,,,,,4.0,21.0,,0.0,15.6,,,,121.0,550.0,0.0,2.6,,2.0,7.0,0.5,0.0,0.0,,,0.0,,4.6,,2.3,,9.6,2.2,333.0,13.4,360.0,0.0,0.0,8.3,,1.4,,,,,,0.0,0.0,,0.0,0.98,,,,,,0.0024,0.0,,,,0.01,,,0.0,73.3,13.5,1.1,1.4,0.31,0.22,1.06,,,,6.0,2.48,,0.0,,,,,,,,,1417.0,,0.0,0.0,,0.0,0.0,0.0,,0.0,,0.0,0.0,,0.28,0.01,0.07,0.0,,,,,367.0,,,,0.19,0.0,0.0,,,,,,,11.5,2.5,1.6,,19.0,,,,,,,,,,,,0.0,,,,,,
48316,"Breakfast cereal, bran type cereal, fortified",breakfast cereal bran type cereal fortified,0,8,Breakfast Cereals,23,McCance and Widdowson's,0.82,329.0,639.0,757.0,5.1,0.42,17.5,29.7,,,,,,4.0,20.0,,,13.4,,,,189.0,550.0,3.0,0.7,,0.7,,1.1,0.0,0.01,,,0.0,,3.9,,1.7,,12.4,3.4,267.0,24.6,360.0,54.0,0.0,,,1.2,,,,,,0.0,0.0,,0.1,1.68,,,,,,0.0031,0.0,,,,0.02,,,0.0,49.7,10.7,1.0,1.3,0.53,0.45,1.83,,,,7.0,5.76,,9.0,,,,,,,,,1132.0,,0.0,0.01,,0.0,0.0,0.0,,0.0,,0.0,0.0,,0.48,0.02,0.15,0.0,,,,,200.0,,,1.68,0.42,0.0,0.01,0.15,,,,,,29.1,7.2,5.4,,49.1,,,,,,,,,,,,,,,,,,
48317,"Breakfast cereal, cornflakes, crunchy / honey nut coated, fortified",breakfast cereal cornflakes crunchy honey nut coated fortified,0,8,Breakfast Cereals,23,McCance and Widdowson's,0.12,15.0,57.0,123.0,0.3,2.21,33.1,49.2,,,,,,2.9,37.4,,0.0,15.5,,,,24.0,560.0,0.0,1.6,,2.7,,0.0,0.0,0.0,,,0.0,,,,2.0,,5.3,4.2,384.0,3.8,350.0,,,0.44,,1.4,,,,,,0.0,0.0,,0.0,0.98,,,,,,0.0006,0.01,0.02,,,0.07,,,0.0,86.6,12.0,1.1,1.5,0.73,2.3,1.01,,,,5.0,0.2,,21.0,,,,,,,,,1631.0,,0.04,0.11,,0.0,0.01,0.06,,0.0,,,0.0,,0.4,0.1,0.01,0.0,,,,,396.0,,,0.98,2.21,0.01,0.0,0.01,,,0.02,,,9.3,1.6,1.0,,14.7,,,,,,,,,,,,0.0,,,,,,
48319,"Breakfast cereal, cornflakes, frosted, fortified",breakfast cereal cornflakes frosted fortified,0,8,Breakfast Cereals,23,McCance and Widdowson's,0.0,456.0,33.0,59.0,0.1,,36.2,48.7,,,,,,3.1,38.3,,0.0,16.0,,,,9.0,470.0,9.0,1.0,,1.1,2.0,0.0,0.0,0.0,,,0.0,,4.7,,1.7,,4.7,0.5,350.0,2.0,300.0,,,0.14,,1.4,,,,,,,,,0.0,,,,,,,0.0006,,,,,,,,0.0,87.0,12.0,1.2,1.6,0.09,0.08,0.17,,,,5.0,0.07,,21.0,,,,,,,,,1490.0,,,,,,,,,,,,,,,,,,,,,,,,,,,,,,,,,,,,,,,,,,,,,,,,,,,,,,,,,
48322,"Breakfast cereal, crunchy/crispy muesli type cereal, with nuts, unfortified",breakfast cereal crunchy crispy muesli type cereal with nuts unfortified,0,8,Breakfast Cereals,23,McCance and Widdowson's,0.34,46.0,245.0,290.0,1.8,10.45,20.2,38.7,0.59,0.02,,,,3.3,23.1,,0.0,1.0,0.08,,,83.0,240.0,3.0,1.6,0.0,1.4,9.5,0.0,0.0,0.01,,,0.0,,0.0,,0.0,,8.4,20.5,450.0,7.9,138.0,,,3.26,,0.07,,,0.0,0.01,0.11,0.08,0.59,,,3.9,,,,,,0.002,0.02,0.0,0.0,0.0,0.1,0.0,0.0,0.0,61.9,,0.16,0.27,4.61,10.63,4.22,,,,19.0,2.26,,0.0,,,,,,,,,1892.0,,0.05,0.04,0.0,0.0,0.11,0.02,0.0,0.0,0.0,0.0,0.26,,2.82,0.59,0.32,0.03,,,,0.8,21.0,,,3.9,10.45,0.02,0.01,0.31,0.01,0.0,0.0,,,,,,,,,,,0.0,,,,,,,,0.0,,,,,,
48323,"Breakfast cereal, fruit and fibre type, fortified",breakfast cereal fruit and fibre type fortified,0,8,Breakfast Cereals,23,McCance and Widdowson's,0.4,47.0,209.0,444.0,1.3,0.84,8.4,44.1,1.73,0.01,,,,5.7,26.2,,0.0,13.2,0.29,,,71.0,490.0,2.0,9.4,,8.4,3.0,0.0,0.0,0.0,,,0.0,,,,,,8.0,5.8,348.0,8.6,350.0,0.0,0.0,1.36,,1.2,,,,0.01,0.21,0.17,1.22,,0.1,0.59,,,,,,0.0017,,,,,0.01,,,0.0,70.3,10.9,1.0,1.3,2.65,0.88,0.64,,,,4.0,1.66,,0.0,,,,,,,,,1475.0,,0.0,0.0,,0.0,0.0,0.0,,0.0,,0.0,0.49,,0.41,0.11,0.04,0.0,,,,,210.0,,,0.59,0.84,,0.01,0.04,,,,,,21.3,6.4,6.5,,40.7,,,,,,,,,,,,0.0,,,,,,
48327,"Breakfast cereal, malted wheat, fortified",breakfast cereal malted wheat fortified,0,8,Breakfast Cereals,23,McCance and Widdowson's,0.28,36.0,229.0,348.0,1.5,0.48,18.9,55.4,1.59,0.14,,,,4.3,20.3,,0.0,12.1,0.19,,,70.0,400.0,3.0,0.4,,0.3,,0.7,0.0,0.01,,,0.0,,0.4,,1.9,,8.7,2.3,339.0,8.6,250.0,,,0.85,,1.1,,,,,,0.0,0.0,,0.1,0.71,,,,,,0.0022,0.01,,,,0.01,,,0.0,75.7,10.6,0.8,1.1,0.32,0.5,0.79,,,,4.0,1.7,,0.0,,,,,,,,,1444.0,,0.01,0.0,,0.0,0.0,0.0,,0.0,,0.0,0.01,,0.24,0.06,0.09,0.0,,,,4.5,150.0,,,0.71,0.48,0.01,0.0,0.09,,,,,,16.5,4.8,0.9,,26.5,,,,,,,,,,,,,,,,,,
48328,"Breakfast cereal, multigrain hoops, fortified",breakfast cereal multigrain hoops fortified,0,8,Breakfast Cereals,23,McCance and Widdowson's,,460.0,,,,,,58.3,,,,,,,22.4,,71.0,14.0,,,,,,,,,,,,0.0,0.0,,,0.0,,,,1.9,,7.9,3.8,368.0,5.7,330.0,,,,,1.1,,,,,,,,,0.0,,,,,,,,,,,,,,,0.0,80.7,14.7,1.24,1.2,0.7,,,,,,,,,,,,,,,,,,1566.0,,,,,,,,,,,,,,,,,,,,,4.4,200.0,,,,,,,,,,,,,,,,,,,,,,,,,,,,,,,,,,,
48333,"Breakfast cereal, rice, chocolate flavoured, fortified",breakfast cereal rice chocolate flavoured fortified,0,8,Breakfast Cereals,23,McCance and Widdowson's,0.24,456.0,141.0,146.0,2.6,0.67,36.9,51.9,,,,,,3.3,37.7,,0.0,15.2,,,,41.0,500.0,0.0,0.4,,0.5,,0.0,0.0,0.0,,,0.0,,4.6,,1.9,,4.6,2.3,375.0,2.0,320.0,,,,,1.4,,,,,,0.0,0.0,,0.1,0.25,,,,,,0.0012,,0.0,,,0.0,,,0.0,89.6,11.0,1.1,1.5,1.2,0.68,0.27,,,,2.0,0.86,,0.0,,,,,,,,,1597.0,,0.02,0.0,0.0,0.0,0.01,0.0,,0.0,,0.0,0.01,,0.55,0.6,0.01,0.01,,,,6.0,180.0,,,0.25,0.67,,0.0,0.01,,,0.0,,,5.4,0.6,2.0,,8.3,,,,,,,,,,,,0.0,,,,,,
48334,"Breakfast cereal, rice, toasted/crisp, fortified",breakfast cereal rice toasted crisp fortified,0,8,Breakfast Cereals,23,McCance and Widdowson's,0.24,9.0,141.0,146.0,2.6,0.24,11.6,78.8,0.06,0.05,,,,3.3,12.4,,0.0,15.3,0.03,,,41.0,540.0,0.0,0.5,,0.3,2.0,0.0,,0.0,,,0.0,,4.6,,1.8,,5.7,1.0,374.0,0.7,370.0,0.0,0.0,0.16,,1.4,,,,,,0.0,0.0,,0.0,0.3,,,,,,0.0016,0.0,0.0,,,0.0,,,0.0,91.2,11.0,1.1,1.5,0.22,0.24,0.31,,,,2.0,0.86,,0.0,,,,,,,,,1593.0,,0.0,0.0,,0.0,0.0,0.0,,,0.0,,0.01,,0.17,0.04,0.01,0.0,,,,,180.0,,,0.3,0.24,0.0,0.0,0.01,,,0.0,,,2.0,0.1,0.6,,2.8,,,,,,,,,,,,,,,,,,
48337,"Breakfast cereal, shredded wheat type, unfortified",breakfast cereal shredded wheat type unfortified,0,8,Breakfast Cereals,23,McCance and Widdowson's,0.5,39.0,271.0,340.0,1.8,0.23,0.6,70.6,1.12,0.05,,,,5.8,0.6,,0.0,5.2,0.26,,,86.0,105.0,0.0,0.0,,0.0,7.0,0.0,0.0,0.0,,,0.0,,0.0,,0.0,,10.9,2.5,333.0,12.2,4.0,0.0,0.0,0.57,,0.04,,,,,,0.0,0.0,,0.0,1.11,,,,,,0.0027,0.0,,,,0.01,,,0.0,71.2,2.8,0.15,0.18,0.34,0.25,1.18,,,,14.0,2.19,,0.0,,,,,,,,,1417.0,,0.0,0.0,,0.0,0.0,0.0,,0.0,,0.0,0.0,,0.31,0.01,0.07,0.0,,,,0.7,27.0,,,1.11,0.23,0.0,0.0,0.07,,,,,,6.0,1.0,1.0,,9.7,,,,,,,,,,,,0.0,,,,,,
48340,"Breakfast cereal, wheat biscuits, Weetabix type, fortified",breakfast cereal wheat biscuits weetabix type fortified,0,8,Breakfast Cereals,23,McCance and Widdowson's,0.39,30.0,259.0,397.0,1.7,0.16,1.9,68.8,2.54,0.01,,,,6.0,3.9,,0.0,14.0,0.44,,,83.0,479.0,0.0,0.9,,0.7,6.0,0.4,0.0,0.0,,,0.0,,0.0,,0.0,,10.5,1.9,332.0,9.7,260.0,0.0,0.0,1.45,,1.2,,,,,,0.0,0.0,,0.0,0.88,,,,,,0.0022,0.0,0.0,,,0.01,,,0.0,72.7,11.9,1.0,0.22,0.26,0.18,0.93,,,,5.0,1.82,,0.0,,,,,,,,,1412.0,,0.0,0.0,,0.0,0.0,0.0,,0.0,0.0,0.0,0.0,,0.25,0.01,0.07,0.0,,,,0.8,170.0,1.5,,0.88,0.16,0.0,0.01,0.07,,,0.0,,,7.8,1.1,1.1,,12.2,,,,,,,,,,,,0.0,,,,,,
81521,"Brie de Meaux cheese, from cow's milk",brie de meaux cheese from cow s milk,0,1,Dairy and Egg Products,11,"CIQUAL, ANSES",0.0,310.0,310.0,120.0,2.3,3.46,,0.0,,,,,,53.4,0.0,,0.0,,,,,15.0,1320.0,50.0,,,,,,0.0,,,,153.0,,0.0,,1.28,,21.4,20.7,271.0,0.0,806.0,42.1,,0.44,,0.58,,,0.65,0.43,0.27,0.59,0.75,,83.6,0.33,,,,,,,,0.02,0.0,,,0.0,,,0.0,0.15,0.0,0.094,14.5,4.25,0.48,,,,0.0,0.02,,,,,,,,,,,1130.0,,,,,,,,,,,,2.49,,7.18,1.6,0.08,,,,2.88,0.36,115.0,0.0,,,,,,,,,,,,,,,,,,,,,,,,,,,0.33,,,,,,,
428089,Brisket,brisket,0,17,"Lamb, Veal, and Game Products",5,My foods,,,,,,,,,,,,,,,,,,,,,,,,,,,,,,,,,,,,,,,,24.8,26.1,342.0,,0.9,,,,,,,,,,,,,,,,,,,,,,,,,,,,,,0.0,,,,10.2,,,,,,,,,,,,,,,,,,1430.928,,,,,,,,,,,,,,,,,,,,,,,,,,,,,,,,,,,,,,,,,,,,,,,,,,,,,,,,,
21607,"Broad bean, dried, steeped, boiled",broad bean dried steeped boiled,0,12,Nut and Seed Products,9,"BEDCA, UGR",,24.0,105.0,210.0,1.0,,,6.2,,,,,,79.9,1.0,,12.0,2.0,,,,18.0,,,,,,,,,,,,0.0,,0.0,,0.0,,5.8,0.6,58.13,6.5,4.0,190.0,,0.5,,0.07,,,,,,,,,0.0,,,,,,,,,,,,,,,,7.2,1.0,0.05,0.07,0.11,0.12,0.24,,,,,,,31.6667,,,,,,,,,243.2,,,,,,,,,,,,,,,,,,,,,2.3,57.0,,,,,,,,,,,,,,,,,,,,,,,,,,,,,,,,,,,
28294,"Broccoli and cauliflower, stir fried in olive oil",broccoli and cauliflower stir fried in olive oil,0,22,"Meals, Entrees, and Side Dishes",15,"IFCD, UCC",0.03,44.0,85.0,424.0,0.68,,,0.3,,,,,,82.3,2.3,,73.5,0.85,,,,22.0,,,,,,,,,,,,0.0,,0.0,,0.0,,4.5,5.5,78.0,,10.0,,,1.09,,0.06,,,,,,,,,0.0,,,,,,,,,,,,,,,,2.7,1.38,0.15,0.24,0.9,3.4,0.9,,,,0.0,0.28,,,,,,,,,,,326.35,,,,,,,,,,,,,,,,,,,,,0.34,88.0,,,,,,,,,,,,,,,,,,,,,,,,,,,,,,,,,,,
28876,"Broccoli and cheese casserole, homemade",broccoli and cheese casserole homemade,0,22,"Meals, Entrees, and Side Dishes",15,"IFCD, UCC",0.03,204.0,168.0,112.0,1.3,,,5.0,,,,,,64.4,1.7,,19.4,0.42,,,,15.0,,,,,,,,,,,,101.0,,0.21,,0.76,,9.1,16.3,210.0,,417.0,,,2.32,,0.15,,,,,,,,,60.0,,,,,,,,,,,,,,,,6.8,0.82,0.05,0.1,7.8,4.4,3.2,,,,2.0,0.1,,,,,,,,,,,878.64,,,,,,,,,,,,,,,,,,,,,0.26,41.0,,,,,,,,,,,,,,,,,,,,,,,,,,,,,,,,,,,
22388,"Broccoli, cooked",broccoli cooked,0,11,Vegetables and Vegetable Products,11,"CIQUAL, ANSES",0.0,43.3,51.0,125.0,0.0,0.035,,0.0,,,,,,92.5,1.1,,23.9,0.0,,,,11.2,61.0,0.0,,,,,,0.0,,,,0.0,,0.0,,0.0,,2.1,0.78,22.8,1.5,39.0,312.0,,0.9,,0.05,,,0.0,0.0,0.0,0.0,0.002,,0.0,0.054,,,,,,,,0.0,0.0,,,0.0,,,1.1,0.0,0.0,0.0,0.2,0.042,0.18,,,,0.0,0.0,,,,,,,,,,,95.3,,,,,,,,,,,,0.0025,,0.11,0.013,0.13,,,,0.46,0.22,75.1,141.0,,,,,,,,,,,,,,,,,,,,,,,,,,,2.1,,,,,,,
4468,"Broccoli, cooked, boiled, drained, without salt",broccoli cooked boiled drained without salt,0,11,Vegetables and Vegetable Products,0,"USDA, 2018",0.061,40.0,67.0,293.0,0.45,0.029,0.08,0.0,0.25,0.0,0.0,0.0,0.0,89.25,1.39,1080.0,64.9,0.553,0.01,4.0,0.1,21.0,,,0.74,0.0,0.49,,0.0,0.0,0.0,0.0,0.0,0.0,0.0,0.0,0.0,0.0,0.0,2.38,0.41,35.0,3.3,41.0,929.0,0.0,1.45,0.0,0.123,0.0,0.0,0.0,0.0,0.0,0.0,0.002,108.0,0.0,0.051,0.101,0.549,0.329,0.114,0.063,0.034,0.0,0.0,0.0,0.0,0.0,0.0,0.0,0.0,7.18,0.67,0.063,0.2,0.079,0.04,0.17,0.096,0.092,0.147,1.6,0.194,1548.0,77.0,40.1,0.129,0.111,0.2,0.138,0.06,0.116,0.031,146.44,0.0,0.004,0.005,0.0,0.0,0.0,,0.0,0.002,0.0,0.0,0.0,108.0,0.056,0.013,0.119,0.009,0.043,0.155,0.77,0.616,108.0,141.1,0.0,,,,,,0.0,,,,,,,,,,,,,,,,,,,,,,,,,,,
4952,"Broccoli, flower clusters, raw",broccoli flower clusters raw,0,11,Vegetables and Vegetable Products,0,"USDA, 2018",0.045,48.0,66.0,325.0,0.4,0.024,,,,,,,,90.69,1.48,,93.2,0.638,,,,25.0,,,,,,,,0.0,0.0,0.0,0.0,0.0,0.0,0.0,,0.0,0.0,2.98,0.35,28.0,2.3,27.0,,,,,0.119,,0.0,,,,,,71.0,0.0,0.038,0.095,0.375,0.213,0.118,0.05,0.029,,,,,,,,,5.06,0.88,0.065,0.159,0.054,0.024,0.167,0.091,0.109,0.131,3.0,0.229,3000.0,150.0,,0.1,0.114,0.145,0.128,0.063,0.084,0.02,118.0,,,,,,,,,,,,,71.0,0.047,0.007,0.129,,0.034,0.141,0.92,0.535,71.0,,,,,,,,,,,,,,,,,,,,,,,,,,,,,,,,,,,
81883,"Broccoli, frozen, cooked",broccoli frozen cooked,0,11,Vegetables and Vegetable Products,11,"CIQUAL, ANSES",0.043,51.0,55.0,180.0,0.3,,,,,,,,,90.7,1.47,,40.1,0.46,,,,20.0,,,,,,,,0.0,,,,0.0,,0.0,,0.0,,3.1,0.11,28.8,3.0,24.0,597.0,,1.32,,0.081,,,0.0,0.0,0.0,0.0,0.0,,0.0,,,,,,,,,,0.0,,,0.0,,,2.36,0.61,0.055,0.13,0.018,0.008,0.055,,,,,0.33,,,,,,,,,,,121.0,,,,,,,,,,,,0.0,,0.016,0.002,,,,,0.71,0.27,30.0,88.1,,,,,,,,,,,,,,,,,,,,,,,,,,,3.1,,,,,,,
48346,"Broccoli, green, boiled in salted water",broccoli green boiled in salted water,0,11,Vegetables and Vegetable Products,23,McCance and Widdowson's,0.05,35.0,59.0,212.0,0.4,,0.0,0.7,0.48,0.0,,,,90.8,1.6,,44.0,0.5,0.01,,,14.0,180.0,2.0,0.8,0.0,0.8,3.5,0.0,0.0,0.0,,,0.0,,0.0,0.0,0.0,,3.3,0.5,28.0,2.8,150.0,598.0,0.0,1.67,0.0,0.06,,,,,,,,,0.0,,,,,,,0.0009,,,,,,,,0.0,2.8,0.6,0.04,0.11,0.12,0.05,0.2,,,,1.0,0.2,,100.0,,,,,,,,,120.0,,,,,,,,,,,,,,,,,,,,,0.28,34.0,135.0,,,,,,,,,,,,,,,,,,,,,,,,,,,,,,,,,,
48347,"Broccoli, green, boiled in unsalted water",broccoli green boiled in unsalted water,0,11,Vegetables and Vegetable Products,23,McCance and Widdowson's,0.05,35.0,59.0,212.0,0.4,,0.0,0.7,0.48,0.0,,,,90.8,1.6,,44.0,0.5,0.01,,,14.0,50.0,2.0,0.8,0.0,0.8,3.5,0.0,,0.0,,,0.0,,0.0,0.0,0.0,,3.3,0.5,28.0,2.8,6.0,598.0,0.0,1.67,0.0,0.06,,,,,,,,,0.0,,,,,,,0.0009,,,,,,,,0.0,2.8,0.6,0.04,0.11,0.12,0.05,0.2,,,,1.0,0.2,,100.0,,,,,,,,,120.0,,,,,,,,,,,,,,,,,,,,,0.28,34.0,135.0,,,,,,,,,,,,,,,,,,,,,,,,,,,,,,,,,,
48348,"Broccoli, green, raw",broccoli green raw,0,11,Vegetables and Vegetable Products,23,McCance and Widdowson's,0.08,48.0,81.0,397.0,0.7,0.06,0.0,0.6,0.78,0.0,,,,88.2,1.9,,79.0,0.8,0.0,,,22.0,73.0,2.0,1.2,0.0,0.7,4.1000000000000005,0.0,0.0,0.0,,,0.0,,0.0,6.0,0.0,,4.3,0.6,34.0,4.0,9.0,578.0,0.0,1.72,0.0,0.12,,,0.0,0.0,0.0,0.0,0.0,,0.0,0.07,,,,,,0.0009,0.0,0.01,0.0,0.0,0.0,0.0,0.0,0.0,3.2,1.06,0.15,0.13,0.15,0.07,0.25,,,,1.0,0.28,,97.0,,,,,,,,,146.0,,0.0,0.0,0.0,0.0,0.02,0.0,0.0,0.0,0.0,0.0,0.0,,0.1,0.01,0.17,0.0,,,,0.61,95.0,185.0,,0.07,0.06,0.0,0.0,0.17,0.0,0.0,0.01,,,,,,,,,,,0.0,,,,,,,,0.0,,,,,,
48349,"Broccoli, green, steamed",broccoli green steamed,0,11,Vegetables and Vegetable Products,23,McCance and Widdowson's,0.08,44.0,74.0,373.0,0.6,,0.3,0.8,2.35,0.0,,,,88.4,2.0,,60.0,0.8,0.0,,,21.0,70.0,2.0,0.9,0.0,0.8,3.8,0.0,0.0,0.0,,,0.0,,0.0,0.0,0.0,,4.1,0.5,34.0,3.8,7.0,364.0,0.0,1.84,0.0,0.15,,,,,,,,,0.0,,,,,,,0.0008,,,,,,,,0.0,3.5,0.75,0.29,0.13,0.12,0.05,0.2,,,,1.0,0.25,,61.0,,,,,,,,,142.0,,,,,,,,,,,,,,,,,,,,,0.58,72.0,,,,,,,,,,,,,,,,,,,,,,,,,,,,,,,,,,,
48351,"Broccoli, purple sprouting, raw",broccoli purple sprouting raw,0,11,Vegetables and Vegetable Products,23,McCance and Widdowson's,0.02,200.0,57.0,380.0,0.5,,0.3,0.2,,,,,,85.7,2.1,,110.0,0.1,,,,24.0,100.0,2.0,1.1,0.0,0.7,0.5,0.0,,,,,0.0,,0.0,15.0,0.0,,3.9,1.1,35.0,,10.0,675.0,0.0,1.3,,0.12,,,,,,,,,0.0,,,,,,,0.0007,,,,,,,,0.0,2.6,1.9,0.1,0.25,0.2,0.1,0.6,,,,0.0,0.2,,114.0,,,,,,,,,148.0,,,,,,,,,,,,,,,,,,,,,1.0,195.0,,,,,,,,,,,,,,,,,,,,,,,,,,,,,,,,,,,
4467,"Broccoli, raw",broccoli raw,1,11,Vegetables and Vegetable Products,0,"USDA, 2018",0.049,47.0,66.0,316.0,0.41,0.029,0.1,0.0,0.17,0.0,0.0,0.0,0.0,89.3,1.7,1403.0,89.2,0.639,0.01,,0.1,21.0,,,0.68,0.0,0.49,,0.21,0.0,0.0,0.0,0.0,0.0,0.0,0.0,1.0,0.0,0.0,2.82,0.37,34.0,2.6,33.0,361.0,25.0,0.78,0.0,0.117,0.0,0.0,0.0,0.0,0.0,0.0,0.0,63.0,0.0,0.049,0.089,0.542,0.325,0.104,0.059,0.033,0.0,0.0,0.0,0.0,0.0,0.0,0.0,0.21,6.64,0.73,0.071,0.175,0.114,0.031,0.112,0.088,0.079,0.129,2.5,0.21,623.0,31.0,18.7,0.121,0.11,0.191,0.125,0.05,0.117,0.028,141.0,0.0,0.006,0.004,0.0,0.0,0.0,,0.0,0.002,0.0,0.0,0.002,63.0,0.084,0.018,0.063,0.0,0.038,0.135,0.87,0.573,63.0,101.6,0.04,,,,,,0.0,,,,,,,,,,,,,,,,,,,,,,,,,,,
81823,"Broccoli, raw",broccoli raw,1,11,Vegetables and Vegetable Products,11,"CIQUAL, ANSES",0.059,45.9,76.5,357.0,0.4,,,0.0,,,,,,88.9,1.68,,106.0,0.82,,,,21.9,89.0,0.8,,,,,,0.0,,,,0.0,,0.0,,0.0,,3.95,0.48,35.9,2.9,19.0,361.0,,1.04,,0.12,,,0.0,0.0,0.0,0.0,0.0,,0.0,,,,,,,,,,0.0,,,0.0,,,1.68,0.76,0.074,0.17,0.061,0.022,0.16,,,,0.6,0.4,,,,,,,,,,,151.0,,,,,,,,,,,,0.001,,0.038,0.0065,,,,,1.0,0.78,153.0,181.0,,,,,,,,,,,,,,,,,,,,,,,,,,,1.1,,,,,,,
22775,"Broth, stock or bouillon, meat and vegetables, dehydrated and reconstituted",broth stock or bouillon meat and vegetables dehydrated and reconstituted,0,6,"Soups, Sauces, and Gravies",11,"CIQUAL, ANSES",0.0,1.0,1.0,15.0,,,,0.1,,,,,,98.1,0.0,,0.0,0.0,,,,2.0,,,,,,,,0.0,,,,0.0,,,,0.05,,0.44,0.4,5.78,0.0,430.0,,,,,0.01,,,,,,,,,0.0,,,,,,,,,,,,,,,,0.1,0.1,0.06,0.01,0.2,0.09,0.05,,,,0.0,0.01,,,,,,,,,,,24.0,,,,,,,,,,,,,,,,,,,,1.09,0.02,12.0,,,,,,,,,,,,,,,,,,,,,,,,,,,,0.0,,,,,,,
81224,"Brown bread, French bread (baguette or ball), with flour type 80 or 110",brown bread french bread baguette or ball with flour type 80 or 110,0,20,Cereal Grains and Pasta,11,"CIQUAL, ANSES",0.0,27.5,140.0,178.0,1.2,0.033,,49.5,,,,,,30.2,2.39,,,1.66,,,,33.0,,,,,,,,0.0,,,,,,,,0.1,,8.6,0.33,265.0,4.2,,,,0.23,,0.06,,,,,0.00055,6.6e-05,0.00038,,,0.13,,,,,,,,,,,,,,,54.0,1.31,0.13,0.27,0.045,0.039,0.14,,,,,1.0,,,,,,,,,,,1120.0,,,,,,,,,,,,0.0006,,0.039,0.004,0.009,,,,1.38,0.4,22.4,,,,,,,,,,,,,,,,,,,,,,,,,,,,0.0,,,,,,,
48353,"Brown sauce, reduced salt/sugar",brown sauce reduced salt sugar,0,6,"Soups, Sauces, and Gravies",23,McCance and Widdowson's,0.07,23.0,14.0,221.0,0.1,,3.0,5.8,,,,,,79.2,14.1,,0.0,0.1,,,,36.0,445.0,,5.9,0.0,5.2,,0.0,0.0,0.0,,,0.0,,0.0,,0.0,,0.7,0.1,88.0,,390.0,,,,,0.06,,,,,,,,,0.0,,,,,,,0.0001,,,,,,,,0.0,20.0,0.8,0.09,0.07,0.0,0.0,0.0,,,,,0.23,,7.0,,,,,,,,,374.0,,,,,,,,,,,,,,,,,,,,,,5.0,,,,,,,,,,,,,,,,,,,,,,,,,,,,,,,,,,,
48355,"Brussels sprouts, boiled in unsalted water",brussels sprouts boiled in unsalted water,0,11,Vegetables and Vegetable Products,23,McCance and Widdowson's,0.03,20.0,61.0,310.0,0.3,,0.6,0.3,,,,,,86.9,3.0,,60.0,0.0,,,,13.0,16.0,1.0,1.1,0.0,1.3,0.3,0.0,0.0,0.0,,,0.0,,0.0,,0.0,,2.9,1.3,35.0,,2.0,320.0,0.0,0.9,,0.09,,,,,,,,,0.0,,,,,,,0.0005,,,,,,,,0.0,3.5,0.5,0.07,0.19,0.3,0.1,0.7,,,,,0.2,,53.0,,,,,,,,,153.0,,,,,,,,,,,,,,,,,,,,,0.28,110.0,127.0,,,,,,,,,,,,,,,,,,,,,,,,,,,,,,,,,,
4476,"Brussels sprouts, cooked, boiled, drained, without salt",brussels sprouts cooked boiled drained without salt,0,11,Vegetables and Vegetable Products,0,"USDA, 2018",0.083,36.0,56.0,317.0,0.33,0.034,,,0.0,0.0,0.0,0.0,0.0,88.9,1.74,1290.0,62.0,0.607,0.0,,0.2,20.0,,,,,,,,0.0,0.0,0.0,0.0,0.0,0.0,0.0,0.0,0.0,0.0,2.55,0.5,36.0,2.6,21.0,465.0,0.0,0.43,0.0,0.08,0.0,0.0,0.0,0.0,0.003,0.0,0.0,60.0,0.0,0.079,,,,,0.057,0.028,0.0,0.002,0.0,0.0,0.0,0.0,0.0,,7.1,1.2,0.107,0.178,0.102,0.038,0.255,0.091,0.1,0.114,1.5,0.227,775.0,39.0,40.6,,,0.153,0.117,,0.074,0.016,150.624,,,,,,,,,,,,0.001,60.0,0.093,0.005,0.173,0.004,0.024,0.116,0.95,0.252,60.0,140.3,0.0,,,,,,,,,,,,,,,,,,,,,,,,,,,,,,,,,
54925,Brócoli al ajillo,br coli al ajillo,0,,,24,System recipes,,87.3180689655173,74.8795402298851,416.469885057471,0.700091954022989,,,,,,,,,81.0451034482759,4.05411494252874,,95.6570114942529,1.40699770114943,,,,28.9536091954023,,,,,,,,,,,,0.0,,0.0,,,94.9746206896552,3.30975172413793,6.54824367816092,95.9288871445711,3.35503448275862,14.3774712643678,,,1.86395402298851,,0.174331034482759,,,,,,,,,0.0,,,,,,,,,,,,,,,,4.26140413793103,2.06970114942529,0.115406896551724,,0.954649425287356,4.03822643678161,1.04791379310345,,,,,,,300.810459770115,,,,,,,,,401.366463812886,,,,,,,,,,,,,,,,,,,,,,,,,,,,,,,,,,,,,,,,,,,,,,,,,,,,,,,,,
1062,Brócolis cozido,br colis cozido,0,11,Vegetables and Vegetable Products,2,"TACO, NEPA",0.07533333333333,50.754,33.1593333333333,118.543333333333,0.239,0.02,,,,,,,,92.617,,,42.0033333333333,,,,,14.5466666666667,,,,,,,,,,,,,,,,,,2.13333333333333,0.459,24.6361631113688,3.41666666666667,2.122,,,,,0.03,,,,,,,,,,,,,,,,,,,,,,,,,4.36666666666666,0.535,0.04333333333333,,0.1,,0.2,,,,,0.11833333333333,,,,,,,,,,,103.07770645796705,,,,,,,,,,,,,,0.08,0.01,,0.01,,,0.424,,,,,0.06,,,,0.1,,,,,,,,,,,,,,,,,,,,,,,,,,,,
660,Brócolos cozidos,br colos cozidos,1,11,Vegetables and Vegetable Products,1,"TCA, INSA 2015",,56.0,39.0,243.0,0.5,,,0.1,,,,,,91.9,1.0,,18.0,0.6,,,,12.0,,,,,,,,0.0,0.0,,,114.0,,0.0,,0.0,47.0,2.8,0.7,22.463462752,2.3,101.0,687000.0,,1.1,,0.04,,,,,,,,,0.0,,,,,,,0.0005,,,,,,,,,1.3,1.0,0.06,0.09,0.1,0.1,0.3,,,,,,,114.0,,,,,,,,,93.987128154368,,,,,,,,,,,,,,,,,,,,0.97,,,,,0.1,,,,,,,,,,,,,,,,,,,,,,,,,,,,,,,,
208995,Brócolos cozidos,br colos cozidos,1,11,Vegetables and Vegetable Products,33,"TCA, INSA 2019",,56.0,39.0,240.0,0.5,,,0.1,,,,,,91.9,1.0,,18.0,0.6,,,,12.0,,,,,,,,0.0,0.0,,,,,0.0,,0.0,,2.8,0.7,27.0,2.3,100.0,687.0,,1.1,,0.04,,,,,,,,,0.0,,,,,,,0.5,,,,,,,,,1.3,1.0,0.06,0.09,0.1,0.1,0.3,,,,,,,114.0,,,,,,,,,114.0,,,,,,,,,,,,,,,,,,,,0.97,,47.0,,,,,,,,,,,,,,,,,,,,,,,,,,,,,,,,,,,
659,Brócolos crus,br colos crus,0,11,Vegetables and Vegetable Products,1,"TCA, INSA 2015",,67.0,50.0,370.0,0.6,,,0.1,,,,,,91.1,1.2,,41.0,1.0,,,,22.0,,,,,,,,0.0,0.0,,,178.0,,0.0,,0.0,90.0,3.4,0.8,26.764976896,2.6,8.0,1066000.0,,1.0,,0.06,,,,,,,,,0.0,,,,,,,0.0006,,,,,,,,,1.5,1.3,0.1,0.14,0.1,0.0,0.4,,,,,,,178.0,,,,,,,,,111.984663332864,,,,,,,,,,,,,,,,,,,,0.97,,,,,0.1,,,,,,,,,,,,,,,,,,,,,,,,,,,,,,,,
215187,Buffalo Mozzarella,buffalo mozzarella,0,,,19,My recipes,0.0015384615384615387,202.84615384615384,188.30769230769232,144.57692307692307,2.516923076923077,,0.0038461538461538472,0.0,,,,,,57.0,0.38461538461538464,,0.5,0.3930769230769231,,,,9.961538461538462,,,0.0,0.0,0.0,,0.0,0.0,,,,230.76923076923077,,0.15384615384615385,,2.019230769230769,,16.111538461538462,23.469230769230773,277.35076923076923,0.05384615384615384,192.46153846153845,207.8076923076923,,0.24730769230769234,,0.26303846153846155,,,,,,,,,53.84615384615385,,,,,,,,,,,,,,,0.38461538461538464,0.49615384615384617,0.21923076923076923,0.030576923076923078,0.08884615384615384,4.685192307692309,1.8205769230769233,0.5025000000000001,,,,2.8846153846153846,0.01076923076923077,,265.0769230769231,,,,,,,,,1160.4356184615374,,,,,,,,,,,,,,,,,,,,0.038461538461538464,0.2403846153846154,21.153846153846153,,,,,,,,,,,,,,,,,,,,,,,,,,,,,,,,,,,
48363,"Burger, beef, 62-85%, beef, grilled",burger beef 62 85 beef grilled,0,21,Fast Foods,23,McCance and Widdowson's,0.15,40.0,200.0,270.0,1.2,,,6.4,,,,,,57.1,2.1,,0.0,3.8,,,,25.0,660.0,,,0.0,,,0.0,0.0,0.49,,,5.0,,,,2.0,,18.3,13.8,229.0,0.6,440.0,,,,,0.07,,,,,,,,,60.0,,,,,,,,,,,,,,,0.0,8.5,2.5,0.07,0.17,5.22,6.15,1.36,,,,,0.25,,5.0,,,,,,,,,958.0,,,,,,,,,,,,,,,,,,,,,,24.0,,,,,,,,,,,,,,,,,,,,,,,,,,,,,,,,,,,
48368,"Burger, beef, grilled, homemade",burger beef grilled homemade,0,22,"Meals, Entrees, and Side Dishes",23,McCance and Widdowson's,0.01,21.0,215.0,346.0,4.8,,0.3,0.0,,,,,,50.5,0.9,,0.0,5.6,,,,23.0,119.0,17.0,0.3,,0.3,3.5,0.0,,0.96,,,15.0,,1.2,,2.2,,25.0,20.3,288.0,0.3,114.0,,,0.36,,0.18,,,,,,,,,112.8,,,,,,,0.0047,,,,,,,,0.0,1.1,1.92,0.08,0.37,8.54,8.65,0.75,,,,11.0,0.03,,15.0,,,,,,,,,1195.0,,,,,,,,,,,,,,,,,,,,,0.59,20.0,,,,,,,,,,,,,,,,,,,,,,,,,,,,,,,,,,,
48369,"Burger, beef, with bun, fried in rapeseed oil, homemade",burger beef with bun fried in rapeseed oil homemade,0,22,"Meals, Entrees, and Side Dishes",23,McCance and Widdowson's,0.03,41.0,194.0,289.0,3.8,,,9.0,,,,,,47.0,1.1,,0.0,4.6,,,,24.0,263.0,17.0,,,,2.9,,,,,,,,,,2.1,,21.0,18.6,291.0,0.2,194.0,,,0.72,,0.16,,,,,,,,,87.0,,,,,,,0.004,,,,,,,,0.0,10.3,1.92,0.11,0.3,6.93,8.12,1.38,,,,11.0,0.11,,,,,,,,,,,1212.0,,,,,,,,,,,,,,,,,,,,,0.53,23.0,,,,,,,,,,,,,,,,,,,,,,,,,,,,,,,,,,,
48375,"Burger, hamburger, takeaway",burger hamburger takeaway,0,21,Fast Foods,23,McCance and Widdowson's,0.12,40.0,170.0,210.0,3.0,,,24.6,,,,,,45.2,6.6,,,2.5,,,,28.0,700.0,13.0,,,,1.0,,0.0,0.17,,,,,0.3,,1.0,,13.5,8.3,246.0,1.8,480.0,,,0.22,,0.12,,,,,,,,,34.6,,,,,,,0.0027,,,,,,,,,31.2,1.2,0.19,0.18,3.5,3.6,0.7,,,,16.0,0.25,,,,,,,,,,,1036.0,,,,,,,,,,,,,,,,,,,,,0.48,24.0,,,,,,,,,,,,,,,,,,,,,,,,,,,,,,,,,,,
82203,Burritos,burritos,0,21,Fast Foods,11,"CIQUAL, ANSES",0.07,88.0,170.0,260.0,1.8,2.93,,6.8,,,,,,62.5,1.9,,6.5,1.7,,,,20.0,376.0,0.0,,,,,,0.0,,,,0.0,,0.0,,1.36,,8.0,8.5,170.0,1.9,299.0,470.0,,0.58,,0.07,,,0.081,0.063,0.027,0.072,0.081,,29.1,0.7,,,,,,,,0.052,0.0,,,0.0,,,14.3,1.1,0.098,0.11,4.33,2.93,0.87,,,,0.0,0.14,,,,,,,,,,,709.0,,,,,,,,,,,,0.41,,2.33,1.08,0.11,,,,1.49,0.26,14.9,8.0,,,,,,,,,,,,,,,,,,,,,,,,,,,8.0,,,,,,,
1560,"Butter, salted",butter salted,1,1,Dairy and Egg Products,0,"USDA, 2018",0.0,24.0,24.0,24.0,0.09,19.961,,,0.0,0.0,0.0,0.0,0.0,16.17,0.06,0.0,0.0,0.042,0.0,2.8,0.3,2.0,,,,,,,,0.0,3.278,0.0,0.0,671.0,0.0,0.0,0.0,0.17,0.0,0.85,81.11,717.0,0.0,643.0,158.0,0.0,2.32,0.0,0.034,0.0,0.0,3.226,2.007,1.19,2.529,2.587,3.0,215.0,2.728,0.018,0.178,0.064,0.029,0.023,0.012,0.0,0.0,0.0,0.0,0.1,0.0,0.0,,0.06,0.02,0.005,0.003,51.368,21.021,3.043,0.038,0.051,0.083,1.0,0.0,2499.0,684.0,18.8,0.046,0.082,0.031,0.057,0.041,0.041,0.008,2999.928,,0.138,,,,0.56,,,,,,7.436,3.0,21.697,9.999,0.315,0.961,0.021,0.067,2.11,0.11,3.0,7.0,0.0,2.166,16.978,,,0.315,,,,0.0,0.296,4.0,0.0,0.0,0.0,,,2.982,,,,0.296,2.982,0.961,0.267,,,,,,,,,
48378,"Butter, salted",butter salted,1,4,Fats and Oils,23,McCance and Widdowson's,0.01,18.0,23.0,27.0,0.1,,0.0,0.0,0.03,0.01,,,,14.9,0.6,,0.0,0.0,0.07,,,2.0,1120.0,38.0,0.0,0.0,0.0,0.2,0.0,0.0,2.87,,,958.0,,0.9,,0.3,,0.6,82.2,744.0,0.0,730.0,614.0,,1.85,,0.07,,,3.32,1.94,1.09,2.34,2.69,,213.2,,,,,,,0.0001,,,0.0,,,0.06,0.08,0.6,0.6,0.0,0.0,0.0,52.09,20.91,2.83,,,,0.0,0.0,,1060.0,,,,,,,,,3059.0,,0.13,0.05,,0.84,0.56,0.01,,,,,8.37,,22.04,8.56,,,,,,0.05,0.0,7.4,,0.95,15.8,0.0,0.08,0.46,0.02,0.05,0.09,,,4.0,0.0,0.0,,,,,,,,,,,,,,,,,,,,
48379,"Butter, spreadable (75-80% fat)",butter spreadable 75 80 fat,0,4,Fats and Oils,23,McCance and Widdowson's,0.0,11.0,12.0,16.0,0.1,27.34,0.0,0.0,,,,,,18.7,0.5,,0.0,0.0,,,,1.0,720.0,4.0,0.0,0.0,0.0,0.1,0.0,0.0,1.38,,,521.0,,0.6,,0.1,,0.4,79.1,715.0,0.0,484.0,243.0,,10.5,,0.04,,,1.63,1.0,0.66,1.42,1.81,,153.0,7.67,,,,,,0.0001,0.12,0.06,0.0,0.0,0.49,0.03,0.04,0.5,0.5,0.04,0.0,0.0,34.15,29.54,10.0,,,,0.0,0.0,,562.0,,,,,,,,,2941.0,,0.24,0.16,0.44,0.87,0.66,0.05,0.03,0.0,0.03,0.0,5.09,,15.17,5.24,2.44,0.88,,,,0.03,0.0,,,7.3,25.97,0.12,0.05,2.44,0.0,0.03,0.05,,,,,,,,,,,0.0,,,,,,,,0.05,,,,,,
48380,"Butter, spreadable, light (60% fat)",butter spreadable light 60 fat,0,4,Fats and Oils,23,McCance and Widdowson's,0.0,17.0,15.0,26.0,0.1,21.05,0.0,0.0,,,,,,37.3,0.8,,0.0,0.0,,,,0.0,680.0,8.0,0.0,0.0,0.0,0.1,0.0,0.0,1.01,,,380.0,,0.4,,0.1,,0.5,60.2,547.0,0.0,467.0,342.0,,8.27,,0.03,,,1.18,0.73,0.49,1.05,1.39,,110.7,5.98,,,,,,0.0,0.08,0.03,0.0,0.0,0.37,0.02,0.03,0.8,0.8,0.25,0.0,0.0,25.7,22.66,7.75,,,,1.0,0.0,,437.0,,,,,,,,,2248.0,,0.18,0.12,0.31,0.63,0.47,0.04,0.02,0.0,0.02,0.0,3.71,,11.73,3.89,1.85,0.64,,,,0.02,0.0,,,5.72,20.06,0.08,0.03,1.85,0.0,0.02,0.03,,,,,,,,,,,0.0,,,,,,,,0.03,,,,,,
48381,"Butter, unsalted",butter unsalted,0,4,Fats and Oils,23,McCance and Widdowson's,0.01,18.0,23.0,27.0,0.1,,0.0,0.0,0.03,0.01,,,,14.9,0.6,,0.0,0.0,0.07,,,2.0,18.0,38.0,0.0,0.0,0.0,0.2,0.0,0.0,2.87,,,958.0,,0.9,,0.3,,0.6,82.2,744.0,0.0,8.0,614.0,,1.85,,0.07,,,3.32,1.94,1.09,2.34,2.69,,213.0,,,,,,,0.0001,,,0.0,,,0.06,0.08,0.6,0.6,0.0,0.0,0.0,52.09,20.91,2.83,,,,0.0,0.0,,1060.0,,,,,,,,,3059.0,,0.13,0.05,0.7,0.84,0.56,0.01,,,,,8.37,,22.04,8.56,,,,,,0.05,0.0,7.4,,0.95,15.8,0.0,0.08,0.46,0.02,0.05,0.09,,,4.0,0.0,0.0,,,,,,,,,,,,,,,,,,,,
2971,"CAMPBELL'S CHUNKY, Classic Chicken Noodle Soup",campbell s chunky classic chicken noodle soup,0,6,"Soups, Sauces, and Gravies",0,"USDA, 2018",0.025,11.0,35.0,90.0,0.18,,0.41,4.0,,,,,,88.9,0.41,,0.0,1.352,,,,7.0,,,0.0,0.0,0.0,,0.0,,0.0,,,,,,,,,3.41,1.3,47.0,1.0,325.0,198.0,20.0,,,0.023,,,,,,,,,8.0,,,,,,,,,,,,,,,0.0,5.41,0.34,0.017,,0.408,,,,,,5.7,0.058,,,,,,,,,,,196.648,,,,,,,,,,,,,,,,,,,,0.98,,,,,,,,,,,,,,,,,,,,,,,,,,,,,,,,,,,,,
428067,"CHORIZO IBERICO, cured meat, Spain",chorizo iberico cured meat spain,0,10,Pork Products,5,My foods,,,,,,,,,,,,,,,2.5,,,,,,,,,,,,,,,,,,,,,,,,,24.5,44.7,511.0,,4.57,,,,,,,,,,,,,,,,,,,,,,,,,,,,,,2.6,,,,17.5,,,,,,,,,,,,,,,,,,2138.024,,,,,,,,,,,,,,,,,,,,,,,,,,,,,,,,,,,,,,,,,,,,,,,,,,,,,,,,,
48384,"Cabbage, average, boiled in unsalted water",cabbage average boiled in unsalted water,0,11,Vegetables and Vegetable Products,23,McCance and Widdowson's,0.02,47.0,24.0,172.0,0.1,,0.3,0.0,,,,,,92.6,2.8,,32.0,0.3,,,,9.0,72.0,1.0,1.1,0.0,1.3,0.1,0.0,,0.0,,,0.0,,0.0,,0.0,,1.1,0.2,17.0,2.2,5.0,,,0.15,,0.03,,,,,,,,,0.0,,,,,,,0.0002,,,,,,,,0.0,2.8,0.34,0.13,0.06,0.02,0.0,0.09,,,,1.0,0.11,,27.0,,,,,,,,,70.0,,,,,,,,,,,,,,,,,,,,,0.17,38.0,121.1,,,,,,,,,,,,,,,,,,,,,,,,,,,,,,,,,,
48385,"Cabbage, average, raw",cabbage average raw,0,11,Vegetables and Vegetable Products,23,McCance and Widdowson's,0.04,56.0,32.0,258.0,0.2,,0.3,0.0,,,,,,89.3,4.4,,48.0,0.5,,,,13.0,85.0,2.0,1.9,0.0,2.2,0.1,0.0,0.0,0.0,,,0.0,,0.0,,0.0,,1.8,0.2,26.0,3.5,7.0,,,0.06,,0.03,,,,,,,,,0.0,,,,,,,0.0002,,,,,,,,0.0,4.4,0.45,0.28,0.13,0.02,0.0,0.1,,,,1.0,0.15,,38.0,,,,,,,,,108.0,,,,,,,,,,,,,,,,,,,,,0.28,65.0,151.0,,,,,,,,,,,,,,,,,,,,,,,,,,,,,,,,,,
48388,"Cabbage, green, raw",cabbage green raw,0,11,Vegetables and Vegetable Products,23,McCance and Widdowson's,0.04,56.0,37.0,288.0,0.3,,0.3,0.0,0.0,0.0,,,,88.4,4.1,,48.0,0.6,0.15,,,14.0,75.0,1.0,1.8,0.0,2.0,0.1,0.0,0.0,0.0,,,0.0,,0.0,,0.0,,2.4,0.2,27.0,4.1,7.0,,,0.08,,0.04,,,,,,,,,0.0,,,,,,,0.0003,,,,,,,,0.0,4.1,0.52,0.33,0.14,0.04,0.0,0.12,,,,1.0,0.18,,76.0,,,,,,,,,114.0,,,,,,,,,,,,,,,,,,,,,0.36,45.0,242.0,,,,,,,,,,,,,,,,,,,,,,,,,,,,,,,,,,
4484,"Cabbage, raw",cabbage raw,0,11,Vegetables and Vegetable Products,0,"USDA, 2018",0.019,40.0,26.0,170.0,0.18,0.017,0.08,0.0,0.0,0.0,0.0,0.0,,92.18,3.2,30.0,36.6,0.234,0.0,1.0,0.4,12.0,,,1.45,0.0,1.67,,0.01,0.0,0.0,0.0,0.0,0.0,0.0,0.0,0.0,0.0,0.0,1.28,0.1,25.0,2.5,18.0,42.0,33.0,0.15,0.0,0.04,0.0,0.0,0.0,0.0,0.0,0.0,0.0,43.0,0.0,0.017,0.03,0.294,0.122,0.042,0.022,0.011,0.0,0.0,0.0,0.0,0.0,0.0,0.0,0.0,5.8,0.47,0.061,0.124,0.034,0.017,0.017,0.035,0.03,0.041,0.3,0.16,98.0,5.0,10.7,0.053,0.048,0.075,0.042,0.019,0.032,0.011,103.0,0.0,0.0,0.0,0.0,0.0,0.0,0.0,0.0,0.0,0.0,0.0,0.0,43.0,0.034,0.0,0.0,0.0,0.012,0.044,0.64,0.212,43.0,76.0,0.04,,,,,,,,,,,,,,,11.0,,,,,,,,,,,,,,,,,,
48389,"Cabbage, red, boiled in unsalted water",cabbage red boiled in unsalted water,0,11,Vegetables and Vegetable Products,23,McCance and Widdowson's,0.01,44.0,34.0,130.0,0.1,,0.2,0.1,,,,,,92.6,2.0,,32.0,0.2,,,,6.0,36.0,2.0,0.9,0.0,0.9,0.1,0.0,,0.0,,,0.0,,0.0,,0.0,,0.8,0.3,15.0,2.3,6.0,12.0,0.0,0.2,,0.01,,,,,,,,,0.0,,,,,,,0.0001,,,,,,,,0.0,2.3,0.3,0.02,0.04,0.0,0.0,0.2,,,,2.0,0.2,,2.0,,,,,,,,,61.0,,,,,,,,,,,,,,,,,,,,,0.22,31.0,,,,,,,,,,,,,,,,,,,,,,,,,,,,,,,,,,,
48390,"Cabbage, red, cooked with apple",cabbage red cooked with apple,0,22,"Meals, Entrees, and Side Dishes",23,McCance and Widdowson's,0.02,46.0,30.0,204.0,0.1,,3.9,0.1,,,,,,79.6,7.5,,21.0,0.3,,,,8.0,72.0,2.0,2.1,0.0,1.6,0.3,0.0,,0.0,,,,,,,0.0,,0.9,2.6,57.0,0.1,30.0,,,,,0.01,,,,,,,,,0.3,,,,,,,0.0002,,,,,,,,0.0,7.9,0.33,0.02,0.06,0.77,1.06,0.54,,,,1.0,0.15,,,,,,,,,,,241.0,,,,,,,,,,,,,,,,,,,,,0.19,14.0,,,,,,,,,,,,,,,,,,,,,,,,,,,,,,,,,,,
4486,"Cabbage, red, raw",cabbage red raw,1,11,Vegetables and Vegetable Products,0,"USDA, 2018",0.017,45.0,30.0,243.0,0.22,0.012,0.6,0.0,,,,,,90.39,3.83,329.0,57.0,0.418,,,0.1,16.0,,,1.48,0.0,1.74,,0.0,0.0,0.0,0.0,0.0,0.0,0.0,0.0,0.0,0.0,0.0,1.43,0.16,31.0,2.1,27.0,670.0,0.0,0.11,20.0,0.069,0.0,0.0,0.0,0.0,0.0,0.0,0.001,18.0,0.0,0.034,0.034,0.329,0.136,0.048,0.024,0.012,0.0,0.001,0.0,0.0,0.0,0.0,0.0,0.0,7.37,0.8,0.064,0.209,0.021,0.012,0.08,0.039,0.034,0.046,0.6,0.243,1116.0,56.0,17.1,0.059,0.054,0.083,0.048,0.022,0.036,0.012,130.0,0.0,,,,,,,,,,,0.001,18.0,0.019,0.001,0.045,0.0,0.014,0.049,0.64,0.147,18.0,38.2,,,,,,,,,,,,,,,,,,,,,,,,,,,,,,,,,,
48391,"Cabbage, red, raw",cabbage red raw,1,11,Vegetables and Vegetable Products,23,McCance and Widdowson's,0.01,60.0,37.0,250.0,0.1,,0.4,0.1,,,,,,90.7,3.3,,55.0,0.4,,,,9.0,45.0,2.0,1.4,0.0,1.5,0.1,0.0,,,,,0.0,,0.0,,0.0,,1.1,0.3,21.0,2.9,8.0,15.0,0.0,0.2,,0.01,,,,,,,,,0.0,,,,,,,0.0002,,,,,,,,0.0,3.7,0.4,0.02,0.09,0.0,0.0,0.2,,,,2.0,0.2,,3.0,,,,,,,,,89.0,,,,,,,,,,,,,,,,,,,,,0.32,39.0,,,,,,,,,,,,,,,,,,,,,,,,,,,,,,,,,,,
48393,"Cabbage, white, raw",cabbage white raw,0,11,Vegetables and Vegetable Products,23,McCance and Widdowson's,0.03,56.0,26.0,227.0,0.2,,0.3,0.0,0.0,0.0,,,,90.1,4.8,0.0,47.0,0.3,0.09,,,12.0,94.0,2.0,2.1,0.0,2.4,0.1,0.0,0.0,0.0,,,0.0,,0.0,0.0,0.0,,1.2,0.1,24.0,3.0,7.0,0.0,0.0,0.05,0.0,0.02,,,,,,,,,0.0,,,,,,,0.0001,,,,,,,,0.0,4.8,0.39,0.23,0.12,0.0,0.0,0.08,,,,1.0,0.12,,0.0,,,,,,,,,101.0,,,,,,,,,,,,,,,,,,,,,0.21,84.0,60.0,,,,,,,,,,,,,,,,,,,,,,,,,,,,,,,,,,
37341,Cacau,cacau,0,9,Fruits and Fruit Juices,20,"TCNA, IBGE",0.15,12.0,9.0,72.0,0.6,,,,,,,,,,,,13.6,,,,,25.0,,,,,,,,,,,,,,,,,,1.0,0.1,74.0,2.2,1.0,,,,,,,,,,,,,,,,,,,,,,,,,,,,,,19.4,0.3,0.25,0.04,,,,,,,,0.04,,,,,,,,,,,309.616,,,,,,,,,,,,,,,,,,,,,,,,,,,,,,,,,,,,,,,,,,,,,,,,,,,,,,,,,
823,Cacau em pó,cacau em p,0,19,Sweets,1,"TCA, INSA 2015",,112.0,546.0,1840.0,1.9,,,11.1,,,,,,7.0,0.0,,0.0,3.1,,,,406.0,,,,,,,,0.0,0.0,,,0.0,,0.0,,0.0,34.0,19.6,23.4,334.801184208,12.1,34.0,0.0,,0.5,,0.3,,,,,,,,,0.0,,,,,,,0.0035,,,,,,,,,11.1,5.8,0.12,0.11,13.8,7.8,0.6,,,,,,,0.0,,,,,,,,,1400.808154726272,,,,,,,,,,,,,,,,,,,,4.4,,,,,0.6,,,,,,,,,,,,,,,,,,,,,,,,,,,,,,,,
54406,Cacau pur en pols desgreixat,cacau pur en pols desgreixat,0,19,Sweets,5,My foods,,,,,,,,,,,,,,,,,,,,,,,,,,,,,,,,,,,,,,,,26.0,16.0,375.0,,0.03,,,,,,,,,,,,,,,,,,,,,,,,,,,,,,16.0,,,,,,,,,,,,,,,,,,,,,,1569.0,,,,,,,,,,,,,,,,,,,,,,,,,,,,,,,,,,,,,,,,,,,,,,,,,,,,,,,,,
201646,Cacio e Pepe Sauce,cacio e pepe sauce,0,,,19,My recipes,0.02593987654320987,465.1481481481481,293.4938271604938,60.358024691358025,1.9187654320987653,,0.0,0.0,,,,,,54.867901234567896,0.09876543209876544,,0.25925925925925924,0.09876543209876544,,,,24.0,,,0.0,,0.0,,0.0,0.0,,,,237.037037037037,,0.24691358024691357,,0.54320987654321,,17.085185185185185,19.448148148148146,245.2732098765432,0.3271604938271605,966.9629629629629,4.444444444444445,,0.35839506172839497,,0.23506172839506173,,,,,,0.10493827160493828,,,51.358024691358025,,,,,,,,,,,,,,,0.09876543209876544,0.5717283950617285,0.6711111111111112,0.016172839506172838,0.04444444444444444,10.972345679012346,4.92,0.44493827160493826,,,,3.1493827160493826,0.07938271604938271,,238.25925925925927,,,,,,,,,1026.223110123456,,,,,,,,,,,,,,,,,,,,0.5703703703703704,0.2074074074074074,3.4567901234567904,,,,,,,,,,,,,,,,,,,,,,,,,,,,0.0,,,,,,,
82249,"Caesar's salad (salad, chicken, croûtons, sauce)",caesar s salad salad chicken cro tons sauce,0,11,Vegetables and Vegetable Products,11,"CIQUAL, ANSES",0.11,100.0,150.0,300.0,0.69,4.6,,3.17,,,,,,71.8,1.71,,1.11,2.29,,,,19.0,483.0,0.0,,,,,,0.0,,,,27.9,,0.0,,0.48,,8.13,10.0,151.0,2.0,301.0,627.0,,2.24,,0.068,,,0.08,0.05,0.03,0.06,0.08,,40.7,1.7,,,,,,,,0.0,0.0,,,0.0,,,4.88,0.5,0.096,0.094,2.36,4.99,2.09,,,,0.0,0.15,,,,,,,,,,,629.0,,,,,,,,,,,,0.26,,1.26,0.41,0.39,,,,1.54,0.47,29.3,32.0,,,,,,,,,,,,,,,,,,,,,,,,,,,1.66,,,,,,,
207917,Café de cafeteira,caf de cafeteira,0,14,Beverages,33,"TCA, INSA 2019",,2.0,10.0,150.0,0.0,,,0.3,,,,,,97.8,0.0,,0.0,0.7,,,,5.0,,,,,,,,0.0,0.0,,,,,0.0,,0.0,,0.2,0.0,2.0,0.0,1.0,0.0,,0.0,,0.0,,,,,,,,,0.0,,,,,,,0.0,,,,,,,,,0.3,0.0,0.0,0.0,0.0,0.0,0.0,,,,,,,0.0,,,,,,,,,9.0,,,,,,,,,,,,,,,,,,,,0.3,,0.0,,,,,,,,,,,,,,,,,,,,,,,,,,,,,,,,,,,
207912,Café solúvel (pó) com cafeína,caf sol vel p com cafe na,0,14,Beverages,33,"TCA, INSA 2019",,89.0,320.0,3250.0,0.2,,,16.8,,,,,,2.9,24.3,,0.0,25.0,,,,220.0,,,,,,,,0.0,0.0,,,,,0.0,,0.0,,14.9,0.5,233.0,2.0,42.0,0.0,,0.0,,0.21,,,,,,,,,0.0,,,,,,,3.0,,,,,,,,,41.1,0.8,0.04,0.0,0.2,0.0,0.2,,,,,,,0.0,,,,,,,,,987.0,,,,,,,,,,,,,,,,,,,,9.1,,0.0,,,,,,,,,,,,,,,,,,,,,,,,,,,,,,,,,,,
37322,Caju,caju,0,9,Fruits and Fruit Juices,20,"TCNA, IBGE",0.07,1.0,16.0,124.0,0.1,,,,,,,,,,,,,,,,,10.0,,,,,,,,,,,,,,,,,,1.0,0.3,43.0,1.7,3.0,,,,,,,,,,,,,,,,,,,,,,,,,,,,,,10.3,0.2,,,,,,,,,,0.12,,7.0,,,,,,,,,179.912,,,,,,,,,,,,,,,,,,,,,,,,,,,,,,,,,,,,,,,,,,,,,,,,,,,,,,,,,
28076,"Cake, apple, homemade",cake apple homemade,0,18,Baked Products,15,"IFCD, UCC",0.08,40.0,52.0,91.0,0.31,,,15.9,,,,,,44.3,22.6,,6.8,0.41,,,,8.0,,,,,,,,,,,,114.0,,1.3,,0.3,,3.6,12.5,271.0,,148.0,,,0.93,,0.07,,,,,,,,,86.0,,,,,,,,,,,,,,,,38.5,0.76,0.09,0.07,5.2,5.5,1.1,,,,2.0,0.12,,,,,,,,,,,1133.86,,,,,,,,,,,,,,,,,,,,,0.28,13.0,,,,,,,,,,,,,,,,,,,,,,,,,,,,,,,,,,,
48398,"Cake, carrot, with topping, homemade",cake carrot with topping homemade,0,18,Baked Products,23,McCance and Widdowson's,0.1,81.0,175.0,152.0,0.5,,20.8,13.9,,,,,,36.1,23.7,,1.0,0.4,,,,19.0,,,1.2,0.0,1.3,3.5,0.0,,0.14,,,,,,,0.2,,4.0,21.1,346.0,1.5,214.0,,,,,0.09,,,,,,,,,36.9,,,,,,,0.0011,,,,,,,,0.4,37.7,0.83,0.08,0.1,5.19,5.31,9.61,,,,3.0,0.33,,,,,,,,,,,1447.0,,,,,,,,,,,,,,,,,,,,,0.28,11.0,1.8,,,,,,,,,,,,,,,,,,,,,,,,,,,,,,,,,,
48411,"Cake, sponge, fatless, homemade",cake sponge fatless homemade,0,18,Baked Products,23,McCance and Widdowson's,0.11,57.0,137.0,136.0,0.9,,30.6,23.3,,,,,,31.9,30.6,,0.0,0.5,,,,15.0,146.0,29.0,0.0,0.0,0.0,11.799999999999999,0.0,0.0,0.01,,,73.0,,1.9,,1.6,,9.9,5.6,292.0,1.2,91.0,,,0.92,,0.26,,,,,,,,,203.0,,,,,,,0.0026,,,,,,,,0.0,53.9,1.62,0.1,0.1,1.59,2.06,0.9,,,,14.0,0.22,,73.0,,,,,,,,,1240.0,,,,,,,,,,,,,,,,,,,,,0.68,16.0,,,,,,,,,,,,,,,,,,,,,,,,,,,,,,,,,,,
48420,"Cakes, crispie, homemade",cakes crispie homemade,0,18,Baked Products,23,McCance and Widdowson's,0.49,23.0,123.0,232.0,1.3,,42.2,30.7,3.22,0.18,,,,1.6,43.0,,0.0,6.0,0.11,,,66.0,254.0,2.0,0.4,,0.4,2.6,0.0,,0.03,,,9.0,,1.7,,0.7,,5.5,18.0,460.0,,169.0,,,0.96,,0.56,,,,,,,,,3.8,,,,,,,0.0008,,,,,,,,0.1,73.7,5.67,0.43,0.58,10.64,5.73,0.74,,,,5.0,0.57,,15.0,,,,,,,,,1938.0,,,,,,,,,,,,,,,,,,,,,,,,,,,,,,,,,,,,,,,,,,,,,,,,,,,,,,,,,
208598,Camarão cozido,camar o cozido,0,15,Finfish and Shellfish Products,33,"TCA, INSA 2019",,110.0,190.0,230.0,0.4,,,0.4,,,,,,70.2,0.0,,0.0,2.4,,,,38.0,,,,,,,,0.0,0.0,,,,,0.0,,2.4,,22.6,0.8,99.0,0.0,1600.0,0.0,,0.9,,0.01,,,,,,,,,198.0,,,,,,,4.8,,,,,,,,,0.4,2.3,0.03,0.05,0.2,0.1,0.4,,,,,,,2.0,,,,,,,,,421.0,,,,,,,,,,,,,,,,,,,,5.0,,9.8,,,,,,,,,,,,,,,,,,,,,,,,,,,,,,,,,,,
7704,"Candies, SPECIAL DARK Chocolate Bar",candies special dark chocolate bar,0,19,Sweets,0,"USDA, 2018",0.02,30.0,51.0,502.0,0.01,,,,,,,,,0.9,47.56,,0.0,0.0,,,,31.0,,,,,,,,0.0,,,,,,,,,,5.54,32.4,556.0,6.5,6.0,,,,,0.01,,,,,,,,,5.0,,,,,,,,,,,,,,,,60.49,2.13,0.0,0.0,,5.14,0.44,,,,0.3,0.0,,,,,,,,,,,2325.0,,,,,,,,,,,,,0.0,,,,,,,0.67,0.0,0.0,,,,,,,,,,,,,,,,,,,,,,,,,,,,,,,,,,,
952,Canela moída,canela mo da,0,6,"Soups, Sauces, and Gravies",1,"TCA, INSA 2015",,1228.0,61.0,500.0,2.0,,,0.0,,,,,,10.0,55.5,,28.0,1.3,,,,56.0,,,,,,,,0.0,0.0,,,26.0,,0.0,,0.0,0.0,3.9,3.2,252.0,24.4,26.0,155000.0,,0.1,,0.14,,,,,,,,,0.0,,,,,,,0.0,,,,,,,,,55.5,38.1,0.08,0.25,0.7,0.5,0.5,,,,,,,26.0,,,,,,,,,1054.368,,,,,,,,,,,,,,,,,,,,3.6,,,,,0.5,,,,,,,,,,,,,,,,,,,,,,,,,,,,,,,,
172894,Cannelini Beans in Water,cannelini beans in water,0,16,Legumes and Legume Products,5,My foods,,,,,,,,10.7,,,,,,,,,,,,,,,,,,,,,,,,,,,,,,,,6.9,0.8,93.0,6.8,8.0,,,,,,,,,,,,,,,,,,,,,,,,,,,,,,11.1,,,,0.0,,,,,,,,,,,,,,,,,,389.112,,,,,,,,,,,,,,,,,,,,,,,,,,,,,,,,,,,,,,,,,,,,,,,,,,,,,,,,,
181828,Canónigo,can nigo,0,11,Vegetables and Vegetable Products,5,My foods,,,,,,,,,,,,,,,,,,,,,,,,,,,,,,,,,,,,,,,,2.0,0.4,21.0,,4.0,,,,,,,,,,,,,,,,,,,,,,,,,,,,,,3.6,,,,,,,,,,,,,,,,,,,,,,87.864,,,,,,,,,,,,,,,,,,,,,,,,,,,,,,,,,,,,,,,,,,,,,,,,,,,,,,,,,
1843,"Capers, canned",capers canned,0,2,Spices and Herbs,0,"USDA, 2018",0.374,40.0,10.0,40.0,0.32,0.057,,,,,,,,83.85,0.41,0.0,4.3,0.652,,,,33.0,,,,,,,,0.0,0.0,0.0,0.0,0.0,0.0,0.0,0.0,0.0,0.0,2.36,0.86,23.0,3.2,2348.0,83.0,0.0,0.88,0.0,0.139,0.0,0.0,0.0,0.0,0.0,0.0,0.0,23.0,0.0,0.111,,,,,,,0.0,0.002,0.0,0.0,0.001,0.0,0.001,,4.89,1.67,0.018,0.023,0.233,0.063,0.304,,,,1.2,0.078,138.0,7.0,6.5,,,,,,,,96.232,,,,,,,,,,,,0.001,23.0,0.17,0.036,0.183,0.004,,,8.04,0.027,23.0,24.6,,,,,,,,,,,,,,,,48.0,,,,,,,,,,,,,,,,,,
428064,"Capocollo di Martina Franca, cured meat, Italy",capocollo di martina franca cured meat italy,0,10,Pork Products,5,My foods,,,,,,,,,,,,,,,,,,,,,,,,,,,,,,,,,,,,,,,,21.7,37.6,1805.3,,1.9,,,,,,,,,,,,,,,,,,,,,,,,,,,,,,0.0,,,,,,,,,,,,,,,,,,,,,,7553.3752,,,,,,,,,,,,,,,,,,,,,,,,,,,,,,,,,,,,,,,,,,,,,,,,,,,,,,,,,
161353,Capsicum,capsicum,0,11,Vegetables and Vegetable Products,5,My foods,,,,,,,,,,,,,,,,,,,,,,,,,,,,,,,,,,,,,,,,2.0,0.2,40.0,,,,,,,,,,,,,,,,,,,,,,,,,,,,,,,,9.0,,,,,,,,,,,,,,,,,,,,,,167.36,,,,,,,,,,,,,,,,,,,,,,,,,,,,,,,,,,,,,,,,,,,,,,,,,,,,,,,,,
62752,Caqui,caqui,0,9,Fruits and Fruit Juices,5,My foods,,8.0,25.0,178.0,,,,,,,,,,,,,16.0,,,,,,,,,,,,,,,,,,,,,,,0.63,0.3,62.0,2.53,4.0,,,,,,,,,,,,,,,,,,,,,,,,,,,,,,16.0,0.37,,,,,,,,,,,,0.27,,,,,,,,,259.408,,,,,,,,,,,,,,,,,,,,,,,,,,,,,,,,,,,,,,,,,,,,,,,,,,,,,,,,,
201649,Carbonara Mezzi Paccheri,carbonara mezzi paccheri,0,,,19,My recipes,0.01612335099337748,52.94647682119208,148.61986754966887,121.30225165562916,0.8504,0.1355364238410596,0.0,29.5488,0.01986754966887418,0.0023841059602649002,0.0,0.000397350993377484,0.0,24.19770331125828,0.8234754966887418,19.98675496688742,0.027814569536423802,1.7647536423841061,0.000397350993377484,0.0437086092715232,0.0119205298013245,4.095629139072847,,,0.0,0.0,0.014701986754966881,,0.0,0.0,0.28150993377483446,0.0,0.0,53.33403973509934,3.25827814569536,0.2630039735099338,0.35761589403973604,0.3308185430463576,0.0,12.805324503311262,25.30575099337748,395.4047337748344,1.4126993377483446,194.77845033112578,7.738807947019868,0.0,0.3533933774834438,0.0,0.15589456953642378,0.0,0.0,0.0001589403973509934,0.0,0.0001589403973509934,0.00023841059602648998,0.0,1.8675496688741722,100.61605298013241,0.0617880794701986,0.017165562913907282,0.066476821192053,0.0528079470198676,0.029205298013245003,0.012278145695364241,0.00663576158940398,0.0,0.00747019867549668,0.0023046357615894,0.0,0.001072847682119206,0.0,0.000278145695364238,0.011973509933774842,30.432124503311258,1.142190728476822,0.21721112582781457,0.10454304635761591,1.5417547019867541,1.052878940397352,0.4671141721854304,0.022092715231788,0.0266622516556292,0.0431523178807948,2.021139072847682,0.01116688741721854,21.456953642384203,55.758940397351004,11.67417218543046,0.0385827814569536,0.0203443708609272,0.032582781456953605,0.034092715231788,0.01982781456953642,0.027019867549668803,0.01080794701986756,1654.3734061139055,0.0039735099337748405,0.00011920529801324499,0.0001589403973509934,0.000278145695364238,0.00031788079470198606,0.000874172185430464,0.0,0.00071523178807947,0.00047682119205297996,0.0009139072847682121,0.0,0.001311258278145696,1.8675496688741722,0.08864900662251661,0.032225165562914,0.0019072847682119198,0.007986754966887421,0.01509933774834438,0.0362384105960264,0.042119205298013204,0.1560582781456954,15.526622516556301,0.0119205298013245,0.0023841059602649002,0.0608344370860928,0.1346225165562914,0.0,0.0,0.00143046357615894,0.00047682119205297996,0.000874172185430464,,,,,,,0.0794701986754966,,0.0,0.0009139072847682121,0.00011920529801324499,0.000516556291390728,3.97350993377484e-05,0.00047682119205297996,0.0010331125827814582,0.00786754966887418,0.00047682119205297996,0.00047682119205297996,,,,,,,,
201648,Carbonara Sauce,carbonara sauce,0,,,19,My recipes,0.018616754966887417,80.13238410596027,99.09933774834438,45.3112582781457,0.6200000000000001,0.677682119205298,0.0,0.0,0.09933774834437087,0.011920529801324504,0.0,0.001986754966887417,0.0,21.722516556291392,0.09337748344370862,99.9337748344371,0.13907284768211922,0.034768211920529805,0.001986754966887417,0.21854304635761593,0.059602649006622516,8.27814569536424,,,0.0,0.0,0.07350993377483445,,0.0,0.0,0.007549668874172185,0.0,0.0,79.47019867549669,16.29139072847682,0.4470198675496689,1.7880794701986755,0.28609271523178814,0.0,21.686622516556294,15.906754966887421,238.8396688741722,0.1754966887417219,514.0922516556292,0.8940397350993378,0.0,0.2849668874172186,0.0,0.13907284768211922,0.0,0.0,0.0007947019867549669,0.0,0.0007947019867549669,0.0011920529801324503,0.0,9.337748344370862,137.88026490066227,0.3089403973509934,0.08582781456953642,0.3323841059602649,0.26403973509933776,0.14602649006622517,0.06139072847682119,0.03317880794701987,0.0,0.037350993377483446,0.01152317880794702,0.0,0.005364238410596026,0.0,0.001390728476821192,0.019867549668874173,0.4166225165562914,2.146953642384106,0.01165562913907285,0.042715231788079476,2.343973509933775,1.515794701986755,0.43937086092715233,0.11046357615894041,0.13331125827814572,0.21576158940397355,6.745695364238411,0.04483443708609273,107.28476821192054,79.79470198675497,58.37086092715232,0.19291390728476823,0.10172185430463576,0.1629139072847682,0.1704635761589404,0.09913907284768213,0.1350993377483444,0.05403973509933776,999.3051745695357,0.019867549668874173,0.0005960264900662252,0.0007947019867549669,0.001390728476821192,0.0015894039735099338,0.0043708609271523174,0.0,0.003576158940397351,0.0023841059602649007,0.00456953642384106,0.0,0.006556291390728478,9.337748344370862,0.44324503311258273,0.16112582781456955,0.009536423841059603,0.03993377483443709,0.07549668874172186,0.18119205298013247,0.21059602649006626,0.3462913907284768,10.033112582781458,0.059602649006622516,0.011920529801324504,0.30417218543046354,0.673112582781457,0.0,0.0,0.007152317880794702,0.0023841059602649007,0.0043708609271523174,,,,,,,0.3973509933774835,,0.0,0.00456953642384106,0.0005960264900662252,0.0025827814569536426,0.00019867549668874172,0.0023841059602649007,0.005165562913907285,0.039337748344370864,0.0023841059602649007,0.0023841059602649007,,,,,,,,
208784,Carne de porco à alentejana,carne de porco alentejana,0,22,"Meals, Entrees, and Side Dishes",33,"TCA, INSA 2019",,37.0,190.0,220.0,1.9,,,1.3,,,,,,61.4,0.5,,9.2,4.5,,,,62.0,,,,,,,,1.4,0.1,,,,,0.4,,18.0,,14.6,16.9,229.0,0.3,500.0,78.0,,0.35,,0.2,,,,,,,,,62.0,,,,,,,2.83,,,,,,,,,1.8,4.8,0.4,0.25,5.1,7.5,2.4,,,,,,,60.0,,,,,,,,,951.0,,,,,,,,,,,,,,,,,,,,1.98,,7.4,,,,,,,,,,,,,,,,,,,,,,,,,,,,,,,,,,,
187,Carne de vaca para cozer ou estufar meio gorda crua,carne de vaca para cozer ou estufar meio gorda crua,0,17,"Lamb, Veal, and Game Products",1,"TCA, INSA 2015",,13.0,253.0,300.0,3.2,,,0.0,,,,,,61.5,0.0,,0.0,4.0,,,,19.0,,,,,,,,0.0,0.73,,,0.0,,0.5,,2.0,15.0,21.3,15.8,227.263330608,0.0,53.0,0.0,,0.11,,0.17,,,,,,,,,61.0,,,,,,,0.0045,,,,,,,,,0.0,0.7,0.1,0.48,6.1,7.1,0.5,,,,,,,0.0,,,,,,,,,950.869775263872,,,,,,,,,,,,,,,,,,,,1.1,,,,,0.5,,,,,,,,,,,,,,,,,,,,,,,,,,,,,,,,
48432,Carrot juice,carrot juice,0,11,Vegetables and Vegetable Products,23,McCance and Widdowson's,0.04,16.0,25.0,240.0,0.1,,3.5,0.0,,,,,,92.3,5.7,,,0.7,,,,8.0,,0.0,0.9,0.0,1.3,0.6,0.0,0.0,0.0,,,0.0,,0.0,0.0,0.0,,0.5,0.1,24.0,0.6,51.0,6905.0,2425.0,0.09,,0.07,,,,,,,,,0.0,,,,,,,0.0001,,,,,,,,0.0,5.7,0.2,0.03,0.14,0.0,0.0,0.0,,,,0.0,0.1,,1355.0,,,,,,,,,103.0,,,,,,,,,,,,,,,,,,,,,0.25,12.0,,,,,,,,,,,,,,,,,,,,,,,,,,,,,,,,,,,
22391,"Carrot, raw",carrot raw,0,11,Vegetables and Vegetable Products,11,"CIQUAL, ANSES",0.041,32.6,32.7,301.0,0.22,0.01,,0.8,,,,,,89.6,5.42,,5.84,0.99,,,,11.3,61.0,0.0,,,,,,0.0,,,,0.0,,0.0,,0.0,,0.77,0.26,36.4,2.7,39.0,8290.0,,0.61,,0.047,,,0.0,0.0,0.0,0.0,0.0,,0.0,0.12,,,,,,,,0.0,0.0,,,0.0,,,6.45,0.31,0.054,0.13,0.054,0.01,0.18,,,,0.17,0.25,,,,,,,,,,,153.0,,,,,,,,,,,,0.00042,,0.041,0.0066,0.0088,,,,0.73,0.28,32.3,13.8,,,,,,,,,,,,,,,,,,,,,,,,,,,0.14,,,,,,,
27408,Carrots,carrots,0,11,Vegetables and Vegetable Products,14,"FCDBE, IEO",,44.0,37.0,220.0,0.4,,,0.0,,,,,,91.6,7.6,,4.0,0.7,,,,,,,,,,,,0.0,,,,0.0,,0.0,,,,1.1,0.0,32.9,3.1,95.0,6888.0,,0.46,,0.04,,,,,,,,,0.0,,,,,,,,,,,,,,,,7.6,0.7,0.04,0.12,0.0,0.0,0.0,,,,,,,1148.0,,,,,,,,,137.65,,,,,,,,,,,,,,,,,,,,,,10.0,,,,,,,,,,,,,,,,,,,,,,,,,,,,,,,,,,,
5163,"Carrots, baby, raw",carrots baby raw,0,11,Vegetables and Vegetable Products,0,"USDA, 2018",0.1,32.0,28.0,237.0,0.17,0.005,2.72,0.0,,,,,,90.35,4.76,358.0,2.6,0.556,,,0.1,10.0,,,1.0,0.0,1.04,,0.0,,0.0,,,0.0,0.0,0.0,0.0,0.0,0.0,0.64,0.13,35.0,2.9,78.0,6391.0,3767.0,,0.0,0.036,,,,,,,0.002,27.0,0.0,0.057,0.024,0.165,0.112,0.048,0.013,0.009,,,,,,,,0.0,8.24,0.89,0.03,0.105,0.023,0.007,0.065,0.031,0.034,0.035,0.9,0.151,13790.0,690.0,7.5,0.028,0.024,0.035,0.036,0.016,0.026,0.007,145.0,0.0,,,,,,,,,,,0.001,27.0,0.019,0.001,0.008,0.002,0.006,0.033,0.63,0.401,27.0,9.4,,,,,,,,,,,,,,,,,,,,,,,,,,,,,,,,,,
4969,"Carrots, cooked, boiled, drained, with salt",carrots cooked boiled drained with salt,0,11,Vegetables and Vegetable Products,0,"USDA, 2018",0.017,30.0,30.0,235.0,0.2,0.006,2.7,0.17,0.01,0.0,0.0,0.0,0.0,90.17,3.45,194.0,3.6,0.645,0.02,47.5,0.1,10.0,,,0.36,0.0,0.4,,0.0,0.0,0.0,0.0,0.0,0.0,0.0,0.0,0.0,0.0,0.0,0.76,0.18,35.0,3.0,302.0,8332.0,3776.0,1.03,0.0,0.044,0.0,0.0,0.0,0.0,0.0,0.0,0.0,2.0,0.0,0.105,0.038,0.301,0.156,0.093,0.033,0.01,0.0,0.0,0.0,0.0,0.0,0.0,0.0,0.0,8.22,0.34,0.066,0.153,0.037,0.007,0.107,0.157,0.063,0.084,0.7,0.155,17033.0,852.0,8.8,0.044,0.044,0.075,0.056,0.035,0.05,0.068,147.0,0.0,0.0,0.0,0.0,0.0,0.0,0.0,0.0,0.0,0.0,0.0,0.0,2.0,0.035,0.002,0.002,0.002,0.017,0.083,0.67,0.232,2.0,13.7,0.05,,,,,,,,,,,,,,,,,,,,,,,,,,,,,,,,,
4497,"Carrots, cooked, boiled, drained, without salt",carrots cooked boiled drained without salt,0,11,Vegetables and Vegetable Products,0,"USDA, 2018",0.017,30.0,30.0,235.0,0.2,0.005,2.7,0.17,0.01,0.0,0.0,0.0,0.0,90.17,3.45,687.0,3.6,0.645,0.02,47.5,0.1,10.0,,,0.36,0.0,0.4,,0.0,0.0,0.0,0.0,0.0,0.0,0.0,0.0,0.0,0.0,0.0,0.76,0.18,35.0,3.0,58.0,8332.0,3776.0,1.03,0.0,0.044,0.0,0.0,0.0,0.0,0.0,0.0,0.0,14.0,0.0,0.087,0.038,0.301,0.156,0.093,0.033,0.01,0.0,0.0,0.0,0.0,0.0,0.0,0.0,0.0,8.22,0.34,0.066,0.153,0.03,0.006,0.089,0.157,0.063,0.084,0.7,0.155,17033.0,852.0,8.8,0.044,0.044,0.075,0.056,0.035,0.05,0.068,147.0,0.0,0.0,0.0,0.0,0.0,0.0,0.0,0.0,0.0,0.0,0.0,0.0,14.0,0.029,0.001,0.001,0.001,0.017,0.083,0.67,0.232,14.0,13.7,0.05,,,,,,,,,,,,,,,,,,,,,,,,,,,,,,,,,
48433,"Carrots, old, boiled in unsalted water",carrots old boiled in unsalted water,0,11,Vegetables and Vegetable Products,23,McCance and Widdowson's,0.04,31.0,17.0,166.0,0.1,,3.9,0.3,,,,,,90.0,5.5,905.0,3.0,0.2,,,,8.0,84.0,0.0,0.7,0.0,0.9,0.3,0.0,0.0,0.0,,,0.0,,0.0,0.0,0.0,,0.5,0.5,29.0,2.8,29.0,9616.0,2962.0,0.09,0.0,0.02,,,,,,,,,0.0,,,,,,,0.0002,,,,,,,,0.0,6.0,0.34,0.09,0.04,0.15,0.16,0.11,,,,0.0,0.09,,1850.0,,,,,,,,,123.0,,,,,,,,,,,,,,,,,,,,,0.23,8.0,5.5,,,,,,,,,,,,,,,,,,,,,,,,,,,,,,,,,,
48435,"Carrots, old, raw",carrots old raw,0,11,Vegetables and Vegetable Products,23,McCance and Widdowson's,0.03,26.0,16.0,178.0,0.1,0.1,5.0,0.1,0.0,0.0,,,,89.0,7.2,1229.0,2.0,0.2,0.0,,,7.0,122.0,0.0,1.1,0.0,1.1,0.3,0.0,0.0,0.0,,,0.0,,0.0,0.0,0.0,,0.5,0.4,34.0,3.9,27.0,9149.0,5230.0,0.09,0.0,0.01,,,0.0,0.0,0.0,0.0,0.0,,0.0,0.07,,,,,,0.0002,0.0,0.0,0.0,0.0,0.0,0.0,0.0,0.0,7.7,0.23,0.13,0.06,0.1,0.11,0.08,,,,0.0,0.07,,1961.0,,,,,,,,,146.0,,0.0,0.0,0.0,0.0,0.0,0.0,0.0,0.0,0.0,0.0,0.0,,0.06,0.03,0.01,0.01,,,,0.27,8.0,5.5,,0.07,0.1,0.0,0.0,0.01,0.0,0.0,0.0,,,,,,,,,,,0.0,,,,,,,,0.0,,,,,,
4496,"Carrots, raw",carrots raw,0,11,Vegetables and Vegetable Products,0,"USDA, 2018",0.045,33.0,35.0,320.0,0.24,0.011,3.59,1.43,0.0,0.0,0.0,0.0,0.0,88.29,4.74,256.0,5.9,0.983,0.01,3.2,0.4,12.0,,,0.55,0.0,0.59,,0.0,0.0,0.0,0.0,0.0,0.0,0.0,0.0,0.0,0.0,0.0,0.93,0.24,41.0,2.8,69.0,8285.0,3477.0,0.66,1.0,0.058,0.0,0.0,0.0,0.0,0.0,0.0,0.0,19.0,0.0,0.1,0.047,0.366,0.19,0.113,0.04,0.012,0.0,0.0,0.0,0.0,0.0,0.0,0.0,0.0,9.58,0.3,0.066,0.138,0.032,0.012,0.102,0.191,0.077,0.102,0.1,0.143,16706.0,835.0,8.8,0.054,0.054,0.091,0.069,0.043,0.061,0.083,173.0,0.0,0.0,0.0,0.0,0.0,0.0,0.0,0.0,0.0,0.0,0.0,0.0,19.0,0.03,0.002,0.002,0.002,0.02,0.101,0.97,0.273,19.0,13.2,0.01,,,,,,,,,,,,,,,,,,,,,,,,,,,,,,,,,
28872,"Carrots, roasted in blended oil",carrots roasted in blended oil,0,22,"Meals, Entrees, and Side Dishes",15,"IFCD, UCC",0.02,23.0,14.0,157.0,0.09,,,0.3,,,,,,82.9,6.8,,5.5,0.18,,,,3.0,,,,,,,,,,,,0.0,,0.0,,0.0,,0.6,8.0,101.0,,23.0,,,0.52,,0.01,,,,,,,,,0.0,,,,,,,,,,,,,,,,7.3,0.28,0.09,0.13,1.0,4.1,2.5,,,,1.0,0.09,,,,,,,,,,,422.58,,,,,,,,,,,,,,,,,,,,,0.23,11.0,,,,,,,,,,,,,,,,,,,,,,,,,,,,,,,,,,,
48436,"Carrots, young, boiled in unsalted water",carrots young boiled in unsalted water,0,11,Vegetables and Vegetable Products,23,McCance and Widdowson's,0.02,30.0,15.0,160.0,0.2,,1.8,0.2,,,,,,90.7,4.2,398.0,2.0,0.1,,,,6.0,28.0,2.0,1.1,0.0,1.3,0.4,0.0,0.0,0.0,,,0.0,,0.0,,0.0,,0.6,0.4,22.0,,23.0,5991.0,3424.0,0.56,,0.01,,,,,,,,,0.0,,,,,,,0.0001,,,,,,,,0.0,4.4,0.4,0.05,0.05,0.1,0.0,0.2,,,,1.0,0.1,,1284.0,,,,,,,,,93.0,,,,,,,,,,,,,,,,,,,,,0.18,17.0,9.2,,,,,,,,,,,,,,,,,,,,,,,,,,,,,,,,,,
48438,"Carrots, young, raw",carrots young raw,0,11,Vegetables and Vegetable Products,23,McCance and Widdowson's,0.02,34.0,25.0,240.0,0.2,,2.4,0.2,,,,,,88.8,5.6,145.0,4.0,0.2,,,,9.0,39.0,2.0,1.5,0.0,1.7,0.6,0.0,0.0,0.0,,,0.0,,0.0,,0.0,,0.7,0.5,30.0,,40.0,6115.0,3384.0,0.56,,0.02,,,,,,,,,0.0,,,,,,,0.0001,,,,,,,,0.0,6.0,0.4,0.04,0.07,0.1,0.0,0.3,,,,1.0,0.1,,1301.0,,,,,,,,,125.0,,,,,,,,,,,,,,,,,,,,,0.25,28.0,9.2,,,,,,,,,,,,,,,,,,,,,,,,,,,,,,,,,,
48440,"Cashew nuts, kernel only, plain",cashew nuts kernel only plain,0,12,Nut and Seed Products,23,McCance and Widdowson's,2.11,32.0,560.0,710.0,5.9,,4.6,13.5,4.97,0.39,,,,4.4,4.6,,0.0,1.2,0.15,,,270.0,17.0,11.0,0.0,,0.0,12.7,0.0,,,,,0.0,,0.0,,0.0,,17.7,48.2,573.0,,15.0,6.0,0.0,0.85,,0.14,,,,,,,,,0.0,,,,,,,0.0045,,,,,,,,0.0,18.1,6.2,0.69,0.49,9.5,27.8,8.8,,,,29.0,1.7,,1.0,,,,,,,,,2374.0,,,,,,,,,,,,,,,,,,,,,1.06,67.0,,,,,,,,,,,,,,,,,,,,,,,,,,,,,,,,,,,
48441,"Cashew nuts, kernel only, roasted and salted",cashew nuts kernel only roasted and salted,0,12,Nut and Seed Products,23,McCance and Widdowson's,2.04,35.0,510.0,730.0,5.7,,5.6,13.2,5.09,0.38,,,,2.4,5.6,,0.0,1.3,0.04,,,250.0,490.0,11.0,0.0,,0.0,13.0,0.0,0.0,0.0,,,0.0,,0.0,,0.0,,20.5,50.9,611.0,4.3,290.0,6.0,0.0,1.3,,0.16,,,,,,,,,0.0,,,,,,,0.0052,,,,,,,,0.0,18.8,6.2,0.41,0.43,10.1,29.4,9.1,,,,34.0,1.8,,1.0,,,,,,,,,2533.0,,,,,,,,,,,,,,,,,,,,,1.08,68.0,,,,,,,,,,,,,,,,,,,,,,,,,,,,,,,,,,,
48448,"Casserole, bean and root vegetable, homemade",casserole bean and root vegetable homemade,0,22,"Meals, Entrees, and Side Dishes",23,McCance and Widdowson's,0.07,24.0,54.0,260.0,0.3,,0.9,4.8,,,,,,85.2,3.2,,6.0,1.0,,,,18.0,,,1.1,0.0,1.2,,0.0,0.0,0.0,,,0.0,,0.0,,0.0,,3.0,0.6,48.0,,34.0,,,0.57,,0.12,,,,,,,,,0.0,,,,,,,0.0005,,,,,,,,0.0,8.4,0.75,0.15,0.11,0.08,0.1,0.27,,,,1.0,0.17,,185.0,,,,,,,,,206.0,,,,,,,,,,,,,,,,,,,,,0.16,41.0,2.67,,,,,,,,,,,,,,,,,,,,,,,,,,,,,,,,,,
48449,"Casserole, beef, made with cook-in sauce",casserole beef made with cook in sauce,0,22,"Meals, Entrees, and Side Dishes",23,McCance and Widdowson's,0.03,18.0,139.0,317.0,4.0,,0.9,2.0,,,,,,71.0,2.7,,1.0,2.5,,,,19.0,478.0,12.0,0.9,0.0,0.8,2.0,0.0,0.0,0.28,,,0.0,,0.4,,1.1,,15.0,6.6,137.0,0.7,302.0,,,0.66,,0.16,,,,,,,,,43.5,,,,,,,0.0031,,,,,,,,0.0,4.8,1.32,0.09,0.26,2.75,2.86,0.55,,,,5.0,0.07,,29.0,,,,,,,,,576.0,,,,,,,,,,,,,,,,,,,,,0.45,20.0,,,,,,,,,,,,,,,,,,,,,,,,,,,,,,,,,,,
48450,"Casserole, pork and apple, homemade",casserole pork and apple homemade,0,22,"Meals, Entrees, and Side Dishes",23,McCance and Widdowson's,0.03,14.0,111.0,240.0,0.9,,1.0,2.9,,,,,,76.6,4.3,,4.0,2.9,,,,15.0,53.0,3.0,2.2,,1.0,1.2,0.1,0.3,0.0,,,0.0,,0.2,,0.4,,11.0,2.9,100.0,0.5,176.0,,,0.31,,0.09,,,,,,,,,28.5,,,,,,,0.0022,,,,,,,,0.0,7.5,0.54,0.36,0.25,0.66,1.21,0.62,,,,7.0,0.07,,1.0,,,,,,,,,420.0,,,,,,,,,,,,,,,,,,,,,0.59,2.0,,,,,,,,,,,,,,,,,,,,,,,,,,,,,,,,,,,
772,Castanha de caju torrada e salgada,castanha de caju torrada e salgada,0,9,Fruits and Fruit Juices,1,"TCA, INSA 2015",,37.0,488.0,700.0,5.7,,,13.5,,,,,,3.2,5.9,,0.0,1.6,,,,250.0,,,,,,,,0.0,0.0,,,1.0,,0.0,,0.0,68.0,19.6,50.0,606.99144032,3.3,318.0,6000.0,,1.2,,0.16,,,,,,,,,0.0,,,,,,,0.0049,,,,,,,,,19.4,5.7,0.42,0.41,9.9,28.9,8.9,,,,,,,1.0,,,,,,,,,2539.65218629888,,,,,,,,,,,,,,,,,,,,4.5,,,,,8.7,,,,,,,,,,,,,,,,,,,,,,,,,,,,,,,,
48456,"Catfish, flesh only, steamed",catfish flesh only steamed,0,15,Finfish and Shellfish Products,23,McCance and Widdowson's,0.07,18.0,240.0,320.0,0.9,,0.0,0.0,0.0,0.0,,,,73.6,0.0,,0.0,2.7,0.0,,,36.0,150.0,120.0,0.0,,0.0,,0.0,,,,,,,0.7,,3.0,,21.4,3.7,119.0,,110.0,,,2.8,,0.09,,,,,,,,,61.0,,,,,,,0.004,,,,,,,,0.0,0.0,0.6,0.23,0.46,0.5,1.1,1.1,,,,,0.01,,,,,,,,,,,501.0,,,,,,,,,,,,,,,,,,,,,0.6,,,,,,,,,,,,,,,,,,,,,,,,,,,,,,,,,,,,
48464,"Cauliflower in white sauce, made with skimmed milk, homemade",cauliflower in white sauce made with skimmed milk homemade,0,22,"Meals, Entrees, and Side Dishes",23,McCance and Widdowson's,0.02,60.0,67.0,206.0,0.3,,0.3,2.0,,,,,,87.3,3.3,,20.0,0.4,,,,13.0,98.0,,0.7,,0.6,1.7,0.0,,0.07,,,24.0,,0.0,,0.3,,2.8,2.8,58.0,1.4,38.0,,,0.13,,0.1,,,,,,,,,6.5,,,,,,,0.0006,,,,,,,,1.7,6.0,0.36,0.08,0.12,1.46,0.6,0.4,,,,1.0,0.11,,27.0,,,,,,,,,244.0,,,,,,,,,,,,,,,,,,,,,0.47,34.0,,,,,,,,,,,,,,,,,,,,,,,,,,,,,,,,,,,
48467,"Cauliflower, boiled in unsalted water",cauliflower boiled in unsalted water,0,11,Vegetables and Vegetable Products,23,McCance and Widdowson's,0.03,19.0,45.0,215.0,0.2,,0.5,0.0,0.24,0.0,,,,92.3,2.4,11.0,30.0,0.4,0.0,,,12.0,54.0,,1.0,0.0,0.9,1.2,0.0,0.0,0.0,,,0.0,,0.0,0.0,0.0,,1.9,0.9,29.0,1.9,7.0,0.0,0.0,0.11,0.0,0.03,,,,,,,,,0.0,,,,,,,0.0005,,,,,,,,0.0,3.5,0.45,0.09,0.15,0.2,0.1,0.5,,,,1.0,0.14,,0.0,,,,,,,,,122.0,,,,,,,,,,,,,,,,,,,,,0.47,48.0,28.5,,,,,,,,,,,,,,,,,,,,,,,,,,,,,,,,,,
22399,"Cauliflower, cooked",cauliflower cooked,0,11,Vegetables and Vegetable Products,11,"CIQUAL, ANSES",0.05,19.2,34.0,238.0,0.22,0.032,,0.0,,,,,,93.7,1.59,,9.7,0.21,,,,12.9,0.0,0.0,,,,,,0.0,,,,0.0,,0.0,,0.0,,1.6,0.46,20.9,2.0,0.0,0.0,,0.07,,0.0,,,0.0,0.0,0.0,0.0,0.00028,,0.0,0.045,,,,,,,,,0.0,,,0.0,,,1.6,0.31,0.0,0.0,0.097,0.032,0.22,,,,0.0,0.12,,,,,,,,,,,87.3,,,,,,,,,,,,0.00074,,0.077,0.012,0.15,,,,0.45,0.23,78.8,13.8,,,,,,,,,,,,,,,,,,,,,,,,,,,0.015,,,,,,,
4504,"Cauliflower, cooked, boiled, drained, without salt",cauliflower cooked boiled drained without salt,0,11,Vegetables and Vegetable Products,0,"USDA, 2018",0.018,16.0,32.0,142.0,0.17,0.032,,,,,,,,93.0,2.08,29.0,44.3,0.41,,,0.1,9.0,,,,,,,,0.0,0.0,0.0,0.0,0.0,0.0,0.0,0.0,0.0,0.0,1.84,0.45,23.0,2.3,15.0,7.0,0.0,0.07,0.0,0.052,0.0,0.0,0.0,0.0,0.0,0.0,0.0,44.0,0.0,0.05,0.059,0.245,0.216,0.097,0.037,0.024,0.0,0.0,0.0,0.0,0.0,0.0,0.0,,4.11,0.32,0.042,0.173,0.07,0.032,0.217,0.067,0.07,0.107,0.6,0.132,12.0,1.0,39.1,0.096,0.079,0.089,0.092,0.04,0.066,0.021,96.232,,,,,,,,,,,,0.0,44.0,0.062,0.008,0.167,0.0,0.026,0.099,0.6,0.508,44.0,13.8,,,,,,,,,,,,,,,,,,,,,,,,,,,,,,,,,,
4503,"Cauliflower, raw",cauliflower raw,0,11,Vegetables and Vegetable Products,0,"USDA, 2018",0.039,22.0,44.0,299.0,0.27,0.027,0.0,,0.2,0.0,,,,92.07,1.91,1.0,48.2,0.507,0.0,1.0,,15.0,,,0.97,0.0,0.94,,0.0,0.0,0.0,0.0,0.0,0.0,0.0,0.0,0.0,0.0,0.0,1.92,0.28,25.0,2.0,30.0,0.0,0.0,0.08,0.0,0.06,0.0,0.0,0.0,0.0,0.0,0.018,0.0,57.0,0.0,0.016,0.071,0.257,0.177,0.116,0.056,0.02,0.0,0.0,0.0,0.0,0.0,0.0,0.0,0.0,4.97,0.42,0.05,0.184,0.13,0.034,0.031,0.076,0.071,0.106,0.6,0.155,0.0,0.0,44.3,0.086,0.071,0.086,0.125,0.051,0.065,0.02,104.6,0.0,0.003,0.002,0.002,0.002,0.001,0.002,0.0,0.0,0.0,0.0,0.0,57.0,0.093,0.009,0.015,0.003,0.02,0.217,0.76,0.667,57.0,15.5,,0.013,0.027,0.0,0.002,0.015,0.0,0.0,,,,,,,,18.0,0.0,,0.0,0.0,0.0,0.0,0.0,0.003,0.003,0.0,,,,,0.0,,,
37264,Cebola,cebola,0,11,Vegetables and Vegetable Products,20,"TCNA, IBGE",0.04,23.0,29.0,146.0,0.17,,,,,,,,,,4.26,,7.4,0.12,,,,10.0,,,,,,,,,,,,,,,,,,1.1,0.1,40.0,1.93,4.0,,,0.02,,0.03,,,,,,,,,,0.01,,,,,,,,,,,,,,,9.34,0.21,0.05,0.12,0.04,0.01,0.02,,,,0.5,0.13,,0.08,,,,,,,,,167.36,,,,,,,,,,,,,,,,,,,,,,19.0,,,,,,,,,,,,,,,,,,,,,,,,,,,,,,,,,,,
662,Cebola cozida,cebola cozida,0,11,Vegetables and Vegetable Products,1,"TCA, INSA 2015",,33.0,30.0,140.0,0.3,,,0.0,,,,,,94.0,1.7,,5.0,0.5,,,,9.0,,,,,,,,0.0,0.0,,,0.0,,0.0,,0.0,9.0,1.0,0.2,14.816326496,1.4,109.0,0.0,,0.15,,0.01,,,,,,,,,0.0,,,,,,,0.0002,,,,,,,,,2.4,0.5,0.1,0.16,0.0,0.0,0.1,,,,,,,0.0,,,,,,,,,61.991510059264,,,,,,,,,,,,,,,,,,,,1.0,,,,,0.1,,,,,,,,,,,,,,,,,,,,,,,,,,,,,,,,
661,Cebola crua,cebola crua,1,11,Vegetables and Vegetable Products,1,"TCA, INSA 2015",,31.0,30.0,210.0,0.3,,,0.0,,,,,,93.8,2.2,,8.0,0.6,,,,12.0,,,,,,,,0.0,0.0,,,0.0,,0.0,,0.0,17.0,0.9,0.2,17.445029584,1.3,10.0,0.0,,0.3,,0.01,,,,,,,,,0.0,,,,,,,0.0001,,,,,,,,,3.1,0.5,0.13,0.2,0.0,0.0,0.2,,,,,,,0.0,,,,,,,,,72.990003779456,,,,,,,,,,,,,,,,,,,,0.7,,,,,0.1,,,,,,,,,,,,,,,,,,,,,,,,,,,,,,,,
37255,Cebola crua,cebola crua,1,11,Vegetables and Vegetable Products,20,"TCNA, IBGE",0.04,23.0,29.0,146.0,0.17,,,,,,,,,,4.26,,7.4,0.12,,,,10.0,,,,,,,,,,,,,,,,,,1.1,0.1,40.0,1.93,4.0,,,0.02,,0.03,,,,,,,,,,0.01,,,,,,,,,,,,,,,9.34,0.21,0.05,0.12,0.04,0.01,0.02,,,,0.5,0.13,,0.08,,,,,,,,,167.36,,,,,,,,,,,,,,,,,,,,,,19.0,,,,,,,,,,,,,,,,,,,,,,,,,,,,,,,,,,,
4507,"Celeriac, raw",celeriac raw,0,11,Vegetables and Vegetable Products,0,"USDA, 2018",0.07,43.0,115.0,300.0,0.33,0.056,,,,,,,,88.0,1.6,1.0,8.0,0.7,,,,20.0,,,,,,,,0.0,0.0,0.0,0.0,0.0,0.0,0.0,0.0,0.0,0.0,1.5,0.3,42.0,1.8,100.0,0.0,0.0,0.36,0.0,0.06,0.0,0.0,0.0,0.0,0.0,0.0,0.0,8.0,0.0,0.148,,,,,,,0.0,0.0,0.0,0.0,0.0,0.0,0.0,,9.2,0.7,0.05,0.165,0.079,0.058,0.148,,,,0.7,0.158,0.0,0.0,9.0,,,,,,,,176.0,,,,,,,,,,,,0.002,8.0,0.069,0.006,0.0,0.002,,,1.0,0.352,8.0,41.0,,,,,,,,,,,,,,,,,,,,,,,,,,,,,,,,,,
22405,"Celery stalk, raw",celery stalk raw,0,11,Vegetables and Vegetable Products,11,"CIQUAL, ANSES",0.073,48.4,27.1,289.0,0.12,0.027,,0.0,,,,,,94.2,1.27,,6.05,0.39,,,,9.5,,1.1,,,,,,0.0,,,,0.0,,0.0,,0.0,,0.66,0.19,21.5,1.6,71.0,270.0,,0.24,,0.066,,,0.0,0.0,0.0,0.0,0.0,,0.0,0.069,,,,,,,,0.0,0.0,,,0.0,,,3.6,0.3,0.028,0.082,0.04,0.03,0.074,,,,0.046,0.1,,,,,,,,,,,90.5,,,,,,,,,,,,0.001,,0.035,0.0035,0.0,,,,0.93,0.32,32.0,29.3,,,,,,,,,,,,,,,,,,,,,,,,,,,0.22,,,,,,,
4510,"Celery, cooked, boiled, drained, without salt",celery cooked boiled drained without salt,0,11,Vegetables and Vegetable Products,0,"USDA, 2018",0.036,42.0,25.0,284.0,0.14,0.029,0.14,,0.0,0.0,,,,94.11,2.37,329.0,6.1,0.372,0.0,,,12.0,,,0.66,0.85,0.71,,0.0,0.0,0.0,0.0,0.0,0.0,0.0,0.0,0.0,0.0,0.0,0.83,0.16,18.0,1.6,91.0,313.0,0.0,0.35,0.0,0.07,0.0,0.0,0.0,0.0,0.0,0.0,0.0,33.0,0.0,0.075,0.026,0.107,0.141,0.027,0.014,0.011,0.0,0.0,0.0,0.0,0.0,0.0,0.0,0.0,4.0,0.42,0.023,0.086,0.04,0.03,0.075,0.024,0.025,0.039,1.0,0.106,521.0,26.0,7.9,0.024,0.022,0.024,0.033,0.011,0.024,0.005,74.0,,,,,,,,,,,,0.001,33.0,0.035,0.004,0.0,0.001,0.007,0.032,0.9,0.317,33.0,37.8,,,,,,,,,,,,,,,,7.0,,,,,,,,,,,,,,,,,,
4509,"Celery, raw",celery raw,1,11,Vegetables and Vegetable Products,0,"USDA, 2018",0.035,40.0,24.0,260.0,0.13,0.031,0.08,0.0,0.0,0.0,0.0,0.0,0.0,95.43,1.34,283.0,3.1,0.32,0.0,4.0,0.1,11.0,,,0.37,0.48,0.4,,0.0,0.0,0.0,0.0,0.0,0.0,0.0,0.0,0.0,0.0,0.0,0.69,0.17,14.0,1.6,80.0,270.0,0.0,0.27,0.0,0.057,0.0,0.0,0.0,0.0,0.0,0.0,0.0,36.0,0.0,0.079,0.021,0.09,0.117,0.023,0.012,0.009,0.0,0.0,0.0,0.0,0.0,0.0,0.0,0.0,2.97,0.2,0.021,0.074,0.042,0.032,0.079,0.02,0.021,0.032,0.4,0.103,449.0,22.0,6.1,0.02,0.018,0.02,0.027,0.009,0.02,0.004,57.0,0.0,,,,,,,,,,,0.001,36.0,0.037,0.004,0.0,0.001,0.005,0.027,0.75,0.246,36.0,29.3,0.01,,,,,,,,,,,,,,,6.0,,,,,,,,,,,,,,,,,,
48474,"Celery, raw",celery raw,1,11,Vegetables and Vegetable Products,23,McCance and Widdowson's,0.01,41.0,21.0,320.0,0.1,,0.2,0.0,,,,,,95.1,0.9,,8.0,0.3,,,,5.0,130.0,,0.3,0.0,0.4,0.1,0.0,0.0,0.0,,,0.0,,0.0,,0.0,,0.5,0.2,7.0,,60.0,50.0,0.0,0.2,,0.01,,,,,,,,,0.0,,,,,,,0.0001,,,,,,,,0.0,0.9,0.4,0.06,0.03,0.0,0.0,0.1,,,,3.0,0.1,,8.0,,,,,,,,,30.0,,,,,,,,,,,,,,,,,,,,,0.4,16.0,4.9,,,,,,,,,,,,,,,,,,,,,,,,,,,,,,,,,,
209002,Cenoura baby crua,cenoura baby crua,0,11,Vegetables and Vegetable Products,33,"TCA, INSA 2019",,32.0,28.0,240.0,0.2,,,0.0,,,,,,90.4,4.8,,2.6,0.56,,,,10.0,,,,,,,,0.0,0.0,,,,,0.0,,0.0,,0.6,0.1,29.0,2.9,78.0,6391.0,,0.5,,0.04,,,,,,,,,0.0,,,,,,,0.1,,,,,,,,,4.8,0.9,0.03,0.11,0.0,0.0,0.1,,,,,,,1065.0,,,,,,,,,120.0,,,,,,,,,,,,,,,,,,,,0.63,,27.0,,,,,,,,,,,,,,,,,,,,,,,,,,,,,,,,,,,
665,Cenoura cozida,cenoura cozida,1,11,Vegetables and Vegetable Products,1,"TCA, INSA 2015",,45.0,34.0,215.0,0.1,,,0.2,,,,,,91.7,3.3,,2.0,0.7,,,,6.0,,,,,,,,0.0,0.0,,,963.0,,0.0,,0.0,16.0,0.7,0.0,16.72811056,3.0,136.0,5780000.0,,0.5,,0.02,,,,,,,,,0.0,,,,,,,0.0001,,,,,,,,,3.6,0.6,0.04,0.06,0.0,0.0,0.0,,,,,,,963.0,,,,,,,,,69.99041458304,,,,,,,,,,,,,,,,,,,,0.5,,,,,0.0,,,,,,,,,,,,,,,,,,,,,,,,,,,,,,,,
209003,Cenoura cozida,cenoura cozida,1,11,Vegetables and Vegetable Products,33,"TCA, INSA 2019",,45.0,34.0,220.0,0.1,,,0.2,,,,,,91.7,3.3,,2.0,0.7,,,,6.0,,,,,,,,0.0,0.0,,,,,0.0,,0.0,,0.7,0.0,23.0,3.0,140.0,5780.0,,0.5,,0.02,,,,,,,,,0.0,,,,,,,0.1,,,,,,,,,3.6,0.6,0.04,0.06,0.0,0.0,0.0,,,,,,,963.0,,,,,,,,,97.0,,,,,,,,,,,,,,,,,,,,0.5,,16.0,,,,,,,,,,,,,,,,,,,,,,,,,,,,,,,,,,,
664,Cenoura crua,cenoura crua,1,11,Vegetables and Vegetable Products,1,"TCA, INSA 2015",,41.0,33.0,312.0,0.1,,,0.2,,,,,,92.0,4.1,,3.0,0.9,,,,7.0,,,,,,,,0.0,0.0,,,933.0000000000001,,0.0,,0.0,28.0,0.6,0.0,19.356813648,2.6,58.0,5600000.0,,0.5,,0.02,,,,,,,,,0.0,,,,,,,0.0001,,,,,,,,,4.4,0.7,0.05,0.07,0.0,0.0,0.0,,,,,,,933.0,,,,,,,,,80.988908303232,,,,,,,,,,,,,,,,,,,,0.6,,,,,0.0,,,,,,,,,,,,,,,,,,,,,,,,,,,,,,,,
209004,Cenoura crua,cenoura crua,1,11,Vegetables and Vegetable Products,33,"TCA, INSA 2019",,41.0,33.0,310.0,0.1,,,0.2,,,,,,92.0,4.1,,3.0,0.9,,,,7.0,,,,,,,,0.0,0.0,,,,,0.0,,0.0,,0.6,0.0,25.0,2.6,58.0,5600.0,,0.5,,0.02,,,,,,,,,0.0,,,,,,,0.1,,,,,,,,,4.4,0.7,0.05,0.07,0.0,0.0,0.0,,,,,,,933.0,,,,,,,,,106.0,,,,,,,,,,,,,,,,,,,,0.6,,28.0,,,,,,,,,,,,,,,,,,,,,,,,,,,,,,,,,,,
74368,"Cereais Expandidos (arroz, millet, quinoa)",cereais expandidos arroz millet quinoa,0,8,Breakfast Cereals,5,My foods,,,,,,,,,,,,,,,,,,,,,,,,,,,,,,,,,,,,,,,,11.2,3.0,388.0,,,,,,,,,,,,,,,,,,,,,,,,,,,,,,,,77.0,,,,,,,,,,,,,,,,,,,,,,1623.392,,,,,,,,,,,,,,,,,,,,,,,,,,,,,,,,,,,,,,,,,,,,,,,,,,,,,,,,,
28086,"Cereal bar, Alpen Light (Citrus Fruit)",cereal bar alpen light citrus fruit,0,23,Snacks,15,"IFCD, UCC",0.16,70.0,190.0,320.0,1.1,,,0.0,,,,,,1.1,5.3,,0.0,1.2,,,,55.0,,,,,,,,,,,,0.0,,0.0,,0.0,,1.2,0.9,59.0,,110.0,,,0.0,,0.17,,,,,,,,,0.0,,,,,,,,,,,,,,,,11.7,1.9,0.24,0.13,0.3,0.0,0.0,,,,0.0,1.36,,,,,,,,,,,246.86,,,,,,,,,,,,,,,,,,,,,0.0,11.0,,,,,,,,,,,,,,,,,,,,,,,,,,,,,,,,,,,
48475,"Cereal bars, with fruit and/or nuts, no chocolate, unfortified",cereal bars with fruit and or nuts no chocolate unfortified,0,23,Snacks,23,McCance and Widdowson's,0.24,51.0,177.0,308.0,1.0,4.35,9.5,28.6,,,,,,8.9,34.3,,2.0,1.5,,,,50.0,88.0,1.0,9.0,0.0,9.9,6.0,4.8,0.0,0.01,,,0.0,,0.0,,0.0,,5.6,10.7,354.0,6.2,65.0,,,1.74,,0.08,,,0.0,0.01,0.06,0.08,1.39,,5.9,1.63,,,,,,0.0013,0.01,0.0,0.0,0.0,0.06,0.0,0.0,1.2,62.9,1.81,0.18,0.07,3.85,4.45,1.87,,,,2.0,0.17,,0.0,,,,,,,,,1497.0,,0.03,0.02,0.0,0.0,0.01,0.01,0.0,0.0,0.0,0.0,0.54,,1.43,0.27,0.24,0.02,,,,0.76,10.0,,,1.63,4.35,0.01,0.0,0.24,0.0,0.0,0.0,,,,,,,,,,,0.0,,,,,,,,0.0,,,,,,
48476,"Cereal bars, with fruit and/or nuts, with chocolate, unfortified",cereal bars with fruit and or nuts with chocolate unfortified,0,23,Snacks,23,McCance and Widdowson's,0.32,73.0,182.0,309.0,1.2,7.13,25.9,25.3,,,,,,6.6,40.7,27.0,0.0,1.5,,,,58.0,300.0,6.0,6.5,0.0,6.4,6.0,0.0,0.0,0.04,,,0.0,,0.0,0.0,0.1,,6.0,18.3,436.0,5.1,221.0,0.0,,2.24,0.0,0.08,,,0.03,0.03,0.06,0.06,0.45,,11.3,1.67,,,,,,0.0013,0.0,0.0,0.0,0.0,0.05,0.0,0.0,1.9,66.0,1.92,0.18,0.07,8.43,7.21,1.72,,,,2.0,0.14,,0.0,,,,,,,,,1835.0,,0.09,0.04,0.01,0.02,0.03,0.03,0.0,0.0,0.0,0.0,0.32,,5.05,2.2,0.05,0.05,,,,0.76,10.0,,,1.66,7.09,0.0,0.0,0.05,0.0,0.0,0.0,,,,,,,,,,,0.0,,,,,,,,0.0,,,,,,
3495,"Cereals ready-to-eat, QUAKER, Low Fat 100% Natural Granola with Raisins",cereals ready to eat quaker low fat 100 natural granola with raisins,0,8,Breakfast Cereals,0,"USDA, 2018",0.265,65.0,316.0,431.0,1.59,2.478,,,,,,,,3.4,25.65,224.0,0.4,2.371,,,,100.0,,,,,,,,0.0,,0.0,0.0,0.0,0.0,0.0,0.0,0.06,0.0,8.42,5.52,388.0,9.6,234.0,8.0,5.0,1.07,0.0,0.201,0.0,0.0,0.002,0.004,0.04,0.032,0.257,29.0,1.0,1.301,,,,,,,0.0,0.0,0.0,0.0,0.022,0.0,0.0,,80.57,2.58,0.368,0.248,0.97,2.548,1.438,,,,17.3,1.554,21.0,1.0,31.3,,,,,,,,1623.392,,,,,,,,,,,,0.107,29.0,0.4,0.102,0.137,0.047,,,2.1,0.682,29.0,3.0,,,,,,,,,,,,,,,,,,,,,,,,,,,,,,,,,,
3652,"Cereals ready-to-eat, QUAKER, Natural Granola Apple Cranberry Almond",cereals ready to eat quaker natural granola apple cranberry almond,0,8,Breakfast Cereals,0,"USDA, 2018",,98.0,334.0,444.0,2.44,,,,,,,,,3.21,27.43,,3.1,1.98,,,,106.0,,,,,,,,,0.11,,,,,,,0.14,,9.21,11.06,418.0,9.9,47.0,,,1.63,,0.26,,,,,,,,,2.0,,,,,,,,,,,,,,,,74.73,2.47,0.34,0.193,1.13,6.39,3.0,,,,,,19.0,,,,,,,,,,1749.0,,,,,,,,,,,,,31.0,,,,,,,1.79,,31.0,,,,,,,,,,,,,,,,,,,,,,,,,,,,,,,,,,,
3494,"Cereals ready-to-eat, QUAKER, QUAKER 100% Natural Granola with Oats, Wheat, Honey, and Raisins",cereals ready to eat quaker quaker 100 natural granola with oats wheat honey and raisins,0,8,Breakfast Cereals,0,"USDA, 2018",0.318,101.0,357.0,501.0,2.64,5.74,,,,,,,,3.39,24.63,114.0,0.5,2.12,,,135.2,110.0,,,,,,,,0.0,0.001,0.0,0.0,0.0,0.0,0.0,0.0,0.15,0.0,9.66,10.38,412.0,9.4,54.0,5.0,0.0,1.15,0.0,0.26,0.0,0.0,0.003,0.0,0.0,0.001,0.007,33.0,2.0,1.88,,,,,,,0.0,0.0,0.0,0.0,0.1,0.0,0.0,,74.67,2.69,0.379,0.229,1.12,5.87,2.39,,,,13.8,2.521,8.0,0.0,31.8,,,,,,,,1724.0,,0.048,0.025,,,,0.0,0.0,,0.0,,0.008,33.0,0.833,0.195,0.51,0.03,,,1.9,0.82,33.0,6.5,,,,,,,,,,,,,,,,,,,,,,,,,,,,,,,,,,
3406,"Cereals ready-to-eat, QUAKER, QUAKER OAT LIFE, plain",cereals ready to eat quaker quaker oat life plain,0,8,Breakfast Cereals,0,"USDA, 2018",0.277,351.0,423.0,283.0,13.78,1.472,,,,,,,,4.3,19.43,99.0,0.0,17.18,,,,98.0,,,,,,,,0.0,0.0,0.0,0.0,0.0,0.0,0.0,11.0,0.0,1286.0,9.98,4.43,374.0,6.6,501.0,18.0,1.0,0.61,0.0,1.49,0.0,0.0,0.0,0.0,0.0,0.0,0.013,2205.0,0.0,1.358,,,,,,,0.0,0.0,0.0,0.0,0.001,0.0,0.0,,77.74,29.33,1.28,1.8,0.83,1.48,1.42,,,,23.0,2.333,40.0,2.0,24.0,,,,,,,,1565.0,,,,,,,,,,,,0.007,19.0,0.755,0.055,0.062,0.007,,,3.56,0.717,1305.0,1.2,,,,,,,,,,,,,,,,,,,,,,,,,,,,,,,,,,
3399,"Cereals ready-to-eat, granola, homemade",cereals ready to eat granola homemade,0,8,Breakfast Cereals,0,"USDA, 2018",0.647,76.0,431.0,539.0,4.17,10.803,,,,,,,,5.84,19.8,137.0,1.2,2.739,,,,168.0,,,,,,,,0.0,0.023,0.0,0.0,0.0,0.0,0.0,0.0,0.0,0.0,13.67,24.31,489.0,8.9,26.0,11.0,0.0,11.1,0.0,0.354,0.0,0.0,0.0,0.015,0.169,0.132,0.993,84.0,0.0,7.194,0.812,3.111,1.396,0.694,0.349,0.186,0.004,0.0,0.0,0.002,0.083,0.002,0.0,,53.88,3.95,0.548,0.37,3.957,10.951,7.809,0.479,0.546,0.977,25.4,3.996,19.0,1.0,49.2,0.668,0.658,1.279,0.698,0.379,0.668,0.302,2046.0,0.0,0.053,0.063,0.0,0.0,0.0,0.011,0.0,,0.0,0.0,0.374,84.0,1.593,0.525,0.611,0.059,0.225,0.631,2.31,0.752,84.0,5.3,,,,,0.0,,,,,,,,,,,,,,,0.0,,,,,,,,,0.0,,,,,
3664,"Cereals, QUAKER, Instant Oatmeal, Apple and Cinnamon, reduced sugar",cereals quaker instant oatmeal apple and cinnamon reduced sugar,0,8,Breakfast Cereals,0,"USDA, 2018",,355.0,357.0,389.0,2.39,,,,,,,,,7.94,17.78,,1.3,14.195,,,,104.0,,,,,,,,,0.0,,,,,,,0.0,,10.29,5.64,358.0,9.7,535.0,,,0.49,,1.207,,,,,,,,,0.0,,,,,,,,,,,,,,,,72.17,12.77,1.065,1.42,1.026,1.957,1.638,,,,,,3549.0,,,,,,,,,,1498.0,,,,,,,,,,,,,,,,,,,,3.95,,284.0,,,,,,,,,,,,,,,,,,,,,,,,,,,,,,,,,,,
3707,"Cereals, QUAKER, Instant Oatmeal, Cinnamon Swirl, high fiber",cereals quaker instant oatmeal cinnamon swirl high fiber,0,8,Breakfast Cereals,0,"USDA, 2018",,278.0,306.0,256.0,2.04,,,,,,,,,7.52,14.7,,0.2,12.448,,,,91.0,,,,,,,,,0.0,,,,,,,0.0,,8.79,4.8,366.0,22.3,473.0,,,0.43,,1.058,,,,,,,,,0.0,,,,,,,,,,,,,,,,75.67,9.41,0.762,1.241,0.926,1.713,1.416,,,,,,3112.0,,,,,,,,,,1531.344,,,,,,,,,,,,,,,,,,,,3.22,,249.0,,,,,,,,,,,,,,,,,,,,,,,,,,,,,,,,,,,
3499,"Cereals, QUAKER, Oat Bran, QUAKER/MOTHER'S Oat Bran, dry",cereals quaker oat bran quaker mother s oat bran dry,0,8,Breakfast Cereals,0,"USDA, 2018",0.3,79.0,694.0,579.0,4.2,,,,,,,,,8.9,1.43,,0.0,0.8,,,,241.0,,,,,,,,0.0,,,,,0.0,0.0,,0.0,0.0,17.03,7.97,364.0,14.3,5.0,,,,,0.3,,,,,,,,38.0,0.0,,,,,,,,,,,,,,,,62.94,8.07,0.97,0.11,1.43,2.61,3.03,,,,0.0,5.7,100.0,,,,,,,,,,1525.0,,,,,,,,,,,,,38.0,,,,,,,3.14,0.85,38.0,,,,,,,,,,,,,,,,,,,,,,,,,,,,,,,,,,,
3564,"Cereals, QUAKER, Quick Oats with Iron, Dry",cereals quaker quick oats with iron dry,0,8,Breakfast Cereals,0,"USDA, 2018",,47.0,458.0,358.0,3.2,,,,,,,,,9.38,1.42,,0.0,0.823,,,,270.0,,,,,,,,,0.0,,,,,,,0.0,,13.7,6.87,371.0,9.4,3.0,,,0.66,,0.123,,,,,,,,,0.0,,,,,,,,,,,,,,,,68.18,49.45,0.54,0.1,0.96,1.98,2.14,,,,,,0.0,,,,,,,,,,1552.264,,,,,,,,,,,,,,,,,,,,1.87,,49.0,,,,,,,,,,,,,,,,,,,,,,,,,,,,,,,,,,,
3554,"Cereals, QUAKER, Quick Oats, Dry",cereals quaker quick oats dry,0,8,Breakfast Cereals,0,"USDA, 2018",0.37,47.0,458.0,358.0,3.2,1.97,,,,,,,,9.37,1.42,180.0,0.0,0.82,,,,270.0,,,,,,,,0.0,,0.0,0.0,0.0,0.0,0.0,0.0,0.0,0.0,13.7,6.87,371.0,9.4,3.0,0.0,0.0,0.42,0.0,0.12,,,0.0,0.0,0.0,0.0,0.02,32.0,0.0,2.2,,,,,,,0.0,0.0,0.0,0.0,0.0,0.0,0.0,,68.18,4.64,0.54,0.1,1.11,1.98,2.3,,,,28.9,4.3,0.0,0.0,,,,,,,,,1552.264,,,,,,,,,,,,0.01,32.0,0.94,0.06,0.1,0.01,,,1.87,0.71,32.0,2.0,,,,,,,,,,,,,,,,,,,,,,,,,,,,,,,,,,
3449,"Cereals, oats, regular and quick, unenriched, cooked with water (includes boiling and microwaving), without salt",cereals oats regular and quick unenriched cooked with water includes boiling and microwaving without salt,0,20,Cereal Grains and Pasta,0,"USDA, 2018",0.074,9.0,77.0,70.0,1.0,0.422,0.25,11.6,0.03,0.0,0.0,0.0,0.0,83.61,0.27,180.0,0.0,0.225,0.01,71.6,3.1,27.0,,,0.0,0.02,0.0,,0.0,0.0,0.001,0.0,0.0,0.0,0.0,0.0,0.0,0.0,0.0,2.54,1.52,71.0,1.7,4.0,0.0,0.0,0.08,0.0,0.016,0.0,0.0,0.0,0.0,0.0,0.0,0.0,6.0,0.0,0.541,0.147,0.623,0.302,0.124,0.054,0.04,0.0,0.0,0.0,0.0,0.01,0.0,0.0,0.0,12.0,0.9,0.076,0.005,0.31,0.435,0.559,0.096,0.116,0.216,5.4,0.58,0.0,0.0,7.4,0.151,0.096,0.167,0.16,0.101,0.142,0.097,297.064,0.0,0.002,0.002,0.0,0.0,0.001,,,0.0,,,0.005,6.0,0.28,0.021,0.018,0.003,0.046,0.135,0.34,0.311,6.0,0.3,0.21,0.54,0.422,,,0.018,,,,,0.001,,,,,,,0.0,,,,0.001,0.0,0.003,,,,,,,,,,
850,Cerveja branca,cerveja branca,0,14,Beverages,1,"TCA, INSA 2015",,9.0,17.0,52.0,0.0,,,0.0,,,,,,91.6,0.5,,0.0,0.5,,,,11.0,,,,,,,,3.7,0.0,,,0.0,,0.0,,0.14,4.1,0.4,0.0,29.393679984,0.0,11.0,0.0,,0.0,,0.01,,,,,,,,,0.0,,,,,,,0.0,,,,,,,,,0.5,0.3,0.02,0.01,0.0,0.0,0.0,,,,,,,0.0,,,,,,,,,122.983157053056,,,,,,,,,,,,,,,,,,,,0.16,,,,,0.0,,,,,,,,,,,,,,,,,,,,,,,,,,,,,,,,
48478,"Chapatis, made without fat",chapatis made without fat,0,20,Cereal Grains and Pasta,23,McCance and Widdowson's,0.2,60.0,120.0,150.0,1.0,,,42.1,,,,,,45.8,1.6,,0.0,1.5,,,,37.0,230.0,,,,,2.0,,0.0,0.0,,,0.0,,0.0,,0.0,,7.3,1.0,202.0,,120.0,,,0.0,,0.04,,,,,,,,,0.0,,,,,,,0.0015,,,,,,,,0.0,43.7,2.1,0.23,0.18,0.1,0.1,0.4,,,,4.0,1.2,,0.0,,,,,,,,,860.0,,,,,,,,,,,,,,,,,,,,,0.2,14.0,,,,,,,,,,,,,,,,,,,,,,,,,,,,,,,,,,,
4512,"Chard, swiss, raw",chard swiss raw,0,11,Vegetables and Vegetable Products,0,"USDA, 2018",0.179,51.0,46.0,379.0,0.36,0.04,,,,,,,,92.66,1.1,11000.0,30.0,0.4,,,0.3,81.0,,,,,,,,0.0,0.0,0.0,0.0,0.0,0.0,0.0,0.0,0.0,0.0,1.8,0.2,19.0,1.6,213.0,3647.0,45.0,1.89,0.0,0.09,0.0,0.0,0.0,0.0,0.0,0.0,0.0,14.0,0.0,0.063,,,,,0.036,0.017,0.0,0.0,0.0,0.0,0.0,0.0,0.0,,3.74,1.8,0.04,0.099,0.03,0.04,0.07,0.083,0.147,0.13,0.9,0.366,6116.0,306.0,18.0,,,0.117,0.11,,0.11,,79.496,,,,,,,,,,,,0.0,14.0,0.03,0.0,0.007,0.0,0.019,0.099,1.6,0.172,14.0,830.0,,,,,,,,,,,,,,,,,,,,,,,,,,,,,,,,,,
10081,"Cheese spread, cream cheese base",cheese spread cream cheese base,0,1,Dairy and Egg Products,0,"USDA, 2018",0.015,71.0,91.0,112.0,0.51,6.874,,,,,,,,58.5,3.5,0.0,0.0,0.95,,,,6.0,,,,,,,,0.0,,0.0,0.0,300.0,21.0,0.5,0.0,0.4,0.0,7.1,28.6,295.0,0.0,436.0,19.0,0.0,0.77,0.0,0.19,0.0,0.0,0.82,0.238,0.279,0.55,0.377,12.0,90.0,0.632,,,,,,,0.0,0.0,0.0,0.0,0.0,0.0,0.0,,3.5,1.13,0.02,0.04,18.02,8.071,1.033,,,,2.7,,1031.0,302.0,27.2,,,,,,,,1234.28,,,,,,,,,,,,2.953,12.0,8.645,3.314,0.402,0.804,,,2.3,,12.0,2.4,,,,,,,,,,,,,,,0.5,,,,,,,,,,,,,,,,,,,
48489,"Cheese spread, plain",cheese spread plain,0,1,Dairy and Egg Products,23,McCance and Widdowson's,0.0,498.0,835.0,219.0,1.8,,0.0,0.0,0.02,0.0,,,,58.1,6.5,10.0,0.0,0.1,0.0,,,24.0,560.0,29.0,0.0,0.0,0.0,3.6,0.0,0.0,0.92,,,214.0,,0.2,,0.6,,11.3,18.6,237.0,0.0,730.0,119.0,0.0,0.24,0.0,0.36,,,,,,,,,54.7,,,,,,,0.0032,,,,,,,,6.5,6.5,0.0,0.05,0.08,12.91,4.76,0.66,,,,4.0,0.04,,234.0,,,,,,,,,984.0,,,,,,,,,,,,,,,,,,,,,0.51,19.0,,,,,,,,,,,,,,,,0.2,,,,,,,,,,,,,,,,,,,
48490,"Cheese spread, plain, reduced fat",cheese spread plain reduced fat,0,1,Dairy and Egg Products,23,McCance and Widdowson's,0.05,485.0,850.0,235.0,1.7,,0.0,0.6,0.03,0.0,,,,61.4,7.3,,0.0,0.1,0.0,,,24.0,562.0,29.0,0.0,0.0,0.0,3.0,0.0,0.0,0.32,,,119.0,,,,2.0,,15.0,7.2,154.0,0.0,750.0,90.0,0.0,0.4,,0.53,,,,,,,,,,,,,,,,0.0031,,,,,,,,7.3,7.9,0.29,0.06,0.07,4.56,1.68,0.24,,,,4.0,0.04,,134.0,,,,,,,,,648.0,,,,,,,,,,,,,,,,,,,,,0.42,7.0,,,,,,,,,,,,,,,,,,,,,,,,,,,,,,,,,,,
48491,"Cheese straws/twists, retail",cheese straws twists retail,0,23,Snacks,23,McCance and Widdowson's,0.14,233.0,215.0,153.0,1.4,7.7,0.0,46.6,,,,,,4.7,1.6,33.0,0.0,2.1,,,,24.0,1500.0,9.0,0.0,0.0,0.0,5.8999999999999995,1.6,0.0,0.78,,,173.0,,0.0,,0.2,,14.1,30.3,510.0,2.5,974.0,64.0,,1.28,,0.1,,,0.87,0.46,0.34,0.62,1.15,,71.4,1.48,,,,,,0.0021,0.01,0.0,0.0,,0.07,0.01,0.02,0.0,48.3,1.15,0.25,0.07,17.54,7.67,1.71,,,,11.0,0.45,,184.0,,,,,,,,,2133.0,,0.06,0.03,0.19,0.35,0.31,0.02,0.0,0.0,0.01,0.0,2.31,,8.42,2.51,0.26,0.38,,,,0.81,35.0,,,1.36,6.92,0.01,0.0,0.26,0.0,0.01,0.0,,,,,,,,,,,0.0,,,,,,,,0.03,,,,,,
48495,"Cheese, Camembert",cheese camembert,0,1,Dairy and Egg Products,23,McCance and Widdowson's,0.0,235.0,241.0,104.0,2.1,,0.0,0.0,,,,,,54.4,0.0,,0.0,0.9,,,,14.0,1120.0,,0.0,0.0,0.0,7.5,0.0,0.0,,,,230.0,,0.1,,1.1,,21.5,22.7,290.0,0.0,605.0,,,0.65,,0.52,,,,,,,,,71.8,,,,,,,0.0049,,,,,,,,0.0,0.0,0.0,0.05,0.23,14.2,6.61,0.67,,,,7.0,0.0,,283.0,,,,,,,,,1205.0,,,,,,,,,,,,,,,,,,,,,0.8,83.0,,,,,,,,,,,,,,,,0.1,,,,,,,,,,,,,,,,,,,
48496,"Cheese, Cheddar type, '30% less fat'",cheese cheddar type 30 less fat,0,1,Dairy and Egg Products,23,McCance and Widdowson's,0.05,840.0,620.0,110.0,2.8,,0.0,0.7,,,,,,45.9,0.1,,0.0,0.1,,,,39.0,1190.0,,0.0,0.0,0.0,3.8,0.0,0.0,,,,266.0,,0.1,,1.3,,27.9,22.1,314.0,0.0,720.0,,,0.66,,0.53,,,,,,,,,60.0,,,,,,,0.0074,,,,,,,,0.1,0.8,0.2,0.03,0.13,13.8,6.5,0.6,,,,11.0,0.0,,294.0,,,,,,,,,1305.0,,,,,,,,,,,,,,,,,,,,,0.51,56.0,,,,,,,,,,,,,,,,,,,,,,,,,,,,,,,,,,,
48497,"Cheese, Cheddar type, half fat",cheese cheddar type half fat,0,1,Dairy and Egg Products,23,McCance and Widdowson's,0.05,840.0,620.0,110.0,2.8,,0.0,0.0,0.12,0.0,,,,47.4,0.0,9.0,0.0,0.1,0.1,,,39.0,1110.0,,0.0,0.0,0.0,3.8,0.0,0.0,,,,190.0,,0.1,,1.3,,32.7,15.8,273.0,0.0,670.0,121.0,0.0,0.47,0.0,0.53,,,,,,,,,43.0,,,,,,,0.0074,,,,,,,,0.0,0.0,0.2,0.03,0.13,9.9,4.63,0.42,,,,11.0,0.0,,210.0,,,,,,,,,1141.0,,,,,,,,,,,,,,,,,,,,,0.51,56.0,,,,,,,,,,,,,,,,,,,,,,,,,,,,,,,,,,,
48498,"Cheese, Cheddar, English",cheese cheddar english,0,1,Dairy and Egg Products,23,McCance and Widdowson's,0.03,739.0,505.0,75.0,4.1,,0.0,0.0,0.4,0.06,,,,36.6,0.1,12.0,0.0,0.1,0.12,,,29.0,1040.0,30.0,0.0,0.0,0.0,4.4,0.0,0.0,1.44,,,364.0,,0.3,,2.4,,25.4,34.9,416.0,0.0,723.0,141.0,0.0,0.52,0.0,0.39,,,1.41,0.9,0.5,0.78,0.98,,97.0,,,,,,,0.0068,,,0.0,,,0.05,0.04,0.1,0.1,0.3,0.03,0.15,21.68,9.43,1.1,,,,6.0,0.03,,388.0,,,,,,,,,1725.0,,0.05,0.03,,0.37,0.18,0.02,0.0,,,,3.25,,8.68,3.6,,,,,,0.5,31.0,4.7,,0.73,7.21,0.0,,0.25,0.0,0.02,0.03,,,0.3,0.7,0.1,0.3,,,,,,,,,,,,,0.03,,,,,,
48507,"Cheese, Feta",cheese feta,0,1,Dairy and Egg Products,23,McCance and Widdowson's,0.07,360.0,280.0,95.0,0.9,,0.0,0.0,,,,,,56.5,1.5,,0.0,0.2,,,,20.0,1630.0,,0.0,0.1,0.0,2.4,0.0,0.0,,,,220.0,,0.5,,1.1,,15.6,20.2,250.0,0.0,1000.0,,,0.37,,0.21,,,,,,,,,70.0,,,,,,,0.0035,,,,,,,,1.4,1.5,0.2,0.04,0.07,13.7,4.1,0.6,,,,5.0,0.0,,226.0,,,,,,,,,1037.0,,,,,,,,,,,,,,,,,,,,,0.36,23.0,,,,,,,,,,,,,,,,,,,,,,,,,,,,,,,,,,,
48509,"Cheese, Gouda",cheese gouda,1,1,Dairy and Egg Products,23,McCance and Widdowson's,0.0,773.0,498.0,82.0,3.9,,0.0,0.0,0.02,0.0,,,,40.4,0.0,8.0,0.0,0.1,0.02,,,32.0,1440.0,,0.0,0.0,0.0,1.4,0.0,0.0,1.05,,,258.0,,0.2,,1.7,,25.3,30.6,377.0,0.0,925.0,139.0,0.0,0.57,0.0,0.3,,,1.15,0.76,0.43,0.79,1.15,,85.0,,,,,,,0.007,,,0.0,,,0.01,0.02,0.0,0.0,0.3,0.03,0.08,20.33,7.43,0.94,,,,8.0,0.03,,281.0,,,,,,,,,1562.0,,0.03,0.02,,0.3,0.14,0.01,0.0,,,,3.24,,8.6,2.94,,,,,,0.32,43.0,,,0.67,5.7,0.0,,0.19,0.0,0.02,0.03,,,0.1,0.5,0.0,,,,,,,,,,,,,,0.03,,,,,,
48511,"Cheese, Halloumi",cheese halloumi,0,1,Dairy and Egg Products,23,McCance and Widdowson's,0.0,794.0,517.0,88.0,3.7,4.88,0.0,0.0,0.04,0.0,,,,50.9,1.7,0.0,0.0,0.1,0.0,,,40.0,1730.0,60.0,0.0,0.2,0.0,5.1000000000000005,0.0,0.0,0.78,,,288.0,,0.2,,0.5,,23.9,23.5,313.0,0.0,1200.0,201.0,0.0,0.6,0.0,0.39,,,0.88,0.66,0.49,1.12,0.88,,63.0,0.84,,,,,,0.0061,,0.05,,,0.04,0.0,0.01,1.5,1.7,0.0,0.03,0.1,16.58,5.69,1.06,,,,12.0,0.05,,322.0,,,,,,,,,1303.0,,0.05,0.02,0.23,0.44,0.49,0.01,0.0,0.07,0.02,0.04,2.56,,6.82,2.05,0.13,0.4,,,,0.4,40.0,,,,4.4,,,,,0.02,0.05,,,,,,,,,,,,,,,,,,,0.05,,,,,,
48514,"Cheese, Mascarpone",cheese mascarpone,0,1,Dairy and Egg Products,23,McCance and Widdowson's,0.0,161.0,116.0,137.0,0.7,10.14,0.0,0.0,0.03,0.0,,,,46.2,4.3,8.0,0.0,0.1,0.03,,,11.0,110.0,14.0,0.0,0.0,0.0,1.6,0.0,0.0,1.81,,,376.0,,0.3,,0.6,,4.6,44.5,435.0,0.0,70.0,214.0,0.0,1.14,0.0,0.22,,,1.91,1.24,0.7,1.14,1.36,,123.0,1.45,,,,,,0.0017,,0.07,,,0.09,0.02,0.03,4.3,4.3,0.0,0.04,0.04,29.48,11.74,1.9,,,,2.0,0.0,,412.0,,,,,,,,,1794.0,,0.06,0.05,0.46,0.77,0.8,0.01,0.01,0.14,0.03,0.02,4.61,,12.33,4.36,0.3,0.76,,,,0.27,11.0,,,,8.94,,,,,0.03,0.07,,,0.6,0.9,0.0,,1.5,,,,,,,,,,,,0.08,,,,,,
48515,"Cheese, Mozzarella, fresh",cheese mozzarella fresh,0,1,Dairy and Egg Products,23,McCance and Widdowson's,0.0,362.0,267.0,51.0,2.7,,0.0,0.0,0.03,0.0,,,,57.4,0.0,5.0,0.0,0.1,0.02,,,15.0,650.0,18.0,0.0,0.0,0.0,2.2,0.0,0.0,0.8,,,258.0,,0.2,,1.7,,18.6,20.3,257.0,0.0,395.0,152.0,0.0,0.31,0.0,0.4,,,0.77,0.51,0.29,0.55,0.67,,58.0,,,,,,,0.005,,,0.0,,,0.0,0.01,0.0,0.0,0.0,0.03,0.1,13.75,5.04,0.76,,,,6.0,0.02,,283.0,,,,,,,,,1067.0,,0.03,0.01,,0.23,0.12,0.01,0.01,,,,2.17,,5.82,2.03,,,,,,0.25,20.0,,,0.55,4.16,0.0,,0.14,0.0,0.02,0.03,,,0.1,0.3,0.0,0.2,,,,,,,,,,,,,0.02,,,,,,
48516,"Cheese, Paneer",cheese paneer,0,1,Dairy and Egg Products,23,McCance and Widdowson's,0.0,537.0,383.0,69.0,3.2,6.19,0.0,0.0,0.0,0.29,,,,46.8,0.9,9.0,0.0,0.1,0.0,,,23.0,,,0.0,0.0,0.0,,0.0,0.0,1.27,,,248.0,,,,,,26.0,24.5,328.0,0.0,19.0,34.0,0.0,0.41,0.0,0.2,,,1.04,0.64,0.36,0.54,0.66,,,0.86,,,,,,0.0077,0.0,0.03,,,0.06,0.01,0.01,0.9,0.9,0.0,,,15.43,7.07,1.12,,,,,0.02,,254.0,,,,,,,,,1363.0,,0.03,0.02,0.24,0.41,0.45,0.01,0.0,0.07,0.01,0.01,2.27,,6.14,2.81,0.18,0.42,,,,,25.0,,,,5.35,0.0,,,,0.01,0.03,,,,,,,,,,,,,,,,,,,0.04,,,,,,
48517,"Cheese, Parmesan, fresh",cheese parmesan fresh,0,1,Dairy and Egg Products,23,McCance and Widdowson's,0.84,1025.0,680.0,152.0,5.1,,0.0,0.0,0.03,0.0,,,,27.6,0.9,0.0,0.0,0.1,0.07,,,41.0,1100.0,72.0,0.0,0.0,0.0,3.3,0.0,0.0,1.14,,,371.0,,0.3,,3.3,,36.2,29.7,415.0,0.0,660.0,233.0,0.0,0.76,0.0,0.32,,,1.2,0.77,0.43,0.66,0.81,,93.0,,,,,,,0.009,,,0.0,,,0.01,0.02,0.9,0.9,0.8,0.03,0.11,19.25,7.67,1.12,,,,12.0,0.03,,410.0,,,,,,,,,1729.0,,0.05,0.03,,0.34,0.2,0.01,0.01,,,,2.94,,8.09,2.93,,,,,,0.43,12.0,,,0.8,5.86,0.0,,0.21,0.0,0.02,0.05,,,0.5,0.8,0.0,0.3,,,,,,,,,,,,,0.03,,,,,,
48522,"Cheese, Quark",cheese quark,0,1,Dairy and Egg Products,23,McCance and Widdowson's,0.06,120.0,200.0,140.0,0.9,,0.0,0.0,,,,,,80.4,4.0,,1.0,0.2,,,,11.0,110.0,4.0,0.0,0.0,0.0,3.0,0.0,,,,,2.0,,0.0,,0.7,,14.6,0.0,74.0,,45.0,,,0.0,,0.3,,,,,,,,,1.0,,,,,,,0.0034,,,,,,,,4.0,4.0,0.0,0.04,0.08,0.0,0.0,0.0,,,,,0.0,,2.0,,,,,,,,,313.0,,,,,,,,,,,,,,,,,,,,,0.44,45.0,,,,,,,,,,,,,,,,,,,,,,,,,,,,,,,,,,,
48525,"Cheese, Ricotta",cheese ricotta,0,1,Dairy and Egg Products,23,McCance and Widdowson's,,240.0,170.0,110.0,1.3,,0.0,0.0,,,,,,72.1,2.0,,0.0,0.1,,,,13.0,,,0.0,0.0,0.0,,0.0,,,,,185.0,,,,0.3,,9.4,11.0,144.0,,100.0,,,0.03,,0.19,,,,,,,,,50.0,,,,,,,0.0022,,,,,,,,2.0,2.0,0.4,0.02,0.03,6.9,2.7,0.5,,,,,0.0,,200.0,,,,,,,,,599.0,,,,,,,,,,,,,,,,,,,,,,,,,,,,,,,,,,,,,,,,,,,,,,,,,,,,,,,,,
1568,"Cheese, cheddar",cheese cheddar,0,,,0,"USDA, 2018",0.03,710.0,455.0,76.0,3.64,7.403,0.0,,0.06,0.0,0.0,0.0,0.0,36.75,0.48,0.0,0.0,0.059,0.0,34.9,0.7,27.0,,,0.0,0.1,0.26,,0.0,0.0,1.179,0.0,0.0,330.0,24.0,0.6,0.0,1.1,0.0,22.87,33.31,403.0,0.0,653.0,85.0,0.0,0.71,0.0,0.428,0.0,0.0,0.634,0.539,0.337,0.82,0.935,27.0,99.0,1.171,0.547,4.735,1.734,0.751,0.547,0.547,0.001,0.053,0.001,0.0,0.065,0.01,0.017,0.12,3.37,0.14,0.029,0.066,18.867,9.391,0.942,1.044,1.206,1.939,28.5,0.027,1242.0,337.0,16.5,0.78,2.497,0.547,1.404,1.108,1.074,0.123,1684.0,0.0,0.048,0.015,0.296,0.318,0.191,0.008,0.007,0.059,0.037,0.0,3.005,27.0,8.625,3.394,0.114,0.504,0.547,1.025,3.71,0.41,27.0,2.4,0.0,0.791,6.587,0.001,0.001,0.108,0.003,0.036,,,,,,,0.6,,0.0,0.816,0.101,0.009,0.001,0.233,0.946,0.403,0.166,0.214,,,0.0,,8.6,0.002,,
1781,"Cheese, cheddar, nonfat or fat free",cheese cheddar nonfat or fat free,0,1,Dairy and Egg Products,0,"USDA, 2018",0.021,893.0,484.0,66.0,1.82,0.0,,,,,,,,57.0,0.0,0.0,0.0,0.051,,,,16.0,,,,,,,,0.0,0.0,0.0,0.0,60.0,5.0,0.1,0.0,0.49,0.0,32.14,0.0,157.0,0.0,1000.0,4.0,0.0,0.06,0.0,0.221,0.0,0.0,0.0,0.0,0.0,0.0,0.0,11.0,18.0,0.0,,,,,,,0.0,0.0,0.0,0.0,0.0,0.0,0.0,,7.14,0.0,0.012,0.045,0.0,0.0,0.0,,,,14.5,,207.0,60.0,15.4,,,,,,,,657.0,,,,,,,,,,,,0.0,11.0,0.0,0.0,0.0,0.0,,,3.64,,11.0,0.6,,,,,,,,,,,,,,,,,,,,,,,,,,,,,,,,,,
1571,"Cheese, cottage, creamed, large or small curd",cheese cottage creamed large or small curd,0,1,Dairy and Egg Products,0,"USDA, 2018",0.029,83.0,159.0,104.0,0.4,0.714,0.0,,0.0,0.0,0.0,0.0,0.0,79.79,2.67,0.0,0.0,0.099,0.0,31.6,0.7,8.0,,,0.0,0.0,0.0,,0.0,0.0,,0.0,0.0,36.0,3.0,0.1,0.0,0.43,0.0,11.12,4.3,98.0,0.0,315.0,12.0,0.0,0.08,0.0,0.163,0.0,0.0,0.109,0.025,0.023,0.064,0.07,12.0,17.0,0.105,0.222,2.603,0.905,0.384,0.326,0.147,0.0,0.0,0.0,0.0,0.0,0.0,0.0,2.67,3.38,0.07,0.027,0.046,1.718,0.778,0.123,0.5,0.591,1.116,9.7,0.002,140.0,37.0,18.4,0.639,1.229,0.497,0.748,0.604,0.577,0.066,412.0,0.0,,,0.017,0.029,0.012,,,,,,0.263,12.0,0.778,0.345,0.017,0.047,0.269,0.934,1.41,0.557,12.0,0.0,0.0,,,,,,,,,,,,,,0.1,,,,,,,,,,,,,,,,0.9,,,
1575,"Cheese, cottage, lowfat, 1% milkfat",cheese cottage lowfat 1 milkfat,0,1,Dairy and Egg Products,0,"USDA, 2018",0.028,61.0,134.0,86.0,0.38,0.239,,,,,,,,82.48,2.72,0.0,0.0,0.128,,31.6,,5.0,,,,,,,,0.0,,0.0,0.0,11.0,0.0,0.0,0.0,0.63,0.0,12.39,1.02,72.0,0.0,406.0,3.0,0.0,0.01,0.0,0.165,0.0,0.0,0.033,0.007,0.008,0.019,0.016,12.0,4.0,0.022,0.27,2.684,0.839,0.643,0.412,0.138,0.0,0.0,0.0,0.0,0.0,0.0,0.0,,2.72,0.14,0.021,0.068,0.645,0.291,0.031,0.55,0.728,1.274,9.0,0.003,41.0,11.0,17.5,0.695,1.435,0.565,0.767,0.66,0.668,0.115,303.0,,,,,,,,,,,,0.107,12.0,0.308,0.116,0.009,0.036,0.373,1.002,1.39,0.215,12.0,0.1,,,,,,,,,,,,,,,,,,,,,,,,,,,,,,,,,,
10117,"Cheese, cottage, lowfat, 1% milkfat, with vegetables",cheese cottage lowfat 1 milkfat with vegetables,0,1,Dairy and Egg Products,0,"USDA, 2018",0.028,56.0,128.0,86.0,0.29,0.233,,,,,,,,83.5,3.0,16.0,4.0,0.1,,,,4.0,,,,,,,,0.0,,0.0,0.0,10.0,0.0,0.0,0.0,0.49,0.0,10.9,1.0,67.0,0.0,403.0,34.0,0.0,0.01,0.0,0.13,0.0,0.0,0.029,0.01,0.01,0.019,0.019,10.0,3.0,0.029,,,,,,,0.0,0.0,0.0,0.0,0.0,0.0,0.0,,3.0,0.1,0.01,0.05,0.619,0.282,0.039,,,,4.5,,89.0,13.0,17.5,,,,,,,,280.328,,,,,,,,,,,,0.106,10.0,0.302,0.116,0.01,0.039,,,1.6,,10.0,2.6,,,,,,,,,,,,,,,,,,,,,,,,,,,,,,,,,,
1574,"Cheese, cottage, lowfat, 2% milkfat",cheese cottage lowfat 2 milkfat,0,1,Dairy and Egg Products,0,"USDA, 2018",0.033,111.0,150.0,125.0,0.51,0.46,0.0,,0.0,0.0,0.0,0.0,0.0,81.24,4.0,0.0,0.0,0.103,0.0,,0.6,9.0,,,0.0,0.12,0.0,,0.0,0.0,0.067,0.0,0.0,68.0,0.0,0.0,0.0,0.47,0.0,10.45,2.27,81.0,0.0,308.0,6.0,0.0,0.08,0.0,0.251,0.0,0.0,0.04,0.034,0.027,0.06,0.061,8.0,12.0,0.07,0.209,2.446,0.963,0.409,0.306,0.138,0.0,0.003,0.0,0.0,0.003,0.001,0.001,3.87,4.76,0.13,0.02,0.057,1.235,0.516,0.083,0.47,0.556,1.049,11.9,0.015,236.0,68.0,16.3,0.601,1.155,0.467,0.703,0.568,0.543,0.062,340.0,0.0,0.003,0.001,0.02,0.021,0.01,0.0,0.0,0.004,0.002,0.0,0.199,8.0,0.561,0.218,0.007,0.03,0.253,0.878,1.27,0.524,8.0,0.0,0.0,0.047,0.41,0.0,0.0,0.007,0.0,0.002,,,,,,,,,0.0,0.05,0.005,0.0,0.0,0.013,0.054,0.025,0.009,0.013,,,,,0.0,0.0,,
1573,"Cheese, cottage, nonfat, uncreamed, dry, large or small curd",cheese cottage nonfat uncreamed dry large or small curd,0,1,Dairy and Egg Products,0,"USDA, 2018",0.03,86.0,190.0,137.0,0.47,0.067,0.0,,0.01,0.0,0.0,0.0,0.0,81.01,1.85,0.0,0.0,0.144,0.0,31.6,0.9,11.0,,,0.0,,0.29,,0.0,0.0,,0.0,0.0,2.0,0.0,0.0,0.0,0.46,0.0,10.34,0.29,72.0,0.0,372.0,0.0,0.0,0.01,0.0,0.226,0.0,0.0,0.007,0.002,0.005,0.009,0.006,9.0,7.0,0.003,0.206,2.419,0.841,0.357,0.303,0.137,0.0,0.0,0.0,0.0,0.0,0.0,0.0,1.56,6.66,0.15,0.023,0.016,0.169,0.079,0.003,0.465,0.549,1.037,9.4,0.022,8.0,2.0,17.9,0.594,1.142,0.462,0.695,0.561,0.536,0.061,303.0,0.0,0.0,0.0,,0.0,0.0,0.0,0.0,0.0,0.0,,0.02,9.0,0.07,0.05,0.0,0.012,0.25,0.868,1.71,0.446,9.0,0.0,0.0,,,,0.0,,,,,,,,,,,,,,,0.0,,,,,,,,,,0.0,,,,
48499,"Cheese, cottage, plain",cheese cottage plain,0,1,Dairy and Egg Products,23,McCance and Widdowson's,0.0,127.0,171.0,161.0,0.6,,0.0,0.0,0.0,0.0,,,,83.5,3.1,0.0,0.0,0.2,0.0,,,13.0,400.0,24.0,0.0,0.0,0.0,5.1000000000000005,0.0,0.0,0.29,,,64.0,,0.0,,0.6,,9.4,6.0,103.0,0.0,250.0,18.0,0.0,0.14,0.0,0.24,,,,,,,,,22.0,,,,,,,0.0034,,,,,,,,3.1,3.1,0.0,0.05,0.05,3.24,1.72,0.21,,,,4.0,0.0,,67.0,,,,,,,,,431.0,,,,,,,,,,,,,,,,,,,,,0.3,22.0,,,,,,,,,,,,,,,,,,,,,,,,,,,,,,,,,,,
48500,"Cheese, cottage, plain, reduced fat",cheese cottage plain reduced fat,0,1,Dairy and Egg Products,23,McCance and Widdowson's,0.0,127.0,171.0,161.0,0.6,,0.0,0.0,,,,,,84.1,3.3,,0.0,0.2,,,,13.0,340.0,24.0,0.0,0.0,0.0,5.1000000000000005,0.0,0.0,0.0,,,16.0,,0.0,,0.6,,10.6,1.5,68.0,0.0,210.0,,,0.03,,0.24,,,,,,,,,5.0,,,,,,,0.0034,,,,,,,,3.3,3.3,0.0,0.05,0.05,0.96,0.43,0.0,,,,4.0,0.0,,17.0,,,,,,,,,289.0,,,,,,,,,,,,,,,,,,,,,0.3,22.0,,,,,,,,,,,,,,,,,,,,,,,,,,,,,,,,,,,
1576,"Cheese, cream",cheese cream,0,1,Dairy and Egg Products,0,"USDA, 2018",0.018,97.0,107.0,132.0,0.5,7.776,0.0,0.35,0.41,0.0,0.0,0.0,0.0,52.62,3.76,7.0,0.0,0.091,0.0,,0.5,9.0,,,0.0,0.0,0.0,,0.0,0.0,1.173,0.0,0.0,303.0,0.0,0.6,2.0,0.22,0.0,6.15,34.44,350.0,0.0,314.0,59.0,1.0,0.86,0.0,0.23,0.0,0.0,0.718,0.592,0.366,0.868,1.004,9.0,101.0,1.212,0.142,1.304,0.514,0.184,0.175,0.069,0.002,0.053,0.0,0.001,0.064,0.01,0.02,3.76,5.52,0.11,0.023,0.056,20.213,8.907,1.483,0.233,0.324,0.657,8.6,0.011,1111.0,308.0,26.8,0.374,0.665,0.235,0.395,0.303,0.291,0.042,1466.0,0.0,0.045,0.014,0.346,0.344,0.207,0.008,0.007,0.068,0.039,0.0,3.275,9.0,9.405,3.365,0.131,0.651,0.191,0.567,1.27,0.517,9.0,2.1,0.04,0.807,6.94,0.002,0.0,0.125,0.002,0.036,,0.0,,,,,0.6,,0.0,0.836,0.108,0.008,0.002,0.229,0.944,0.542,0.18,0.225,,,0.0,,8.7,0.004,,
10079,"Cheese, cream, low fat",cheese cream low fat,0,1,Dairy and Egg Products,0,"USDA, 2018",0.032,148.0,152.0,247.0,0.57,3.632,0.0,1.35,0.02,0.0,0.0,0.0,0.0,66.72,3.3,0.0,0.0,0.125,0.0,,,8.0,,,0.0,0.0,0.0,,0.0,0.0,,0.0,0.0,160.0,11.0,0.3,0.0,0.92,0.0,7.85,16.67,208.0,0.0,317.0,11.0,0.0,0.27,0.0,0.185,0.0,0.0,0.505,0.146,0.175,0.396,0.44,19.0,54.0,0.464,0.187,1.725,0.68,0.243,0.232,0.091,0.0,0.027,0.0,0.0,0.015,0.0,0.0,3.3,6.73,0.17,0.04,0.045,10.0,3.996,0.575,0.308,0.429,0.869,4.0,0.011,552.0,161.0,12.1,0.495,0.88,0.311,0.522,0.401,0.384,0.055,872.0,0.0,0.024,0.0,0.119,0.146,0.081,,0.0,0.018,0.0,0.0,1.449,19.0,3.998,1.738,0.083,0.211,0.252,0.75,2.03,0.845,19.0,1.1,0.0,,,,,0.083,0.0,,,,,,,,0.3,,,,,,,,,,,,,,0.0,,5.4,,,
1755,"Cheese, fresh, queso fresco",cheese fresh queso fresco,0,1,Dairy and Egg Products,0,"USDA, 2018",0.033,566.0,385.0,129.0,2.58,5.298,0.0,,0.04,0.0,0.0,0.04,0.0,51.42,2.32,3.0,0.0,0.027,0.0,,3.3,24.0,,,0.0,0.0,0.0,,0.0,0.0,0.834,0.0,0.0,221.0,110.0,2.7,2.0,1.68,0.0,18.09,23.82,299.0,0.0,751.0,41.0,0.0,0.37,0.0,0.173,0.0,0.0,0.486,0.387,0.244,0.569,0.651,7.0,69.0,0.887,,,,,,,0.003,0.035,0.003,0.006,0.038,0.008,0.015,2.32,2.98,0.2,0.042,0.076,12.94,5.966,1.106,,,,19.3,0.014,806.0,224.0,12.5,,,,,,,,1250.0,,0.033,0.012,0.169,0.222,0.136,0.008,0.006,0.044,0.027,0.003,2.127,7.0,5.646,2.405,0.108,0.408,,,3.68,0.358,7.0,1.0,0.03,0.591,4.697,0.003,0.003,0.099,0.009,0.025,,,,,,,2.7,,0.0,0.601,0.073,0.008,0.002,0.16,0.674,0.335,0.135,0.16,,,,,3.6,,,
48508,"Cheese, goats milk, full fat, soft, white rind",cheese goats milk full fat soft white rind,0,1,Dairy and Egg Products,23,McCance and Widdowson's,0.06,133.0,229.0,132.0,1.0,,0.0,0.0,0.06,0.0,,,,50.8,1.0,0.0,0.0,0.7,0.09,,,14.0,1060.0,51.0,0.0,0.1,0.0,5.1000000000000005,0.0,0.0,0.97,,,333.0,,0.5,,0.5,,21.1,25.8,320.0,0.0,601.0,0.0,0.0,0.63,0.0,0.39,,,0.73,0.76,0.79,2.0,0.97,,93.0,,,,,,,0.006,,,0.0,,,0.01,0.0,0.9,1.0,0.0,0.03,0.1,17.91,6.09,1.04,,,,6.0,0.02,,333.0,,,,,,,,,1329.0,,0.05,0.02,,0.22,0.16,0.01,0.0,,,,2.44,,6.79,2.37,,,,,,0.4,22.0,,,0.78,4.94,0.0,,0.19,0.0,0.0,0.03,,,0.2,0.7,0.0,,,,,,,,,,,,,,0.02,,,,,,
1581,"Cheese, gouda",cheese gouda,1,1,Dairy and Egg Products,0,"USDA, 2018",0.036,700.0,546.0,121.0,3.9,6.388,,,,,,,,41.46,2.22,0.0,0.0,0.063,,,,29.0,,,,,,,,0.0,,0.0,0.0,164.0,20.0,0.5,0.0,1.54,0.0,24.94,27.44,356.0,0.0,819.0,10.0,0.0,0.24,0.0,0.334,0.0,0.0,0.999,0.64,0.427,0.918,1.211,21.0,114.0,0.263,0.485,6.137,1.743,0.762,1.032,0.352,0.0,0.0,0.0,0.0,0.0,0.0,0.0,,2.22,0.24,0.03,0.08,17.614,7.747,0.657,0.93,1.306,2.564,14.5,0.011,563.0,165.0,15.4,1.544,3.245,0.962,1.806,1.454,1.431,0.254,1491.0,,,,,,,,,,,,3.04,21.0,6.851,2.918,0.394,0.889,0.719,2.654,3.94,0.34,21.0,2.3,,,,,,,,,,,,,,,0.5,,,,,,,,,,,,,,,,,,,
48512,"Cheese, hard, average",cheese hard average,0,1,Dairy and Egg Products,23,McCance and Widdowson's,0.04,707.0,487.0,77.0,3.3,,0.0,0.0,,,,,,37.3,0.1,,0.0,0.1,,,,27.0,990.0,41.0,0.0,,0.0,3.5,0.0,0.0,1.44,,,330.0,,0.3,,1.6,,24.9,34.5,411.0,0.0,687.0,,,0.51,,0.43,,,,,,,,,99.0,,,,,,,0.0061,,,,,,,,0.1,0.1,0.33,0.03,0.12,21.57,9.81,1.04,,,,10.0,0.02,,366.0,,,,,,,,,1702.0,,,,,,,,,,,,,,,,,,,,,0.4,30.0,1.57,,,,,,,,,,,,,,,,,,,,,,,,,,,,,,,,,,
28180,"Cheese, light (Babybel)",cheese light babybel,0,1,Dairy and Egg Products,15,"IFCD, UCC",0.0,730.0,430.0,0.0,0.0,,,0.0,,,,,,69.5,0.2,,0.0,0.0,,,,0.0,,,,,,,,,,,,195.0,,0.11,,1.3,,26.0,12.0,212.0,,0.0,,,0.78,,0.0,,,,,,,,,42.0,,,,,,,,,,,,,,,,0.2,0.0,0.0,0.0,9.1,4.2,0.4,,,,3.0,0.0,,,,,,,,,,,887.01,,,,,,,,,,,,,,,,,,,,,0.0,0.0,,,,,,,,,,,,,,,,,,,,,,,,,,,,,,,,,,,
1733,"Cheese, parmesan, dry grated, reduced fat",cheese parmesan dry grated reduced fat,0,1,Dairy and Egg Products,0,"USDA, 2018",0.238,1109.0,729.0,125.0,3.87,5.402,,,,,,,,50.6,0.0,0.0,0.0,0.114,,,,38.0,,,,,,,,0.0,,0.0,0.0,156.0,15.0,0.4,0.0,2.26,0.0,20.0,20.0,265.0,0.0,1529.0,51.0,0.0,0.17,0.0,0.486,0.0,0.0,1.054,0.395,0.211,0.526,0.709,10.0,88.0,0.221,0.598,7.279,1.963,0.956,0.752,0.24,0.0,0.0,0.0,0.0,0.0,0.0,0.0,,1.37,0.9,0.029,0.049,13.317,6.098,0.462,1.519,1.2,2.983,17.7,0.085,605.0,160.0,20.7,1.614,3.231,1.324,1.498,1.968,1.604,0.028,1111.0,,,,,,,,,,,,2.362,10.0,5.653,1.868,0.241,0.32,0.369,2.459,8.03,0.325,10.0,1.7,,,,,,,,,,,,,,,0.4,,,,,,,,,,,,,,,,,,,
1591,"Cheese, parmesan, grated",cheese parmesan grated,0,1,Dairy and Egg Products,0,"USDA, 2018",0.04,853.0,627.0,180.0,4.2,6.441,0.0,,0.01,0.0,0.0,0.0,0.0,22.65,0.07,0.0,0.0,0.08,0.0,,0.2,34.0,,,0.0,0.07,0.0,,0.0,0.0,0.876,0.0,0.0,255.0,21.0,0.5,0.0,1.4,0.0,28.42,27.84,420.0,0.0,1804.0,73.0,0.0,0.53,0.0,0.358,0.0,0.0,0.493,0.422,0.265,0.632,0.726,6.0,86.0,1.175,0.56,6.425,1.975,0.859,0.806,0.383,0.001,0.04,0.0,0.0,0.049,0.0,0.015,0.0,13.91,0.49,0.026,0.081,15.371,7.13,1.386,1.075,1.455,2.747,34.4,0.071,974.0,262.0,14.1,1.694,3.415,1.157,1.865,1.72,1.538,0.09,1757.28,0.0,0.046,0.012,0.229,0.24,0.148,0.009,0.006,0.045,0.027,0.0,2.333,6.0,7.481,2.565,0.106,0.365,0.751,2.201,7.18,0.45,6.0,1.7,0.0,0.87,5.815,0.001,0.0,0.102,0.002,0.026,,,,,,,0.5,,0.0,0.626,0.078,0.007,0.002,0.172,0.704,0.287,0.136,0.169,,,,,7.1,0.003,,
48520,"Cheese, processed, slices, reduced fat",cheese processed slices reduced fat,0,1,Dairy and Egg Products,23,McCance and Widdowson's,0.06,642.0,513.0,148.0,2.4,,0.0,2.1,,,,,,61.9,7.6,,0.0,0.1,,,,25.0,630.0,22.0,0.0,0.0,0.0,4.5,0.0,0.0,0.31,,,113.0,,,,1.0,,16.7,9.6,190.0,0.0,810.0,142.0,0.0,0.39,,0.2,,,,,,,,,35.0,,,,,,,0.0038,,,,,,,,7.6,9.7,0.27,0.05,0.06,5.85,2.59,0.32,,,,6.0,0.04,,137.0,,,,,,,,,794.0,,,,,,,,,,,,,,,,,,,,,0.48,12.0,,,,,,,,,,,,,,,,,,,,,,,,,,,,,,,,,,,
1595,"Cheese, ricotta, whole milk",cheese ricotta whole milk,0,1,Dairy and Egg Products,0,"USDA, 2018",0.018,206.0,154.0,219.0,0.53,2.315,,,,,,,,73.69,0.27,0.0,0.0,0.137,,,,20.0,,,,,,,,0.0,0.333,0.0,0.0,117.0,10.0,0.2,0.0,0.85,0.0,7.54,10.18,150.0,0.0,110.0,33.0,0.0,0.11,0.0,0.298,0.0,0.0,0.232,0.183,0.116,0.282,0.335,4.0,49.0,0.356,0.295,2.446,0.995,0.499,0.459,0.125,0.003,0.014,0.001,0.002,0.019,0.004,0.006,,7.27,0.13,0.013,0.097,6.42,2.659,0.445,0.517,0.589,1.221,5.9,0.011,445.0,120.0,17.5,0.575,1.066,0.632,0.692,0.589,0.556,0.099,627.0,,0.012,0.006,0.108,0.107,0.063,0.004,0.002,0.018,0.013,0.0,1.067,4.0,3.056,0.956,0.043,0.196,0.281,1.338,1.32,0.461,4.0,1.1,,0.246,2.077,0.003,0.0,0.039,0.002,0.012,,,,,,,0.2,,0.0,0.238,0.03,0.003,0.001,0.066,0.267,0.166,0.047,0.064,,,0.0,,,0.002,,
48528,"Cheese, spreadable, full fat, soft, white",cheese spreadable full fat soft white,0,1,Dairy and Egg Products,23,McCance and Widdowson's,0.0,76.0,97.0,89.0,0.7,,0.0,0.0,0.02,0.07,,,,66.3,3.0,11.0,0.0,0.1,0.0,,,7.0,440.0,11.0,0.0,0.0,0.0,5.1000000000000005,0.0,0.0,0.9,,,203.0,,0.1,,0.3,,5.3,24.4,252.0,0.0,260.0,199.0,0.0,0.19,0.0,0.26,,,,,,,,,72.0,,,,,,,0.0027,,,,,,,,3.0,3.0,0.0,0.03,0.01,15.97,6.06,0.77,,,,3.0,0.0,,236.0,,,,,,,,,1041.0,,,,,,,,,,,,,,,,,,,,,0.2,23.0,4.7,,,,,,,,,,,,,,,0.1,,,,,,,,,,,,,,,,,,,
48530,"Cheese, spreadable, soft white, low fat",cheese spreadable soft white low fat,0,1,Dairy and Egg Products,23,McCance and Widdowson's,0.0,121.0,154.0,141.0,1.1,,0.0,0.0,,,,,,78.4,5.0,9.0,0.0,0.1,,,,11.0,440.0,17.0,0.0,,0.0,8.1,0.0,0.0,0.1,,,39.0,,,,0.5,,11.9,3.6,99.0,0.0,260.0,158.0,0.0,,0.0,0.41,,,,,,,,,10.6,,,,,,,0.0043,,,,,,,,5.0,5.0,0.0,0.05,0.02,2.4,0.9,0.1,,,,5.0,0.0,,65.0,,,,,,,,,416.0,,,,,,,,,,,,,,,,,,,,,0.32,36.0,,,,,,,,,,,,,,,,,,,,,,,,,,,,,,,,,,,
10155,"Cheese, swiss, low fat",cheese swiss low fat,0,1,Dairy and Egg Products,0,"USDA, 2018",0.027,961.0,605.0,111.0,3.9,1.119,,,,,,,,59.6,1.33,0.0,0.0,0.09,,,,36.0,,,,,,,,0.0,,0.0,0.0,39.0,4.0,0.1,0.0,1.68,0.0,28.4,5.1,179.0,0.0,199.0,13.0,0.0,0.07,0.0,0.36,0.0,0.0,0.204,0.091,0.054,0.115,0.097,6.0,35.0,0.115,,,,,,,0.0,0.0,0.0,0.0,0.0,0.0,0.0,,3.4,0.17,0.02,0.08,3.304,1.351,0.18,,,,12.7,,152.0,40.0,15.4,,,,,,,,749.0,,,,,,,,,,,,0.569,6.0,1.447,0.604,0.065,0.164,,,3.5,,6.0,0.5,,,,,,,,,,,,,,,0.1,,,,,,,,,,,,,,,,,,,
202902,Cheesecake with wild berries,cheesecake with wild berries,0,,,19,My recipes,0.06938042857142858,67.25142857142856,70.30785714285715,130.08686428571428,0.5919285714285714,1.4457714285714287,2.622857142857143,6.871428571428572,,,,,,45.00271428571428,19.84422,0.0,3.847752857142857,0.34232142857142855,,,,11.317142857142855,62.089285714285715,0.0,0.02428571428571429,0.0,0.05,0.7185714285714286,0.018571428571428572,0.2457142857142857,0.0014285714285714286,0.0,0.0,143.79285714285714,0.0,0.09692857142857142,0.0,0.12642857142857142,0.2563457142857143,4.136037142857144,17.490948571428575,251.31552571428568,1.407714285714286,184.49999999999997,38.33571428571428,0.0,0.9832857142857143,0.0,0.08315,0.0,0.0,0.0,0.0,0.0014285714285714286,0.0,0.005714285714285714,0.0,42.55714285714286,0.3128785714285714,,,,,,0.0002614285714285714,0.0,0.0,0.0014285714285714286,0.0,0.007142857142857144,0.0014285714285714286,0.0,0.5999999999999999,27.540048571428574,0.43601,0.035307142857142856,0.039700000000000006,9.682635714285713,5.863992857142856,0.7591642857142857,,,,1.475714285714286,0.2687857142857143,0.0,151.47142871428574,,,,,,,,,1051.5041595885727,,0.010000000000000002,0.008571428571428572,0.0,0.0014285714285714286,0.002857142857142857,0.004285714285714286,0.0,0.0,0.0,,0.020000000000000004,0.0,0.928607142857143,0.1157214285714286,0.008578571428571428,0.005714285714285714,,,0.049428571428571426,0.21750714285714287,11.365714285714285,0.47285714285714286,,0.3128571428571429,1.4428571428571428,0.0,0.0,0.008571428571428572,0.0,0.0,0.0,,,,,,,,,,,0.0,,,,,,,0.06042857142857143,0.0,,,,,,
48540,"Cherries, flesh and skin, raw",cherries flesh and skin raw,0,9,Fruits and Fruit Juices,23,McCance and Widdowson's,0.07,13.0,21.0,210.0,0.1,,0.2,0.0,,,,,,82.8,11.5,,11.0,0.2,,,,10.0,0.0,0.0,5.3,,5.9,0.4,0.0,0.0,0.0,,,0.0,,0.0,0.0,0.0,,0.9,0.1,48.0,,1.0,23.0,4.0,0.13,,0.03,,,,,,,,,0.0,,,,,,,0.0001,,,,,,,,0.0,11.5,0.2,0.03,0.05,0.0,0.0,0.0,,,,1.0,0.1,,4.0,,,,,,,,,203.0,,,,,,,,,,,,,,,,,,,,,0.26,5.0,,,,,,,,,,,,,,,,,,,,,,,,,,,,,,,,,,,
48541,"Cherries, flesh and skin, raw, weighed with stones",cherries flesh and skin raw weighed with stones,0,9,Fruits and Fruit Juices,23,McCance and Widdowson's,0.06,11.0,17.0,170.0,0.1,,0.2,0.0,,,,,,68.7,9.5,,9.0,0.2,,,,8.0,0.0,0.0,4.4,,4.9,0.3,0.0,0.0,0.0,,,0.0,,0.0,0.0,0.0,,0.7,0.1,39.0,,1.0,19.0,3.0,0.11,,0.02,,,,,,,,,0.0,,,,,,,0.0001,,,,,,,,0.0,9.5,0.2,0.02,0.04,0.0,0.0,0.0,,,,1.0,0.1,,3.0,,,,,,,,,168.0,,,,,,,,,,,,,,,,,,,,,0.22,4.0,,,,,,,,,,,,,,,,,,,,,,,,,,,,,,,,,,,
235568,"Chestnut, boiled/cooked in water",chestnut boiled cooked in water,0,12,Nut and Seed Products,37,"Ciqual 2020, ANSES",0.47,46.0,99.0,715.0,0.25,,,22.8,,,,,,68.2,,,26.7,0.73,,,,54.0,,0.1,0.0,0.0,0.0,,0.0,0.0,,,,0.0,,0.0,,0.0,,2.36,1.38,,4.5,27.0,10.0,,1.0,,0.1,,,,,,,,,0.0,,,,,,,,,,,,,,,0.0,23.0,1.73,0.15,0.23,0.26,0.48,0.55,,,,2.2,0.85,,,,,,,,,,,,,,,,,,,,,,,0.006,,0.23,0.013,,,,,0.98,0.32,38.0,,,,,,,,,,,,,,,,,,,,,,,,,,,,,,,,,,,
22503,"Chick pea, cooked",chick pea cooked,0,16,Legumes and Legume Products,11,"CIQUAL, ANSES",0.24,72.0,140.0,170.0,1.1,0.77,,14.9,,,,,,62.0,0.3,,0.0,0.21,,,,44.0,0.0,0.0,,,,,,0.0,,,,0.0,,0.0,,,,8.31,3.0,147.0,8.2,10.9,13.0,,1.22,,0.027,,,0.0,0.0,0.0,0.0,0.0,,,1.5,,,,,,,,0.0,0.0,,,0.0,,,17.7,1.3,0.06,0.09,0.46,0.82,1.59,,,,0.0,0.86,,,,,,,,,,,618.0,,,,,,,,,,,,0.01,,0.37,0.07,0.08,,,,0.73,0.14,84.4,2.53,,,,,,,,,,,,,,,,,,,,,,,,,,,0.056,,,,,,,
28579,"Chicken and vegetable stir-fry with soy sauce, home prepared",chicken and vegetable stir fry with soy sauce home prepared,0,22,"Meals, Entrees, and Side Dishes",15,"IFCD, UCC",0.04,19.0,126.0,299.0,0.48,,,0.2,,,,,,93.6,2.7,,46.5,5.41,,,,24.0,,,,,,,,,,,,0.0,,0.09,,0.0,,12.0,4.1,97.0,,944.0,,,0.52,,0.09,,,,,,,,,31.0,,,,,,,,,,,,,,,,3.2,0.94,0.11,0.36,0.6,2.0,1.2,,,,5.0,0.1,,,,,,,,,,,405.85,,,,,,,,,,,,,,,,,,,,,0.59,34.0,,,,,,,,,,,,,,,,,,,,,,,,,,,,,,,,,,,
28540,"Chicken breast, cooked in blended oil, homemade",chicken breast cooked in blended oil homemade,0,5,Poultry Products,15,"IFCD, UCC",0.07,7.0,286.0,482.0,0.91,,,0.0,,,,,,63.3,0.0,,0.0,13.93,,,,38.0,,,,,,,,,,,,0.0,,0.26,,0.0,,31.2,4.6,166.0,,78.0,,,0.17,,0.18,,,,,,,,,91.0,,,,,,,,,,,,,,,,0.0,0.65,0.18,0.66,0.8,2.3,1.2,,,,16.0,0.01,,,,,,,,,,,694.54,,,,,,,,,,,,,,,,,,,,,1.64,18.0,,,,,,,,,,,,,,,,,,,,,,,,,,,,,,,,,,,
3363,"Chicken breast, deli, rotisserie seasoned, sliced, prepackaged",chicken breast deli rotisserie seasoned sliced prepackaged,0,7,Sausages and Luncheon Meats,0,"USDA, 2018",0.02,11.0,257.0,360.0,0.51,0.628,0.44,,0.08,0.0,0.0,0.02,0.0,74.47,0.75,0.0,0.0,9.055,0.0,,13.5,26.0,,,0.0,0.0,0.31,,0.0,0.0,0.007,0.0,0.0,2.0,2.0,0.1,0.0,0.14,0.0,17.4,1.86,98.0,0.0,1032.0,0.0,0.0,0.32,0.0,0.071,0.0,0.0,0.002,0.0,0.002,0.024,0.0,7.0,51.0,0.355,0.792,2.831,1.699,1.035,0.516,0.195,0.0,0.047,0.003,0.0,0.016,0.001,0.004,0.0,2.92,0.39,0.048,0.445,0.564,0.74,0.452,0.817,0.825,1.473,13.2,0.018,6.0,2.0,44.2,0.723,0.697,1.206,0.84,0.65,0.69,0.202,410.032,,0.001,0.0,0.003,0.002,0.002,0.0,0.005,0.004,0.009,0.0,0.01,7.0,0.397,0.124,0.016,0.088,0.494,1.63,3.34,0.976,7.0,0.0,0.01,0.354,0.622,0.0,0.0,0.016,0.0,0.009,,,,,,,,,0.0,0.006,0.0,0.012,0.0,0.001,0.006,0.088,0.0,0.001,,,,,,,,
48553,"Chicken breast/steak, coated, baked",chicken breast steak coated baked,0,5,Poultry Products,23,McCance and Widdowson's,0.07,30.0,203.0,300.0,0.6,5.99,0.3,14.6,,,,,,51.6,1.1,,0.0,7.2,,,,26.0,580.0,3.0,0.0,0.0,0.3,0.6,0.6,,0.02,,,0.0,,0.0,,2.8,,17.7,11.6,234.0,0.8,466.0,,,2.47,,0.11,,,0.0,0.0,0.01,0.0,0.01,,48.2,2.21,,,,,,0.0042,0.05,0.02,0.0,0.0,0.14,0.0,0.0,0.0,15.8,0.65,0.1,0.42,1.78,6.33,2.9,,,,7.0,0.16,,0.0,,,,,,,,,982.0,,0.05,0.03,0.0,0.0,0.01,0.01,0.01,0.0,0.0,0.0,0.03,,1.29,0.32,0.64,0.12,,,,1.23,21.0,,,2.2,5.98,0.05,0.01,0.64,0.0,0.0,0.02,,,,,,,,,,,0.0,,,,,,,,0.0,,,,,,
82483,"Chicken cooked ham, in slices",chicken cooked ham in slices,0,7,Sausages and Luncheon Meats,11,"CIQUAL, ANSES",0.04,6.3,240.0,380.0,0.58,0.5,,,,,,,,74.3,1.13,,17.9,9.62,,,,29.0,1150.0,0.0,,,,,,0.0,,,,0.0,,0.0,,0.29,,20.7,1.79,106.0,0.53,766.0,,,0.51,,0.08,,,0.0,0.0,0.0,0.0,0.0057,,57.8,0.28,,,,,,,,0.024,0.0071,,,0.0043,,,1.39,0.34,0.086,0.3,0.54,0.61,0.39,,,,0.0,0.01,,,,,,,,,,,446.0,,,,,,,,,,,,0.0099,,0.3,0.095,0.027,,,,2.99,1.16,5.64,0.0,,,,,,,,,,,,,,,,,,,,,,,,,,,0.0,,,,,,,
48558,"Chicken in white sauce, made with semi-skimmed milk",chicken in white sauce made with semi skimmed milk,0,22,"Meals, Entrees, and Side Dishes",23,McCance and Widdowson's,0.06,68.0,171.0,264.0,1.0,,0.0,2.7,,,,,,70.0,2.3,,0.0,2.2,,,,20.0,125.0,20.0,0.0,,0.0,3.1,0.0,,0.19,,,47.0,,0.2,,0.4,,17.0,7.7,156.0,0.1,89.0,,,0.22,,0.2,,,,,,,,,67.7,,,,,,,0.0033,,,,,,,,2.3,5.0,0.46,0.06,0.23,3.42,2.77,0.93,,,,9.0,0.03,,51.0,,,,,,,,,655.0,,,,,,,,,,,,,,,,,,,,,1.04,8.0,,,,,,,,,,,,,,,,,,,,,,,,,,,,,,,,,,,
48564,"Chicken soup, cream of, canned, condensed, as served",chicken soup cream of canned condensed as served,0,6,"Soups, Sauces, and Gravies",23,McCance and Widdowson's,0.02,20.0,20.0,31.0,0.3,,0.2,2.3,,,,,,91.1,0.7,,0.0,0.3,,,,4.0,380.0,2.0,0.1,0.0,0.0,0.0,0.0,0.0,0.1,,,48.0,,0.0,,0.0,,1.3,2.9,43.0,0.0,250.0,,,0.46,,0.02,,,0.01,0.0,0.0,0.0,,,2.0,,,,,,,0.0002,,,0.0,,,0.0,0.0,0.4,3.0,0.3,0.01,0.01,0.4,1.5,0.7,,,,0.0,0.0,,51.0,,,,,,,,,177.0,,,,,,,,,,,,,,,,,,,,,0.03,0.0,,,0.55,1.42,0.01,0.01,0.18,0.0,0.0,0.0,,,8.0,6.0,0.0,,15.0,,,,,,,,,,,,,,,,,,
48569,"Chicken, breast, casseroled, meat only",chicken breast casseroled meat only,0,5,Poultry Products,23,McCance and Widdowson's,0.06,9.0,210.0,270.0,1.1,,0.0,0.0,,,,,,67.7,0.0,,0.0,8.8,,,,25.0,60.0,8.0,0.0,0.0,0.0,2.0,0.0,0.0,0.1,,,0.0,,0.1,,0.0,,28.4,5.2,160.0,0.0,60.0,,,0.07,,0.13,,,,,,,,,90.0,,,,,,,0.0056,,,,,,,,0.0,0.0,0.5,0.06,0.36,1.5,2.4,1.0,,,,13.0,0.01,,0.0,,,,,,,,,675.0,,,,,,,,,,,,,,,,,,,,,1.34,6.0,,,,,,,,,,,,,,,,,,,,,,,,,,,,,,,,,,,
48571,"Chicken, breast, grilled without skin, meat only",chicken breast grilled without skin meat only,0,5,Poultry Products,23,McCance and Widdowson's,0.04,6.0,310.0,460.0,0.8,,0.0,0.0,,,,,,66.6,0.0,,0.0,15.8,,,,36.0,67.0,7.0,0.0,0.0,0.0,2.0,0.0,0.0,0.03,,,0.0,,0.3,,0.0,,32.0,2.2,148.0,0.0,55.0,,,0.17,,0.13,,,0.0,0.0,0.0,0.0,,,94.0,,,,,,,0.0062,,,0.03,,,0.01,0.02,0.0,0.0,0.4,0.14,0.63,0.6,1.0,0.4,,,,16.0,0.01,,0.0,,,,,,,,,626.0,,,,,,,,0.01,,,,,,,,,,,,,1.67,6.0,,,0.38,1.0,0.0,0.0,0.05,0.0,0.01,0.02,,,0.3,0.9,0.0,,1.6,,,,,,,,,,,,,,,,,,
48572,"Chicken, breast, grilled, meat and skin",chicken breast grilled meat and skin,0,5,Poultry Products,23,McCance and Widdowson's,0.06,7.0,270.0,400.0,0.8,,0.0,0.0,,,,,,64.8,0.0,,0.0,13.6,,,,33.0,69.0,6.0,0.0,0.0,0.0,2.0,0.0,0.0,0.0,,,5.0,,0.2,,0.0,,28.9,6.4,173.0,,61.0,,,0.12,,0.19,,,,,,,,,90.0,,,,,,,0.0055,,,,,,,,0.0,0.0,0.6,0.1,0.4,0.9,1.4,0.7,,,,15.0,0.01,,5.0,,,,,,,,,728.0,,,,,,,,,,,,,,,,,,,,,1.57,5.0,,,,,,,,,,,,,,,,,,,,,,,,,,,,,,,,,,,
27791,"Chicken, breast, without skin",chicken breast without skin,0,5,Poultry Products,14,"FCDBE, IEO",0.05,4.0,210.0,370.0,0.7,,0.0,0.0,,,,,,74.9,0.0,,0.0,8.3,,,,32.0,,,0.0,0.0,0.0,,0.0,0.0,,,,0.0,,0.2,,,,23.3,0.8,100.4,0.0,33.0,0.0,,0.13,,0.2,,,,,,,,,60.0,,,,,,,,,,,,,,,0.0,0.0,0.4,0.1,0.51,0.25,0.19,0.23,,,,10.0,0.01,,0.0,,,,,,,,,420.07,,,,,,,,,,,,,,,,,,,,,1.26,14.0,,,,,,,,,,,,,,,,,,,,,,,,,,,,,,,,,,,
2415,"Chicken, broilers or fryers, breast, meat and skin, raw",chicken broilers or fryers breast meat and skin raw,0,5,Poultry Products,0,"USDA, 2018",0.039,11.0,174.0,220.0,0.8,3.17,,,0.06,,,,,69.46,0.0,0.0,0.0,9.908,,,8.8,25.0,,,,,,,,0.0,0.105,0.0,0.0,24.0,16.0,0.4,0.0,0.34,0.0,20.85,9.25,172.0,0.0,63.0,0.0,0.0,0.27,0.0,0.085,0.0,0.0,0.0,0.0,0.0,0.0,0.01,4.0,64.0,1.74,1.228,3.076,1.859,1.187,0.625,0.237,0.0,0.05,0.02,0.0,0.1,0.01,0.01,,0.0,0.74,0.063,0.53,2.66,3.82,1.96,0.869,1.063,1.534,16.6,0.018,83.0,24.0,67.1,0.729,0.954,1.289,1.02,0.684,0.816,0.274,720.0,0.0,,,,,,,,,,,0.08,4.0,1.95,0.54,0.08,0.5,0.563,1.725,1.01,0.804,4.0,0.0,,,,,,,,,,,,,,,,,,,,,,,,,,,,,,,,,,
48588,"Chicken, drumsticks, roasted, meat only",chicken drumsticks roasted meat only,0,5,Poultry Products,23,McCance and Widdowson's,0.1,16.0,210.0,260.0,2.5,,0.0,0.0,,,,,,66.2,0.0,,0.0,5.5,,,,25.0,84.0,7.0,0.0,0.0,0.0,4.0,0.0,0.0,0.0,,,20.0,,0.2,,1.0,,26.6,5.1,152.0,,170.0,,,0.22,,0.15,,,,,,,,,135.0,,,,,,,0.005,,,,,,,,0.0,0.0,0.9,0.09,0.19,1.4,2.4,1.0,,,,17.0,0.02,,20.0,,,,,,,,,640.0,,,,,,,,,,,,,,,,,,,,,1.39,13.0,,,,,,,,,,,,,,,,,,,,,,,,,,,,,,,,,,,
48599,"Chicken, meat, average, roasted",chicken meat average roasted,0,5,Poultry Products,23,McCance and Widdowson's,0.1,11.0,220.0,330.0,1.5,,0.0,0.0,,,,,,65.3,0.0,,0.0,9.2,,,,26.0,75.0,7.0,0.0,0.0,0.0,3.0,0.0,0.0,0.1,,,11.0,,0.2,,0.0,,27.3,7.5,177.0,0.0,80.0,,,0.23,,0.16,,,,,,,,,105.0,,,,,,,0.0053,,,,,,,,0.0,0.0,0.7,0.07,0.36,2.1,3.4,1.5,,,,16.0,0.02,,11.0,,,,,,,,,742.0,,,,,,,,,,,,,,,,,,,,,1.39,10.0,,,,,,,,,,,,,,,,,,,,,,,,,,,,,,,,,,,
2666,"Chicken, skin (drumsticks and thighs), raw",chicken skin drumsticks and thighs raw,0,5,Poultry Products,0,"USDA, 2018",0.038,6.0,95.0,119.0,0.65,15.947,,,0.13,0.0,0.0,0.04,0.0,44.91,0.0,103.0,0.0,2.565,0.0,,8.3,8.0,,,,,,,,0.0,0.229,0.0,0.0,59.0,6.0,0.2,1.0,0.65,0.0,9.58,44.23,440.0,0.0,51.0,0.0,0.0,0.27,0.0,0.032,0.0,0.0,0.001,0.0,0.003,0.005,0.021,2.0,105.0,8.288,1.232,1.135,0.714,0.657,0.197,0.047,0.005,0.133,0.007,0.009,0.214,0.007,0.014,,0.79,0.37,0.04,0.116,12.102,18.975,9.056,0.304,0.271,0.528,10.1,0.014,196.0,59.0,28.3,0.348,0.729,0.682,0.341,0.226,0.291,0.08,1839.0,,0.029,0.025,0.091,0.027,0.051,0.004,0.051,0.039,0.072,0.0,0.253,2.0,9.51,2.171,0.441,2.678,0.162,0.548,0.49,0.61,2.0,0.4,0.04,8.165,15.804,0.005,0.001,0.397,0.044,0.069,,,,,,,0.2,,0.0,0.143,0.018,0.03,0.003,0.068,0.161,2.66,0.056,0.068,,,,,,,,
121136,Chickpea Pasta,chickpea pasta,0,20,Cereal Grains and Pasta,5,My foods,,,,,,,,,,,,,,,3.8,,,,,,,,,,,,,,,,,,,,,,,,,20.0,5.8,360.0,14.0,,,,,,,,,,,,,,,,,,,,,,,,,,,,,,,50.0,,,,0.8,,,,,,,,,,,,,,,,,,1506.24,,,,,,,,,,,,,,,,,,,,,,,,,,,,,,,,,,,,,,,,,,,,,,,,,,,,,,,,,
6418,Chickpea flour (besan),chickpea flour besan,0,16,Legumes and Legume Products,0,"USDA, 2018",0.912,45.0,318.0,846.0,2.81,1.49,,,,,,,,10.28,10.85,0.0,0.0,1.762,,,,166.0,,,,,,,,0.0,0.0,0.0,0.0,0.0,0.0,0.0,0.0,0.0,0.0,22.39,6.69,387.0,10.8,64.0,25.0,0.0,0.83,0.0,0.106,,,0.0,0.0,0.0,0.0,0.0,437.0,0.0,2.871,,,,,,,0.0,0.0,0.0,0.0,0.0,0.0,0.0,,57.82,4.86,0.486,0.492,0.693,1.504,2.983,,,,8.3,1.6,41.0,2.0,,,,,,,,,1619.208,,,,,,,,,,,,0.01,437.0,0.555,0.094,0.112,0.013,,,2.82,0.606,437.0,9.1,,,,,,,,,,,,,,,,39.0,,,,,,,,,,,,,,,,,,
6518,"Chickpeas (garbanzo beans, bengal gram), mature seeds, canned, drained, rinsed in tap water",chickpeas garbanzo beans bengal gram mature seeds canned drained rinsed in tap water,0,16,Legumes and Legume Products,0,"USDA, 2018",0.25,43.0,80.0,109.0,0.59,0.481,,,,,,,,66.87,4.0,0.0,0.1,0.125,,,,24.0,,,,,,,,0.0,0.0,0.0,0.0,0.0,0.0,0.0,0.0,0.0,0.0,7.04,2.47,138.0,6.3,212.0,13.0,0.0,0.29,0.0,0.015,,,0.0,0.0,0.0,0.0,0.0,41.0,0.0,0.927,0.295,1.239,0.832,0.303,0.195,0.069,0.0,0.0,0.0,0.0,0.0,0.0,0.0,,22.87,0.98,0.025,0.116,0.213,0.485,0.962,0.263,0.303,0.503,3.1,0.8,22.0,1.0,,0.356,0.292,0.667,0.298,0.176,0.379,0.096,578.0,,,,,,,,,,,,0.003,41.0,0.179,0.031,0.036,0.004,0.093,0.473,0.74,,41.0,3.4,,,,,,,,,,,,,,,,,,,,,,,,,,,,,,,,,,
6331,"Chickpeas (garbanzo beans, bengal gram), mature seeds, canned, solids and liquids",chickpeas garbanzo beans bengal gram mature seeds canned solids and liquids,0,16,Legumes and Legume Products,0,"USDA, 2018",0.153,35.0,80.0,144.0,0.69,0.441,,,,,,,,78.55,,0.0,0.1,0.13,,,,27.0,,,,,,,,0.0,0.0,0.0,0.0,0.0,0.0,0.0,0.0,0.0,0.0,4.92,1.95,88.0,4.4,278.0,9.0,0.0,,0.0,0.015,,,,,,,,25.0,0.0,0.849,0.206,0.866,0.582,0.212,0.136,0.048,,,,,,,,,13.49,1.23,0.032,0.473,0.204,0.444,0.881,0.184,0.212,0.352,2.0,0.818,15.0,1.0,32.6,0.249,0.204,0.466,0.208,0.123,0.265,0.067,369.0,,,,,,,,,,,,0.003,25.0,0.164,0.028,0.033,0.003,0.065,0.331,1.09,0.299,25.0,,,,,,,,,,,,,,,,,,,,,,,,,,,,,,,,,,,
6519,"Chickpeas (garbanzo beans, bengal gram), mature seeds, canned, solids and liquids, low sodium",chickpeas garbanzo beans bengal gram mature seeds canned solids and liquids low sodium,0,16,Legumes and Legume Products,0,"USDA, 2018",0.153,35.0,80.0,144.0,0.69,0.441,,,,,,,,78.55,2.59,0.0,0.1,0.13,,,,27.0,,,,,,,,0.0,0.0,0.0,0.0,0.0,0.0,0.0,0.0,0.0,0.0,4.92,1.95,88.0,4.4,132.0,9.0,0.0,0.19,0.0,0.015,0.0,0.0,0.0,0.0,0.0,0.0,0.0,25.0,0.0,0.849,0.206,0.866,0.582,0.212,0.136,0.048,0.0,0.0,0.0,0.0,0.0,0.0,0.0,,13.49,1.23,0.032,0.473,0.204,0.444,0.881,0.184,0.212,0.352,2.0,0.818,15.0,1.0,23.1,0.249,0.204,0.466,0.208,0.123,0.265,0.067,369.0,,,,,,,,,,,,0.003,25.0,0.164,0.028,0.033,0.003,0.065,0.331,1.09,0.299,25.0,2.2,,,,,,,,,,,,,,,,,,,,,,,,,,,,,,,,,,
6516,"Chickpeas (garbanzo beans, bengal gram), mature seeds, cooked, boiled, with salt",chickpeas garbanzo beans bengal gram mature seeds cooked boiled with salt,0,16,Legumes and Legume Products,0,"USDA, 2018",0.352,49.0,168.0,291.0,1.53,0.578,,,,,,,,60.21,4.8,0.0,1.3,0.526,,,,48.0,,,,,,,,,0.0,,,0.0,0.0,0.0,0.0,0.0,0.0,8.86,2.59,164.0,7.6,243.0,16.0,0.0,0.35,0.0,0.063,0.0,0.0,,,,,,172.0,0.0,1.113,0.369,1.55,1.042,0.38,0.244,0.085,,,,,,,,,27.42,2.89,0.116,0.139,0.269,0.583,1.156,0.329,0.38,0.631,3.7,1.03,27.0,1.0,42.8,0.447,0.366,0.835,0.372,0.22,0.475,0.119,686.176,,,,,,,,,,,,0.004,172.0,0.215,0.037,0.043,0.005,0.116,0.593,0.92,0.286,172.0,4.0,,,,,,,,,,,,,,,,,,,,,,,,,,,,,,,,,,
6330,"Chickpeas (garbanzo beans, bengal gram), mature seeds, cooked, boiled, without salt",chickpeas garbanzo beans bengal gram mature seeds cooked boiled without salt,0,16,Legumes and Legume Products,0,"USDA, 2018",0.352,49.0,168.0,291.0,1.53,0.578,,,,,,,,60.21,4.8,0.0,1.3,0.526,,,,48.0,,,,,,,,0.0,0.0,0.0,0.0,0.0,0.0,0.0,0.0,0.0,0.0,8.86,2.59,164.0,7.6,7.0,16.0,0.0,0.35,0.0,0.063,0.0,0.0,0.0,0.0,0.0,0.0,0.0,172.0,0.0,1.113,0.369,1.55,1.042,0.38,0.244,0.085,0.0,0.0,0.0,0.0,0.0,0.0,0.0,,27.42,2.89,0.116,0.139,0.269,0.583,1.156,0.329,0.38,0.631,3.7,1.03,27.0,1.0,42.8,0.447,0.366,0.835,0.372,0.22,0.475,0.119,686.176,,,,,,,,,,,,0.004,172.0,0.215,0.037,0.043,0.005,0.116,0.593,0.92,0.286,172.0,4.0,,,,,,,,,,,,,,,,,,,,,,,,,,,,,,,,,,
6329,"Chickpeas (garbanzo beans, bengal gram), mature seeds, raw",chickpeas garbanzo beans bengal gram mature seeds raw,0,16,Legumes and Legume Products,0,"USDA, 2018",0.656,57.0,252.0,718.0,2.76,1.365,,,,,,,,7.68,10.7,0.0,4.0,1.541,,,,79.0,,,,,,,,0.0,0.0,0.0,0.0,0.0,0.0,0.0,0.0,0.0,0.0,20.47,6.04,378.0,12.2,24.0,40.0,0.0,0.82,0.0,0.212,0.0,0.0,0.0,0.0,0.0,0.0,0.0,557.0,0.0,2.629,0.857,3.603,2.422,0.882,0.566,0.2,0.0,0.0,0.0,0.0,0.0,0.0,0.0,,62.95,4.31,0.477,0.535,0.603,1.377,2.731,0.766,0.882,1.465,0.0,21.306,67.0,3.0,99.3,1.036,0.849,1.939,0.865,0.512,1.103,0.279,1581.552,,,,,,,,,,,,0.009,557.0,0.508,0.086,0.102,0.012,0.27,1.377,2.85,1.588,557.0,9.0,,,,,,,,,,,,,,,,,,,,,,,,,,,,,,,,,,
21757,"Chili pepper, red",chili pepper red,0,11,Vegetables and Vegetable Products,9,"BEDCA, UGR",1e-05,16.0,39.0,440.0,0.3,,,,,,,,,90.3,,,225.0,,,,,21.0,,,,,,,,,,,,,,0.0,,0.0,,1.0,0.4,33.6,1.9,12.0,,,0.8,,0.15,,,,,,,,,0.0,,,,,,,,,,,,,,,,6.4,1.0,0.12,,0.1,,0.2,,,,,0.1,,684.17,,,,,,,,,140.6,,,,,,,,,,,,,,,,,,,,,0.08,,,,,,,,,,,,,,,,,,,,,,,,,,,,,,,,,,,,
48631,"Chilli con carne, homemade",chilli con carne homemade,0,22,"Meals, Entrees, and Side Dishes",23,McCance and Widdowson's,0.05,21.0,90.0,263.0,1.7,,0.6,1.3,,,,,,74.3,2.9,,7.0,2.3,,,,17.0,166.0,5.0,1.1,0.0,1.1,0.9,0.0,0.0,0.32,,,0.0,,0.3,,0.6,,9.2,7.5,120.0,,101.0,,,1.15,,0.07,,,,,,,,,23.8,,,,,,,0.0016,,,,,,,,0.0,4.4,1.11,0.1,0.2,2.9,2.97,0.85,,,,3.0,0.1,,41.0,,,,,,,,,500.0,,,,,,,,,,,,,,,,,,,,,0.21,9.0,,,,,,,,,,,,,,,,,,,,,,,,,,,,,,,,,,,
48633,"Chilli con carne, retail, reheated, with rice",chilli con carne retail reheated with rice,0,22,"Meals, Entrees, and Side Dishes",23,McCance and Widdowson's,0.11,33.0,70.0,187.0,1.0,,,16.5,,,,,,72.6,1.6,,,1.2,,,,15.0,317.0,,,,,2.6,0.0,0.0,0.12,,,39.0,,,,0.6,,5.8,2.7,116.0,,188.0,,,,,0.07,,,,,,,,,,,,,,,,0.0011,,,,,,,,0.0,18.1,0.92,0.06,0.13,1.17,1.19,0.17,,,,3.0,0.21,,49.0,,,,,,,,,491.0,,,,,,,,,,,,,,,,,,,,,0.34,11.0,,,,,,,,,,,,,,,,,,,,,,,,,,,,,,,,,,,
48634,Chilli powder,chilli powder,0,2,Spices and Herbs,23,McCance and Widdowson's,1.0,330.0,300.0,1950.0,4.3,,0.8,,,,,,,10.8,7.2,,1.0,11.6,,,,149.0,5980.0,,4.3,0.0,2.1,,0.0,0.0,0.0,,,0.0,,0.0,,0.0,,13.5,14.3,,34.8,4000.0,,,,,0.94,,,,,,,,,0.0,,,,,,,,,,,,,,,0.0,,17.3,0.25,2.1,2.46,3.21,8.01,,,,,1.7,,2965.0,,,,,,,,,,,,,,,,,,,,,,,,,,,,,,0.89,28.0,105.7,,,,,,,,,,,,,,,,,,,,,,,,,,,,,,,,,,
48635,Chilli sauce,chilli sauce,0,6,"Soups, Sauces, and Gravies",23,McCance and Widdowson's,0.07,17.0,28.0,140.0,0.1,,0.0,0.4,,,,,,82.1,6.9,,8.0,0.6,,,,15.0,1770.0,2.0,3.8,0.0,3.1,1.0,0.0,0.0,0.0,,,0.0,,0.0,,0.0,,1.3,0.8,40.0,2.2,1250.0,,,1.97,,0.09,,,,,,,,,0.0,,,,,,,0.0003,,,,,,,,0.0,7.3,2.8,0.01,0.1,0.0,0.0,0.0,,,,0.0,0.17,,95.0,,,,,,,,,169.0,,,,,,,,,,,,,,,,,,,,,0.22,10.0,,,,,,,,,,,,,,,,,,,,,,,,,,,,,,,,,,,
48637,"Chilli, Quorn, homemade",chilli quorn homemade,0,22,"Meals, Entrees, and Side Dishes",23,McCance and Widdowson's,0.08,25.0,94.0,211.0,2.1,,1.2,2.7,,,,,,79.5,3.5,,10.0,0.6,,,,21.0,,,1.2,,1.3,,0.0,,0.0,,,0.0,,0.0,,0.1,,5.3,3.6,83.0,,101.0,,,1.34,,0.11,,,,,,,,,0.0,,,,,,,0.001,,,,,,,,0.0,6.9,0.76,0.12,0.11,0.39,,,,,,,0.87,,45.0,,,,,,,,,350.0,,,,,,,,,,,,,,,,,,,,,0.18,12.0,,,,,,,,,,,,,,,,,,,,,,,,,,,,,,,,,,,
177563,Chips,chips,0,,,19,My recipes,,9.0,62.0,600.0,0.5,,,27.7,,,,,,55.0,1.0,,18.0,,,,,29.0,,,,,,,,,,,,0.0,,,,,,3.5,10.3,215.0,2.7,12.0,0.0,,0.61,,0.03,,,,,,,,,0.0,,,,,,,,,,,,,,,,28.7,0.7,0.35,0.73,1.4,7.0,1.3,,,,,,,,,,,,,,,,899.56,,,,,,,,,,,,,,,,,,,,,,,,,,,,,,,,,,,,,,,,,,,,,,,,,,,,,,,,,
48641,"Chives, fresh",chives fresh,0,2,Spices and Herbs,23,McCance and Widdowson's,0.16,92.0,58.0,296.0,0.6,,0.0,0.0,,,,,,90.7,1.9,,58.0,0.7,,,,42.0,,,1.0,0.0,0.9,,0.0,0.0,0.0,,,0.0,,0.0,,0.0,,3.3,0.7,27.0,2.5,3.0,,,0.21,,0.12,,,,,,,,,0.0,,,,,,,0.0007,,,,,,,,0.0,1.9,1.6,0.08,0.14,0.15,0.1,0.27,,,,0.0,0.37,,435.0,,,,,,,,,112.0,,,,,,,,,,,,,,,,,,,,,0.33,105.0,,,,,,,,,,,,,,,,,,,,,,,,,,,,,,,,,,,
60386,Chocolate 85%,chocolate 85,0,19,Sweets,5,My foods,,,,,,,,,,,,,,,14.0,,,,,,,,,,,,,,,,,,,,,,,,,11.0,46.0,530.0,,,,,,,,,,,,,,,,,,,,,,,,,,,,,,,,19.0,,,,28.0,,,,,,,,,,,,,,,,,,2217.52,,,,,,,,,,,,,,,,,,,,,,,,,,,,,,,,,,,,,,,,,,,,,,,,,,,,,,,,,
825,Chocolate em pó,chocolate em p,0,19,Sweets,1,"TCA, INSA 2015",,42.0,153.0,388.0,1.1,,,3.3,,,,,,2.1,60.5,,0.0,2.1,,,,104.0,,,,,,,,0.0,0.0,,,7.0,,0.0,,0.0,10.0,4.2,20.3,452.0,7.3,11.0,39000.0,,0.18,,0.2,,,,,,,,,0.0,,,,,,,0.0009,,,,,,,,,63.8,2.2,0.27,0.02,12.8,6.8,0.7,,,,,,,7.0,,,,,,,,,1891.168,,,,,,,,,,,,,,,,,,,,2.3,,,,,0.7,,,,,,,,,,,,,,,,,,,,,,,,,,,,,,,,
48648,Chocolate nut spread,chocolate nut spread,0,19,Sweets,23,McCance and Widdowson's,0.48,130.0,180.0,390.0,1.0,,56.7,0.8,,,,,,0.0,59.7,,0.0,0.5,,,,65.0,60.0,,0.0,0.0,0.0,,0.0,0.0,0.0,,,0.0,,0.0,,0.0,,6.2,33.0,549.0,3.0,50.0,,,,,0.1,,,0.0,0.0,0.0,0.0,,,2.0,,,,,,,0.0015,,,0.0,,,0.0,0.0,3.0,60.5,2.2,0.03,0.1,9.34,16.82,5.4,,,,,1.1,,0.0,,,,,,,,,2294.0,,,,,,,,,,,,,,,,,,,,,,,,,5.14,16.5,0.03,0.0,0.13,0.0,0.0,0.0,,,21.8,4.5,2.9,,30.4,,,,,,,,,,,,,,,,,,
48650,Chocolate spread,chocolate spread,0,19,Sweets,23,McCance and Widdowson's,0.32,91.0,128.0,362.0,0.7,19.29,49.5,0.0,,,,,,1.0,59.4,,0.0,0.3,,,,51.0,160.0,15.0,0.0,0.0,0.0,0.8,0.0,0.0,0.03,,,0.0,,0.0,,0.0,,3.3,37.7,575.0,2.0,58.0,,,7.7,,0.0,,,0.0,0.02,0.03,0.03,0.07,,8.9,5.71,,,,,,0.0006,0.09,0.0,0.0,0.0,0.41,0.0,0.0,10.0,59.4,4.87,0.17,0.19,8.13,19.93,7.63,,,,1.0,0.4,,0.0,,,,,,,,,2402.0,,0.18,0.09,0.01,0.02,0.03,0.04,0.02,0.0,0.0,0.0,0.23,,6.09,1.27,1.92,0.1,,,,0.26,10.0,,,5.68,19.26,0.09,0.03,1.92,0.0,0.0,0.0,,,,,,,,,,,0.0,,,,,,,,0.0,,,,,,
7963,"Chocolate, dark, 60-69% cacao solids",chocolate dark 60 69 cacao solids,0,19,Sweets,0,"USDA, 2018",1.248,62.0,260.0,567.0,2.65,11.373,36.39,,8.47,0.34,0.0,0.1,0.0,1.25,36.71,32.0,,0.838,0.0,,,176.0,,,0.0,0.0,0.0,,0.0,,0.079,86.0,632.0,,,,1.0,0.18,,6.12,38.31,579.0,8.0,10.0,25.0,9.0,0.59,0.0,0.049,,,0.04,0.03,0.02,0.064,0.056,,6.0,1.126,,,,,,,0.0,0.0,0.0,0.0,0.021,0.0,0.0,0.31,52.42,6.32,0.032,0.034,22.031,11.522,1.221,,,,8.4,1.325,50.0,3.0,,,,,,,,,2422.536,0.0,0.364,0.062,0.013,0.027,0.081,0.035,0.001,0.0,0.0,0.0,0.192,,9.198,11.86,0.088,0.116,,,1.9,0.3,,7.2,0.0,1.091,11.318,0.0,0.0,0.088,0.0,0.0,,,,75.0,12.0,29.0,,,0.0,0.055,0.006,0.003,0.0,0.017,0.061,0.11,0.017,0.017,,,,,0.0,,,
7964,"Chocolate, dark, 70-85% cacao solids",chocolate dark 70 85 cacao solids,0,19,Sweets,0,"USDA, 2018",1.766,73.0,308.0,715.0,3.31,12.651,23.99,,9.19,0.29,0.0,0.14,0.0,1.37,23.99,27.0,,1.054,0.01,,,228.0,,,0.0,0.0,0.0,,0.0,,0.03,80.0,802.0,,,,1.0,0.28,,7.79,42.63,598.0,10.9,20.0,19.0,7.0,0.59,0.0,0.078,,,0.014,0.008,0.006,0.045,0.017,,3.0,1.217,,,,,,,0.0,0.001,0.0,0.0,0.02,0.0,0.0,0.0,45.9,11.9,0.034,0.038,24.489,12.781,1.257,,,,6.8,1.948,39.0,2.0,,,,,,,,,2504.0,0.0,0.408,0.068,0.004,0.016,0.086,0.038,0.001,0.0,0.0,0.0,0.078,,10.076,13.63,0.034,0.106,,,2.32,0.418,,7.3,0.0,1.208,12.629,0.0,0.0,0.034,0.0,0.0,,,,86.0,12.0,31.0,,,0.0,0.023,0.002,0.004,0.0,0.005,0.025,0.104,0.004,0.005,,,,,0.0,,,
48662,"Chutney, mango, sweet",chutney mango sweet,0,6,"Soups, Sauces, and Gravies",23,McCance and Widdowson's,0.0,9.0,8.0,42.0,0.0,,5.6,2.6,,,,,,44.3,45.7,,0.0,0.2,,,,19.0,1530.0,,19.5,0.0,20.6,,0.0,0.0,,,,0.0,,0.0,,0.0,,0.7,0.1,189.0,,1300.0,,,,,0.01,,,,,,,,,0.0,,,,,,,0.0008,,,,,,,,0.0,48.3,1.1,0.0,,0.0,0.0,0.0,,,,,0.07,,,,,,,,,,,806.0,,,,,,,,,,,,,,,,,,,,,,,,,,,,,,,,,,,,,,,,,,,,,,,,,,,,,,,,,
48669,"Cinnamon, ground",cinnamon ground,0,2,Spices and Herbs,23,McCance and Widdowson's,0.34,1002.0,64.0,431.0,1.8,,0.0,,,,,,,10.6,2.2,,4.0,1.3,,,,60.0,,,1.1,0.0,1.0,,0.0,0.0,0.0,,,0.0,,0.0,129.0,0.0,,4.0,1.2,,53.1,10.0,112.0,1.0,,,0.04,,,,,,,,,0.0,,,,,,,,,,,,,,,0.0,,8.32,0.02,0.16,0.35,0.25,0.07,,,,3.0,17.47,,30.0,,,,,,,,,,,,,,,,,,,,,,,,,,,,,,0.36,6.0,31.2,,,,,,,,,,,,,,,,,,,,,,,,,,,,,,,,,,
237700,"Cinnamon, powder",cinnamon powder,0,2,Spices and Herbs,37,"Ciqual 2020, ANSES",0.34,1000.0,64.0,431.0,1.83,0.31,0.02,,,,,,,10.6,2.17,,3.8,1.33,,,,60.0,,,1.11,0.0,1.04,,0.0,0.0,,,,0.0,,0.0,,0.0,,3.87,1.22,243.0,53.1,10.0,112.0,,2.32,,0.041,,,0.0,0.0,0.0,0.004,0.0075,,0.0,0.063,,,,,,,,0.0,0.0,,,0.0,,0.0,27.5,8.32,0.022,0.16,0.44,0.31,0.077,,,,3.1,17.5,,,,,,,,,,,1000.0,,,,,,,,,,,,0.012,,0.13,0.1,0.013,,,,3.6,0.36,6.0,,,,,,,,,,,,,,,,,,,,,,,,,,,,,,,,,,,
479,Clara de ovo de galinha crua,clara de ovo de galinha crua,0,1,Dairy and Egg Products,1,"TCA, INSA 2015",,6.0,13.0,142.0,0.1,,,0.0,,,,,,87.4,0.0,,0.0,0.03,,,,12.0,,,,,,,,0.0,0.0,,,0.0,,0.0,,0.1,14.0,11.0,0.3,46.59973656,0.0,193.0,0.0,,0.03,,0.33,,,,,,,,,0.0,,,,,,,0.0032,,,,,,,,,0.0,0.1,0.04,0.02,0.1,0.1,0.04,,,,,,,0.0,,,,,,,,,194.97329776704,,,,,,,,,,,,,,,,,,,,1.3,,,,,0.04,,,,,,,,,,,,,,,,,,,,,,,,,,,,,,,,
4037,"Clementines, raw",clementines raw,0,9,Fruits and Fruit Juices,0,"USDA, 2018",0.043,30.0,21.0,177.0,0.06,,5.96,0.0,0.0,0.0,0.0,0.0,0.0,86.58,9.18,,48.8,0.636,0.0,,0.1,10.0,,,1.64,0.0,1.59,,0.0,,0.0,,,,0.0,0.0,,,0.0,0.85,0.15,47.0,1.7,1.0,,,0.2,,0.03,,,,,,,,24.0,,,,,,,,,,,,,,,,0.0,12.02,0.14,0.086,0.075,,,,,,,0.1,0.023,,,14.0,,,,,,,,198.0,0.0,,,,,,,,,,,,24.0,,,,,,,0.4,0.151,24.0,0.0,0.0,,,,,,,,,,,,,,,,,,,,,,,,,,,,,,,,,
48675,Cocoa butter,cocoa butter,0,4,Fats and Oils,23,McCance and Widdowson's,0.0,0.0,0.0,0.0,0.0,32.3,0.0,0.0,4.9,0.0,,,,0.5,0.0,,0.0,0.0,0.16,,,0.0,0.0,,0.0,0.0,0.0,0.0,0.0,0.0,,,,,,0.0,,0.0,,0.0,99.5,896.0,,0.0,,,1.05,,0.0,,,0.0,0.0,0.0,0.0,0.0,,3.0,2.9,,,,,,0.0,0.0,,,,0.0,,,0.0,0.0,0.0,0.0,0.0,59.0,32.8,3.3,,,,0.0,0.0,,,,,,,,,,,3682.0,,1.0,0.0,0.0,0.0,0.0,0.0,,0.0,,0.0,0.0,,24.7,33.3,0.5,0.5,,,,0.0,0.0,,,,,,,,,,,,,138.0,22.0,61.0,,,,,,,,,,,,,,,,,,,,
48676,Cocoa powder,cocoa powder,0,14,Beverages,23,McCance and Widdowson's,3.9,130.0,660.0,1500.0,6.9,,0.0,11.5,,,,,,3.4,0.0,,0.0,1.7,,,,520.0,,,0.0,0.0,0.0,,0.0,0.0,,,,0.0,,0.0,,0.0,,18.5,21.7,312.0,,,,,0.68,,0.06,,,,,,,,,0.0,,,,,,,0.0039,,,,,,,,0.0,11.5,10.5,0.16,0.07,12.8,7.2,0.6,,,,,,,7.0,,,,,,,,,1301.0,,,,,,,,,,,,,,,,,,,,,,38.0,1.5,,,,,,,,,,,,,,,,,,,,,,,,,,,,,,,,,,
7705,"Cocoa, dry powder, unsweetened",cocoa dry powder unsweetened,0,19,Sweets,0,"USDA, 2018",3.788,128.0,734.0,1524.0,6.81,4.57,,,,,,,,3.0,1.75,38.0,0.0,2.185,,,,499.0,,,,,,,,0.0,,230.0,2057.0,0.0,0.0,0.0,0.0,0.0,0.0,19.6,13.7,228.0,37.0,21.0,0.0,0.0,0.1,0.0,0.241,0.0,0.0,0.0,0.0,0.0,0.0,0.0,32.0,0.0,0.44,0.879,2.948,1.953,0.904,0.339,0.293,0.0,0.0,0.0,0.0,0.0,0.0,0.0,,57.9,13.86,0.078,0.118,8.07,4.57,0.44,0.776,0.76,1.189,14.3,3.837,0.0,0.0,12.0,0.846,0.838,1.111,1.177,0.735,0.941,0.239,952.0,,,,,,,,,,,,0.02,32.0,3.69,4.25,0.0,0.0,0.202,0.983,5.8,0.254,32.0,2.5,,,,,,,,,,,,,,,,,,,,,,,,,,,,,,,,,,
27376,"Cocoa, unsweetened, powder",cocoa unsweetened powder,0,14,Beverages,14,"FCDBE, IEO",3.9,51.0,685.0,1500.0,6.9,,0.0,11.5,,,,,,2.5,,,0.0,1.7,,,,520.0,,,0.0,0.0,0.0,,0.0,0.0,,,,0.0,,0.0,,0.0,,20.4,25.6,355.125,28.9,950.0,42.0,,0.8,,0.3,,,,,,,,,0.0,,,,,,,,,,,,,,,0.0,11.5,14.3,0.08,0.07,14.34,9.47,1.02,,,,1.0,2.5,,7.0,,,,,,,,,1485.84,,,,,,,,,,,,,,,,,,,,,1.1,38.0,,,,,,,,,,,,,,,,,,,,,,,,,,,,,,,,,,,
61953,Coconut Flour,coconut flour,0,20,Cereal Grains and Pasta,5,My foods,,,,,,,,,,,,,,,8.6,,,,,,,,,,,,,,,,,,,,,,,,,18.0,12.0,352.0,,,,,,,,,,,,,,,,,,,,,,,,,,,,,,,,16.0,,,,11.0,,,,,,,,,,,,,,,,,,1472.768,,,,,,,,,,,,,,,,,,,,,,,,,,,,,,,,,,,,,,,,,,,,,,,,,,,,,,,,,
21862,Coconut milk,coconut milk,1,14,Beverages,9,"BEDCA, UGR",0.00027,18.0,96.0,220.0,0.67,,,,,,,,,73.9,,,1.0,,,,,46.0,,,,,,,,,,,,,,0.0,,0.0,,2.0,21.3,207.86,,13.0,,,0.7,,0.03,,,,,,,,,0.0,,,,,,,,,,,,,,,,2.8,3.3,0.03,,18.3,1.4,0.3,,,,6.2,0.92,,0.0,,,,,,,,,869.7,,,,,,,,,,,,,,,,,,,,,0.15,,,,,,,,,,,,,,,,,,,,,,,,,,,,,,,,,,,,
48681,Coconut milk,coconut milk,1,12,Nut and Seed Products,23,McCance and Widdowson's,0.04,29.0,30.0,280.0,0.1,,4.6,0.0,,,,,,92.2,4.9,,2.0,0.1,,,,30.0,180.0,,0.0,,0.3,,0.0,0.0,0.0,,,0.0,,0.0,,0.0,,0.3,0.3,22.0,,110.0,0.0,0.0,0.0,,0.06,,,,,,,,,0.0,,,,,,,0.0001,,,,,,,,0.0,4.9,0.1,0.03,0.03,0.2,0.0,0.0,,,,,,,0.0,,,,,,,,,95.0,,,,,,,,,,,,,,,,,,,,,0.04,,,,,,,,,,,,,,,,,,,,,,,,,,,,,,,,,,,,
22261,Coconut milk or coconut cream,coconut milk or coconut cream,0,14,Beverages,11,"CIQUAL, ANSES",0.22,18.0,96.0,220.0,0.56,,,,,,,,,75.1,2.1,,1.0,0.64,,,,46.0,,1.0,,,,,,0.0,,,,0.0,,0.0,,0.0,,1.77,18.4,188.0,0.57,30.0,0.0,,0.7,,0.0,,,,0.11,1.31,1.04,8.27,,0.0,0.16,,,,,,,,,,,,,,,3.4,3.3,0.022,0.028,16.5,0.88,0.2,,,,3.0,0.77,,,,,,,,,,,775.0,,,,,,,,,,,,3.27,,1.58,0.97,0.02,,,,0.69,0.15,14.0,,,,,,,,,,,,,,,,,,,,,,,,,,,,0.0,,,,,,,
21713,Coconut oil,coconut oil,0,4,Fats and Oils,9,"BEDCA, UGR",0.0,0.0,0.0,0.0,0.0,,,,,,,,,0.0,,,0.0,,,,,0.0,,,,,,,,,,,,,,,,,,0.0,100.0,884.32,0.0,0.0,,,0.28,,0.0,,,,,,,,,0.0,,,,,,,,,,,,,,,,0.0,0.4,0.0,,85.5,5.8,1.8,,,,0.0,0.0,,0.0,,,,,,,,,3700.0,,,,,,,,,,,,,,,,,,,,,0.0,,,,,,,,,,,,,,,,,,,,,,,,,,,,,,,,,,,,
48684,"Coconut, desiccated",coconut desiccated,0,12,Nut and Seed Products,23,McCance and Widdowson's,0.55,23.0,160.0,660.0,0.9,,5.6,0.0,0.52,0.0,,,,2.3,6.4,,0.0,0.9,0.0,,,90.0,200.0,3.0,0.8,,0.0,,0.0,0.0,0.0,,,0.0,,0.0,,0.0,,5.6,62.0,604.0,,28.0,0.0,0.0,1.26,,0.05,,,,,,,,,0.0,,,,,,,0.0011,,,,,,,,0.0,6.4,3.6,0.03,0.09,53.4,3.5,1.5,,,,12.0,1.8,,0.0,,,,,,,,,2492.0,,,,,,,,,,,,,,,,,,,,,0.5,9.0,,,,,,,,,,,,,,,,,,,,,,,,,,,,,,,,,,,
82286,"Cod, cooked (average)",cod cooked average,0,15,Finfish and Shellfish Products,11,"CIQUAL, ANSES",0.018,15.2,193.0,321.0,0.5,0.077,,,,,,,,75.1,0.0,,0.62,2.08,,,,26.2,369.0,122.0,,,,,,0.0,,,,5.74,,0.75,,1.55,,23.1,0.73,98.9,0.0,80.9,0.0,,0.62,,0.055,,,0.0,0.0,0.0,0.0,0.0,,52.1,0.0085,,,,,,,,0.011,0.15,,,0.064,,,0.0,0.22,0.046,0.22,0.14,0.09,0.25,,,,24.9,0.013,,,,,,,,,,,420.0,,,,,,,,,,,,0.0055,,0.11,0.026,0.0014,,,,1.06,0.22,13.4,0.062,,,,,,,,,,,,,,,,,,,,,,,,,,,0.0,,,,,,,
48687,"Cod, flesh only, baked",cod flesh only baked,0,15,Finfish and Shellfish Products,23,McCance and Widdowson's,0.02,18.0,189.0,367.0,0.6,0.06,0.0,0.0,,,,,,76.9,0.0,,0.0,2.0,,,,30.0,130.0,161.0,0.0,,0.0,0.9,0.0,0.0,0.0,,,2.0,,0.0,,1.9,,23.9,0.5,100.0,0.0,91.0,,,0.95,,0.09,,,0.0,0.0,0.0,0.0,0.01,,43.3,0.01,,,,,,0.0041,0.0,0.01,0.1,0.0,0.01,0.03,0.01,0.0,0.0,0.15,0.1,0.12,0.12,0.08,0.16,,,,44.0,0.01,,2.0,,,,,,,,,425.0,,0.0,0.0,0.0,0.0,0.0,0.0,0.0,0.0,0.0,0.0,0.01,,0.07,0.02,0.0,0.01,,,,0.3,8.0,,,0.01,0.06,0.0,0.0,0.0,0.0,0.0,0.01,,,,,,0.0,,,,,0.0,,,,,,,,0.0,,,,,,
48689,"Cod, flesh only, grilled",cod flesh only grilled,0,15,Finfish and Shellfish Products,23,McCance and Widdowson's,0.03,17.0,238.0,453.0,0.5,,0.0,0.0,,,,,,74.1,0.0,,0.0,2.9,,,,35.0,232.0,276.0,0.0,,0.0,1.8,0.0,0.0,0.0,,,3.0,,0.0,,2.0,,24.6,0.8,106.0,0.0,128.0,,,0.93,,0.1,,,,,,,,,73.1,,,,,,,0.0037,,,,,,,,0.0,0.0,0.1,0.08,0.18,0.23,0.2,0.16,,,,32.0,0.01,,3.0,,,,,,,,,448.0,,,,,,,,,,,,,,,,,,,,,0.33,9.0,,,,,,,,,,,,,,,,,,,,,,,,,,,,,,,,,,,
48691,"Cod, flesh only, poached in milk, butter and salt added",cod flesh only poached in milk butter and salt added,0,15,Finfish and Shellfish Products,23,McCance and Widdowson's,0.02,11.0,180.0,330.0,0.5,,0.0,0.0,0.0,0.0,,,,77.7,0.0,,0.0,2.8,0.0,,,26.0,150.0,120.0,0.0,,0.0,1.0,0.0,0.0,0.0,,,2.0,,0.0,,2.0,,20.9,1.1,94.0,,110.0,,,0.61,,0.06,,,,,,,,,53.0,,,,,,,0.0039,,,,,,,,0.0,0.0,0.1,0.04,0.21,0.3,0.1,0.3,,,,33.0,0.01,,2.0,,,,,,,,,396.0,,,,,,,,,,,,,,,,,,,,,0.31,14.0,,,,,,,,,,,,,,,,,,,,,,,,,,,,,,,,,,,
48693,"Cod, flesh only, raw",cod flesh only raw,0,15,Finfish and Shellfish Products,23,McCance and Widdowson's,0.02,12.0,169.0,322.0,0.3,0.1,0.0,0.0,,,,,,81.6,0.0,,0.0,2.3,,,,25.0,165.0,196.0,0.0,,0.0,1.3,0.0,0.0,0.0,,,2.0,,0.0,,1.5,,17.5,0.6,75.0,0.0,91.0,,,0.66,,0.08,,,0.0,0.0,0.01,0.0,0.0,,51.9,0.03,,,,,,0.0026,0.0,0.0,0.05,0.0,0.01,0.02,0.0,0.0,0.0,0.1,0.06,0.14,0.16,0.14,0.11,,,,23.0,0.01,,2.0,,,,,,,,,320.0,,0.0,0.0,0.0,0.0,0.0,0.0,0.0,0.0,0.0,0.0,0.01,,0.11,0.03,0.0,0.03,,,,0.25,7.0,0.01,,0.03,0.1,0.0,0.0,0.0,0.0,0.0,0.0,,,,,,0.0,,,,,0.0,,,,,,,,0.0,,,,,,
667,Coentros crus,coentros crus,0,11,Vegetables and Vegetable Products,1,"TCA, INSA 2015",,98.0,36.0,540.0,0.2,,,0.3,,,,,,92.8,1.5,,63.0,0.7,,,,26.0,,,,,,,,0.0,0.0,,,102.0,,0.0,,0.0,18.0,2.4,0.6,21.746543728,2.9,28.0,610000.0,,0.7,,0.12,,,,,,,,,0.0,,,,,,,0.0004,,,,,,,,,1.8,1.9,0.07,0.18,0.1,0.0,0.4,,,,,,,102.0,,,,,,,,,90.987538957952,,,,,,,,,,,,,,,,,,,,1.7,,,,,0.3,,,,,,,,,,,,,,,,,,,,,,,,,,,,,,,,
21654,"Coffee infusion, with milk",coffee infusion with milk,0,14,Beverages,9,"BEDCA, UGR",,55.0,42.0,90.0,0.18,,,0.15,,,,,,94.0,2.3,,0.5,0.7,,,,8.0,,,,,,,,0.0,,,,15.0,,0.01,,0.1,,1.7,2.36538,37.78,0.0,23.0,5.0,,0.04,,0.08,,,,,,,,,8.0,,,,,,,,,,,,,,,,2.45,0.05,0.02,0.01,1.2032,0.6235,0.0656,,,,,,,15.8333,,,,,,,,,158.069,,,,,,,,,,,,,,,,,,,,,,1.66,,,,,,,,,,,,,,,,,,,,,,,,,,,,,,,,,,,
22284,"Coffee with milk or white coffee or cappuccino, instant coffee or not, without sugar, ready-to-drink",coffee with milk or white coffee or cappuccino instant coffee or not without sugar ready to drink,0,14,Beverages,11,"CIQUAL, ANSES",0.007,62.2,42.6,109.0,0.22,0.17,,0.0,,,,,,95.3,2.31,,,0.15,,,,8.52,,5.6,,,,,,0.0,,,,9.5,,0.025,,0.03,,1.39,0.76,21.5,0.0,23.4,,,0.02,,0.12,,,0.024,0.014,0.009,0.021,0.027,,2.5,0.02,,,,,,,,,,,,,,,2.31,0.13,0.032,0.015,0.46,0.23,0.024,,,,0.6,0.016,,,,,,,,,,,90.5,,,,,,,,,,,,0.082,,0.22,0.068,0.0036,,,,0.42,0.31,2.81,,,,,,,,,,,,,,,,,,,,,,,,,,,,0.0,,,,,,,
48704,"Coffee, cappuccino, latte",coffee cappuccino latte,0,14,Beverages,23,McCance and Widdowson's,0.02,65.0,50.0,129.0,0.2,0.2,0.0,0.8,0.0,0.0,,,,93.2,2.4,,0.0,0.8,0.0,,,10.0,60.0,9.0,0.0,0.0,0.0,1.7,0.0,0.0,0.03,,,12.0,,0.7,0.0,0.0,,2.0,0.8,27.0,0.0,25.0,5.0,0.0,0.0,,0.11,,,0.03,0.02,0.01,0.02,0.02,,2.8,0.03,,,,,,0.0003,,,,,,,,2.4,3.2,0.06,0.02,0.01,0.52,0.23,0.03,,,,1.0,0.04,,13.0,,,,,,,,,114.0,,0.0,0.0,0.01,0.01,0.01,,,,,,0.08,,0.23,0.08,0.0,0.02,,,,0.39,4.0,,,0.02,0.17,,,0.0,,,,,,0.0,0.0,0.0,0.65,0.0,,,,,,,,,,,,,,,,,,
48706,"Coffee, infusion, average, with semi-skimmed milk",coffee infusion average with semi skimmed milk,0,14,Beverages,23,McCance and Widdowson's,0.0,19.0,19.0,10.0,0.1,,0.0,0.0,,,,,,97.2,0.7,,0.0,0.6,,,,8.0,16.0,2.0,0.0,0.0,0.0,3.0,0.0,0.0,,,,3.0,,0.0,,0.0,,0.6,0.2,7.0,,7.0,,,0.0,,0.03,,,,,,,,,1.0,,,,,,,0.0001,,,,,,,,0.7,0.7,0.1,0.01,0.01,0.1,0.1,0.0,,,,0.0,0.04,,3.0,,,,,,,,,29.0,,,,,,,,,,,,,,,,,,,,,0.04,1.0,,,,,,,,,,,,,,,,,,,,,,,,,,,,,,,,,,,
48712,"Coffee, instant, made up with water and semi-skimmed milk",coffee instant made up with water and semi skimmed milk,0,14,Beverages,23,McCance and Widdowson's,0.0,17.0,15.0,49.0,0.1,,0.0,0.0,,,,,,97.9,0.7,,0.0,0.2,,,,4.0,14.0,2.0,0.0,0.0,0.0,1.0,0.0,0.0,,,,3.0,,0.0,,0.0,,0.6,0.2,7.0,,8.0,,,0.0,,0.03,,,,,,,,,1.0,,,,,,,0.0001,,,,,,,,0.7,0.7,0.0,0.01,0.01,0.1,0.1,0.0,,,,0.0,0.02,,3.0,,,,,,,,,29.0,,,,,,,,,,,,,,,,,,,,,0.04,1.0,,,,,,,,,,,,,,,,,,,,,,,,,,,,,,,,,,,
48713,"Coffee, instant, made up with water and whole milk",coffee instant made up with water and whole milk,0,14,Beverages,23,McCance and Widdowson's,0.0,14.0,13.0,45.0,0.1,,0.0,0.0,,,,,,97.9,0.5,,0.0,0.2,,,,4.0,11.0,2.0,0.0,0.0,0.0,1.0,0.0,0.0,,,,6.0,,0.0,,0.0,,0.5,0.4,8.0,,7.0,,,0.01,,0.02,,,,,,,,,2.0,,,,,,,0.0001,,,,,,,,0.5,0.6,0.0,0.0,0.0,0.3,0.1,0.0,,,,0.0,0.0,,6.0,,,,,,,,,34.0,,,,,,,,,,,,,,,,,,,,,0.04,1.0,,,,,,,,,,,,,,,,,,,,,,,,,,,,,,,,,,,
669,"Cogumelos enlatados, escorridos",cogumelos enlatados escorridos,0,11,Vegetables and Vegetable Products,1,"TCA, INSA 2015",,22.0,61.0,100.0,0.6,,,0.0,,,,,,91.4,0.0,,0.0,1.1,,,,6.0,,,,,,,,0.0,0.0,,,0.0,,0.0,,0.0,10.0,2.1,0.4,11.9486504,2.7,360.0,0.0,,0.1,,0.25,,,,,,,,,0.0,,,,,,,0.0003,,,,,,,,,0.0,0.6,0.01,0.02,0.1,0.0,0.2,,,,,,,0.0,,,,,,,,,49.9931532736,,,,,,,,,,,,,,,,,,,,1.7,,,,,0.2,,,,,,,,,,,,,,,,,,,,,,,,,,,,,,,,
89625,Colagéneo hidrolisado,colag neo hidrolisado,0,26,Dietary supplements,21,My dietary supplements,,,,,,,,,,,,,,,,,,,,,,,,,,,,,,,,,,,,,,,,90.0,,360.0,,,,,,,,,,,,,,,,,,,,,,,,,,,,,,,,,,,,,,,,,,,,,,,,,,,,,,1506.24,,,,,,,,,,,,,,,,,,,,,,,,,,,,,,,,,,,,,,,,,,,,,,,,,,,,,,,,,
48721,"Coleslaw, with reduced calorie dressing, retail",coleslaw with reduced calorie dressing retail,0,22,"Meals, Entrees, and Side Dishes",23,McCance and Widdowson's,0.02,40.0,20.0,175.0,0.1,5.25,3.7,0.0,,,,,,80.8,6.5,,1.0,0.2,,,,8.0,320.0,3.0,1.3,0.0,1.6,0.6,0.0,,0.01,,,,,,,,,0.9,9.1,110.0,1.6,197.0,,,1.41,,0.42,,,0.0,0.0,0.0,0.0,0.0,,11.9,1.61,,,,,,0.0003,0.06,0.01,0.0,0.0,0.14,0.0,0.0,0.0,6.5,0.23,0.02,0.13,0.73,5.51,2.36,,,,1.0,0.1,,,,,,,,,,,456.0,,0.05,0.03,0.0,0.0,0.01,0.01,0.01,0.0,0.0,0.0,0.01,,0.44,0.17,0.73,0.03,,,,0.12,56.0,,,1.61,5.25,0.06,0.02,0.73,0.0,0.0,0.01,,,,,,,,,,,0.0,,,,,,,,0.0,,,,,,
9592,"Cookies, brownies, commercially prepared, reduced fat, with added fiber",cookies brownies commercially prepared reduced fat with added fiber,0,,,0,"USDA, 2018",0.178,0.0,59.0,143.0,0.46,3.383,,,,,,,,24.83,38.73,7.0,0.0,1.441,,,,31.0,,,,,,,,0.0,0.0,10.0,97.0,0.0,0.0,0.0,0.0,0.02,34.0,2.77,9.68,345.0,11.1,290.0,0.0,0.0,0.59,0.0,0.247,0.0,0.0,0.0,0.0,0.0,0.0,0.0,66.0,0.0,2.197,,,,,,,0.0,0.0,0.0,0.0,0.028,0.0,0.0,,61.58,1.99,0.178,0.019,2.766,3.432,2.581,,,,12.9,,0.0,0.0,13.9,,,,,,,,1441.0,,0.013,0.009,0.0,0.0,0.0,,0.0,0.0,0.0,0.0,0.005,8.0,1.35,1.386,0.384,0.021,,,1.14,,42.0,8.0,,,,,,,,,,,,,,,,,,,,,,,,,,,,,,,,,,
4526,"Coriander (cilantro) leaves, raw",coriander cilantro leaves raw,0,11,Vegetables and Vegetable Products,0,"USDA, 2018",0.225,67.0,48.0,521.0,0.5,0.273,,,,,,,,92.21,0.87,865.0,27.0,1.114,,,,26.0,,,,,,,,0.0,0.0,0.0,0.0,0.0,0.0,0.0,202.0,0.0,0.0,2.13,0.52,23.0,2.8,46.0,3930.0,36.0,2.5,0.0,0.162,0.0,0.0,0.0,0.0,0.0,0.0,0.0,62.0,0.0,0.04,,,,,,,0.0,0.0,0.0,0.0,0.0,0.0,0.0,,3.67,1.77,0.067,0.149,0.014,0.275,0.04,,,,0.9,0.426,6748.0,337.0,12.8,,,,,,,,95.0,,,,,,,,,,,,0.0,62.0,0.012,0.001,0.0,0.002,,,1.47,0.57,62.0,310.0,,,,,,,,,,,,2.0,0.0,3.0,,5.0,,,,,,,,,,,,,,,,,,
48740,"Coriander leaves, fresh",coriander leaves fresh,0,2,Spices and Herbs,23,McCance and Widdowson's,0.23,67.0,48.0,521.0,0.5,,0.0,0.3,,,,,,92.2,0.9,,27.0,1.1,,,,26.0,,,0.4,0.0,0.5,,0.0,0.0,0.0,,,0.0,,0.0,202.0,0.0,,2.1,0.5,18.0,2.8,46.0,3930.0,36.0,2.5,,0.12,,,,,,,,,0.0,,,,,,,0.0004,,,,,,,,0.0,1.2,1.77,0.07,0.15,,,,,,,,0.43,,675.0,,,,,,,,,74.0,,,,,,,,,,,,,,,,,,,,,0.57,62.0,310.0,,,,,,,,,,,,,,,,,,,,,,,,,,,,,,,,,,
81467,"Coriander, fresh",coriander fresh,0,2,Spices and Herbs,11,"CIQUAL, ANSES",0.23,67.0,48.0,521.0,0.5,,,,,,,,,92.2,0.87,,27.0,1.11,,,,26.0,,,,,,,,0.0,,,,0.0,,0.0,,0.0,,2.13,0.52,22.3,2.8,46.0,3930.0,,2.5,,0.16,,,0.0,0.0,0.0,0.0,0.0,,0.0,,,,,,,,,,0.0,,,0.0,,,0.87,1.77,0.067,0.15,0.014,0.28,0.04,,,,,0.43,,,,,,,,,,,92.6,,,,,,,,,,,,0.0,,0.012,0.001,,,,,1.47,0.57,62.0,310.0,,,,,,,,,,,,,,,,,,,,,,,,,,,0.0,,,,,,,
21496,Corn starch,corn starch,0,20,Cereal Grains and Pasta,9,"BEDCA, UGR",5e-05,2.0,13.0,3.0,0.06,,,,,,,,,7.5,,,0.0,,,,,3.0,,,,,,,,,,,,,,0.0,,0.0,,0.26,,372.46,0.9,9.0,,,0.0,,0.0,,,,,,,,,0.0,,,,,,,,,,,,,,,,91.3,0.47,0.0,,,,,,,,2.8,0.05,,0.0,,,,,,,,,1558.37,,,,,,,,,,,,,,,,,,,,,0.0,,,,,,,,,,,,,,,,,,,,,,,,,,,,,,,,,,,,
81268,"Corn tortilla wrap, to be filled",corn tortilla wrap to be filled,0,20,Cereal Grains and Pasta,11,"CIQUAL, ANSES",,,,,,,,50.2,,,,,,32.1,1.0,,,,,,,,,,,,,,,0.0,,,,,,,,,,8.2,7.3,309.0,3.0,500.0,,,,,,,,,,,,,,,,,,,,,,,,,,,,,,51.2,,,,1.4,,,,,,,,,,,,,,,,,,1300.0,,,,,,,,,,,,,,,,,,,,1.25,,,,,,,,,,,,,,,,,,,,,,,,,,,,,,0.0,,,,,,,
5119,"Corn, sweet, white, frozen, kernels cut off cob, boiled, drained, with salt",corn sweet white frozen kernels cut off cob boiled drained with salt,0,11,Vegetables and Vegetable Products,0,"USDA, 2018",0.037,4.0,57.0,147.0,0.4,0.126,,,,,,,,76.73,3.12,50.0,3.1,1.299,,,0.2,19.0,,,,,,,,0.0,0.0,0.0,0.0,0.0,0.0,0.0,1.0,0.0,0.0,2.75,0.43,80.0,2.4,245.0,1.0,0.0,0.07,0.0,0.071,0.0,0.0,0.0,0.0,0.0,0.0,0.0,31.0,0.0,0.197,0.092,0.471,0.236,0.185,0.072,0.033,,,,,,,,,19.56,0.35,0.083,0.129,0.066,0.126,0.203,0.124,0.147,0.27,0.7,0.127,3.0,0.0,22.0,0.168,0.195,0.136,0.18,0.114,0.141,0.041,335.0,,,,,,,,,,,,0.0,31.0,0.062,0.004,0.006,,0.073,0.165,0.53,0.18,31.0,0.3,,,,,,,,,,,,,,,,,,,,,,,,,,,,,,,,,,
5118,"Corn, sweet, white, frozen, kernels cut off cob, boiled, drained, without salt",corn sweet white frozen kernels cut off cob boiled drained without salt,0,11,Vegetables and Vegetable Products,0,"USDA, 2018",0.037,4.0,57.0,147.0,0.4,0.126,,,,,,,,76.73,3.12,50.0,3.1,1.299,,,0.2,19.0,,,,,,,,0.0,0.0,0.0,0.0,0.0,0.0,0.0,1.0,0.0,0.0,2.75,0.43,80.0,2.4,5.0,1.0,0.0,0.07,0.0,0.071,0.0,0.0,0.0,0.0,0.0,0.0,0.0,31.0,0.0,0.197,0.092,0.471,0.236,0.185,0.072,0.033,0.0,0.0,0.0,0.0,0.0,0.0,0.0,,19.56,0.35,0.083,0.129,0.066,0.126,0.203,0.124,0.147,0.27,0.7,0.127,3.0,0.0,22.0,0.168,0.195,0.136,0.18,0.114,0.141,0.041,335.0,,,,,,,,,,,,0.0,31.0,0.062,0.004,0.006,0.0,0.073,0.165,0.53,0.18,31.0,0.3,,,,,,,,,,,,,,,,,,,,,,,,,,,,,,,,,,
4533,"Corn, sweet, yellow, canned, drained solids, rinsed with tap water",corn sweet yellow canned drained solids rinsed with tap water,0,11,Vegetables and Vegetable Products,0,"USDA, 2018",0.031,2.0,41.0,116.0,0.28,0.42,3.61,,,,,,,82.8,4.11,,1.7,0.78,,,,11.0,,,0.17,0.0,0.26,,0.07,0.0,0.0,0.0,0.0,,0.0,0.0,,0.0,0.0,2.18,1.43,64.0,1.7,163.0,,,,,0.015,,,0.0,0.0,0.0,0.0,0.0,29.0,0.0,0.662,0.079,0.432,0.153,0.177,0.059,0.02,0.0,0.0,0.0,0.0,0.0,0.0,0.0,0.0,13.02,0.22,0.015,,0.219,0.42,0.682,0.066,0.069,0.272,,0.056,,,,0.122,0.274,0.091,0.103,0.084,0.101,0.034,267.0,,,,,,,,,,,,0.0,29.0,0.207,0.012,0.02,0.0,0.05,0.205,0.57,,29.0,,,,,,,,,,,,,,,,,,,,,,,,,,,,,,,,,,,
4985,"Corn, sweet, yellow, canned, vacuum pack, no salt added",corn sweet yellow canned vacuum pack no salt added,0,11,Vegetables and Vegetable Products,0,"USDA, 2018",0.048,5.0,64.0,186.0,0.46,0.147,4.91,,0.0,0.0,,,,76.58,5.59,1045.0,8.1,1.167,0.0,,,23.0,,,0.23,0.0,0.35,,0.1,0.0,0.0,0.0,0.0,0.0,0.0,0.0,6.0,0.0,0.0,2.41,0.5,79.0,2.0,3.0,33.0,26.0,0.04,0.0,0.073,0.0,0.0,,,,,,49.0,0.0,0.23,0.095,0.475,0.182,0.22,0.066,0.017,,,,,,,,0.0,19.44,0.42,0.041,0.055,0.077,0.147,0.237,0.097,0.097,0.26,0.7,0.067,81.0,4.0,22.4,0.114,0.218,0.098,0.138,0.092,0.112,0.02,331.0,,,,,,,,,,,,,49.0,0.073,0.005,0.007,,0.05,0.102,1.07,0.675,49.0,0.0,,,,,,,,,,,,,,,,,,,,,,,,,,,,,,,,,,
4982,"Corn, sweet, yellow, cooked, boiled, drained, with salt",corn sweet yellow cooked boiled drained with salt,0,11,Vegetables and Vegetable Products,0,"USDA, 2018",0.049,3.0,77.0,218.0,0.62,0.374,2.74,7.17,0.19,0.0,,,,73.41,4.54,906.0,5.5,1.683,0.0,,,26.0,,,0.79,0.0,0.84,,0.17,0.0,0.0,0.0,0.0,0.0,0.0,0.0,161.0,0.0,0.0,3.41,1.5,96.0,2.4,253.0,66.0,23.0,0.09,0.0,0.057,0.0,0.0,0.0,0.0,0.0,0.0,0.0,23.0,0.0,0.586,0.131,0.655,0.252,0.304,0.091,0.023,0.0,0.0,0.0,0.0,0.0,0.0,0.0,0.0,20.98,0.45,0.093,0.139,0.197,0.374,0.603,0.133,0.133,0.358,0.2,0.167,263.0,13.0,29.1,0.158,0.301,0.135,0.191,0.126,0.155,0.027,401.664,,,,,,,,,,,,0.0,23.0,0.185,0.012,0.018,0.0,0.069,0.141,0.71,0.792,23.0,0.4,,,,,,,,,,,,,,,,,,,,,,,,,,,,,,,,,,
4527,"Corn, sweet, yellow, raw",corn sweet yellow raw,0,11,Vegetables and Vegetable Products,0,"USDA, 2018",0.054,2.0,89.0,270.0,0.46,0.419,0.89,5.7,0.15,0.0,,,,76.05,6.26,644.0,6.8,1.77,0.0,,,37.0,,,1.94,0.0,3.43,,0.0,0.0,0.007,0.0,0.0,0.0,0.0,0.0,115.0,0.0,0.0,3.27,1.35,86.0,2.0,15.0,47.0,16.0,0.07,0.0,0.055,0.0,0.0,0.0,0.0,0.0,0.003,0.001,42.0,0.0,0.472,0.127,0.636,0.244,0.295,0.089,0.023,0.0,0.001,0.0,0.0,0.006,0.0,0.0,0.0,18.7,0.52,0.155,0.093,0.325,0.432,0.487,0.129,0.129,0.348,0.6,0.163,187.0,9.0,23.0,0.153,0.292,0.131,0.185,0.123,0.15,0.026,360.0,,0.007,,0.002,0.001,0.001,0.003,0.0,0.0,0.0,0.0,0.001,42.0,0.262,0.045,0.014,0.004,0.067,0.137,0.62,0.717,42.0,0.3,,0.468,0.416,0.0,0.0,0.014,0.0,0.0,,,,,,,,,0.0,0.003,0.0,0.0,0.0,0.004,0.003,0.004,0.0,0.004,,,,,,,,
48746,"Corned beef, canned",corned beef canned,0,7,Sausages and Luncheon Meats,23,McCance and Widdowson's,0.18,27.0,130.0,140.0,5.5,3.7,0.9,0.0,,,,,,59.5,1.0,,0.0,2.6,,,,15.0,1560.0,14.0,0.0,0.0,0.1,2.0,0.0,0.0,0.68,,,0.0,,1.3,,2.0,,25.9,10.9,205.0,0.0,860.0,,,0.78,,0.2,,,0.0,0.0,0.0,0.0,0.0,,84.0,0.3,,,,,,0.0065,0.0,0.0,0.0,0.0,0.0,0.0,0.0,0.0,1.0,2.4,0.0,0.18,5.7,4.3,0.3,,,,8.0,0.02,,0.0,,,,,,,,,860.0,,0.1,0.0,0.1,0.1,0.3,0.0,,0.1,0.0,0.0,0.4,,3.2,1.7,0.0,0.4,,,,0.4,5.0,2.0,,0.15,3.21,0.0,0.0,0.03,0.0,0.0,0.0,,,,,,0.3,,,,,0.0,,,,,,,,,,0.0,,,,
8002,Cornstarch,cornstarch,0,20,Cereal Grains and Pasta,0,"USDA, 2018",0.05,2.0,13.0,3.0,0.06,0.016,,,0.0,0.0,0.0,0.0,0.0,8.32,0.0,0.0,0.0,0.0,0.0,,,3.0,,,,,,,,0.0,,0.0,0.0,0.0,0.0,0.0,0.0,0.0,0.0,0.26,0.05,381.0,0.9,9.0,0.0,0.0,0.0,0.0,0.0,0.0,0.0,0.0,0.0,0.0,0.0,0.0,0.0,0.0,0.025,0.009,0.053,0.02,0.019,0.008,0.001,0.0,0.0,0.0,0.0,0.0,0.0,0.0,,91.27,0.47,0.0,0.0,0.009,0.016,0.025,0.009,0.01,0.036,2.8,0.053,0.0,0.0,0.4,0.012,0.024,0.012,0.014,0.01,0.013,0.006,1594.104,,,,,,,,,,,,0.0,0.0,0.009,0.001,0.0,0.0,0.006,0.006,0.09,0.0,0.0,0.0,0.0,,,,,,,,,,,,,,,,,,,,,,,,,,,,,,,,,
22482,"Cos or romaine lettuce, raw",cos or romaine lettuce raw,0,11,Vegetables and Vegetable Products,11,"CIQUAL, ANSES",0.048,33.0,30.0,247.0,0.23,0.009,,0.0,,,,,,94.6,1.19,,14.0,0.31,,,,14.0,48.0,1.25,,,,,,0.0,,,,0.0,,0.0,,0.0,,1.24,0.3,17.3,2.1,8.0,5230.0,,0.13,,0.067,,,0.0,0.0,0.0,0.0,0.0,,0.0,0.047,,,,,,,,0.0,0.0,,,0.0,,,1.35,0.97,0.072,0.074,0.04,0.012,0.16,,,,1.0,0.16,,,,,,,,,,,71.9,,,,,,,,,,,,0.0,,0.035,0.0049,0.11,,,,0.59,0.14,136.0,103.0,,,,,,,,,,,,,,,,,,,,,,,,,,,1.24,,,,,,,
27030,Cottage cheese,cottage cheese,0,1,Dairy and Egg Products,14,"FCDBE, IEO",0.04,73.0,75.0,89.0,0.6,,0.0,0.0,,,,,,78.8,3.2,,0.0,0.12,,,,9.0,,,0.0,0.0,0.0,,0.0,0.0,,,,80.0,,0.05,,0.7,,9.7,7.1,114.7,0.0,290.0,18.0,,,,0.4,,,,,,,,,24.0,,,,,,,,,,,,,,,3.2,3.2,0.1,0.01,0.08,4.242,2.254,0.195,,,,4.0,,,83.0,,,,,,,,,479.9,,,,,,,,,,,,,,,,,,,,,0.4,27.0,,,,,,,,,,,,,,,,,,,,,,,,,,,,,,,,,,,
182163,Coulis de tomates,coulis de tomates,0,11,Vegetables and Vegetable Products,5,My foods,,,,,,0.0,,,,,,,,88.2,5.5,,,,,,,,,,,,,,,0.0,,,,,,,,,,2.05,0.2,49.3,2.6,350.0,,,,,,,,0.0,0.0,0.0,0.0,0.0,,,0.0,,,,,,,,0.0,0.0,,,,,,8.53,,,,0.08,0.0,0.0,,,,,,,,,,,,,,,,206.2712,,,,,,,,,,,,0.0,,0.0,0.0,0.0,,,,1.46,,,,,,,,,,,,,,,,,,,,,,,,,,,,,,2.05,,,,,,,
23134,"Country-style bread, French bread (baguette or ball)",country style bread french bread baguette or ball,0,20,Cereal Grains and Pasta,11,"CIQUAL, ANSES",0.1,20.2,83.0,163.0,0.53,0.092,,52.4,,,,,,31.0,1.5,,0.0,1.1,,,,31.6,934.0,6.0,,,,,,0.0,,,,,,,,0.17,,8.03,0.93,268.0,3.35,731.0,0.0,,0.39,,0.045,,,,,,,,,0.37,0.31,,,,,,,,,,,,,,,54.5,1.1,0.1,0.15,0.083,0.21,0.33,,,,0.0,0.58,,,,,,,,,,,1140.0,,,,,,,,,,,,0.001,,0.068,0.014,0.024,,,,1.97,0.43,31.0,,,,,,,,,,,,,,,,,,,,,,,,,,,,0.0,,,,,,,
183816,Courgette,courgette,0,11,Vegetables and Vegetable Products,5,My foods,0.052,18.7,44.7,262.0,0.31,0.01,,0.0,,,,,,94.7,1.79,,17.5,0.47,,,,17.5,,1.64,,,,,,0.0,,,,0.0,,0.0,,0.0,,1.22,0.26,16.5,1.05,9.0,120.0,,0.12,,0.12,,,0.0,0.0,0.0,0.015,0.0019,,0.0,0.03,,,,,,,,0.0,0.0,,,0.0,,,1.8,0.36,0.047,0.19,0.061,0.013,0.084,,,,0.58,0.18,,,,,,,,,,,69.036,,,,,,,,,,,,0.00095,,0.038,0.0047,0.055,,,,0.59,0.18,36.0,4.3,,,,,,,,,,,,,,,,,,,,,,,,,,,0.014,,,,,,,
177269,Courgette flowers,courgette flowers,0,11,Vegetables and Vegetable Products,5,My foods,,39.0,37.0,,,,,,,,,,,94.3,0.5,,28.0,,,,,,,,,,,,,,,,,,,,,,,1.7,0.4,9.0,,,,,,,0.16,,,,,,,,,0.0,,,,,,,,,,,,,,,,0.5,2.0,0.09,,,,,,,,,,,252.0,,,,,,,,,37.656,,,,,,,,,,,,,,,,,,,,,,,,,,,,,,,,,,,,,,,,,,,,,,,,,,,,,,,,,
22403,"Courgette or zucchini, pulp and peel, cooked",courgette or zucchini pulp and peel cooked,0,11,Vegetables and Vegetable Products,11,"CIQUAL, ANSES",0.085,19.3,65.0,238.0,0.22,0.0046,,0.0,,,,,,93.8,1.39,,2.9,0.0,,,,22.3,61.0,0.0,,,,,,0.0,,,,0.0,,0.0,,0.0,,0.93,0.36,15.5,1.5,39.0,173.0,,0.12,,0.0,,,0.0,0.0,0.0,0.0,0.0,,0.0,0.041,,,,,,,,,0.0,,,0.0,,,1.4,0.32,0.0,0.0,0.1,0.029,0.15,,,,0.0,0.089,,,,,,,,,,,64.9,,,,,,,,,,,,0.00086,,0.083,0.0059,0.11,,,,0.7,0.0,32.8,4.2,,,,,,,,,,,,,,,,,,,,,,,,,,,0.0088,,,,,,,
81896,"Courgette or zucchini, pulp and peel, frozen, raw",courgette or zucchini pulp and peel frozen raw,0,11,Vegetables and Vegetable Products,11,"CIQUAL, ANSES",0.05,20.0,28.0,218.0,0.21,,,,,,,,,94.6,1.56,,9.32,0.43,,,,13.0,,,,,,,,0.0,,,,0.0,,0.0,,0.0,,1.19,0.14,17.8,1.48,8.36,119.0,,0.12,,0.042,,,0.0,0.0,0.0,0.0,0.00096,,0.0,,,,,,,,,,0.0,,,0.0,,,2.18,0.64,0.048,0.05,0.027,0.01,0.056,,,,,0.24,,,,,,,,,,,74.5,,,,,,,,,,,,0.0,,0.023,0.0029,,,,,0.47,0.3,10.0,4.2,,,,,,,,,,,,,,,,,,,,,,,,,,,1.19,,,,,,,
22402,"Courgette or zucchini, pulp and peel, raw",courgette or zucchini pulp and peel raw,0,11,Vegetables and Vegetable Products,11,"CIQUAL, ANSES",0.052,18.7,44.7,262.0,0.31,0.01,,0.0,,,,,,94.7,1.79,,17.5,0.47,,,,17.5,,1.64,,,,,,0.0,,,,0.0,,0.0,,0.0,,1.22,0.26,16.5,1.05,9.0,120.0,,0.12,,0.12,,,0.0,0.0,0.0,0.015,0.0019,,0.0,0.03,,,,,,,,0.0,0.0,,,0.0,,,1.8,0.36,0.047,0.19,0.061,0.013,0.084,,,,0.58,0.18,,,,,,,,,,,69.2,,,,,,,,,,,,0.00095,,0.038,0.0047,0.055,,,,0.59,0.18,36.0,4.3,,,,,,,,,,,,,,,,,,,,,,,,,,,0.014,,,,,,,
48753,"Courgette, boiled in unsalted water",courgette boiled in unsalted water,0,11,Vegetables and Vegetable Products,23,McCance and Widdowson's,0.01,19.0,36.0,210.0,0.2,,0.2,0.1,,,,,,93.0,1.9,,11.0,0.2,,,,17.0,26.0,,0.9,0.0,0.8,,0.0,0.0,0.0,,,0.0,,0.0,,0.0,,2.0,0.4,19.0,,1.0,,,,,0.02,,,,,,,,,0.0,,,,,,,0.0003,,,,,,,,0.0,2.0,0.6,0.08,0.09,0.1,0.0,0.2,,,,1.0,0.1,,73.0,,,,,,,,,81.0,,,,,,,,,,,,,,,,,,,,,0.11,31.0,,,,,,,,,,,,,,,,,,,,,,,,,,,,,,,,,,,
48757,"Courgette, fried in rapeseed oil",courgette fried in rapeseed oil,0,11,Vegetables and Vegetable Products,23,McCance and Widdowson's,0.05,38.0,61.0,490.0,0.5,,0.3,0.1,,,,,,86.8,2.5,,15.0,0.4,,,,32.0,65.0,,1.2,0.0,1.0,,0.0,0.0,0.0,,,0.0,,0.0,,0.0,,2.6,4.8,63.0,,1.0,450.0,0.0,0.98,,0.01,,,,,,,,,0.0,,,,,,,0.0004,,,,,,,,0.0,2.6,1.4,0.1,0.09,0.39,2.61,1.49,,,,1.0,0.1,,83.0,,,,,,,,,265.0,,,,,,,,,,,,,,,,,,,,,,42.0,,,,,,,,,,,,,,,,,,,,,,,,,,,,,,,,,,,
48758,"Courgette, raw",courgette raw,0,11,Vegetables and Vegetable Products,23,McCance and Widdowson's,0.02,25.0,45.0,360.0,0.3,,0.2,0.1,,,,,,93.7,1.7,,21.0,0.3,,,,22.0,45.0,,0.8,0.0,0.7,,0.0,0.0,0.0,,,0.0,,0.0,0.0,0.0,,1.8,0.4,18.0,,1.0,550.0,0.0,,,0.02,,,,,,,,,0.0,,,,,,,0.0003,,,,,,,,0.0,1.8,0.8,0.12,0.15,0.1,0.0,0.2,,,,1.0,0.1,,100.0,,,,,,,,,74.0,,,,,,,,,,,,,,,,,,,,,0.08,52.0,3.3,,,,,,,,,,,,,,,,,,,,,,,,,,,,,,,,,,
27448,Courgettes or zucchini,courgettes or zucchini,0,11,Vegetables and Vegetable Products,14,"FCDBE, IEO",,21.0,65.0,210.0,0.2,,,0.1,,,,,,93.6,1.3,,11.0,0.7,,,,,,,,,,,,0.0,,,,0.0,,0.0,,,,1.3,0.1,11.35,1.3,1.0,36.0,,1.06,,0.12,,,,,,,,,0.0,,,,,,,,,,,,,,,,1.4,0.5,0.08,0.15,0.02,0.01,0.04,,,,,,,6.0,,,,,,,,,47.49,,,,,,,,,,,,,,,,,,,,,,52.0,,,,,,,,,,,,,,,,,,,,,,,,,,,,,,,,,,,
23290,"Couscous (durum wheat semolina pre-cooked with steam), cooked, unsalted",couscous durum wheat semolina pre cooked with steam cooked unsalted,0,20,Cereal Grains and Pasta,11,"CIQUAL, ANSES",0.2,20.0,92.0,120.0,0.9,0.0,,28.7,,,,,,59.0,0.1,,0.0,0.2,,,,24.0,29.1,0.0,,,,,,0.0,,,,0.0,,0.0,,0.0,,5.19,0.64,165.0,1.6,0.0,0.0,,0.0,,0.03,,,0.0,0.0,0.0,0.0,0.0,,0.0,0.0,,,,,,,,0.0,0.0,,,0.0,,,33.2,0.85,0.09,0.094,0.029,0.022,0.064,,,,0.0,0.46,,,,,,,,,,,698.0,,,,,,,,,,,,0.0,,0.0,0.0,0.0,,,,0.34,0.27,15.0,0.0,,,,,,,,,,,,,,,,,,,,,,,,,,,0.0,,,,,,,
82156,Couscous with vegetables,couscous with vegetables,0,25,Restaurant Foods,11,"CIQUAL, ANSES",,,,,,,,,,,,,,71.1,2.54,,,,,,,,,,,,,,,0.0,,,,,,,,,,4.32,2.25,114.0,2.24,274.0,,,,,,,,,,,,,,,0.76,,,,,,,,,,,,,,,18.0,,,,0.8,0.52,0.83,,,,,,,,,,,,,,,,481.0,,,,,,,,,,,,,,,,0.072,,,,2.07,,,,,,,,,,,,,,,,,,,,,,,,,,,,,,0.0,,,,,,,
8004,"Couscous, cooked",couscous cooked,0,20,Cereal Grains and Pasta,0,"USDA, 2018",0.041,8.0,22.0,58.0,0.26,0.022,,,,,,,,72.57,0.1,25.0,0.0,0.983,,,,8.0,,,,,,,,0.0,,0.0,0.0,0.0,0.0,0.0,0.0,0.0,0.0,3.79,0.16,112.0,1.4,5.0,0.0,0.0,0.13,0.0,0.027,0.0,0.0,0.0,0.0,0.0,0.0,0.0,15.0,0.0,0.06,0.12,1.367,0.155,0.111,0.077,0.049,0.0,0.0,0.0,0.0,0.0,0.0,0.0,,23.22,0.38,0.063,0.051,0.029,0.022,0.064,0.1,0.147,0.259,27.5,0.084,0.0,0.0,3.3,0.179,0.417,0.14,0.162,0.1,0.184,0.107,469.0,,,,,,,,,,,,0.0,15.0,0.027,0.001,0.003,0.001,0.059,0.073,0.26,0.371,15.0,0.1,,,,,,,,,,,,,,,,,,,,,,,,,,,,,,,,,,
48760,"Couscous, plain, cooked",couscous plain cooked,0,22,"Meals, Entrees, and Side Dishes",23,McCance and Widdowson's,0.21,20.0,129.0,154.0,0.9,,0.2,36.5,0.19,0.0,,,,53.8,1.0,,0.0,2.1,0.04,,,32.0,82.0,0.0,0.0,,0.0,2.1,0.8,0.0,0.0,,,0.0,,0.0,0.0,0.0,,7.2,1.0,178.0,2.2,4.0,0.0,0.0,0.06,,0.0,,,,,,,,,0.0,,,,,,,0.0012,,,,,,,,0.0,37.5,1.02,0.13,0.08,0.18,0.16,0.52,,,,3.0,0.55,,0.0,,,,,,,,,759.0,,,,,,,,,,,,,,,,,,,,,0.36,13.0,,,,,,,,,,,,,,,,,,,,,,,,,,,,,,,,,,,
48761,"Couscous, plain, raw",couscous plain raw,0,22,"Meals, Entrees, and Side Dishes",23,McCance and Widdowson's,0.36,28.0,238.0,287.0,1.8,0.24,0.8,76.9,0.54,0.0,,,,9.9,2.3,,0.0,2.6,0.05,,,59.0,93.0,0.0,0.0,,0.0,3.2,1.4,0.0,0.0,,,0.0,,0.0,0.0,0.0,,12.0,2.1,364.0,3.7,4.0,0.0,0.0,0.13,,0.06,,,,,,,0.0,,0.0,0.79,,,,,,0.0027,,,,,0.01,,,0.0,79.2,2.0,0.28,0.15,0.3,0.26,0.84,,,,5.0,1.07,,0.0,,,,,,,,,1549.0,,0.0,0.0,,0.0,0.0,0.0,,0.0,,,0.0,,0.27,0.02,0.05,0.0,,,,0.59,28.0,,,,0.24,,,,,,,,,17.9,5.5,0.5,,32.2,,,,,,,,,,,,,,,,,,
209027,Couve roxa crua,couve roxa crua,0,11,Vegetables and Vegetable Products,33,"TCA, INSA 2019",,60.0,28.0,250.0,0.1,,,0.1,,,,,,90.3,3.3,,57.0,0.4,,,,9.0,,,,,,,,0.0,0.0,,,,,0.0,,0.0,,2.0,0.0,30.0,3.3,11.0,15.0,,0.2,,0.01,,,,,,,,,0.0,,,,,,,0.3,,,,,,,,,3.9,0.5,0.02,0.09,0.0,0.0,0.0,,,,,,,3.0,,,,,,,,,127.0,,,,,,,,,,,,,,,,,,,,0.48,,39.0,,,,,,,,,,,,,,,,,,,,,,,,,,,,,,,,,,,
678,Couve-flor cozida,couve flor cozida,1,11,Vegetables and Vegetable Products,1,"TCA, INSA 2015",,19.0,29.0,179.0,0.5,,,0.3,,,,,,92.0,1.9,,45.0,0.4,,,,12.0,,,,,,,,0.0,0.0,,,5.0,,0.0,,0.0,44.0,1.6,0.2,16.72811056,1.8,106.0,30000.0,,0.11,,0.04,,,,,,,,,0.0,,,,,,,0.0006,,,,,,,,,2.3,0.4,0.1,0.17,0.0,0.0,0.1,,,,,,,5.0,,,,,,,,,69.99041458304,,,,,,,,,,,,,,,,,,,,0.61,,,,,0.1,,,,,,,,,,,,,,,,,,,,,,,,,,,,,,,,
209015,Couve-flor cozida,couve flor cozida,1,11,Vegetables and Vegetable Products,33,"TCA, INSA 2019",,19.0,29.0,180.0,0.5,,,0.3,,,,,,92.0,1.9,,45.0,0.4,,,,12.0,,,,,,,,0.0,0.0,,,,,0.0,,0.0,,1.6,0.2,21.0,1.8,110.0,30.0,,0.11,,0.04,,,,,,,,,0.0,,,,,,,0.6,,,,,,,,,2.3,0.4,0.1,0.17,0.0,0.0,0.1,,,,,,,5.0,,,,,,,,,88.0,,,,,,,,,,,,,,,,,,,,0.61,,44.0,,,,,,,,,,,,,,,,,,,,,,,,,,,,,,,,,,,
677,Couve-flor crua,couve flor crua,0,11,Vegetables and Vegetable Products,1,"TCA, INSA 2015",,21.0,34.0,380.0,0.7,,,0.4,,,,,,89.9,2.8,,73.0,0.6,,,,22.0,,,,,,,,0.0,0.0,,,5.0,,0.0,,0.0,66.0,3.7,0.2,29.393679984,1.9,14.0,30000.0,,0.22,,0.07,,,,,,,,,0.0,,,,,,,0.0009,,,,,,,,,3.3,0.5,0.17,0.28,0.0,0.0,0.1,,,,,,,5.0,,,,,,,,,122.983157053056,,,,,,,,,,,,,,,,,,,,0.95,,,,,0.0,,,,,,,,,,,,,,,,,,,,,,,,,,,,,,,,
7239,"Crackers, crispbread, rye",crackers crispbread rye,0,18,Baked Products,0,"USDA, 2018",0.255,31.0,269.0,319.0,2.39,0.146,,,,,,,,6.1,1.07,194.0,0.0,1.04,,,,78.0,,,,,,,,0.0,,0.0,0.0,0.0,0.0,0.0,0.0,0.0,25.0,7.9,1.3,366.0,16.5,410.0,0.0,0.0,0.81,0.0,0.145,0.0,0.0,0.0,0.0,0.0,0.0,0.0,65.0,0.0,0.479,0.31,2.16,0.564,0.342,0.179,0.092,0.0,0.0,0.0,0.0,0.006,0.0,0.0,,82.2,2.43,0.243,0.21,0.145,0.165,0.557,0.285,0.318,0.556,36.6,2.475,0.0,0.0,20.2,0.431,0.822,0.366,0.404,0.168,0.403,0.155,1531.344,,,,,,,,,,,,0.002,22.0,0.138,0.005,0.079,0.012,0.121,0.3,2.4,0.676,47.0,6.0,,,,,,,,,,,,,,,,,,,,,,,,,,,,,,,,,,
67694,"Crackers, gluten-free, multigrain and vegetable, made with corn starch and white rice flour",crackers gluten free multigrain and vegetable made with corn starch and white rice flour,0,,,0,"USDA, 2018",0.087,28.0,57.0,86.0,0.44,4.823,3.2,71.9,,,,,,2.48,3.9,,,0.63,,,,15.0,,,0.3,0.0,0.4,,0.0,,0.048,,,,,,,,,2.5,15.41,456.0,3.0,890.0,,,,,0.1,,,0.0,0.0,0.0,0.002,0.025,,,1.327,,,,,,,0.0,0.007,0.0,0.0,0.025,0.004,0.0,0.0,76.94,0.56,0.06,0.07,5.711,4.881,1.374,,,,,0.299,,,,,,,,,,,1910.0,,0.044,0.01,0.003,0.01,0.013,0.01,0.0,0.004,0.002,0.0,0.109,7.0,4.934,0.554,0.034,0.026,,,2.67,,7.0,,,1.292,4.806,0.0,0.0,0.027,0.007,0.001,,,,,,,,,0.0,0.017,0.002,0.0,0.001,0.029,0.019,0.024,0.006,0.029,,,,,,0.0,,
27317,"Crackers, whitout fat or fat free",crackers whitout fat or fat free,0,18,Baked Products,14,"FCDBE, IEO",,22.0,113.0,115.0,0.9,,,79.6,,,,,,3.4,,,0.0,5.7,,,,,,,,,,,,0.0,,,,0.0,,0.0,,,,10.5,1.6,354.9,2.7,636.0,0.0,,0.08,,0.59,,,,,,,,,0.0,,,,,,,,,,,,,,,,79.6,7.7,0.52,0.09,0.24,0.14,0.69,,,,,,,0.0,,,,,,,,,1484.9,,,,,,,,,,,,,,,,,,,,,,13.0,,,,,,,,,,,,,,,,,,,,,,,,,,,,,,,,,,,
27553,"Crackers, wholemeal",crackers wholemeal,0,18,Baked Products,14,"FCDBE, IEO",,50.0,295.0,297.0,2.2,,,58.1,,,,,,2.7,,,0.0,4.5,,,,,,,,,,,,0.0,,,,0.0,,0.0,,,,8.8,17.2,407.875,10.5,659.0,0.0,,3.92,,0.1,,,,,,,,,0.0,,,,,,,,,,,,,,,,58.1,3.1,0.2,0.18,3.08,9.49,2.69,,,,,,,0.0,,,,,,,,,1706.55,,,,,,,,,,,,,,,,,,,,,,28.0,,,,,,,,,,,,,,,,,,,,,,,,,,,,,,,,,,,
48767,"Crackers, wholemeal, homemade",crackers wholemeal homemade,0,23,Snacks,23,McCance and Widdowson's,0.23,80.0,161.0,230.0,1.0,,0.6,75.9,,,,,,3.2,0.8,,0.0,2.5,,,,38.0,263.0,,0.0,,0.0,4.2,0.1,,0.02,,,,,,,0.0,,9.8,10.5,421.0,5.4,161.0,,,,,0.09,,,,,,,,,1.3,,,,,,,0.0022,,,,,,,,0.0,76.7,2.12,0.23,0.2,3.38,4.31,1.83,,,,3.0,1.2,,,,,,,,,,,1781.0,,,,,,,,,,,,,,,,,,,,,0.49,32.0,,,,,,,,,,,,,,,,,,,,,,,,,,,,,,,,,,,
3800,"Cranberries, dried, sweetened",cranberries dried sweetened,0,,,0,"USDA, 2018",0.063,9.0,8.0,49.0,0.1,0.277,15.83,,0.17,0.0,,,,15.79,72.56,138.0,0.2,0.548,0.0,,,4.0,,,26.96,0.0,29.69,,0.0,0.0,0.003,0.0,0.0,0.0,0.0,0.0,0.0,0.0,0.0,0.17,1.09,308.0,5.3,5.0,27.0,0.0,2.1,0.0,0.028,0.0,0.0,0.0,0.0,0.0,0.014,0.0,0.0,0.0,0.159,,,,,,,0.007,0.0,0.0,0.0,0.007,0.0,0.0,0.08,82.8,0.39,0.013,0.038,0.088,0.298,0.182,,,,0.6,0.18,46.0,2.0,8.3,,,,,,,,1288.672,,0.0,0.007,0.0,0.0,0.0,0.014,0.0,0.0,0.0,0.0,0.0,0.0,0.034,0.02,0.023,0.007,,,0.15,0.217,0.0,7.6,,0.159,,,0.0,0.023,0.0,0.0,0.0,,,,,,,,,,,0.0,0.0,,,,,,,,,0.0,,,,
3799,"Cranberries, raw",cranberries raw,0,9,Fruits and Fruit Juices,0,"USDA, 2018",0.056,8.0,11.0,80.0,0.09,0.018,0.16,0.0,0.04,0.0,0.0,0.29,0.0,87.32,4.27,91.0,14.0,0.101,0.0,,0.2,6.0,,,0.67,0.0,3.44,,0.0,0.0,0.0,0.0,0.0,0.0,0.0,0.0,0.0,0.0,0.0,0.46,0.13,46.0,3.6,2.0,38.0,0.0,1.32,0.0,0.02,0.0,0.0,0.0,0.0,0.0,0.0,0.0,1.0,0.0,0.033,0.048,0.146,0.188,0.049,0.018,0.003,0.0,0.0,0.0,0.0,0.0,0.0,0.0,0.0,11.97,0.23,0.012,0.057,0.008,0.018,0.055,0.028,0.033,0.053,0.1,0.267,63.0,3.0,5.5,0.051,0.031,0.056,0.045,0.032,0.036,0.003,191.0,0.0,,,,,,,,,,,0.0,1.0,0.006,0.002,0.022,0.001,0.003,0.039,0.12,0.295,1.0,5.1,0.0,,,,,,,,,,,,,,,,,,,,,,,,,,,,,,,,,
48769,Cranberry fruit juice drink,cranberry fruit juice drink,0,14,Beverages,23,McCance and Widdowson's,,,,,,,,0.0,,,,,,87.9,12.1,,30.0,0.0,,,,,,,,,,0.0,,0.0,0.0,,,0.0,,0.0,,0.0,,0.0,0.0,45.0,0.0,0.0,,,0.0,,0.0,,,,,,,,,0.0,,,,,,,0.0,,,,,,,,0.0,12.1,,0.0,0.0,0.0,0.0,0.0,,,,0.0,,,0.0,,,,,,,,,194.0,,,,,,,,,,,,,,,,,,,,,0.0,0.0,,,,,,,,,,,,,,,,,,,,,,,,,,,,,,,,,,,
48771,Cream crackers,cream crackers,0,23,Snacks,23,McCance and Widdowson's,0.17,93.0,103.0,215.0,0.7,5.9,0.0,68.2,,,,,,4.9,1.5,,0.0,1.5,,,,22.0,430.0,0.0,0.0,0.0,0.0,4.0,1.5,0.0,0.01,,,0.0,,0.0,,0.0,,8.9,16.4,445.0,3.9,384.0,,,1.68,,0.02,,,0.0,0.0,0.01,0.0,0.04,,4.6,2.09,,,,,,0.0017,0.0,0.0,0.0,0.0,0.03,0.0,0.0,0.0,69.7,1.97,0.14,0.06,7.38,5.95,2.17,,,,3.0,0.65,,0.0,,,,,,,,,1874.0,,0.06,0.01,0.0,0.01,0.02,0.01,0.0,0.0,0.0,0.0,0.14,,6.38,0.69,0.07,0.03,,,,0.78,19.0,,,2.09,5.89,0.0,0.0,0.07,0.0,0.0,0.0,,,,,,,,,,,0.0,,,,,,,,0.0,,,,,,
1622,"Cream substitute, powdered",cream substitute powdered,0,1,Dairy and Egg Products,0,"USDA, 2018",0.018,2.0,288.0,669.0,0.07,9.768,0.0,,10.29,3.55,0.0,0.0,0.0,2.98,7.77,0.0,0.0,0.0,0.16,112.0,0.1,1.0,,,0.57,0.0,3.52,,3.67,0.0,5.541,0.0,0.0,0.0,0.0,0.0,0.0,0.0,0.0,2.48,32.92,529.0,0.0,124.0,0.0,0.0,1.26,0.0,0.165,0.0,0.0,0.006,0.094,1.118,0.879,6.764,0.0,0.0,0.382,0.096,1.088,0.339,0.15,0.142,0.066,0.0,0.0,0.0,0.0,0.019,0.0,0.0,0.0,59.29,0.26,0.0,0.0,19.146,9.796,0.408,0.203,0.294,0.473,0.6,0.011,0.0,0.0,2.3,0.295,0.54,0.19,0.343,0.274,0.257,0.021,2215.0,68.2,0.081,0.052,0.0,0.007,0.02,0.022,0.0,0.003,0.0,0.0,2.666,0.0,3.146,4.29,0.026,0.006,0.145,0.385,2.34,0.117,0.0,1.7,0.0,0.2,4.411,0.0,0.0,0.019,0.005,0.0,,,,,,,,32.0,0.0,5.357,0.002,0.0,0.0,0.182,5.359,0.004,0.003,0.179,,,,,0.0,0.003,,
48780,"Cream, fresh, single",cream fresh single,0,6,"Soups, Sauces, and Gravies",23,McCance and Widdowson's,0.0,89.0,79.0,104.0,0.3,,0.0,0.0,0.02,0.0,,,,77.0,2.2,8.0,1.0,0.1,0.01,,,8.0,80.0,,0.0,0.0,0.0,2.8,0.0,0.0,0.68,,,291.0,,0.3,,0.4,,3.3,19.1,193.0,0.0,29.0,169.0,0.0,0.47,,0.19,,,0.69,0.43,0.24,0.54,0.73,,55.0,,,,,,,0.0005,,,0.0,,,0.0,0.0,2.2,2.2,0.0,0.03,0.03,12.15,5.07,0.63,,,,,0.0,,319.0,,,,,,,,,798.0,,0.0,0.0,,0.2,0.1,0.0,,,,,2.02,,5.21,2.0,,,,,,0.3,5.0,,,0.37,3.9,0.0,,0.1,0.0,0.0,0.0,,,,,,,,,,,,,,,,,,,,,,,,,
48784,"Creme caramel, retail",creme caramel retail,0,18,Baked Products,23,McCance and Widdowson's,0.0,94.0,77.0,150.0,0.3,,10.3,2.6,0.0,,,,,72.0,18.0,,0.0,0.1,,,,9.0,100.0,33.0,1.3,0.1,2.3,,0.5,0.0,0.16,,,37.0,,0.1,,0.3,,3.0,1.6,104.0,,70.0,,,0.03,,0.2,,,0.02,0.01,0.01,0.03,0.05,,,,,,,,,0.0007,,,0.0,,,0.0,0.0,3.5,20.6,0.0,0.03,0.03,0.89,0.47,0.06,,,,,0.0,,38.0,,,,,,,,,440.0,,0.0,0.0,,0.02,0.01,0.0,,,,,0.15,,0.42,0.17,,,,,,,8.0,,,0.01,0.3,0.0,0.0,0.01,0.0,0.0,0.0,,,,,,,,,,,,,,,,,,,,,,,,,
38253,Creme de leite,creme de leite,0,1,Dairy and Egg Products,20,"TCNA, IBGE",0.01,69.0,61.0,97.0,0.25,,,,,,,,,,2.8,,0.6,0.04,,,,7.0,,,,,,,,,1.1,,,274.0,,1.1,,0.2,,2.17,30.91,292.0,,34.0,,,0.88,,0.13,,,,,,,,,111.0,0.62,,,,,,,,,,,,,,,2.96,0.03,0.02,0.03,19.34,9.09,0.88,,,,0.5,0.0,,279.0,,,,,,,,,1221.728,,,,,,,,,,,,,,,,0.27,,,,,,4.0,,,,,,,,,,,,,,,,,,,,,,,,,,,,,,,,,,,
48787,"Creme fraiche, half fat",creme fraiche half fat,0,6,"Soups, Sauces, and Gravies",23,McCance and Widdowson's,0.0,95.0,81.0,122.0,0.3,,0.0,1.4,0.01,0.0,,,,76.5,3.0,0.0,,0.1,0.0,,,9.0,,8.0,0.0,0.0,0.0,,0.0,0.0,0.29,,,300.0,,0.0,,0.2,,2.7,15.0,162.0,0.0,36.0,21.0,0.0,0.42,,0.21,,,,,,,,,,,,,,,,,,,,,,,,3.0,4.4,0.1,0.02,0.01,10.16,3.21,0.4,,,,4.0,0.0,,304.0,,,,,,,,,671.0,,,,,,,,,,,,,,,,,,,,,,3.0,,,,,,,,,,,,,,,,0.0,,,,,,,,,,,,,,,,,,,
82076,"Crepe, plain, prepacked, refrigerated",crepe plain prepacked refrigerated,0,19,Sweets,11,"CIQUAL, ANSES",0.04,75.0,120.0,140.0,0.52,0.24,,18.6,,,,,,42.0,15.2,,0.0,0.0,,,,14.0,323.0,0.0,,,,,,0.0,,,,23.0,,0.0,,0.41,,6.49,7.21,254.0,1.9,240.0,7.04,,1.06,,0.16,,,0.07,0.04,0.04,0.05,0.05,,60.9,0.063,,,,,,,,0.0035,0.0023,,,0.0,,,40.0,0.56,0.081,0.03,6.5,0.24,0.074,,,,0.0,0.2,,,,,,,,,,,1070.0,,,,,,,,,,,,0.17,,1.3,0.46,0.0047,,,,1.12,0.77,17.0,2.02,,,,,,,,,,,,,,,,,,,,,,,,,,,0.0,,,,,,,
27318,"Crispbread rye, whole grain",crispbread rye whole grain,0,18,Baked Products,14,"FCDBE, IEO",,31.0,269.0,319.0,2.4,,,62.6,,,,,,6.1,3.1,,0.0,1.0,,,,,,,,,,,,0.0,,,,0.0,,0.0,,,,7.9,1.3,289.675,16.5,264.0,0.0,,1.362,,0.15,,,,,,,,,0.0,,,,,,,,,,,,,,,,65.7,2.4,0.24,0.21,0.15,0.17,0.56,,,,,,,0.0,,,,,,,,,1212.0,,,,,,,,,,,,,,,,,,,,,,22.0,,,,,,,,,,,,,,,,,,,,,,,,,,,,,,,,,,,
48788,"Crispbread, rye",crispbread rye,0,23,Snacks,23,McCance and Widdowson's,0.32,38.0,292.0,511.0,2.2,0.15,2.8,60.0,,,,,,7.7,3.4,,0.0,0.9,,,,89.0,350.0,0.0,0.0,0.0,0.0,8.0,0.6,0.0,0.0,,,0.0,,0.0,,0.0,,8.6,1.4,284.0,20.0,264.0,,,0.4,,0.04,,,0.0,0.0,0.0,0.0,0.0,,0.0,0.52,,,,,,0.0017,0.0,0.0,0.0,0.0,0.01,0.0,0.0,0.0,63.4,2.5,0.26,0.1,0.16,0.17,0.6,,,,5.0,0.2,,0.0,,,,,,,,,1210.0,,0.0,0.0,0.0,0.0,0.0,0.0,0.0,0.0,0.0,0.0,0.0,,15.27,0.0,0.07,0.0,,,,0.59,29.0,,,0.52,0.15,0.0,0.0,0.07,0.0,0.0,0.0,,,,,,,,,,,0.0,,,,,,,,0.0,,,,,,
48789,Croissants,croissants,0,18,Baked Products,23,McCance and Widdowson's,0.05,75.0,93.0,126.0,0.7,,0.0,38.0,0.82,0.31,,,,24.8,5.3,38.0,0.0,1.5,0.08,,,19.0,510.0,,2.0,,1.2,9.0,1.9,0.0,0.77,,,163.0,,0.1,,0.0,,8.3,19.7,373.0,3.1,330.0,19.0,0.0,0.99,,0.16,,,0.43,0.27,0.16,0.24,0.34,,52.0,,,,,,,0.0018,,,0.01,,,0.01,0.0,0.2,43.3,1.1,0.19,0.11,9.76,5.86,1.84,,,,8.0,0.39,,166.0,,,,,,,,,1563.0,,0.04,0.03,,0.12,0.07,0.01,0.01,,,,1.09,,5.03,1.73,,,,,,0.5,47.0,,,1.58,4.2,0.0,0.0,0.21,0.0,0.01,0.01,,,21.8,10.1,2.1,0.1,,,,,,,,,,,,,0.01,,,,,,
23150,Croutons,croutons,0,20,Cereal Grains and Pasta,11,"CIQUAL, ANSES",0.13,,,,0.71,8.96,,,,,,,,3.05,3.69,,,,,,,,,6.3,,,,,,0.0,,,,,,,,,,9.02,29.4,522.0,3.08,832.0,0.0,,,,,,,,,,0.013,0.14,,,6.09,,,,,,,,0.0,0.00026,,,0.00089,,,52.9,,,,5.36,10.8,6.18,,,,0.0,0.62,,,,,,,,,,,2180.0,,,,,,,,,,,,0.17,,4.56,0.47,0.03,,,,2.57,,,,,,,,,,,,,,,,,,,,,,,,,,,,,,0.0,,,,,,,
81254,"Croutons, plain, prepacked",croutons plain prepacked,0,20,Cereal Grains and Pasta,11,"CIQUAL, ANSES",0.11,27.0,110.0,190.0,0.67,15.3,,48.0,,,,,,3.6,4.0,,,0.22,,,,24.0,1080.0,0.0,,,,,,0.0,,,,,,0.0,,,,8.38,24.1,495.0,2.6,680.0,,,7.86,,0.056,,,0.0,0.0,0.0,0.0,0.01,,,3.08,,,,,,,,0.0,0.0,,,0.0,,,59.1,1.5,0.099,0.054,4.3,15.6,3.12,,,,0.0,0.57,,,,,,,,,,,2070.0,,,,,,,,,,,,0.07,,3.16,0.77,0.04,,,,2.25,0.67,37.1,2.04,,,,,,,,,,,,,,,,,,,,,,,,,,,0.0,,,,,,,
48793,"Crumble, fruit, wholemeal, homemade",crumble fruit wholemeal homemade,0,18,Baked Products,23,McCance and Widdowson's,0.12,31.0,62.0,200.0,0.4,,18.2,11.4,,,,,,54.2,21.3,,5.0,1.0,,,,19.0,127.0,3.0,1.6,,1.3,1.5,0.0,0.0,0.24,,,80.0,,0.1,,0.0,,2.5,7.3,198.0,,63.0,,,0.51,,0.03,,,,,,,,,17.7,,,,,,,0.0006,,,,,,,,0.0,32.7,0.63,0.06,0.08,4.37,1.77,0.39,,,,1.0,0.4,,104.0,,,,,,,,,834.0,,,,,,,,,,,,,,,,,,,,,0.19,3.0,,,,,,,,,,,,,,,,,,,,,,,,,,,,,,,,,,,
48799,"Crumpets, toasted",crumpets toasted,0,18,Baked Products,23,McCance and Widdowson's,0.1,123.0,220.0,168.0,0.6,,0.0,42.3,0.61,0.03,,,,40.3,3.1,,0.0,1.7,0.08,,,17.0,1212.0,1.0,0.3,,1.1,3.1,1.7,0.0,0.0,,,0.0,,0.0,,0.0,,6.9,1.0,207.0,3.1,1029.0,,,0.26,,0.06,,,,,,,,,0.0,,,,,,,0.0018,,,,,,,,0.0,45.4,1.44,0.23,0.07,0.1,0.1,0.5,,,,6.0,0.42,,0.0,,,,,,,,,881.0,,,,,,,,,,,,,,,,,,,,,0.26,9.0,,,,,,,,,,,,,,,,,,,,,,,,,,,,,,,,,,,
6271,"Crustaceans, shrimp, raw",crustaceans shrimp raw,0,,,0,"USDA, 2018",0.391,64.0,214.0,264.0,1.34,0.038,,,,,,,,78.45,,,,,,,,35.0,,,,,,,,,0.004,,,,,,,,,20.1,0.51,85.0,,119.0,,,,,,,,0.0,0.0,0.0,0.0,0.0,,161.0,0.032,,,,,,,0.0,0.012,0.031,0.0,0.002,0.03,0.002,,0.0,0.52,,,0.101,0.086,0.152,,,,,0.033,,,,,,,,,,,356.0,,0.002,0.003,0.0,0.001,0.004,0.0,0.004,0.0,0.002,0.0,0.001,,0.052,0.037,0.002,0.003,,,1.23,,,,,0.031,0.036,0.0,0.0,0.002,0.0,0.002,,,,,,,,,0.0,0.002,0.001,0.001,0.0,0.001,0.003,0.002,0.0,0.001,,,,,,,,
428397,"Cuberoll, young bull ribeye bonelles",cuberoll young bull ribeye bonelles,0,13,Beef Products,5,My foods,,,,,,,,,,,,,,,,,,,,,,,,,,,,,,,,,,,,,,,,21.6,5.1,132.0,,,,,,,,,,,,,,,,,,,,,,,,,,,,,,,,0.0,,,,,,,,,,,,,,,,,,,,,,552.288,,,,,,,,,,,,,,,,,,,,,,,,,,,,,,,,,,,,,,,,,,,,,,,,,,,,,,,,,
951,Cubo de carne de vaca para caldo,cubo de carne de vaca para caldo,0,6,"Soups, Sauces, and Gravies",1,"TCA, INSA 2015",,180.0,340.0,420.0,0.8,,,8.0,,,,,,9.0,0.0,,0.0,5.6,,,,112.0,,,,,,,,0.0,0.36,,,0.0,,0.0,,1.0,33.0,19.8,8.0,184.248189168,0.0,15000.0,0.0,,0.0,,0.21,,,,,,,,,6.0,,,,,,,0.0037,,,,,,,,,8.0,1.0,0.12,0.2,3.1,3.6,0.3,,,,,,,0.0,,,,,,,,,770.894423478912,,,,,,,,,,,,,,,,,,,,43.3,,,,,0.2,,,,,,,,,,,,,,,,,,,,,,,,,,,,,,,,
4554,"Cucumber, peeled, raw",cucumber peeled raw,0,11,Vegetables and Vegetable Products,0,"USDA, 2018",0.071,14.0,21.0,136.0,0.17,0.01,0.0,0.08,0.02,0.0,0.0,0.0,0.0,96.73,1.38,16.0,3.2,0.037,0.0,1.3,0.1,12.0,,,0.75,0.0,0.63,,0.0,0.0,0.0,0.0,0.0,0.0,0.0,0.0,18.0,0.0,0.0,0.59,0.16,10.0,0.7,2.0,31.0,8.0,0.03,0.0,0.025,0.0,0.0,0.0,0.0,0.0,0.0,0.0,14.0,0.0,0.01,0.025,0.204,0.037,0.031,0.002,0.007,0.0,0.0,0.0,0.0,0.0,0.0,0.0,0.0,2.16,0.22,0.031,0.051,0.078,0.01,0.019,0.012,0.012,0.025,0.1,0.073,72.0,4.0,5.7,0.025,0.012,0.031,0.012,0.002,0.031,0.007,44.0,0.0,0.0,0.0,0.0,0.0,0.0,0.0,0.0,0.0,0.0,0.0,0.01,14.0,0.058,0.01,0.01,0.0,0.012,0.025,0.36,0.24,14.0,7.2,0.04,,,,,,,,,,,,,,,,,,,,,,,,,,,,,,,,,
48800,"Cucumber, raw, flesh and skin",cucumber raw flesh and skin,0,11,Vegetables and Vegetable Products,23,McCance and Widdowson's,0.03,21.0,23.0,156.0,0.1,,0.0,0.0,0.02,0.02,,,,96.5,1.2,380.0,2.0,0.2,0.01,,,10.0,67.0,3.0,0.7,0.0,0.5,0.8,0.0,0.0,0.0,,,0.0,,0.0,0.0,0.0,,1.0,0.6,14.0,0.7,4.0,74.0,0.0,0.04,0.0,0.02,,,,,,,,,0.0,,,,,,,0.0001,,,,,,,,0.0,1.2,0.3,0.03,0.01,,,,,,,0.0,0.09,,12.0,,,,,,,,,60.0,,,,,,,,,,,,,,,,,,,,,0.32,14.0,20.9,,,,,,,,,,,,,,,,,,,,,,,,,,,,,,,,,,
4553,"Cucumber, with peel, raw",cucumber with peel raw,0,11,Vegetables and Vegetable Products,0,"USDA, 2018",0.041,16.0,24.0,147.0,0.2,0.005,0.03,0.83,0.03,0.0,0.0,0.0,0.0,95.23,1.67,23.0,2.8,0.098,0.01,1.3,0.1,13.0,,,0.87,0.0,0.76,,0.01,0.0,0.0,0.0,0.0,0.0,0.0,0.0,26.0,0.0,0.0,0.65,0.11,15.0,0.5,2.0,45.0,11.0,0.03,0.0,0.033,0.0,0.0,0.0,0.0,0.0,0.0,0.0,7.0,0.0,0.028,0.024,0.196,0.041,0.024,0.01,0.005,0.0,0.0,0.0,0.0,0.0,0.0,0.0,0.0,3.63,0.28,0.027,0.04,0.037,0.005,0.032,0.019,0.021,0.029,0.3,0.079,105.0,5.0,6.0,0.02,0.015,0.044,0.022,0.011,0.019,0.004,65.0,0.0,0.0,0.0,0.0,0.0,0.0,0.0,0.0,0.0,0.0,0.0,0.005,7.0,0.028,0.005,0.005,0.0,0.006,0.029,0.38,0.259,7.0,16.4,0.04,,,,,,,,,,,,,,,14.0,,,,,,,,,,,,,,,,,,
178200,"Culatta, pork, cured meat, Italy",culatta pork cured meat italy,0,10,Pork Products,5,My foods,,,,,,,,,,,,,,,,,,,,,,,,,,,,,,,,,,,,,,,,29.0,17.0,269.0,,,,,,,,,,,,,,,,,,,,,,,,,,,,,,,,0.0,,,,,,,,,,,,,,,,,,,,,,1125.496,,,,,,,,,,,,,,,,,,,,,,,,,,,,,,,,,,,,,,,,,,,,,,,,,,,,,,,,,
48801,Cumin seeds,cumin seeds,0,2,Spices and Herbs,23,McCance and Widdowson's,0.87,931.0,499.0,1790.0,4.8,,,,,,,,,8.1,2.3,,8.0,4.6,,,,366.0,,,,0.0,,,0.0,0.0,0.0,,,0.0,,0.0,,0.0,,17.8,22.3,,10.5,168.0,,,3.33,,0.33,,,,,,,,,0.0,,,,,,,,,,,,,,,0.0,,66.36,0.63,0.44,1.54,14.04,3.28,,,,,3.33,,127.0,,,,,,,,,,,,,,,,,,,,,,,,,,,,,,,10.0,5.4,,,,,,,,,,,,,,,,,,,,,,,,,,,,,,,,,,
48802,"Curly kale, boiled in unsalted water",curly kale boiled in unsalted water,0,11,Vegetables and Vegetable Products,23,McCance and Widdowson's,0.02,150.0,39.0,160.0,0.2,,0.1,0.1,,,,,,90.9,0.9,,71.0,0.8,,,,8.0,53.0,,0.4,0.0,0.4,0.4,0.0,0.0,0.0,,,0.0,,0.0,33.0,0.0,,2.4,1.1,24.0,,34.0,3350.0,0.0,1.33,,0.06,,,,,,,,,0.0,,,,,,,0.0005,,,,,,,,0.0,1.0,2.0,0.02,0.13,0.2,0.1,0.6,,,,2.0,0.4,,560.0,,,,,,,,,100.0,,,,,,,,,,,,,,,,,,,,,0.05,86.0,,,,,,,,,,,,,,,,,,,,,,,,,,,,,,,,,,,
3803,"Currants, european black, raw",currants european black raw,0,9,Fruits and Fruit Juices,0,"USDA, 2018",0.086,55.0,59.0,322.0,0.27,0.056,,,,,,,,81.96,,,181.0,0.3,,,,24.0,,,,,,,,,0.0,,,0.0,,,,0.0,,1.4,0.41,63.0,,2.0,,,1.0,,0.05,,,,,,,,,0.0,0.107,,,,,,,,,,,,,,,15.38,1.54,0.05,0.066,0.034,0.058,0.179,,,,,0.256,230.0,12.0,,,,,,,,,264.0,,,,,,,,,,,,,,0.02,0.007,0.072,0.001,,,0.86,0.398,,,,,,,,,,,,,,,,,,,,,,,,,,,,,,,,,,,,
48810,"Curry powder, mixed flavours",curry powder mixed flavours,0,2,Spices and Herbs,23,McCance and Widdowson's,,460.0,330.0,1880.0,3.7,,,,,,,,,9.0,,,0.0,7.3,,,,240.0,,,,0.0,,,0.0,,,,,0.0,,0.0,,0.0,,13.0,13.9,316.0,,400.0,14420.0,0.0,,,0.78,,,,,,,,,0.0,,,,,,,,,,,,,,,0.0,34.7,32.3,0.4,,,,,,,,,,,2400.0,,,,,,,,,1325.0,,,,,,,,,,,,,,,,,,,,,,0.0,,,,,,,,,,,,,,,,,,,,,,,,,,,,,,,,,,,
48834,"Curry, chick pea, whole and tomato, Punjabi, with vegetable oil, homemade",curry chick pea whole and tomato punjabi with vegetable oil homemade,0,22,"Meals, Entrees, and Side Dishes",23,McCance and Widdowson's,0.19,32.0,57.0,210.0,0.8,,0.7,10.8,,,,,,73.1,1.1,,1.0,0.6,,,,25.0,,,0.2,0.0,0.2,,0.0,,,,,0.0,,0.0,,0.0,,5.6,4.9,112.0,,,63.0,0.0,1.66,,0.05,,,,,,,,,0.0,,,,,,,0.0007,,,,,,,,0.0,12.4,1.4,0.08,0.11,0.5,1.5,2.3,,,,1.0,0.5,,11.0,,,,,,,,,473.0,,,,,,,,,,,,,,,,,,,,,0.21,36.0,,,,,,,,,,,,,,,,,,,,,,,,,,,,,,,,,,,
48839,"Curry, chicken tikka masala, retail, reheated",curry chicken tikka masala retail reheated,0,22,"Meals, Entrees, and Side Dishes",23,McCance and Widdowson's,0.1,60.0,140.0,310.0,0.7,,0.8,1.3,,,,,,69.2,3.6,,0.0,4.2,,,,25.0,340.0,7.0,0.9,,0.7,6.0,0.0,0.0,0.29,,,49.0,,0.3,,0.5,,12.4,9.8,156.0,1.4,220.0,,,1.57,,0.14,,,0.08,0.06,0.07,0.1,,,46.2,,,,,,,0.0019,,,0.01,,,0.01,0.01,1.2,4.9,1.3,0.08,0.29,3.3,4.02,2.05,,,,7.0,0.2,,66.0,,,,,,,,,652.0,,,,,,,,0.03,,,,,,,,,,,,,0.98,21.0,,,1.53,3.49,0.01,0.0,0.33,0.0,0.0,0.01,,,5.4,3.6,0.9,,11.5,,,,,,,,,,,,,,,,,,
48842,"Curry, chicken, average, retail, reheated",curry chicken average retail reheated,0,22,"Meals, Entrees, and Side Dishes",23,McCance and Widdowson's,,,,300.0,,,0.7,1.0,,,,,,68.7,4.4,,1.0,3.8,,,,,340.0,,1.6,,1.5,3.0,0.0,0.0,,,,,,,,,,12.1,8.9,149.0,1.5,240.0,,,1.3,,0.14,,,,,,,,,51.0,,,,,,,0.0023,,,,,,,,0.7,5.4,,0.2,0.24,4.0,2.9,1.5,,,,,,,,,,,,,,,,621.0,,,,,,,,,,,,,,,,,,,,,1.02,,,,,,,,,,,,,,,,,,,,,,,,,,,,,,,,,,,,
48873,"Curry, lentil, red/masoor dahl, with vegetable oil, homemade",curry lentil red masoor dahl with vegetable oil homemade,0,22,"Meals, Entrees, and Side Dishes",23,McCance and Widdowson's,0.2,25.0,106.0,281.0,1.0,,1.1,15.6,,,,,,61.7,2.2,,1.0,0.6,,,,30.0,45.0,,0.5,,0.6,,0.0,,0.0,,,0.0,,0.0,,0.0,,7.6,7.9,173.0,,20.0,,,,,0.06,,,,,,,,,0.0,,,,,,,0.0011,,,,,,,,0.0,19.2,2.6,0.14,0.19,0.57,4.46,2.37,,,,2.0,,,9.0,,,,,,,,,725.0,,,,,,,,,,,,,,,,,,,,,0.34,7.0,,,,,,,,,,,,,,,,,,,,,,,,,,,,,,,,,,,
21984,"Curry, powder",curry powder,1,2,Spices and Herbs,11,"CIQUAL, ANSES",1.2,525.0,367.0,1170.0,4.7,8.74,,,,,,,,8.8,2.63,,0.7,3.26,,,,255.0,,0.5,,,,,,0.0,,,,0.0,,0.0,,0.0,,14.5,14.0,301.0,53.2,52.0,11.0,,25.2,,0.2,,,0.012,0.038,0.013,0.013,0.0,,0.0,,,,,,,,,,0.0,,,0.0,,,2.63,19.1,0.18,0.11,1.65,8.78,3.06,,,,,8.3,,,,,,,,,,,1230.0,,,,,,,,,,,,0.64,,0.68,0.17,0.26,,,,7.07,1.07,56.0,99.8,,,,,,,,,,,,,,,,,,,,,,,,,,,0.0,,,,,,,
48900,"Curry, vegetable, frozen mixed vegetables, homemade",curry vegetable frozen mixed vegetables homemade,0,22,"Meals, Entrees, and Side Dishes",23,McCance and Widdowson's,0.05,32.0,47.0,191.0,0.3,,1.8,3.8,,,,,,80.6,2.9,,9.0,0.6,,,,17.0,59.0,2.0,0.5,,0.6,,0.0,,0.0,,,0.0,,0.0,,0.0,,2.5,6.1,90.0,,25.0,,,,,0.06,,,,,,,,,0.0,,,,,,,0.0004,,,,,,,,0.0,7.2,1.05,0.11,0.13,0.4,3.39,1.7,,,,,0.2,,249.0,,,,,,,,,374.0,,,,,,,,,,,,,,,,,,,,,,31.0,,,,,,,,,,,,,,,,,,,,,,,,,,,,,,,,,,,
48913,"Custard, made up with skimmed milk",custard made up with skimmed milk,0,18,Baked Products,23,McCance and Widdowson's,0.01,145.0,113.0,190.0,0.6,,5.9,5.1,,,,,,78.9,11.3,,1.0,0.1,,,,13.0,127.0,27.0,0.0,,0.0,2.8,0.0,0.0,0.0,,,1.0,,0.0,,0.9,,4.0,0.3,81.0,0.0,69.0,,,0.0,,0.23,,,,,,,,,4.2,,,,,,,0.0008,,,,,,,,5.5,16.5,0.12,0.03,0.06,0.16,0.07,0.02,,,,1.0,0.0,,1.0,,,,,,,,,345.0,,,,,,,,,,,,,,,,,,,,,0.51,8.0,,,,,,,,,,,,,,,,,,,,,,,,,,,,,,,,,,,
48915,"Custard, ready to eat, canned and tetra-pak",custard ready to eat canned and tetra pak,0,18,Baked Products,23,McCance and Widdowson's,0.0,91.0,83.0,129.0,0.3,,8.2,3.5,0.16,0.0,,,,77.5,12.8,,0.0,0.1,0.0,,,9.0,137.0,26.0,0.0,0.0,0.0,1.3,0.0,0.0,0.07,,,36.0,,0.0,,0.2,,2.7,2.9,98.0,0.0,41.0,376.0,0.0,0.29,,0.19,,,0.08,0.05,0.03,0.07,0.1,,2.1,,,,,,,0.0003,,,0.0,,,0.0,0.0,4.6,16.3,0.05,0.12,0.01,1.89,0.83,0.06,,,,1.0,0.0,,99.0,,,,,,,,,414.0,,0.02,0.0,,0.04,0.01,0.0,,,,,0.32,,0.88,0.3,,,,,,0.43,2.0,,,0.05,0.58,0.0,0.0,0.01,0.0,0.0,0.0,,,,,,,,,,,,,,,,,,,,,,,,,
341852,Cuttlefish Ink,cuttlefish ink,0,6,"Soups, Sauces, and Gravies",5,My foods,,,,286.0,,,,,,,,,,,3.5,,,,,,,,,,,,,,,,,,,,,,,,,4.9,0.0,,,7657.0,,,,,,,,,,,,,,0.0,,,,,,,,,,,,,,,,3.5,,,,0.0,,,,,,,,,,,,,,,,,,,,,,,,,,,,,,,,,,,,,,,,,,,,,,,,,,,,,,,,,,,,,,,,,,,,,,,,,,,
428072,"DRIED CURED BEEF ""CECINA""",dried cured beef cecina,0,10,Pork Products,5,My foods,,48.0,322.0,62.2,1.0,,,,,,,,,45.0,,,,,,,,39.0,,,,,,,,,,,,,,,,,,39.0,8.5,243.0,,2099.0,,,,,,,,,,,,,,,,,,,,,,,,,,,,,,,9.8,,,4.4,,,,,,,,,,,,,,,,,,1016.712,,,,,,,,,,,,,,,,,,,,,,,,,,,,,,,,,,,,,,,,,,,,,,,,,,,,,,,,,
82543,"Dark chocolate bar, filled with praline",dark chocolate bar filled with praline,0,19,Sweets,11,"CIQUAL, ANSES",0.84,70.0,180.0,400.0,1.7,13.8,,1.5,,,,,,0.5,48.8,,0.0,0.76,,,,110.0,29.6,0.0,,,,,,0.0,,,,0.0,,0.0,,0.32,,6.38,34.8,559.0,5.07,13.7,26.8,,4.21,,0.08,,,0.1,0.067,0.033,0.067,0.13,,7.92,2.0,,,,,,,,0.0,0.0,,,0.0,,,52.4,6.1,0.11,0.05,16.9,14.3,2.06,,,,0.0,1.4,,,,,,,,,,,2330.0,,,,,,,,,,,,0.3,,7.52,8.22,0.067,,,,1.34,0.85,32.2,2.25,,,,,,,,,,,,,,,,,,,,,,,,,,,0.0,,,,,,,
22916,"Dark chocolate bar, less than 70% cocoa",dark chocolate bar less than 70 cocoa,0,19,Sweets,11,"CIQUAL, ANSES",1.0,53.7,218.0,490.0,2.0,9.03,,4.6,,,,,,0.7,38.3,,0.15,0.5,,,,120.0,10.6,0.0,,,,,,0.0,,,,0.0,,0.0,,0.0,,6.63,33.8,527.0,12.0,7.73,21.3,,0.72,,0.065,,,0.0,0.0,0.0,0.02,0.03,,1.45,0.88,,,,,,,,0.0,0.0,,,0.0,,,42.9,3.7,0.15,0.14,22.5,9.37,0.94,,,,0.0,1.2,,,,,,,,,,,2190.0,,,,,,,,,,,,0.09,,7.48,9.95,0.06,,,,1.61,0.22,22.3,0.0,,,,,,,,,,,,,,,,,,,,,,,,,,,0.0,,,,,,,
82546,"Dark chocolate bar, more than 40% cocoa, for cooking",dark chocolate bar more than 40 cocoa for cooking,0,19,Sweets,11,"CIQUAL, ANSES",,46.0,186.0,300.0,1.3,9.57,,0.0,,,,,,0.9,41.6,,0.28,0.6,,,,130.0,,,,,,,,0.0,,,,0.0,,0.0,,,,6.39,33.1,546.0,8.76,5.36,54.0,,1.44,,0.07,,,0.09,0.054,0.044,0.073,0.1,,1.73,0.93,,,,,,,,,0.0,,,,,,51.4,4.35,0.07,0.03,22.0,9.92,1.02,,,,,,,,,,,,,,,,2280.0,,,,,,,,,,,,0.32,,7.87,10.2,0.069,,,,1.99,,12.0,,,,,,,,,,,,,,,,,,,,,,,,,,,,0.0,,,,,,,
22945,"Dark chocolate bar, more than 70% cocoa",dark chocolate bar more than 70 cocoa,1,19,Sweets,11,"CIQUAL, ANSES",1.4,61.0,265.0,727.0,2.85,7.05,,5.3,,,,,,0.59,27.6,,0.0,0.87,,,,178.0,,10.0,,,,,,0.0,,,,,,,,0.27,,8.44,41.6,572.0,11.9,9.39,32.0,,0.74,,0.29,,,0.037,0.0,0.0,0.037,0.04,,2.64,1.04,,,,,,,,0.0,0.0092,,,,,,35.0,4.18,0.18,0.37,26.2,13.6,1.14,,,,0.0,1.1,,,,,,,,,,,2370.0,,,,,,,,,,,,0.17,,9.59,16.3,0.093,,,,2.39,0.26,35.0,,,,,,,,,,,,,,,,,,,,,,,,,,,,0.0,,,,,,,
237213,"Dark chocolate bar, more than 70% cocoa",dark chocolate bar more than 70 cocoa,1,19,Sweets,37,"Ciqual 2020, ANSES",1.6,62.0,280.0,750.0,3.0,13.7,17.9,4.4,,,,,,0.9,17.9,,0.5,0.49,,,,200.0,20.0,20.0,0.2,,0.2,,0.2,0.0,,,,21.0,,2.16,,0.35,,10.4,46.3,591.0,12.8,8.0,5.0,,0.67,,0.11,,,0.01,0.01,0.02,0.01,0.02,,6.07,1.33,,,,,,,,0.01,0.04,,,0.01,,0.2,26.9,11.0,0.13,0.01,28.7,14.0,1.46,,,,20.0,1.7,,,,,,,,,,,2450.0,,,,,,,,,,,,0.11,,12.0,15.8,0.09,,,,2.74,0.44,52.0,,,,,,,,,,,,,,,,,,,,,,,,,,,,,,,,,,,
22942,"Dark chocolate bar, with dried fruits (nuts, almonds, raisin, praline)",dark chocolate bar with dried fruits nuts almonds raisin praline,0,19,Sweets,11,"CIQUAL, ANSES",0.7,63.5,210.0,500.0,1.5,15.8,,,,,,,,0.51,36.3,,0.0,0.62,,,,146.0,,,,,,,,0.0,,,,0.0,,2.24,,0.0,,7.72,38.4,565.0,9.41,15.4,54.0,,3.96,,0.1,,,0.073,0.037,0.037,0.073,0.047,,0.88,2.22,,,,,,,,,0.0,,,,,,42.3,3.2,0.1,0.23,18.0,15.8,2.26,,,,2.8,1.0,,,,,,,,,,,2350.0,,,,,,,,,,,,0.17,,7.08,8.01,0.047,,,,2.11,0.5,33.5,,,,,,,,,,,,,,,,,,,,,,,,,,,,0.0,,,,,,,
48926,"Dates, dried, flesh and skin",dates dried flesh and skin,0,9,Fruits and Fruit Juices,23,McCance and Widdowson's,0.26,45.0,60.0,700.0,0.4,,0.0,0.0,,,,,,14.6,68.0,,0.0,1.8,,,,41.0,370.0,,32.6,,35.4,,0.0,0.0,0.0,,,0.0,,0.0,,0.0,,3.3,0.2,270.0,,10.0,40.0,0.0,,,0.09,,,,,,,,,0.0,,,,,,,0.0015,,,,,,,,0.0,68.0,1.3,0.07,0.19,0.1,0.1,0.0,,,,3.0,0.3,,7.0,,,,,,,,,1151.0,,,,,,,,,,,,,,,,,,,,,0.78,13.0,,,,,,,,,,,,,,,,,,,,,,,,,,,,,,,,,,,
48927,"Dates, dried, flesh and skin, weighed with stones",dates dried flesh and skin weighed with stones,0,9,Fruits and Fruit Juices,23,McCance and Widdowson's,0.22,38.0,50.0,590.0,0.3,,0.0,0.0,,,,,,12.3,57.1,,0.0,1.5,,,,34.0,310.0,,27.4,,29.7,,0.0,0.0,0.0,,,0.0,,0.0,,0.0,,2.8,0.2,227.0,,8.0,34.0,0.0,,,0.08,,,,,,,,,0.0,,,,,,,0.0013,,,,,,,,0.0,57.1,1.1,0.06,0.16,0.1,0.1,0.0,,,,3.0,0.3,,6.0,,,,,,,,,969.0,,,,,,,,,,,,,,,,,,,,,0.65,11.0,,,,,,,,,,,,,,,,,,,,,,,,,,,,,,,,,,,
48928,"Dates, raw, flesh and skin",dates raw flesh and skin,0,9,Fruits and Fruit Juices,23,McCance and Widdowson's,0.12,24.0,28.0,410.0,0.2,,0.0,0.0,,,,,,60.7,31.3,,14.0,0.7,,,,24.0,210.0,,15.1,,16.2,,0.0,0.0,0.0,,,0.0,,0.0,,0.0,,1.5,0.1,124.0,,7.0,18.0,0.0,,,0.07,,,,,,,,,0.0,,,,,,,0.0007,,,,,,,,0.0,31.3,0.3,0.06,0.12,0.0,0.0,0.0,,,,1.0,0.2,,3.0,,,,,,,,,530.0,,,,,,,,,,,,,,,,,,,,,0.21,25.0,5.6,,,,,,,,,,,,,,,,,,,,,,,,,,,,,,,,,,
180341,Datil Syrup o Jarabe de datiles,datil syrup o jarabe de datiles,0,,,19,My recipes,0.1348181818181818,30.71818181818182,22.54609090909091,253.3009090909091,0.16,,0.19272727272727275,0.0,,,,,,71.38909090909091,24.170909090909092,8.363636363636363,0.0,0.5854545454545456,,,0.14545454545454548,21.112727272727273,,,11.618181818181819,0.0,12.247272727272728,,0.10909090909090909,0.0,0.0,,,0.0,0.0,0.0,0.0,0.0,0.0,0.6581818181818182,0.05454545454545454,100.72727272727273,2.4363636363636365,1.0954545454545455,32.36363636363637,0.0,0.0,0.0,0.021818181818181816,,,,,,,,5.454545454545455,0.0,,0.03272727272727273,0.09636363636363637,0.08,0.028363636363636365,0.010545454545454547,0.0025454545454545456,,,,,,,,0.0,27.26181818181818,0.32727272727272727,0.018181818181818184,0.09054545454545455,0.0,0.0,0.0,0.015272727272727275,0.016363636363636365,0.02981818181818182,0.3181818181818182,0.10763636363636363,54.18181818181818,2.5454545454545454,3.6,0.022545454545454546,0.040363636363636365,0.021818181818181816,0.024,0.005818181818181819,0.017454545454545455,0.016727272727272726,421.44290909091023,0.0,,,,,,,,,,,,5.454545454545455,,,,,0.006181818181818182,0.019636363636363636,0.6327272727272727,0.2927272727272728,5.454545454545455,0.9818181818181819,,,,,,,,,,,,,,,,,,,,,,,,,,,0.0,,,,,,,
183107,Demi Glace,demi glace,0,6,"Soups, Sauces, and Gravies",5,My foods,,,,,,,,,,,,,,,8.0,,,,,,,,,,,,,,,,,,,,,,,,,16.0,,80.0,,400.0,,,,,,,,,,,,,,,,,,,,,,,,,,,,,,8.0,,,,,,,,,,,,,,,,,,,,,,334.72,,,,,,,,,,,,,,,,,,,,,,,,,,,,,,,,,,,,,,,,,,,,,,,,,,,,,,,,,
48933,"Dill, dried",dill dried,0,2,Spices and Herbs,23,McCance and Widdowson's,0.49,1780.0,540.0,3310.0,3.3,,14.1,4.6,,,,,,7.3,37.6,,0.0,2.8,,,,450.0,,,9.4,0.0,14.1,,0.0,,,,,0.0,,0.0,,0.0,,19.9,4.4,253.0,,210.0,,,9.27,,0.28,,,,,,,,,0.0,,,,,,,,,,,,,,,0.0,42.2,48.8,0.42,1.46,,,,,,,,3.9,,5545.0,,,,,,,,,1057.0,,,,,,,,,,,,,,,,,,,,,,0.0,,,,,,,,,,,,,,,,,,,,,,,,,,,,,,,,,,,
48934,"Dill, fresh",dill fresh,0,2,Spices and Herbs,23,McCance and Widdowson's,,340.0,85.0,750.0,1.8,,0.3,0.1,,,,,,83.9,0.8,,86.0,2.1,,,,44.0,,,0.2,0.0,0.3,,0.0,,,,,0.0,,0.0,,0.0,,3.7,0.8,25.0,,26.0,,,1.7,,0.58,,,,,,,,,0.0,,,,,,,,,,,,,,,0.0,0.9,3.2,0.18,,,,,,,,2.0,,,1015.0,,,,,,,,,107.0,,,,,,,,,,,,,,,,,,,,,,36.0,,,,,,,,,,,,,,,,,,,,,,,,,,,,,,,,,,,
48935,"Dips, sour-cream based, assorted flavours",dips sour cream based assorted flavours,0,6,"Soups, Sauces, and Gravies",23,McCance and Widdowson's,0.98,72.0,79.0,130.0,0.9,,0.4,0.0,,,,,,54.1,2.0,,,,,,,10.0,,,0.7,0.0,0.9,,0.0,0.0,,,,,,,,0.0,,2.9,37.0,360.0,,330.0,,,,,,,,,,,,,,60.0,,,,,,,,,,,,,,,0.0,4.0,0.4,,,,,,,,,0.0,0.1,,,,,,,,,,,1482.0,,,,,,,,,,,,,,,,,,,,,,,,,,,,,,,,,,,,,,,,,,,,,,,,,,,,,,,,,
48936,"Dips, sour-cream based, reduced fat",dips sour cream based reduced fat,0,6,"Soups, Sauces, and Gravies",23,McCance and Widdowson's,1.32,97.0,106.0,175.0,1.2,,0.0,4.0,,,,,,74.0,3.4,,,,,,,13.0,230.0,,,,,,0.0,0.0,,,,,,,,0.0,,3.9,15.2,180.0,0.1,150.0,,,,,,,,,,,,,,,,,,,,,,,,,,,,,,7.3,0.54,,,4.4,,,,,,0.0,0.13,,,,,,,,,,,746.0,,,,,,,,,,,,,,,,,,,,,,,,,,,,,,,,,,,,,,,,,,,,,,,,,,,,,,,,,
154518,Dirollo mozzarella,dirollo mozzarella,0,1,Dairy and Egg Products,5,My foods,,215.0,,,,,,,,,,,,,0.4,,,,,,,,,,,,,,,,,,,,,,,,,20.0,8.5,158.0,,5.0,,,,,,,,,,,,,,,,,,,,,,,,,,,,,,0.4,,,,5.5,,,,,,,,,,,,,,,,,,661.072,,,,,,,,,,,,,,,,,,,,,,,,,,,,,,,,,,,,,,,,,,,,,,,,,,,,,,,,,
816,Doce de morango,doce de morango,0,19,Sweets,1,"TCA, INSA 2015",,21.0,19.0,102.0,0.1,,,0.0,,,,,,38.0,60.5,,0.0,0.0,,,,9.0,,,,,,,,0.0,0.0,,,0.0,,0.0,,0.0,0.0,0.2,0.0,227.980249632,1.0,15.0,0.0,,0.0,,0.0,,,,,,,,,0.0,,,,,,,0.0,,,,,,,,,60.5,1.7,0.0,0.0,0.0,0.0,0.0,,,,,,,0.0,,,,,,,,,953.869364460288,,,,,,,,,,,,,,,,,,,,0.29,,,,,0.0,,,,,,,,,,,,,,,,,,,,,,,,,,,,,,,,
381,Dourada grelhada,dourada grelhada,1,15,Finfish and Shellfish Products,1,"TCA, INSA 2015",,65.0,322.0,494.0,1.0,,,0.0,,,,,,65.4,0.0,,0.0,4.4,,,,35.0,,,,,,,,0.0,0.0,,,8.999999999999998,,7.9,,4.2,29.0,22.3,9.9,178.273863968,0.0,649.0,0.0,,0.16,,0.12,,,,,,,,,97.0,,,,,,,0.0042,,,,,,,,,0.0,0.5,0.23,0.28,1.9,3.2,3.3,,,,,,,9.0,,,,,,,,,745.897846842112,,,,,,,,,,,,,,,,,,,,2.3,,,,,1.0,,,,,,,,,,,,,,,,,,,,,,,,,,,,,,,,
208626,Dourada grelhada,dourada grelhada,1,15,Finfish and Shellfish Products,33,"TCA, INSA 2019",,65.0,320.0,490.0,1.0,,,0.0,,,,,,65.4,0.0,,0.0,4.4,,,,35.0,,,,,,,,0.0,0.0,,,,,7.9,,4.2,,22.3,9.9,178.0,0.0,650.0,0.0,,0.16,,0.12,,,,,,,,,97.0,,,,,,,4.2,,,,,,,,,0.0,0.5,0.23,0.28,1.9,3.2,3.3,,,,,,,9.0,,,,,,,,,745.0,,,,,,,,,,,,,,,,,,,,2.3,,29.0,,,,,,,,,,,,,,,,,,,,,,,,,,,,,,,,,,,
426514,Dragoncello,dragoncello,0,2,Spices and Herbs,5,My foods,,,,,,,,,,,,,,,,,,,,,,,,,,,,,,,,,,,,,,,,22.77,7.24,,7.4,62.0,,,,,,,,,,,,,,,,,,,,,,,,,,,,,,50.22,,,,,,,,,,,,,,,,,,,,,,,,,,,,,,,,,,,,,,,,,,,,,,,,,,,,,,,,,,,,,,,,,,,,,,,,,,,,,,,
48944,"Dressing, French",dressing french,0,6,"Soups, Sauces, and Gravies",23,McCance and Widdowson's,,,,,,,,5.0,9.01,,,,,55.3,6.7,,0.0,0.0,,,,,,,,,,0.0,0.0,0.0,,,,0.0,,0.0,,0.0,,0.3,32.2,335.0,0.5,600.0,,,,,0.0,,,0.0,0.0,0.0,0.02,0.05,,0.0,,,,,,,0.0,,,0.0,,,0.0,0.0,0.0,11.7,,0.0,0.0,,,,,,,,,,0.0,,,,,,,,,1384.0,,0.0,0.0,,0.03,0.06,0.0,,,,,0.23,,4.99,2.6,,,,,,0.0,0.0,,,27.25,10.51,0.0,0.0,0.92,0.0,0.0,0.0,,,,,,,,,,,,,,,,,,,,,,,,,
48945,"Dressing, French, fat free",dressing french fat free,0,6,"Soups, Sauces, and Gravies",23,McCance and Widdowson's,,,,,,,,0.1,,,,,,,8.6,,0.0,0.0,,,,,,,,,,0.0,0.0,0.0,0.0,,,0.0,,0.0,,0.0,,0.1,0.0,33.0,0.5,1190.0,,,,,0.0,,,,,,,,,0.0,,,,,,,0.0,,,,,,,,0.0,8.7,,0.0,0.0,0.0,0.0,0.0,,,,,,,0.0,,,,,,,,,141.0,,,,,,,,,,,,,,,,,,,,,0.0,0.0,,,,,,,,,,,,,,,,,,,,,,,,,,,,,,,,,,,
48947,"Dressing, oil and lemon, homemade",dressing oil and lemon homemade,0,6,"Soups, Sauces, and Gravies",23,McCance and Widdowson's,0.02,5.0,3.0,39.0,0.0,,3.1,0.0,,,,,,22.1,3.4,,9.0,0.0,,,,3.0,2.0,,0.2,,0.1,0.1,0.0,,0.0,,,0.0,,0.0,,0.0,,0.1,72.4,652.0,0.1,0.0,,,,,0.0,,,,,,,,,0.0,,,,,,,0.0,,,,,,,,0.0,3.4,0.17,0.01,0.01,4.79,42.97,21.24,,,,0.0,0.06,,1.0,,,,,,,,,2683.0,,,,,,,,,,,,,,,,,,,,,0.03,3.0,,,,,,,,,,,,,,,,,,,,,,,,,,,,,,,,,,,
48950,Dried mixed fruit,dried mixed fruit,0,9,Fruits and Fruit Juices,23,McCance and Widdowson's,0.47,73.0,73.0,880.0,0.4,,0.8,0.0,,,,,,15.5,68.1,,0.0,0.7,,,,29.0,13.0,,31.6,,33.3,3.9,2.3,0.0,0.0,,,0.0,,0.0,,0.0,,2.3,0.4,268.0,,48.0,9.0,0.0,,,0.05,,,,,,,,,0.0,,,,,,,0.0002,,,,,,,,0.0,68.1,2.2,0.1,0.22,,,,,,,,0.4,,1.0,,,,,,,,,1144.0,,,,,,,,,,,,,,,,,,,,,0.09,15.0,,,,,,,,,,,,,,,,,,,,,,,,,,,,,,,,,,,
23294,"Dried pasta, wholemeal, cooked, unsalted",dried pasta wholemeal cooked unsalted,0,20,Cereal Grains and Pasta,11,"CIQUAL, ANSES",0.19,22.0,110.0,65.0,0.99,0.075,,21.6,,,,,,67.5,0.6,,0.0,0.16,,,,36.0,11.5,0.0,,,,,,0.0,,,,0.0,,0.0,,0.021,,4.55,0.9,128.0,3.3,0.0,0.0,,0.0,,0.021,,,0.0,0.0,0.0,0.0,0.0,,0.0,0.2,,,,,,,,0.0,0.0,,,0.0,,,23.4,0.98,0.07,0.032,0.099,0.075,0.21,,,,0.0,0.76,,,,,,,,,,,541.0,,,,,,,,,,,,0.0,,0.093,0.0062,0.012,,,,0.34,0.19,10.5,0.0,,,,,,,,,,,,,,,,,,,,,,,,,,,0.0,,,,,,,
48951,"Drinking chocolate powder, made up with semi-skimmed milk",drinking chocolate powder made up with semi skimmed milk,0,14,Beverages,23,McCance and Widdowson's,0.3,114.0,102.0,184.0,0.9,,6.4,0.0,,,,,,82.2,10.7,,1.0,0.2,,,,21.0,89.0,42.0,0.0,,0.0,3.4,0.0,0.0,0.06,,,17.0,,0.0,,0.7,,3.7,2.0,74.0,,58.0,,,0.06,,0.2,,,,,,,,,5.4,,,,,,,0.0007,,,,,,,,4.3,10.9,0.31,0.03,0.05,1.26,0.52,0.02,,,,,0.08,,,,,,,,,,,311.0,,,,,,,,,,,,,,,,,,,,,0.59,7.0,,,,,,,,,,,,,,,,,,,,,,,,,,,,,,,,,,,
48954,"Drinking chocolate, powder",drinking chocolate powder,0,14,Beverages,23,McCance and Widdowson's,3.69,39.0,193.0,495.0,5.6,,77.7,0.0,1.36,0.09,,,,2.1,77.7,,0.0,0.6,0.0,,,132.0,107.0,165.0,0.0,0.0,0.0,9.0,0.0,0.0,0.0,,,0.0,,0.0,,0.0,,6.4,5.8,377.0,,228.0,0.0,0.0,0.41,,0.06,,,0.0,0.0,0.0,0.0,0.0,,0.0,,,,,,,0.0012,,,,,,0.0,,0.0,79.7,3.5,0.02,0.01,3.41,1.81,0.29,,,,,1.0,,,,,,,,,,,1598.0,,0.06,0.01,,0.0,0.01,0.0,,,,,0.0,,1.39,1.94,,,,,,0.3,7.0,,,0.28,1.8,0.0,0.0,0.02,0.0,0.0,0.0,,,8.6,1.3,2.9,,,,,,,,,,,,,,,,,,,,
81129,"Early potato, boiled/cooked in water, peeled",early potato boiled cooked in water peeled,0,11,Vegetables and Vegetable Products,11,"CIQUAL, ANSES",0.17,,,291.0,0.34,,,14.9,,,,,,79.9,,,18.9,,,,,19.7,,,,,,,,0.0,,,,,,,,,,1.84,0.0,71.6,2.13,,,,,,,,,,,,,,,,,,,,,,,,,,,,,,,14.9,0.7,,0.21,,,,,,,,,,,,,,,,,,,303.0,,,,,,,,,,,,,,,,,,,,1.2,,53.8,,,,,,,,,,,,,,,,,,,,,,,,,,,,0.0,,,,,,,
4560,"Edamame, frozen, prepared",edamame frozen prepared,0,11,Vegetables and Vegetable Products,0,"USDA, 2018",0.345,63.0,169.0,436.0,1.37,1.265,1.12,1.51,5.88,3.57,0.0,0.0,0.0,72.77,2.18,1619.0,6.1,0.915,0.06,,4.5,64.0,,,0.12,0.0,0.0,,0.95,0.0,0.009,0.0,0.0,0.0,0.0,0.0,8.0,0.0,0.0,11.91,5.2,121.0,5.2,6.0,175.0,0.0,0.68,0.0,0.155,0.0,0.0,0.0,0.0,0.0,0.0,0.0,311.0,0.0,1.792,0.434,2.02,1.348,0.446,0.267,0.126,0.001,0.0,0.0,0.0,0.009,0.003,0.0,0.0,8.91,2.27,0.2,0.1,0.62,1.282,2.156,0.331,0.3,0.745,0.8,1.024,298.0,15.0,56.3,0.665,0.686,0.724,0.324,0.336,0.488,0.124,507.0,0.0,0.011,0.013,0.0,0.0,0.003,0.007,0.002,0.003,0.0,0.0,0.004,311.0,0.437,0.144,0.358,0.004,0.141,0.745,1.21,0.395,311.0,26.7,0.02,1.789,1.261,,0.0,0.358,0.0,0.0,,,,,,,,,0.001,0.004,0.0,0.0,0.0,0.004,0.005,0.004,0.0,0.004,,,0.0,,0.0,,,
21722,"Egg, quail, whole, raw",egg quail whole raw,0,1,Dairy and Egg Products,9,"BEDCA, UGR",6.2e-05,64.0,226.0,132.0,1.47,,,,,,,,,75.4,,,0.0,,,,,13.0,,,,,,,,,,,,,,,,1.58,,13.1,11.1,153.01,0.0,141.0,,,0.74,,0.79,,,,,,,,,844.0,,,,,,,,,,,,,,,,0.4,3.65,0.13,,3.6,4.3,1.3,,,,32.0,0.04,,90.0,,,,,,,,,640.2,,,,,,,,,,,,,,,,,,,,,1.76,,,,,,,,,,,,,,,,,,,,,,,,,,,,,,,,,,,,
22526,"Egg, raw",egg raw,0,1,Dairy and Egg Products,11,"CIQUAL, ANSES",0.055,76.8,204.0,134.0,1.01,3.51,,0.0,,,,,,76.3,0.27,,0.0,0.063,,,,11.0,,21.0,,,,,,0.0,,,,182.0,,1.88,,1.45,,12.7,9.83,140.0,0.0,124.0,0.0,,1.43,,0.45,,,0.0,0.0,0.0,0.0,0.0,,398.0,1.38,,,,,,,,0.12,0.09,,,0.0,,,0.27,1.88,0.055,0.15,2.64,3.66,1.65,,,,0.0,0.027,,,,,,,,,,,584.0,,,,,,,,,,,,0.024,,1.96,0.65,0.061,,,,0.96,1.57,34.0,0.3,,,,,,,,,,,,,,,,,,,,,,,,,,,0.0,,,,,,,
1672,"Egg, white, raw, fresh",egg white raw fresh,0,1,Dairy and Egg Products,0,"USDA, 2018",0.023,7.0,15.0,163.0,0.03,0.0,0.07,,,,,,,87.57,0.71,0.0,0.0,0.105,,,0.3,11.0,,,0.07,0.07,0.34,,0.07,0.0,,0.0,0.0,0.0,0.0,0.0,0.0,0.09,0.0,10.9,0.17,52.0,0.0,166.0,0.0,0.0,0.0,0.0,0.439,0.0,0.0,0.0,0.0,0.0,0.0,0.0,4.0,0.0,0.0,0.413,1.55,1.22,0.704,0.29,0.125,0.0,0.0,0.0,0.0,0.0,0.0,0.0,0.07,0.73,0.08,0.004,0.005,0.0,0.0,0.0,0.449,0.661,1.016,20.0,0.011,0.0,0.0,1.1,0.798,0.435,0.648,0.809,0.457,0.686,0.287,216.0,0.0,,,,,,,,,,,0.0,4.0,0.0,0.0,0.0,0.0,0.399,0.806,0.63,0.19,4.0,0.0,,,,,,,,,,,,,,,,,,,,,,,,,,,,,,,,,,
1710,"Egg, white, raw, frozen, pasteurized",egg white raw frozen pasteurized,0,1,Dairy and Egg Products,0,"USDA, 2018",0.032,8.0,13.0,169.0,0.07,0.009,0.0,,,,,,,88.17,0.25,20.0,0.0,0.093,,,,11.0,,,0.0,0.0,0.25,,0.0,0.0,0.0,0.0,0.0,0.0,0.0,0.0,0.0,0.03,0.0,10.2,0.04,48.0,0.0,169.0,0.0,0.0,0.0,0.0,0.423,0.0,0.0,0.0,0.0,0.0,0.0,0.0,10.0,0.0,0.004,0.391,1.48,1.159,0.658,0.263,0.176,0.0,0.0,0.0,0.0,0.0,0.0,0.0,0.0,1.04,0.04,0.023,0.005,0.008,0.009,0.004,0.453,0.559,0.936,9.2,0.007,0.0,0.0,2.5,0.797,0.409,0.625,0.73,0.446,0.658,0.288,202.0,,0.0,0.0,0.0,0.0,0.0,0.0,0.0,0.0,0.0,0.0,0.0,10.0,0.006,0.003,0.0,0.0,0.396,0.76,0.6,0.147,10.0,0.0,,0.0,,0.0,,0.0,0.0,,,0.0,,,,,0.0,,,,,,,0.0,0.0,,,,,,,,,0.0,0.0,
1677,"Egg, whole, cooked, hard-boiled",egg whole cooked hard boiled,0,1,Dairy and Egg Products,0,"USDA, 2018",0.013,50.0,172.0,126.0,1.05,3.725,,,,,,,,74.62,1.12,353.0,0.0,0.064,,4.8,0.6,10.0,,,,,,,,0.0,,0.0,0.0,148.0,87.0,2.2,10.0,1.11,0.0,12.58,10.61,155.0,0.0,124.0,11.0,0.0,1.03,0.0,0.513,0.0,0.0,0.0,0.0,0.003,0.003,0.003,44.0,373.0,1.188,0.423,1.644,1.264,0.7,0.298,0.153,0.003,0.149,0.038,0.0,0.03,0.005,0.0,,1.12,1.19,0.066,0.121,3.267,4.077,1.414,0.604,0.686,1.075,30.8,0.026,520.0,149.0,293.8,0.936,0.501,0.755,0.767,0.513,0.668,0.292,649.0,,,,,,,,,,,,0.035,44.0,2.349,0.828,0.035,0.31,0.392,0.904,1.08,1.398,44.0,0.3,,,,,,,,,,,,,,,2.2,,,,,,,,,,,,,,,,,,,
1678,"Egg, whole, cooked, omelet",egg whole cooked omelet,0,1,Dairy and Egg Products,0,"USDA, 2018",0.063,48.0,167.0,117.0,1.09,4.626,0.0,,2.41,0.74,0.0,0.01,0.0,76.13,0.31,423.0,0.0,0.064,0.03,21.2,0.2,11.0,,,0.0,0.0,0.31,,0.0,0.0,0.709,0.0,0.0,169.0,69.0,1.7,8.0,0.76,0.0,10.57,11.66,154.0,0.0,155.0,28.0,0.0,1.29,0.0,0.386,0.0,0.0,0.003,0.0,0.003,0.005,0.0,39.0,313.0,2.319,0.363,1.407,1.117,0.618,0.26,0.14,0.0,0.158,0.049,0.0,0.029,0.0,0.006,0.0,0.64,1.48,0.034,0.143,3.319,4.843,2.712,0.467,0.565,0.913,25.8,0.024,617.0,172.0,247.6,0.817,0.431,0.69,0.722,0.42,0.572,0.229,643.0,0.1,0.014,0.009,0.006,0.008,0.021,0.004,0.015,0.012,0.02,0.0,0.03,39.0,2.259,0.963,0.133,0.171,0.319,0.767,1.01,1.289,39.0,4.5,0.05,,,,0.0,,,,,,,,,,1.7,10.0,,,,0.011,,,,,,,,,,,,,,
1679,"Egg, whole, cooked, poached",egg whole cooked poached,0,1,Dairy and Egg Products,0,"USDA, 2018",0.072,56.0,197.0,138.0,1.29,3.397,0.0,,0.5,0.06,0.0,0.01,0.0,75.85,0.37,501.0,0.0,0.063,0.01,1.1,0.3,12.0,,,0.0,0.0,0.37,,0.0,0.0,0.038,0.0,0.0,159.0,82.0,2.0,9.0,0.71,0.0,12.51,9.47,143.0,0.0,297.0,0.0,0.0,1.04,0.0,0.387,0.0,0.0,0.004,0.0,0.004,0.006,0.0,35.0,370.0,1.549,0.43,1.667,1.323,0.732,0.308,0.166,0.0,0.188,0.058,0.0,0.027,0.0,0.007,0.0,0.71,1.75,0.032,0.144,3.113,3.643,1.904,0.553,0.669,1.082,30.6,0.028,538.0,160.0,234.1,0.967,0.51,0.817,0.855,0.497,0.677,0.271,597.0,0.1,0.003,0.004,0.007,0.008,0.021,0.0,0.018,0.012,0.023,0.0,0.033,35.0,2.222,0.808,0.048,0.2,0.378,0.909,1.46,1.527,35.0,0.3,0.06,,,,0.0,,,,,,,,,,2.0,0.0,,,,0.013,,,,,,,,,,,,,,
1680,"Egg, whole, cooked, scrambled",egg whole cooked scrambled,0,1,Dairy and Egg Products,0,"USDA, 2018",0.059,66.0,165.0,132.0,1.04,4.25,0.0,,2.12,0.65,0.0,0.01,0.0,76.4,1.39,372.0,0.0,0.076,0.03,0.8,0.3,11.0,,,0.0,0.0,0.28,,0.0,0.0,0.624,0.0,0.0,159.0,72.0,1.8,7.0,0.76,0.0,9.99,10.98,149.0,0.0,145.0,26.0,0.0,1.15,0.0,0.376,0.0,0.0,0.019,0.016,0.019,0.021,0.017,36.0,277.0,2.067,0.335,1.378,1.034,0.566,0.245,0.139,0.0,0.139,0.043,0.0,0.025,0.0,0.005,1.11,1.61,1.31,0.04,0.134,3.331,4.441,2.429,0.442,0.532,0.861,23.5,0.022,578.0,161.0,221.0,0.742,0.453,0.623,0.676,0.402,0.535,0.205,621.0,0.1,0.013,0.008,0.005,0.007,0.019,0.003,0.013,0.01,0.017,0.0,0.092,36.0,2.17,0.927,0.134,0.15,0.297,0.705,1.01,1.217,36.0,4.0,0.04,,,,0.0,,,,,,,,,,1.8,10.0,,,,0.01,,,,,,,,0.0,,,0.2,,,
1671,"Egg, whole, raw, fresh",egg whole raw fresh,0,1,Dairy and Egg Products,0,"USDA, 2018",0.072,56.0,198.0,138.0,1.29,3.411,0.0,,0.5,0.06,0.0,0.01,0.0,76.15,0.37,503.0,0.0,0.075,0.01,1.1,0.3,12.0,,,0.0,0.0,0.37,,0.0,0.0,0.038,0.0,0.0,160.0,82.0,2.0,9.0,0.89,0.0,12.56,9.51,143.0,0.0,142.0,0.0,0.0,1.05,0.0,0.457,0.0,0.0,0.004,0.0,0.004,0.006,0.0,47.0,372.0,1.555,0.432,1.673,1.329,0.735,0.309,0.167,0.0,0.188,0.058,0.0,0.027,0.0,0.007,0.0,0.72,1.75,0.04,0.17,3.126,3.658,1.911,0.556,0.671,1.086,30.7,0.028,540.0,160.0,293.8,0.971,0.512,0.82,0.858,0.499,0.68,0.272,599.0,0.1,0.003,0.004,0.007,0.008,0.022,0.0,0.018,0.012,0.023,0.0,0.033,47.0,2.231,0.811,0.048,0.201,0.38,0.912,1.06,1.533,47.0,0.3,0.06,1.531,3.388,0.0,0.0,0.036,0.012,0.022,,,,,,,2.0,,0.0,0.023,0.003,0.013,0.001,0.012,0.026,0.198,0.012,0.012,,,,,,,,
1709,"Egg, whole, raw, frozen, pasteurized",egg whole raw frozen pasteurized,0,,,0,"USDA, 2018",0.053,62.0,193.0,135.0,1.32,3.648,0.0,,,,,,,75.81,0.25,471.0,0.0,0.103,,,,9.0,,,0.0,0.0,0.25,,0.0,0.0,0.054,0.0,0.0,171.0,105.0,2.6,9.0,1.16,0.0,12.33,9.95,147.0,0.0,128.0,0.0,0.0,0.72,0.0,0.523,0.0,0.0,0.0,0.0,0.0,0.0,0.0,87.0,372.0,1.564,0.432,1.649,1.302,0.72,0.322,0.192,0.0,0.181,0.049,0.009,0.022,0.0,0.022,0.0,1.01,1.74,0.067,0.188,3.382,3.905,1.892,0.555,0.661,1.11,37.2,0.032,570.0,171.0,268.3,0.983,0.497,0.812,0.816,0.535,0.675,0.288,616.0,,0.0,0.0,0.022,0.022,0.022,0.0,0.022,0.01,0.0,0.0,0.032,87.0,2.435,0.87,0.054,0.213,0.4,0.929,0.91,1.57,87.0,0.3,,1.542,3.617,0.0,,0.032,0.022,,,0.0,,,,,2.6,,,0.032,,,,0.022,0.032,,,,,,,,,0.0,0.022,
1674,"Egg, yolk, raw, frozen, pasteurized",egg yolk raw frozen pasteurized,0,1,Dairy and Egg Products,0,"USDA, 2018",0.024,134.0,420.0,121.0,3.17,9.331,0.0,,,,,,,56.44,0.16,904.0,0.0,0.031,,,,11.0,,,0.0,0.0,0.16,,0.0,0.0,0.098,0.0,0.0,419.0,238.0,6.0,32.0,1.9,0.0,15.53,25.6,296.0,0.0,67.0,10.0,36.0,2.24,0.0,0.563,0.0,0.0,0.0,0.0,0.0,0.0,0.0,151.0,991.0,4.009,0.476,1.942,1.503,0.811,0.399,0.223,0.0,0.49,0.135,0.036,0.058,0.0,0.022,0.0,0.81,4.55,0.223,0.412,8.615,9.956,4.827,0.706,0.78,1.351,56.4,0.078,1469.0,422.0,639.3,1.301,0.615,1.091,0.908,0.682,0.689,0.274,1238.0,,0.003,0.0,0.022,0.022,0.051,0.0,0.047,0.0,0.0,0.0,0.083,151.0,6.211,2.249,0.124,0.545,0.375,1.182,1.62,3.437,151.0,0.7,,3.98,9.261,0.0,,0.093,0.031,,,0.0,,,,,6.0,,,0.069,,,,0.029,0.069,,,,,,,,,0.0,0.029,
21637,"Egg,chicken, white, raw",egg chicken white raw,0,1,Dairy and Egg Products,9,"BEDCA, UGR",1e-05,6.0,15.0,142.0,0.02,,,0.0,,,,,,88.0,0.3,,0.0,0.09,,,,10.0,,,,,,,,0.0,,,,0.0,,0.0,,0.1,,10.5,0.1,44.77,0.0,160.0,0.0,,0.0,,0.44,,,,,,,,,0.0,,,,,,,,,,,,,,,,0.3,0.07,,0.01,,,,,,,,0.0,,0.0,,,,,,,,,187.3,,,,,,,,,,,,,,,,,,,,,0.12,12.0,,,,,,,,,,,,,,,,,,,,,,,,,,,,,,,,,,,
22385,"Eggplant, cooked",eggplant cooked,0,11,Vegetables and Vegetable Products,11,"CIQUAL, ANSES",0.058,20.1,15.0,123.0,0.098,0.012,,,,,,,,89.7,3.41,,1.3,0.6,,,,15.0,,1.0,,,,,,0.0,,,,0.0,,0.0,,0.0,,1.23,0.28,32.7,4.3,5.95,22.0,,0.41,,0.02,,,0.0,0.0,0.0,0.0,0.0,,0.0,0.12,,,,,,,,0.0,0.0,,,0.0,,,4.17,0.25,0.076,0.086,0.052,0.07,0.12,,,,0.0,0.12,,,,,,,,,,,136.0,,,,,,,,,,,,0.001,,0.032,0.012,0.0,,,,0.67,0.075,14.0,2.9,,,,,,,,,,,,,,,,,,,,,,,,,,,1.23,,,,,,,
4994,"Eggplant, cooked, boiled, drained, with salt",eggplant cooked boiled drained with salt,0,11,Vegetables and Vegetable Products,0,"USDA, 2018",0.059,6.0,15.0,123.0,0.12,0.018,,,,,,,,89.67,3.2,0.0,1.3,0.6,,,,11.0,,,,,,,,,0.0,,,0.0,0.0,0.0,0.0,0.0,0.0,0.83,0.23,33.0,2.5,239.0,22.0,0.0,0.41,0.0,0.02,0.0,0.0,,,,,,14.0,0.0,0.078,0.033,0.152,0.134,0.042,0.019,0.008,,,,,,,,,8.14,0.25,0.076,0.086,0.044,0.02,0.093,0.03,0.036,0.052,0.1,0.113,37.0,2.0,9.4,0.034,0.034,0.046,0.043,0.022,0.035,0.004,138.072,,,,,,,,,,,,0.001,14.0,0.032,0.012,0.015,0.002,0.009,0.039,1.13,0.075,14.0,2.9,,,,,,,,,,,,,,,,,,,,,,,,,,,,,,,,,,
4558,"Eggplant, cooked, boiled, drained, without salt",eggplant cooked boiled drained without salt,0,11,Vegetables and Vegetable Products,0,"USDA, 2018",0.059,6.0,15.0,123.0,0.12,0.018,,,,,,,,89.67,3.2,0.0,1.3,0.6,,,,11.0,,,,,,,,0.0,0.0,0.0,0.0,0.0,0.0,0.0,0.0,0.0,0.0,0.83,0.23,35.0,2.5,1.0,22.0,0.0,0.41,0.0,0.02,0.0,0.0,0.0,0.0,0.0,0.0,0.0,14.0,0.0,0.078,0.033,0.152,0.134,0.042,0.019,0.008,0.0,0.0,0.0,0.0,0.0,0.0,0.0,,8.73,0.25,0.076,0.086,0.044,0.02,0.093,0.03,0.036,0.052,0.1,0.113,37.0,2.0,9.4,0.034,0.034,0.046,0.043,0.022,0.035,0.004,147.0,,,,,,,,,,,,0.001,14.0,0.032,0.012,0.015,0.002,0.009,0.039,0.54,0.075,14.0,2.9,,,,,,,,,,,,,,,,,,,,,,,,,,,,,,,,,,
4557,"Eggplant, raw",eggplant raw,1,11,Vegetables and Vegetable Products,0,"USDA, 2018",0.081,9.0,24.0,229.0,0.16,0.014,0.26,,,,,,,92.3,3.53,36.0,2.2,0.649,,,,14.0,,,1.54,,1.58,,,0.0,0.0,0.0,0.0,0.0,0.0,0.0,0.0,0.0,0.0,0.98,0.18,25.0,3.0,2.0,14.0,0.0,0.3,0.0,0.037,0.0,0.0,0.0,0.0,0.0,0.0,0.0,22.0,0.0,0.063,0.041,0.186,0.164,0.051,0.023,0.009,0.0,0.0,0.0,0.0,0.0,0.0,0.0,,5.88,0.23,0.039,0.084,0.034,0.016,0.076,0.037,0.045,0.064,0.3,0.232,23.0,1.0,6.9,0.042,0.043,0.057,0.053,0.027,0.043,0.006,104.6,,,,,,,,,,,,0.0,22.0,0.025,0.009,0.013,0.002,0.011,0.047,0.66,0.281,22.0,3.5,,,,,,,,,,,,,,,,7.0,,,,,,,,,,,,,,,,,,
48980,"Eggs, chicken, scrambled, with semi-skimmed milk",eggs chicken scrambled with semi skimmed milk,0,22,"Meals, Entrees, and Side Dishes",23,McCance and Widdowson's,0.05,58.0,164.0,150.0,1.0,,0.0,0.0,,,,,,65.1,0.7,,0.0,0.1,,,,13.0,345.0,51.0,0.0,0.0,0.0,16.5,0.0,0.0,0.49,,,264.0,,2.8,,2.4,,11.0,21.2,237.0,0.1,253.0,,,1.38,,0.37,,,,,,,,,324.8,,,,,,,0.0029,,,,,,,,0.7,0.7,1.46,0.07,0.1,10.82,6.34,1.66,,,,19.0,0.08,,282.0,,,,,,,,,981.0,,,,,,,,,,,,,,,,,,,,,1.03,28.0,,,,,,,,,,,,,,,,,,,,,,,,,,,,,,,,,,,
48981,"Eggs, chicken, white, boiled",eggs chicken white boiled,0,1,Dairy and Egg Products,23,McCance and Widdowson's,0.04,8.0,13.0,123.0,0.1,,0.0,0.0,,,,,,85.8,0.0,,0.0,0.1,,,,12.0,164.0,4.0,0.0,0.0,0.0,3.2,0.0,,0.0,,,0.0,,0.0,,0.5,,13.0,0.0,52.0,0.0,151.0,,,0.0,,0.2,,,,,,,,,0.0,,,,,,,0.004,,,,,,,,0.0,0.0,0.05,0.03,0.03,0.0,0.0,0.0,,,,11.0,0.0,,0.0,,,,,,,,,221.0,,,,,,,,,,,,,,,,,,,,,0.22,4.0,,,,,,,,,,,,,,,,,,,,,,,,,,,,,,,,,,,
48983,"Eggs, chicken, white, raw",eggs chicken white raw,0,1,Dairy and Egg Products,23,McCance and Widdowson's,0.02,6.0,12.0,149.0,0.0,,0.0,0.0,,,,,,87.3,0.0,,0.0,0.0,,,,12.0,159.0,4.0,0.0,0.0,0.0,5.6,0.0,,0.0,,,0.0,,0.0,,0.3,,10.8,0.0,43.0,0.0,185.0,,,0.0,,0.42,,,,,,,,,0.0,,,,,,,0.0028,,,,,,,,0.0,0.0,0.01,0.02,0.04,0.0,0.0,0.0,,,,8.0,0.0,,0.0,,,,,,,,,184.0,,,,,,,,,,,,,,,,,,,,,0.28,10.0,,,,,,,,,,,,,,,,,,,,,,,,,,,,,,,,,,,
48984,"Eggs, chicken, whole, boiled",eggs chicken whole boiled,0,1,Dairy and Egg Products,23,McCance and Widdowson's,0.07,55.0,205.0,141.0,1.3,3.43,0.0,0.0,0.42,0.0,,0.0,,75.4,0.0,97.0,0.0,0.1,0.03,,,14.0,179.0,52.0,0.0,0.0,0.0,16.7,0.0,,0.01,,,120.0,,3.2,0.0,2.0,,14.1,9.6,143.0,0.0,150.0,0.0,0.0,1.63,0.0,0.47,,,0.0,0.0,0.0,0.0,0.0,,360.0,1.2,,,,,,0.0036,0.0,0.14,0.06,0.01,0.02,0.0,0.01,0.0,0.0,1.97,0.08,0.1,2.7,3.69,1.51,,,,27.0,0.04,,120.0,,,,,,,,,595.0,,0.0,0.0,0.01,0.01,0.09,0.0,0.0,0.0,0.01,0.0,0.03,,1.93,0.65,0.05,0.23,,,,1.25,30.0,0.0,0.05,1.19,3.41,0.0,0.0,0.05,0.01,0.01,0.14,,,,,,2.3,,,,,0.01,,,,,,,,0.0,,,,,,
48986,"Eggs, chicken, whole, fried in sunflower oil",eggs chicken whole fried in sunflower oil,0,1,Dairy and Egg Products,23,McCance and Widdowson's,0.06,53.0,209.0,164.0,1.3,5.11,0.0,0.0,0.38,0.0,,0.06,,68.0,0.0,105.0,0.0,0.1,0.17,,,14.0,188.0,58.0,0.0,0.0,0.0,18.2,0.0,,0.02,,,190.0,,1.9,0.0,1.0,,14.7,15.7,200.0,0.0,172.0,0.0,0.0,3.84,0.0,0.46,,,0.0,0.0,0.0,0.0,0.0,,371.0,3.87,,,,,,0.0035,0.0,0.14,0.06,0.01,0.03,0.0,0.01,0.0,0.0,2.03,0.06,0.12,3.35,5.39,4.21,,,,27.0,0.03,,190.0,,,,,,,,,831.0,,0.01,0.03,0.01,0.01,0.09,0.01,0.0,0.0,0.01,0.0,0.03,,2.32,0.84,0.06,0.24,,,,1.22,25.0,0.0,0.05,3.86,5.09,0.0,0.0,0.06,0.01,0.01,0.14,,,,,,1.4,,,,,0.01,,,,,,,,0.0,,,,,,
48987,"Eggs, chicken, whole, fried, without fat",eggs chicken whole fried without fat,0,1,Dairy and Egg Products,23,McCance and Widdowson's,0.06,59.0,227.0,184.0,1.4,,0.0,0.0,,,,,,70.6,0.0,,0.0,0.1,,,,16.0,229.0,64.0,0.0,,0.0,24.8,0.0,,0.01,,,160.0,,4.0,,3.4,,16.0,11.4,167.0,0.0,195.0,,,1.64,,0.51,,,,,,,,,445.0,,,,,,,0.0043,,,,,,,,0.0,0.0,2.18,0.1,0.14,3.2,4.37,1.83,,,,30.0,0.04,,160.0,,,,,,,,,694.0,,,,,,,,,,,,,,,,,,,,,1.46,42.0,,,,,,,,,,,,,,,,,,,,,,,,,,,,,,,,,,,
48988,"Eggs, chicken, whole, poached",eggs chicken whole poached,0,1,Dairy and Egg Products,23,McCance and Widdowson's,0.08,50.0,195.0,117.0,1.3,3.74,0.0,0.0,0.39,0.0,,0.06,,75.3,0.0,126.0,0.0,0.1,0.09,,,12.0,138.0,54.0,0.0,0.0,0.0,15.100000000000001,0.0,,0.02,,,150.0,,2.9,0.0,1.8,,13.3,10.6,149.0,0.0,121.0,0.0,0.0,1.82,0.0,0.41,,,0.0,0.0,0.0,0.0,0.0,,423.0,1.35,,,,,,0.0032,0.0,0.15,0.07,0.01,0.02,0.0,0.01,0.0,0.0,1.93,0.09,0.11,3.0,4.03,1.7,,,,28.0,0.03,,150.0,,,,,,,,,618.0,,0.0,0.0,0.01,0.01,0.09,0.0,0.0,0.0,0.01,0.0,0.03,,2.15,0.72,0.06,0.26,,,,1.3,49.0,0.0,0.05,1.34,3.73,0.0,0.0,0.05,0.01,0.01,0.15,,,,,,2.3,,,,,0.01,,,,,,,,0.0,,,,,,
48989,"Eggs, chicken, whole, raw",eggs chicken whole raw,0,1,Dairy and Egg Products,23,McCance and Widdowson's,0.05,46.0,179.0,145.0,1.1,3.2,0.0,0.0,0.24,0.0,,0.02,,76.8,0.0,94.0,0.0,0.1,0.05,,,13.0,180.0,50.0,0.0,0.0,0.0,19.5,0.0,,0.01,,,126.0,,3.2,0.0,2.7,,12.6,9.0,131.0,0.0,154.0,0.0,0.0,1.29,0.0,0.5,,,0.0,0.0,0.0,0.0,0.0,,350.0,1.15,,,,,,0.0034,0.0,0.13,0.06,0.01,0.02,0.0,0.01,0.0,0.0,1.72,0.08,0.13,2.52,3.44,1.44,,,,23.0,0.03,,126.0,,,,,,,,,547.0,,0.0,0.0,0.01,0.01,0.08,0.0,0.0,0.0,0.01,0.0,0.03,,1.8,0.6,0.05,0.21,,,,1.35,47.0,0.0,0.04,1.14,3.19,0.0,0.0,0.05,0.01,0.01,0.13,,,,,,2.5,,,,,0.01,,,,,,,,0.0,,,,,,
48990,"Eggs, chicken, whole, scrambled, without milk",eggs chicken whole scrambled without milk,0,1,Dairy and Egg Products,23,McCance and Widdowson's,0.06,54.0,208.0,168.0,1.3,,0.0,0.0,,,,,,73.2,0.0,,0.0,0.1,,,,15.0,209.0,58.0,0.0,,0.0,22.599999999999998,0.0,,0.01,,,146.0,,3.7,,3.1,,14.6,10.4,152.0,0.0,178.0,,,1.5,,0.46,,,,,,,,,406.1,,,,,,,0.0039,,,,,,,,0.0,0.0,2.0,0.09,0.13,2.92,3.99,1.67,,,,27.0,0.03,,146.0,,,,,,,,,633.0,,,,,,,,,,,,,,,,,,,,,1.33,38.0,,,,,,,,,,,,,,,,,,,,,,,,,,,,,,,,,,,
48992,"Eggs, chicken, yolk, raw",eggs chicken yolk raw,0,1,Dairy and Egg Products,23,McCance and Widdowson's,0.16,149.0,600.0,124.0,4.0,11.17,0.0,0.0,0.0,0.0,,0.0,,48.8,0.0,575.0,0.0,0.0,0.0,,,12.0,163.0,130.0,0.0,0.0,0.0,63.6,0.0,,0.05,,,447.0,,12.8,0.0,8.2,,16.4,31.3,347.0,0.0,52.0,0.0,0.0,5.21,0.0,0.59,,,0.0,0.0,0.0,0.0,0.0,,1255.0,3.93,,,,,,0.0028,0.0,0.45,0.21,0.04,0.08,0.0,0.03,0.0,0.0,6.24,0.2,0.35,8.81,12.02,4.97,,,,59.0,0.11,,447.0,,,,,,,,,1437.0,,0.0,0.0,0.02,0.02,0.29,0.0,0.0,0.0,0.03,0.0,0.09,,6.3,2.1,0.18,0.76,,,,4.53,122.0,0.0,0.15,3.9,11.12,0.0,0.0,0.16,0.02,0.03,0.45,,,,,,11.0,,,,,0.04,,,,,,,,0.0,,,,,,
81533,"Emmental cheese, grated, from cow's milk",emmental cheese grated from cow s milk,0,1,Dairy and Egg Products,11,"CIQUAL, ANSES",0.0,979.0,635.0,97.4,4.4,5.39,,0.0,,,,,,38.0,0.0,,0.0,0.095,,,,38.3,454.0,21.4,,,,,,0.0,,,,193.0,,0.0,,2.02,,28.1,28.6,367.0,0.0,297.0,,,0.43,,0.35,,,0.96,0.54,0.35,0.81,0.97,,107.0,0.41,,,,,,,,,,,,,,,0.0,1.5,0.019,0.049,18.1,7.51,1.14,,,,16.4,0.05,,,,,,,,,,,1530.0,,,,,,,,,,,,3.13,,8.0,2.58,0.16,,,,3.47,0.14,33.4,,,,,,,,,,,,,,,,,,,,,,,,,,,,0.0,,,,,,,
48999,"Endive, raw",endive raw,0,11,Vegetables and Vegetable Products,23,McCance and Widdowson's,0.01,44.0,67.0,380.0,0.2,,0.1,0.0,,,,,,93.7,1.0,,12.0,0.4,,,,10.0,71.0,,0.5,0.0,0.4,0.7,0.0,,,,,0.0,,0.0,,0.0,,1.8,0.2,13.0,,10.0,440.0,0.0,,,0.1,,,,,,,,,0.0,,,,,,,0.0002,,,,,,,,0.0,1.0,2.8,0.06,0.02,0.1,0.0,0.1,,,,1.0,0.3,,73.0,,,,,,,,,54.0,,,,,,,,,,,,,,,,,,,,,0.9,140.0,,,,,,,,,,,,,,,,,,,,,,,,,,,,,,,,,,,
350070,"Entrecote, adult bovine, Italy",entrecote adult bovine italy,0,13,Beef Products,5,My foods,,,,,,,,,,,,,,71.6,,,,,,,,,,,,,,,,,,,,,,,,,,21.3,6.1,,,,,,,,,,,,,,,,,,,,,,,,,,,,,,,,,,,,,,,,,,,,,,,,,,,,,,,,,,,,,,,,,,,,,,,,,,,,,,,,,,,,,,,,,,,,,,,,,,,,,,,,,,,,,,,,
67475,"Escarole, cooked, boiled, drained, no salt added",escarole cooked boiled drained no salt added,0,,,0,"USDA, 2018",0.087,46.0,22.0,245.0,0.69,0.004,,,,,,,,94.29,0.23,0.0,3.3,0.312,,6.7,,13.0,,,,,,,,0.0,,0.0,0.0,0.0,0.0,0.0,0.0,0.0,0.0,1.15,0.18,15.0,2.8,19.0,1133.0,0.0,0.4,0.0,0.062,0.0,0.0,0.0,0.0,0.0,0.0,0.0,78.0,0.0,0.069,0.053,0.152,0.119,0.057,0.021,0.005,0.0,0.0,0.0,0.0,0.0,0.0,0.0,,3.07,0.72,0.059,0.016,0.042,0.004,0.081,0.046,0.066,0.09,0.2,0.385,1888.0,94.0,15.4,0.045,0.054,0.057,0.058,0.037,0.049,0.009,64.0,,,,,,,,,,,,0.003,78.0,0.038,0.002,0.012,0.0,0.013,0.058,1.3,0.826,78.0,211.9,,,,,,,,,,,,,,,,,,,,,,,,,,,,,,,,,,
235031,Escaroles,escaroles,1,11,Vegetables and Vegetable Products,37,"Ciqual 2020, ANSES",0.099,52.0,28.0,314.0,0.79,0.004,,0.067,,,,,,93.8,0.23,,6.5,0.4,,,,15.0,,0.4,,,,,,0.0,,,,0.0,,,,0.0,,1.25,0.2,,3.1,22.0,1500.0,,,,0.075,,,0.0,0.0,0.0,0.0,0.0,,0.0,0.075,,,,,,,,0.0,0.0,,,0.0,,,0.3,0.83,0.08,0.02,0.048,0.004,0.088,,,,0.6,0.42,,,,,,,,,,,,,,,,,,,,,,,0.003,,0.041,0.002,0.013,,,,1.4,0.9,142.0,,,,,,,,,,,,,,,,,,,,,,,,,,,,,,,,,,,
550,Esparguete cozido,esparguete cozido,1,20,Cereal Grains and Pasta,1,"TCA, INSA 2015",,9.0,45.0,31.0,0.3,,,19.0,,,,,,75.4,0.9,,0.0,0.5,,,,7.0,,,,,,,,0.0,0.0,,,0.0,,0.0,,0.0,7.0,3.4,0.6,100.846609376,1.5,238.0,0.0,,0.0,,0.01,,,,,,,,,0.0,,,,,,,0.0007,,,,,,,,,19.9,0.5,0.04,0.03,0.1,0.1,0.3,,,,,,,0.0,,,,,,,,,421.942213629184,,,,,,,,,,,,,,,,,,,,0.5,,,,,0.3,,,,,,,,,,,,,,,,,,,,,,,,,,,,,,,,
208184,Esparguete cozido,esparguete cozido,1,20,Cereal Grains and Pasta,33,"TCA, INSA 2019",,9.0,45.0,31.0,0.3,,,19.0,,,,,,75.4,0.9,,0.0,0.5,,,,7.0,,,,,,,,0.0,0.0,,,,,0.0,,0.0,,3.4,0.6,102.0,1.5,240.0,0.0,,0.0,,0.01,,,,,,,,,0.0,,,,,,,0.7,,,,,,,,,19.9,0.5,0.04,0.03,0.1,0.1,0.3,,,,,,,0.0,,,,,,,,,430.0,,,,,,,,,,,,,,,,,,,,0.5,,7.0,,,,,,,,,,,,,,,,,,,,,,,,,,,,,,,,,,,
688,Espinafres crus,espinafres crus,0,11,Vegetables and Vegetable Products,1,"TCA, INSA 2015",,104.0,45.0,471.0,0.9,,,0.1,,,,,,91.8,0.7,,35.0,0.4,,,,54.0,,,,,,,,0.0,0.0,,,550.0,,0.0,,0.0,150.0,2.6,0.9,21.50757072,2.6,173.0,3300000.0,,1.7,,0.18,,,,,,,,,0.0,,,,,,,0.0007,,,,,,,,,0.8,2.4,0.07,0.17,0.1,0.0,0.4,,,,,,,550.0,,,,,,,,,89.98767589248,,,,,,,,,,,,,,,,,,,,1.3,,,,,0.1,,,,,,,,,,,,,,,,,,,,,,,,,,,,,,,,
22273,"Espresso coffee, not instant coffee, without sugar, ready-to-drink",espresso coffee not instant coffee without sugar ready to drink,0,14,Beverages,11,"CIQUAL, ANSES",0.05,2.0,7.0,115.0,0.05,0.014,,0.0,,,,,,97.8,0.0,,0.0,5.21,,,,80.0,,1.0,,,,,,0.0,,,,0.0,,0.0,,0.0,,0.12,0.18,4.51,0.0,14.0,0.0,,0.01,,0.18,,,0.0,0.0,0.0,0.0,0.0,,0.0,,,,,,,,,,0.0,,,0.0,,,0.6,0.13,0.001,0.0,0.083,0.014,0.083,,,,,0.05,,,,,,,,,,,18.9,,,,,,,,,,,,0.0,,0.046,0.0,0.0,,,,0.24,0.028,1.0,0.1,,,,,,,,,,,,,,,,,,,,,,,,,,,0.0,,,,,,,
54985,Espárragos a la plancha,esp rragos a la plancha,0,,,24,System recipes,5.04854368932039e-05,17.4805825242718,37.2330097087379,130.631067961165,0.321844660194175,,,,,,,,,58.5631067961165,0.0,,13.631067961165,0.0,,,,7.88834951456311,,,,,,,,,,,,0.0,,0.0,,0.0,0.0,1.83009708737864,3.28834951456311,42.102913687993,1.07281553398058,1.89320388349515,201.941747572816,,1.61165048543689,,0.0694174757281553,,,,,,,,,0.0,,,,,,,,,,,,,,,,1.2621359223301,0.820388349514563,0.0757281553398058,,0.4817,2.08491165048544,0.442014563106796,,,,0.631067961165049,0.12621359223301,,17.8174757281553,,,,,,,,,176.158590870563,,,,,,,,,,,,,,,,,,,,,0.107281553398058,,,,,,,,,,,,,,,,,,,,,,,,,,,,,,,,,,,,
349609,FRIED CUTTLEFISH AND ZUCCHINI CARTOCCIO IN CARPIONE SAUCE,fried cuttlefish and zucchini cartoccio in carpione sauce,0,,,19,My recipes,0.34860883797054015,18.44517184942717,64.40261865793782,153.91162029459903,1.3381342062193127,0.00369885433715221,15.474631751227497,2.5891980360065467,0.02454991816693945,0.0,0.0,0.0,0.0,60.745008183306055,16.18821603927987,0.0,2.880523731587562,0.5057283142389526,0.0031096563011456637,,,12.831423895253684,988.6252045826515,0.7201309328968905,0.06873977086743044,0.0,0.27495908346972175,0.02945990180032734,0.0016366612111292967,1.3486088379705403,0.0,0.0,0.0,7.364975450081833,0.0,0.0,0.0,0.5891980360065467,0.0,4.866775777414076,0.5196399345335516,112.33469721767595,0.4615384615384616,674.0261865793782,9.427168576104748,0.0,0.6433715220949264,0.0,0.0458265139116203,0.0,0.0,0.0,0.0,0.0,0.0,0.0,0.0,18.854337152209496,0.004173486088379706,0.00014729950900163667,0.0008674304418985271,0.0003273322422258593,0.00031096563011456633,0.0001309328968903437,4.909983633387889e-05,0.0,0.0,0.0,0.0,0.0003273322422258593,0.0,0.0,0.0,20.385761047463177,0.5271685761047463,0.059574468085106386,0.16219312602291328,0.14158756137479542,0.07099836333878887,0.14823240589198036,0.00014729950900163667,0.00016366612111292964,0.0005891980360065467,19.342062193126026,0.029345335515548285,0.0,8.936170212765958,0.006546644844517187,0.00019639934533551557,0.00039279869067103114,0.00019639934533551557,0.00022913256955810153,0.00016366612111292964,0.0002127659574468085,9.819967266775778e-05,470.00837315875634,,0.0,0.00016366612111292964,,0.0,0.0,0.00016366612111292964,,0.0,,,0.0,0.0,0.006693944353518823,0.0003436988543371522,0.0,0.0,9.819967266775778e-05,9.819967266775778e-05,0.0014729950900163667,0.21145662847790514,18.06873977086743,0.012438625204582655,0.0,0.003764320785597382,0.0034369885433715225,,,0.0,,,,,,0.34369885433715225,0.10638297872340427,0.006546644844517187,,0.5204582651391163,,,,,,,,,,,,,,,,,,
82229,Falafel,falafel,0,25,Restaurant Foods,11,"CIQUAL, ANSES",0.3,57.0,180.0,390.0,1.3,6.18,,11.9,,,,,,48.0,1.4,,0.0,0.0,,,,51.0,689.0,0.0,,,,,,0.0,,,,0.0,,0.0,,0.0,,8.25,14.4,252.0,7.7,640.0,35.0,,6.9,,0.0,,,0.0,0.0,0.0,0.0,0.0,,1.95,5.7,,,,,,,,0.0,0.0,,,0.0,,,18.7,2.1,0.047,0.17,1.5,6.4,5.83,,,,0.0,0.93,,,,,,,,,,,1050.0,,,,,,,,,,,,0.01,,0.88,0.45,0.12,,,,2.66,0.43,105.0,10.0,,,,,,,,,,,,,,,,,,,,,,,,,,,0.33,,,,,,,
6408,"Falafel, home-prepared",falafel home prepared,0,16,Legumes and Legume Products,0,"USDA, 2018",0.258,54.0,192.0,585.0,1.5,9.67,,,,,,,,34.62,,,1.6,1.044,,,,82.0,,,,,,,,,0.0,,,0.0,0.0,0.0,,0.0,15.0,13.31,17.8,333.0,,294.0,,,,,0.166,,,,,,,,104.0,0.0,0.495,0.567,2.341,1.531,0.573,0.364,0.134,,,,,0.042,,,,31.84,3.42,0.146,0.125,2.383,10.171,4.16,0.492,0.567,0.944,1.0,0.691,13.0,1.0,,0.667,0.545,1.28,0.562,0.339,0.707,0.183,1393.272,,,,,,,,,,,,0.011,78.0,1.782,0.529,0.111,0.095,0.187,0.856,2.43,0.292,93.0,,,,,,,,,,,,,,,,,,,,,,,,,,,,,,,,,,,
80248,Farinha de amêndoas,farinha de am ndoas,0,20,Cereal Grains and Pasta,5,My foods,,,,,,,,,,,,,,,4.6,,,,,,,,,,,,,,,,,,,,,,,,,26.6,56.3,661.0,14.6,,,,,,,,,,,,,,,,,,,,,,,,,,,,,,,4.9,,,,5.5,39.9,10.9,,,,,,,,,,,,,,,,2765.624,,,,,,,,,,,,,,,,,,,,,,,,,,,,,,,,,,,,,,,,,,,,,,,,,,,,,,,,,
208187,Farinha de aveia,farinha de aveia,0,20,Cereal Grains and Pasta,33,"TCA, INSA 2019",,43.0,430.0,410.0,4.5,,,55.7,,,,,,12.0,1.3,,0.0,2.4,,,,130.0,,,,,,,,0.0,0.0,,,,,0.0,,0.0,,14.5,7.3,363.0,5.7,2.0,0.0,,0.9,,0.09,,,,,,,,,0.0,,,,,,,3.1,,,,,,,,,57.0,6.3,0.33,0.13,0.7,1.6,1.6,,,,,,,0.0,,,,,,,,,1530.0,,,,,,,,,,,,,,,,,,,,1.8,,46.0,,,,,,,,,,,,,,,,,,,,,,,,,,,,,,,,,,,
1084,Farinha de mandioca torrada,farinha de mandioca torrada,0,11,Vegetables and Vegetable Products,2,"TACO, NEPA",,75.5273333333333,38.626,327.735,0.36,0.08,,,,,,,,8.34,,,,,,,,40.0126666666667,,,,,,,,,,,,,,,,,,1.22916666666667,0.28666666666667,365.268975,6.54,10.31,,,,,,,,,,,,,,,,,,,,,,,,,,,,,,89.1941666666667,1.19366666666667,,0.80666666666667,0.1,0.1,,,,,,0.36633333333333,,,,,,,,,,,1528.2853914,,,,,,,,,,,,0.03,,0.09,0.01,,,,,0.95,,,,,0.03,,,,0.01,,,,,,,,,,,,,,,,,,,,,,,,,,,,
8479,"Fast foods, grilled chicken, bacon and tomato club sandwich, with cheese, lettuce, and mayonnaise",fast foods grilled chicken bacon and tomato club sandwich with cheese lettuce and mayonnaise,0,21,Fast Foods,0,"USDA, 2018",0.089,95.0,215.0,226.0,1.34,2.702,,,,,,,,52.52,4.68,73.0,4.4,5.575,,,,32.0,,,,,,,,0.0,0.071,0.0,0.0,21.0,5.0,0.1,0.0,0.47,6.0,17.19,8.05,220.0,1.2,630.0,169.0,9.0,0.61,240.0,0.186,0.0,0.0,0.086,0.038,0.023,0.049,0.044,36.0,46.0,1.623,,,,,,,0.0,0.032,0.007,0.0,0.037,0.004,0.004,,19.87,1.37,0.172,0.296,3.109,2.949,1.88,,,,24.8,,359.0,35.0,47.8,,,,,,,,922.0,,,,,,,,,,,,0.288,25.0,1.764,0.816,0.211,0.21,,,2.38,0.826,31.0,8.7,,,,,,,,,,,,,,,,,,,,,,,,,,,,,,,,,,
49004,"Fat spread, low fat (26-39%), not polyunsaturated, including dairy type",fat spread low fat 26 39 not polyunsaturated including dairy type,0,4,Fats and Oils,23,McCance and Widdowson's,0.0,12.0,9.0,61.0,0.0,16.86,0.0,0.3,,,,,,57.5,0.4,0.0,0.0,0.0,,,,2.0,970.0,15.0,0.0,0.0,0.0,0.3,0.0,,0.12,,,750.0,,3.0,0.0,0.1,,0.2,39.0,354.0,0.0,692.0,859.0,0.0,12.5,0.0,0.07,,,0.0,0.0,0.12,0.09,1.22,,0.0,8.2,,,,,,0.0,0.12,0.0,0.0,0.0,0.31,0.0,0.0,0.4,0.7,0.02,0.0,0.0,9.76,17.39,9.82,,,,0.0,0.0,,893.0,,,,,,,,,1457.0,,0.17,0.12,0.0,0.01,0.03,0.05,0.02,0.0,0.0,0.0,0.5,,6.33,1.12,1.61,0.06,,,,0.02,1.0,,,8.18,16.74,0.12,0.03,1.61,0.0,0.0,0.0,,,,,,,,,,,0.0,,,,,,,,0.0,,,,,,
49005,"Fat spread, low fat (26-39%), not polyunsaturated, with olive oil",fat spread low fat 26 39 not polyunsaturated with olive oil,0,4,Fats and Oils,23,McCance and Widdowson's,0.0,9.0,6.0,48.0,0.0,21.0,0.0,0.0,,,,,,58.9,0.5,21.0,0.0,0.0,,,,1.0,690.0,,0.0,0.0,0.0,0.0,0.0,0.0,0.14,,,787.0,,4.5,0.0,0.0,,0.1,38.9,353.0,0.0,488.0,620.0,19.0,13.0,0.0,0.0,,,0.0,0.02,0.09,0.09,0.79,,4.5,4.9,,,,,,0.0,0.11,0.04,0.0,0.0,0.33,0.0,0.0,0.5,0.5,0.04,0.0,0.0,8.9,21.68,6.36,,,,0.0,0.0,,892.0,,,,,,,,,1450.0,,0.17,0.08,0.0,0.02,0.03,0.03,0.01,0.0,0.0,0.0,0.4,,6.01,1.13,1.42,0.18,,,,0.0,0.0,,,4.87,20.87,0.11,0.03,1.42,0.0,0.0,0.04,,,,,,,,,,,0.0,,,,,,,,0.0,,,,,,
49008,"Fat spread, reduced fat (41-62%), not polyunsaturated, with olive oil",fat spread reduced fat 41 62 not polyunsaturated with olive oil,0,4,Fats and Oils,23,McCance and Widdowson's,0.0,7.0,7.0,46.0,0.0,30.52,0.0,0.0,,,,,,38.8,1.1,0.0,0.0,0.0,,,,1.0,800.0,,0.0,,0.0,0.0,0.0,,0.11,,,734.0,,4.2,0.0,0.0,,0.2,59.1,537.0,0.0,551.0,488.0,14.0,12.5,0.0,,,,0.0,0.0,0.12,0.09,1.11,,2.9,9.35,,,,,,0.0,0.13,0.05,0.0,0.0,0.44,0.0,0.0,1.1,1.1,0.04,0.0,0.0,13.22,31.37,11.53,,,,0.0,0.0,,817.0,,,,,,,,,2208.0,,0.25,0.14,0.0,0.01,0.04,0.06,0.02,0.0,0.0,0.0,0.49,,9.14,1.71,2.12,0.22,,,,0.0,0.0,,,9.34,30.41,0.13,0.04,2.12,0.0,0.0,0.05,,,,,,,,,,,0.0,,,,,,,,0.0,,,,,,
49009,"Fat spread, reduced fat (41-62%), polyunsaturated",fat spread reduced fat 41 62 polyunsaturated,0,4,Fats and Oils,23,McCance and Widdowson's,0.01,3.0,1.0,21.0,0.0,17.21,0.0,0.0,,,,,,40.0,0.0,0.0,0.0,,,,,0.0,870.0,,0.0,0.0,0.0,0.0,0.0,,0.13,,,606.0,,5.8,0.0,,,0.0,59.2,533.0,0.0,600.0,458.0,6.0,26.3,0.0,,,,0.0,0.0,0.14,0.11,1.23,,0.0,22.37,,,,,,0.0,0.05,0.0,0.0,0.0,0.31,0.0,0.0,0.0,0.0,0.02,0.0,,13.21,17.7,25.17,,,,1.0,0.0,,683.0,,,,,,,,,2190.0,,0.02,0.28,0.0,0.01,0.03,0.1,0.0,0.0,0.0,0.0,0.54,,8.44,2.11,2.79,0.06,,,,0.0,,,,22.35,17.09,0.0,0.16,2.79,0.0,0.0,0.0,,,,,,,,,,,0.0,,,,,,,,0.0,,,,,,
49010,"Fat spread, reduced fat (62-75%), not polyunsaturated",fat spread reduced fat 62 75 not polyunsaturated,0,4,Fats and Oils,23,McCance and Widdowson's,0.0,10.0,9.0,17.0,0.0,32.15,0.0,0.0,,,,,,24.6,0.0,0.0,0.0,0.0,,,,1.0,1070.0,,0.0,0.0,0.0,0.3,0.0,,0.14,,,,,,0.0,0.1,,0.3,73.2,660.0,0.0,747.0,676.0,7.0,,0.0,0.07,,,0.06,0.06,0.41,0.38,4.47,,10.4,8.76,,,,,,0.0,0.26,0.0,0.0,0.0,0.69,0.0,0.0,0.0,0.0,0.02,0.0,0.0,24.35,33.38,11.8,,,,0.0,0.0,,,,,,,,,,,2713.0,,0.32,0.15,0.02,0.04,0.06,0.07,0.03,0.0,0.0,0.0,1.84,,14.33,2.08,3.03,0.15,,,,0.02,1.0,,,8.72,32.01,0.26,0.07,3.03,0.0,0.0,0.0,,,,,,,,,,,0.0,,,,,,,,0.0,,,,,,
49011,"Fat spread, reduced fat (62-75%), polyunsaturated",fat spread reduced fat 62 75 polyunsaturated,0,4,Fats and Oils,23,McCance and Widdowson's,0.0,,,,,,0.0,0.0,,,,,,29.0,0.6,,0.0,0.0,,,,,920.0,,0.0,,0.0,0.0,0.0,0.0,0.25,,,,,7.5,,,,0.4,68.5,620.0,0.0,600.0,,,,,0.0,,,,,,,,,0.0,,,,,,,0.0,,,,,,,,0.6,0.6,0.0,0.0,0.0,15.0,19.5,32.0,,,,0.0,0.0,,800.0,,,,,,,,,2551.0,,,,,,,,,,,,,,,,,,,,,0.0,0.0,,,,,,,,,,,,,,,,,,,,,,,,,,,,,,,,,,,
501,Feijão verde fresco cozido,feij o verde fresco cozido,1,16,Legumes and Legume Products,1,"TCA, INSA 2015",,41.0,34.0,230.0,0.2,,,1.0,,,,,,90.8,2.5,,11.0,0.6,,,,17.0,,,,,,,,0.0,0.0,,,40.0,,0.0,,0.0,49.0,1.8,0.3,23.419354784,3.0,98.0,239000.0,,0.18,,0.06,,,,,,,,,0.0,,,,,,,0.0004,,,,,,,,,3.5,0.6,0.04,0.04,0.1,0.0,0.2,,,,,,,40.0,,,,,,,,,97.986580416256,,,,,,,,,,,,,,,,,,,,0.65,,,,,0.1,,,,,,,,,,,,,,,,,,,,,,,,,,,,,,,,
209035,Feijão verde fresco cozido,feij o verde fresco cozido,1,11,Vegetables and Vegetable Products,33,"TCA, INSA 2019",,41.0,34.0,230.0,0.2,,,1.0,,,,,,90.8,2.5,,11.0,0.6,,,,17.0,,,,,,,,0.0,0.0,,,,,0.0,,0.0,,1.8,0.3,30.0,3.0,98.0,239.0,,0.18,,0.06,,,,,,,,,0.0,,,,,,,0.4,,,,,,,,,3.5,0.6,0.04,0.04,0.1,0.0,0.2,,,,,,,40.0,,,,,,,,,125.0,,,,,,,,,,,,,,,,,,,,0.65,,49.0,,,,,,,,,,,,,,,,,,,,,,,,,,,,,,,,,,,
49015,"Fennel, Florence, raw",fennel florence raw,0,11,Vegetables and Vegetable Products,23,McCance and Widdowson's,0.02,24.0,26.0,440.0,0.5,,0.1,0.1,,,,,,94.2,1.7,,5.0,0.6,,,,8.0,27.0,,0.7,0.0,0.9,,0.0,0.0,0.0,,,0.0,,0.0,,0.0,,0.9,0.2,12.0,,11.0,140.0,0.0,,,0.01,,,,,,,,,0.0,,,,,,,,,,,,,,,0.0,1.8,0.3,0.06,0.06,0.0,0.0,0.0,,,,,,,23.0,,,,,,,,,50.0,,,,,,,,,,,,,,,,,,,,,,42.0,,,,,,,,,,,,,,,,,,,,,,,,,,,,,,,,,,,
235001,"Fennel, raw",fennel raw,0,11,Vegetables and Vegetable Products,37,"Ciqual 2020, ANSES",0.08,37.0,28.0,320.0,0.19,0.01,0.2,0.35,,,,,,92.9,2.2,,2.57,0.1,,,,11.0,78.6,20.0,1.0,,1.2,,0.2,0.0,,,,0.0,,0.0,,0.0,,1.0,0.5,21.8,2.6,22.0,8.01,,0.08,,0.01,,,0.01,0.01,0.01,0.01,0.01,,0.0,0.01,,,,,,,,0.01,0.01,,,0.01,,0.2,2.63,0.2,0.015,0.05,0.01,0.01,0.01,,,,20.0,0.1,,,,,,,,,,,90.9,,,,,,,,,,,,0.01,,0.01,0.01,0.01,,,,0.95,0.22,19.6,,,,,,,,,,,,,,,,,,,,,,,,,,,,,,,,,,,
957,Fermento em pó,fermento em p,0,6,"Soups, Sauces, and Gravies",1,"TCA, INSA 2015",,6.0,10523.0,50.0,0.1,,,34.4,,,,,,12.4,0.0,,0.0,0.0,,,,2.0,,,,,,,,0.0,0.0,,,0.0,,0.0,,0.0,0.0,4.7,0.0,160.589861376,0.0,18520.0,0.0,,0.0,,0.0,,,,,,,,,0.0,,,,,,,0.001,,,,,,,,,34.4,0.5,0.0,0.0,0.0,0.0,0.0,,,,,,,0.0,,,,,,,,,671.907979997184,,,,,,,,,,,,,,,,,,,,47.5,,,,,0.0,,,,,,,,,,,,,,,,,,,,,,,,,,,,,,,,
956,Fermento seco de padeiro,fermento seco de padeiro,0,6,"Soups, Sauces, and Gravies",1,"TCA, INSA 2015",,63.0,1250.0,2000.0,9.3,,,3.2,,,,,,5.0,0.0,,0.0,8.2,,,,174.0,,,,,,,,0.0,0.0,,,0.0,,0.0,,0.0,2500.0,38.3,2.5,188.78867632,19.7,48.0,0.0,,0.0,,4.7,,,,,,,,,0.0,,,,,,,0.0067,,,,,,,,,3.2,17.6,2.3,1.9,0.3,1.4,0.01,,,,,,,0.0,,,,,,,,,789.89182172288,,,,,,,,,,,,,,,,,,,,7.7,,,,,0.01,,,,,,,,,,,,,,,,,,,,,,,,,,,,,,,,
22056,Feta-type cheese from cow's milk,feta type cheese from cow s milk,0,1,Dairy and Egg Products,11,"CIQUAL, ANSES",0.051,557.0,349.0,125.0,2.63,4.93,,,,,,,,54.0,1.42,,0.0,1.4,,,,19.5,,13.8,,,,,,0.0,,,,157.0,,0.32,,1.41,,16.4,21.7,270.0,0.0,917.0,3.0,,0.37,,0.65,,,0.77,0.53,0.43,1.33,1.01,,81.0,0.45,,,,,,,,,0.0,,,0.0,,,1.42,0.42,0.1,0.34,14.6,5.3,0.61,,,,6.2,0.044,,,,,,,,,,,1120.0,,,,,,,,,,,,2.61,,5.86,1.87,0.16,,,,5.03,1.16,47.0,1.8,,,,,,,,,,,,,,,,,,,,,,,,,,,1.42,,,,,,,
81530,"Feta-type cheese from cow's milk, in oil and spices",feta type cheese from cow s milk in oil and spices,0,1,Dairy and Egg Products,11,"CIQUAL, ANSES",0.04,440.0,280.0,65.0,1.9,6.15,,,,,,,,53.4,0.0,,,0.0,,,,15.0,1840.0,0.0,,,,,,0.0,,,,161.0,,0.84,,1.3,,17.6,23.4,283.0,0.0,1010.0,,,1.31,,0.22,,,0.71,0.47,0.3,0.52,0.66,,68.3,1.05,,,,,,,,0.02,0.0,,,0.0,,,0.16,0.13,0.0,0.022,13.2,7.05,1.49,,,,0.0,0.03,,,,,,,,,,,1180.0,,,,,,,,,,,,2.1,,5.97,1.96,0.39,,,,4.29,0.18,32.3,8.3,,,,,,,,,,,,,,,,,,,,,,,,,,,1.21,,,,,,,
426510,Fettuccine pasta with Porcini Mushrooms and Dragoncello,fettuccine pasta with porcini mushrooms and dragoncello,0,,,19,My recipes,0.0029970414201183427,13.949112426035503,62.76508875739645,65.31893491124261,0.286094674556213,9.763313609467454e-05,0.0,21.857988165680474,,,,,,64.38739644970414,1.4301775147928995,0.14201183431952663,1.5254437869822488,0.3736686390532544,,,,0.44970414201183434,71.83431952662721,0.05207100591715976,0.005325443786982249,0.0,0.008284023668639054,0.002366863905325444,0.0,0.0,0.0,0.0,0.0,13.491124260355031,0.0,0.11360946745562131,0.0,0.0,0.0,7.298757396449704,1.8385798816568049,129.66849112426036,2.892603550295858,58.542603550295865,6.40828402366864,0.0,0.19807100591715976,0.0,0.03470414201183432,0.0,0.0,0.0,0.0,0.0,1.7751479289940828e-05,0.0,0.026627218934911243,32.3080650887574,0.002032544378698225,0.001775147928994083,0.007144970414201184,0.004340236686390532,0.0011715976331360947,0.0010029585798816568,0.0005887573964497042,0.0,0.0,0.0,0.0,0.0,0.0,0.0,0.0,25.054970414201186,0.6546035502958579,0.08189349112426035,0.06321005917159764,0.3126242603550296,0.45607396449704146,0.2849319526627219,0.001393491124260355,0.0019260355029585797,0.0027337278106508876,0.1319526627218935,0.016023668639053256,0.07988165680473373,18.650887573964496,0.2059171597633136,0.0016863905325443789,0.0008875739644970415,0.005627218934911243,0.0025828402366863904,0.0007189349112426036,0.0016242603550295858,0.0005769230769230769,542.5329668639038,,,,,,,,,,,,0.0,0.026627218934911243,0.0007721893491124261,0.0,0.00017751479289940828,0.0,0.0006745562130177515,0.0024230769230769236,0.013313609467455622,0.007065088757396449,10.677514792899407,3.257692307692308,,,,,,,,,,,,,,,,,,,,,,,,,,,,,,,,,,
259277,Fettuccine pasta with Porcini Mushrooms and Thyme,fettuccine pasta with porcini mushrooms and thyme,0,,,19,My recipes,0.019417159763313614,25.931360946745563,65.90118343195266,83.33668639053255,0.3396449704142012,0.002494082840236687,0.0,21.857988165680474,,,,,,66.31372781065089,1.4301775147928995,0.14201183431952663,6.262130177514793,0.42763313609467457,,,,5.183431952662722,71.83431952662721,0.05207100591715976,0.005325443786982249,0.0,0.008284023668639054,0.002366863905325444,0.0,0.0,0.0,0.0,0.0,13.491124260355031,0.0,0.11360946745562131,0.0,0.0,0.0,6.789585798816568,1.6740828402366863,132.65665680473373,3.087869822485207,56.974556213017756,90.75739644970416,0.0,0.19807100591715976,0.0,0.04863905325443787,0.0,0.0,0.0,0.0,0.00121301775147929,0.00063905325443787,0.001153846153846154,1.3579881656804733,32.3080650887574,0.004547337278106509,0.001775147928994083,0.007144970414201184,0.004340236686390532,0.0011715976331360947,0.0010029585798816568,0.003961538461538462,0.0,0.0,0.0,0.0,0.0,0.0,0.0,0.0,24.292544378698228,1.1708757396449705,0.08331360946745563,0.07350591715976332,0.3264408284023669,0.45847041420118345,0.3006715976331361,0.005949704142011835,0.010357988165680473,0.010485207100591715,0.1319526627218935,0.06688165680473374,140.64201183431953,25.692307692307693,0.2059171597633136,0.0016863905325443789,0.0008875739644970415,0.005627218934911243,0.011665680473372781,0.0007189349112426036,0.0016242603550295858,0.0005769230769230769,555.0354520710071,,,,,,,,,,,,0.0007692307692307692,1.3579881656804733,0.009440828402366864,0.0013905325443786982,0.013402366863905328,0.0,0.0006745562130177515,0.006150887573964498,0.1079881656804734,0.019165680473372783,12.008875739644969,3.257692307692308,,,,,,,,,,,,,,,,,,,,,,,,,,,,,,,,,,
264,Fiambre,fiambre,0,17,"Lamb, Veal, and Game Products",1,"TCA, INSA 2015",,18.0,164.0,375.0,3.0,,,0.0,,,,,,51.5,0.5,,0.0,3.5,,,,25.0,,,,,,,,0.0,0.07,,,0.0,,0.0,,1.1,2.0,18.0,25.5,303.256747152,0.0,1875.0,0.0,,0.16,,0.15,,,,,,,,,64.0,,,,,,,0.0029,,,,,,,,,0.5,0.9,0.65,0.29,8.9,11.8,3.0,,,,,,,0.0,,,,,,,,,1268.826230083968,,,,,,,,,,,,,,,,,,,,4.3,,,,,2.7,,,,,,,,,,,,,,,,,,,,,,,,,,,,,,,,
207992,"Fiambre, peito de peru",fiambre peito de peru,0,17,"Lamb, Veal, and Game Products",33,"TCA, INSA 2019",,11.0,270.0,290.0,0.9,,,0.0,,,,,,77.2,0.1,,0.0,3.5,,,,16.0,,,,,,,,0.0,0.0,,,,,0.0,,1.1,,13.8,1.9,85.0,1.2,870.0,0.0,,0.16,,0.09,,,,,,,,,64.0,,,,,,,2.9,,,,,,,,,2.6,0.4,0.11,0.24,0.6,0.7,0.6,,,,,,,0.0,,,,,,,,,359.0,,,,,,,,,,,,,,,,,,,,3.17,,2.0,,,,,,,,,,,,,,,,,,,,,,,,,,,,,,,,,,,
27522,"Figs, dried",figs dried,0,9,Fruits and Fruit Juices,14,"FCDBE, IEO",,186.0,111.0,1010.0,0.9,,,0.0,,,,,,19.4,58.0,,0.0,0.6,,,,,,,,,,,,0.0,,,,0.0,,0.0,,,,3.5,2.7,255.8,10.4,87.0,48.0,,0.0,,0.1,,,,,,,,,0.0,,,,,,,,,,,,,,,,58.0,3.0,0.14,0.26,0.54,0.6,1.29,,,,,,,8.0,,,,,,,,,1070.27,,,,,,,,,,,,,,,,,,,,,,9.0,,,,,,,,,,,,,,,,,,,,,,,,,,,,,,,,,,,
49019,"Figs, dried, stewed with sugar",figs dried stewed with sugar,0,9,Fruits and Fruit Juices,23,McCance and Widdowson's,0.16,130.0,46.0,510.0,0.4,,6.7,0.0,,,,,,50.1,34.3,,0.0,0.3,,,,41.0,89.0,,12.3,,15.4,,0.0,,,,,0.0,,0.0,,0.0,,1.9,0.8,143.0,,32.0,33.0,0.0,,,0.04,,,,,,,,,0.0,,,,,,,0.0003,,,,,,,,0.0,34.3,2.2,0.03,0.11,,,,,,,0.0,0.3,,5.0,,,,,,,,,612.0,,,,,,,,,,,,,,,,,,,,,0.2,0.0,,,,,,,,,,,,,,,,,,,,,,,,,,,,,,,,,,,
3814,"Figs, dried, uncooked",figs dried uncooked,0,9,Fruits and Fruit Juices,0,"USDA, 2018",0.287,162.0,67.0,680.0,0.55,0.158,0.07,5.07,0.37,0.01,0.0,0.0,0.0,30.05,47.92,32.0,1.2,0.619,0.01,,0.7,68.0,,,22.93,0.13,24.79,,0.0,0.0,,0.0,0.0,0.0,0.0,0.0,0.0,0.0,0.0,3.3,0.93,249.0,9.8,10.0,6.0,0.0,0.35,0.0,0.082,0.0,0.0,0.0,0.0,0.0,0.0,0.0,9.0,0.0,0.345,0.108,0.295,0.645,0.134,0.037,0.02,0.0,0.0,0.0,0.0,0.0,0.0,0.0,0.0,63.87,2.03,0.085,0.106,0.144,0.159,0.345,0.085,0.089,0.128,0.6,0.51,10.0,0.0,15.8,0.128,0.61,0.077,0.122,0.041,0.076,0.036,1041.816,0.0,,,,,,,,,,,0.006,9.0,0.11,0.029,0.0,0.001,0.034,0.088,1.86,0.434,9.0,15.6,0.03,,,,,,,,,,,,,,,,,,,,,,,,,,,,,,,,,
3809,"Figs, raw",figs raw,0,9,Fruits and Fruit Juices,0,"USDA, 2018",0.07,35.0,14.0,232.0,0.15,0.066,,,,,,,,79.11,16.26,9.0,2.0,0.4,,,,17.0,,,,,,,,0.0,0.0,0.0,0.0,0.0,0.0,0.0,0.0,0.0,0.0,0.75,0.3,74.0,2.9,1.0,85.0,0.0,0.11,0.0,0.05,0.0,0.0,0.0,0.0,0.0,0.0,0.0,6.0,0.0,0.144,0.025,0.072,0.176,0.045,0.011,0.006,0.0,0.0,0.0,0.0,0.0,0.0,0.0,,19.18,0.37,0.06,0.113,0.06,0.066,0.144,0.024,0.023,0.033,0.2,0.128,142.0,7.0,4.7,0.037,0.049,0.017,0.028,0.032,0.018,0.012,310.0,,,,,,,,,,,,0.002,6.0,0.046,0.012,0.0,0.0,0.006,0.03,0.66,0.3,6.0,4.7,,,,,,,,,,,,,,,,31.0,,,,,,,,,,,,,,,,,,
49023,"Figs, whole green fruit, raw",figs whole green fruit raw,0,9,Fruits and Fruit Juices,23,McCance and Widdowson's,0.06,38.0,15.0,200.0,0.3,,0.3,0.0,,,,,,84.6,9.5,,2.0,0.4,,,,15.0,18.0,,4.1,,5.2,,0.0,,,,,0.0,,0.0,,0.0,,1.3,0.3,43.0,,3.0,150.0,0.0,,,0.03,,,,,,,,,0.0,,,,,,,0.0002,,,,,,,,0.0,9.5,0.3,0.03,0.08,0.1,0.1,0.1,,,,0.0,0.1,,25.0,,,,,,,,,185.0,,,,,,,,,,,,,,,,,,,,,0.22,,,,,,,,,,,,,,,,,,,,,,,,,,,,,,,,,,,,
22088,"Firm cheese, around 27% fat, Maasdam-type cheese",firm cheese around 27 fat maasdam type cheese,0,1,Dairy and Egg Products,11,"CIQUAL, ANSES",0.0,848.0,519.0,81.0,3.06,5.65,,0.0,,,,,,41.5,0.0,,0.0,0.1,,,,33.5,607.0,20.0,,,,,,0.0,,,,240.0,,0.2,,1.9,,26.3,26.6,343.0,0.0,393.0,100.0,,0.5,,0.28,,,0.82,0.43,0.3,0.73,0.96,,97.0,0.39,,,,,,,,,,,,,,,0.0,0.12,0.04,0.07,16.5,7.71,1.12,,,,8.0,0.0,,,,,,,,,,,1420.0,,,,,,,,,,,,2.78,,7.24,2.68,0.15,,,,3.65,0.3,20.0,,,,,,,,,,,,,,,,,,,,,,,,,,,,0.0,,,,,,,
49027,"Fish fingers, cod, grilled/baked",fish fingers cod grilled baked,0,22,"Meals, Entrees, and Side Dishes",23,McCance and Widdowson's,0.05,32.0,142.0,254.0,0.5,4.28,0.2,20.6,,,,,,54.5,1.5,,0.0,1.2,,,,25.0,460.0,117.0,0.0,0.0,0.0,1.2,1.3,,0.02,,,1.0,,0.0,,1.5,,14.3,9.2,223.0,2.0,317.0,,,2.75,,0.08,,,0.0,0.0,0.01,0.0,0.0,,36.0,2.62,,,,,,0.0034,0.02,0.0,0.05,0.0,0.08,0.02,0.0,0.0,22.0,0.57,0.17,0.09,1.19,4.41,3.04,,,,18.0,0.2,,1.0,,,,,,,,,936.0,,0.04,0.04,0.0,0.0,0.01,0.01,0.0,0.0,0.0,0.0,0.02,,0.82,0.23,0.35,0.02,,,,0.24,9.0,,,2.61,4.26,0.02,0.01,0.35,0.0,0.0,0.0,,,,,,,,,,,0.0,,,,,,,,0.0,,,,,,
6016,"Fish, anchovy, european, canned in oil, drained solids",fish anchovy european canned in oil drained solids,0,15,Finfish and Shellfish Products,0,"USDA, 2018",0.339,232.0,252.0,544.0,2.44,2.942,,,0.17,0.0,,,,50.3,0.0,0.0,0.0,19.903,0.02,,,69.0,,,,,,,,0.0,,0.0,0.0,12.0,69.0,1.7,0.0,0.88,0.0,28.89,9.71,210.0,0.0,3668.0,0.0,0.0,3.33,0.0,0.363,0.0,0.0,0.0,0.0,0.0,0.0,0.02,13.0,85.0,0.362,1.387,4.312,2.958,1.747,0.85,0.324,0.163,0.01,1.292,0.078,0.009,0.763,0.041,,0.0,4.63,0.078,0.203,2.203,3.77,2.562,1.266,1.331,2.348,68.1,0.1,40.0,12.0,85.0,1.179,1.021,1.729,1.488,0.975,1.128,0.31,879.0,0.0,,,,,,,,,,,0.428,13.0,1.326,0.42,0.017,0.59,0.855,2.653,11.1,0.909,13.0,12.1,,,,,,,,,,,,,,,1.7,,,,,,,,,,,,,,,,,,,
6030,"Fish, cod, Atlantic, cooked, dry heat",fish cod atlantic cooked dry heat,0,15,Finfish and Shellfish Products,0,"USDA, 2018",0.036,14.0,138.0,244.0,0.58,0.078,,,,,,,,75.92,0.0,0.0,1.0,2.513,,,9.7,42.0,,,,,,,,0.0,,0.0,0.0,14.0,46.0,1.2,0.0,1.05,0.0,22.83,0.86,105.0,0.0,78.0,0.0,0.0,0.81,0.0,0.079,0.0,0.0,0.0,0.0,0.0,0.0,0.0,8.0,55.0,0.006,1.096,3.408,2.338,1.381,0.672,0.256,0.004,0.028,0.154,0.001,0.019,0.004,0.013,,0.0,0.49,0.088,0.283,0.168,0.124,0.292,1.001,1.052,1.856,37.6,0.02,47.0,14.0,83.7,0.932,0.807,1.366,1.176,0.771,0.891,0.245,440.0,,,,,,,,,,,,0.012,8.0,0.117,0.038,0.001,0.021,0.676,2.097,1.49,0.18,8.0,0.1,,,,,,,,,,,,,,,1.2,,,,,,,,,,,,,,,,,,,
6029,"Fish, cod, Atlantic, raw",fish cod atlantic raw,0,15,Finfish and Shellfish Products,0,"USDA, 2018",0.028,16.0,203.0,413.0,0.45,0.061,,,0.0,0.0,0.0,0.0,0.0,81.22,0.0,0.0,1.0,2.063,0.0,,,32.0,,,,,,,,0.0,,0.0,0.0,12.0,36.0,0.9,0.0,0.91,0.0,17.81,0.67,82.0,0.0,54.0,0.0,0.0,0.64,0.0,0.065,0.0,0.0,0.0,0.0,0.0,0.0,0.0,7.0,43.0,0.005,0.855,2.658,1.823,1.077,0.524,0.199,0.003,0.022,0.12,0.001,0.015,0.064,0.01,,0.0,0.38,0.076,0.245,0.131,0.094,0.231,0.781,0.821,1.447,33.1,0.015,40.0,12.0,65.2,0.726,0.63,1.066,0.917,0.601,0.695,0.191,343.088,,,,,,,,,,,,0.009,7.0,0.091,0.03,0.001,0.016,0.527,1.635,1.16,0.153,7.0,0.1,0.0,,,,,,,,,,,,,,0.9,,,,,,,,,,,,,,,,,,,
6270,"Fish, cod, Pacific, cooked",fish cod pacific cooked,0,,,0,"USDA, 2018",0.019,17.0,205.0,372.0,0.43,0.024,,,,,,,,78.37,,,,,,,,35.0,,,,,,,,,0.001,,,,,,,,,20.42,0.25,84.0,,134.0,,,,,,,,0.0,0.0,0.0,0.0,0.0,,61.0,0.009,,,,,,,0.0,0.005,0.059,0.0,0.002,0.021,0.002,,0.0,0.16,,,0.048,0.055,0.108,,,,,0.012,,,,,,,,,,,351.456,,0.0,0.0,0.0,0.0,0.0,0.0,0.0,0.0,0.001,0.0,0.001,,0.036,0.01,0.0,0.002,,,1.33,,,,,0.009,0.023,0.0,0.0,0.0,0.0,0.001,,,,,,,,,0.0,0.001,0.0,0.0,0.0,0.0,0.001,0.002,0.0,0.0,,,,,,,,
6219,"Fish, salmon, Atlantic, wild, cooked, dry heat",fish salmon atlantic wild cooked dry heat,0,15,Finfish and Shellfish Products,0,"USDA, 2018",0.321,15.0,256.0,628.0,0.82,1.732,,,,,,,,59.62,,,0.0,10.077,,,,37.0,,,,,,,,,,,,13.0,,,,3.05,0.0,25.44,8.13,182.0,0.0,56.0,,,,,0.487,,,,,,,,29.0,71.0,0.22,1.221,3.797,2.605,1.538,0.749,0.285,0.358,0.342,1.429,0.106,0.286,0.411,0.368,,0.0,1.03,0.275,0.944,1.257,2.697,3.256,1.115,1.172,2.067,46.8,0.021,44.0,13.0,,1.038,0.899,1.522,1.31,0.859,0.993,0.273,761.488,,,,,,,,,,,,0.176,29.0,0.81,0.272,0.378,0.322,0.753,2.336,3.26,1.92,29.0,,,,,,,,,,,,,,,,,,,,,,,,,,,,,,,,,,,
6249,"Fish, salmon, coho, farmed, cooked, dry heat",fish salmon coho farmed cooked dry heat,0,15,Finfish and Shellfish Products,0,"USDA, 2018",0.089,12.0,332.0,460.0,0.47,1.844,,,,,,,,67.0,,,1.5,7.393,,,,34.0,,,,,,,,,,,,59.0,,,,3.17,0.0,24.3,8.23,178.0,0.0,52.0,,,,,0.113,,,,,,,,14.0,63.0,0.373,1.166,3.627,2.488,1.47,0.715,0.272,0.665,0.094,0.871,0.118,0.551,0.408,,,0.0,0.39,0.1,0.568,1.944,3.618,1.963,1.065,1.12,1.975,14.1,0.021,197.0,59.0,,0.991,0.859,1.454,1.252,0.82,0.949,0.26,745.0,,,,,,,,,,,,0.308,14.0,1.175,0.33,0.076,0.482,0.719,2.232,1.4,1.273,14.0,,,,,,,,,,,,,,,,,,,,,,,,,,,,,,,,,,,
9722,"Fish, salmon, king, chinook, smoked, brined (Alaska Native)",fish salmon king chinook smoked brined alaska native,0,24,American Indian/Alaska Native Foods,0,"USDA, 2018",,23.0,,700.0,,,,,,,,,,23.6,,,,11.8,,,,,,,,,,,,,,,,,,,,,,39.9,30.0,430.0,0.0,693.0,,,,,0.28,,,,,,,,,107.0,0.35,,,,,,,,,,,,,,,0.0,4.5,0.06,,6.97,16.9,0.35,,,,,,527.0,,,,,,,,,,1797.0,,,,,,,,,,,,,,,,0.0,,,,3.6,,,,,,,,,,,,,,,,,,,,,,,,,,,,,,,,,,,,,
6138,"Fish, tuna, fresh, yellowfin, raw",fish tuna fresh yellowfin raw,0,15,Finfish and Shellfish Products,0,"USDA, 2018",0.036,4.0,278.0,441.0,0.37,0.083,,,0.0,0.0,0.0,0.0,0.0,74.03,0.0,0.0,0.0,18.475,0.0,,,35.0,,,,,,,,0.0,0.016,0.0,0.0,18.0,69.0,1.7,0.0,2.08,0.0,24.4,0.49,109.0,0.0,45.0,0.0,0.0,0.24,0.0,0.115,0.0,0.0,0.0,0.0,0.0,0.0,0.001,2.0,39.0,0.019,1.122,3.489,2.394,1.414,0.688,0.262,0.001,0.015,0.088,0.0,0.008,0.012,0.004,,0.0,0.77,0.118,0.933,0.172,0.116,0.147,1.025,1.077,1.9,90.6,0.011,60.0,18.0,65.0,0.954,0.827,1.399,1.204,0.789,0.913,0.251,454.0,,0.002,0.001,0.001,0.003,0.004,0.001,0.001,0.002,0.003,0.001,0.009,2.0,0.106,0.045,0.002,0.011,0.692,2.147,1.64,0.28,2.0,0.1,0.0,0.006,0.08,0.001,0.008,0.002,0.0,0.001,,,,,,,1.7,,0.0,0.003,0.001,0.002,0.001,0.013,0.003,0.011,0.0,0.013,,,,,,,,
6194,"Fish, tuna, light, canned in water, without salt, drained solids",fish tuna light canned in water without salt drained solids,0,15,Finfish and Shellfish Products,0,"USDA, 2018",0.051,11.0,163.0,237.0,0.77,0.093,,,,,,,,75.21,0.0,,0.0,13.28,,18.6,,27.0,,,,,,,,,,,,,,,,2.99,0.0,25.51,0.82,116.0,0.0,50.0,,,,,0.074,,,0.0,0.0,0.0,0.0,0.0,4.0,30.0,0.009,1.224,3.808,2.612,1.543,0.751,0.286,0.029,0.034,0.223,0.013,0.011,0.047,0.009,,0.0,1.53,0.032,0.35,0.234,0.159,0.337,1.118,1.175,2.073,80.4,0.011,56.0,,,1.041,0.902,1.527,1.314,0.861,0.996,0.273,487.0,,,,,,,,,,,,0.018,4.0,0.156,0.06,0.0,0.026,0.755,2.343,0.78,0.214,4.0,,,,,,,,,,,,,,,,,,,,,,,,,,,,,,,,,,,
49032,"Fishcakes, salmon, coated in breadcrumbs, baked",fishcakes salmon coated in breadcrumbs baked,0,22,"Meals, Entrees, and Side Dishes",23,McCance and Widdowson's,0.05,42.0,150.0,269.0,0.4,6.05,0.0,18.8,,,,,,54.7,1.6,,0.0,4.7,,,,21.0,470.0,6.0,0.2,0.0,0.1,2.3,1.3,0.0,0.04,,,2.0,,5.7,,1.6,,11.4,13.7,245.0,1.7,322.0,,,2.79,,0.1,,,0.0,0.01,0.01,0.01,0.02,,25.0,1.87,,,,,,0.0028,0.3,0.1,0.42,0.1,0.34,0.37,0.15,0.0,20.4,0.77,0.38,0.22,2.0,7.04,3.65,,,,13.0,0.15,,2.0,,,,,,,,,1027.0,,0.07,0.03,0.02,0.01,0.04,0.01,0.0,0.0,0.02,0.0,0.26,,1.18,0.34,0.62,0.29,,,,0.74,14.0,,,1.86,6.01,0.3,0.04,0.62,0.0,0.01,0.02,,,,,,5.71,,,,,0.0,,,,,,,,0.0,,,,,,
49034,"Fishcakes, white fish, coated in breadcrumbs, baked",fishcakes white fish coated in breadcrumbs baked,0,15,Finfish and Shellfish Products,23,McCance and Widdowson's,0.06,51.0,102.0,233.0,0.4,5.33,0.1,20.8,,,,,,56.9,1.8,,0.0,1.7,,,,19.0,520.0,58.0,0.2,0.0,0.2,2.2,1.3,0.0,0.02,,,1.0,,0.0,,1.4,,9.3,9.4,206.0,1.7,356.0,,,1.98,,0.07,,,0.0,0.0,0.01,0.01,0.01,,30.0,1.72,,,,,,0.0019,0.04,0.0,0.03,0.01,0.12,0.01,0.0,0.0,22.6,0.76,0.25,0.09,1.0,5.54,2.27,,,,13.0,0.17,,1.0,,,,,,,,,867.0,,0.05,0.03,0.0,0.0,0.01,0.01,0.0,0.0,0.0,0.0,0.03,,0.63,0.2,0.5,0.03,,,,0.31,6.0,,,1.71,5.31,0.04,0.01,0.5,0.0,0.0,0.0,,,,,,,,,,,0.0,,,,,,,,0.0,,,,,,
27273,"Flakes, oat",flakes oat,0,20,Cereal Grains and Pasta,14,"FCDBE, IEO",,54.0,365.0,370.0,3.1,,,73.5,,,,,,10.3,0.0,,0.0,1.0,,,,,,,,,,,,0.0,,,,0.0,,0.0,,,,8.0,7.5,375.125,8.3,33.0,0.0,,1.5,,0.14,,,,,,,,,0.0,,,,,,,,,,,,,,,,73.5,5.2,0.55,0.12,1.32,2.36,2.74,,,,,,,0.0,,,,,,,,,1569.52,,,,,,,,,,,,,,,,,,,,,,32.0,,,,,,,,,,,,,,,,,,,,,,,,,,,,,,,,,,,
49038,"Flan, cheese and mushroom, wholemeal, homemade",flan cheese and mushroom wholemeal homemade,0,22,"Meals, Entrees, and Side Dishes",23,McCance and Widdowson's,0.16,195.0,240.0,224.0,1.7,,0.3,14.8,,,,,,50.1,2.3,,1.0,1.5,,,,32.0,417.0,32.0,0.1,,0.1,9.5,0.1,,0.59,,,201.0,,0.8,,1.3,,11.3,18.1,272.0,2.7,256.0,,,0.74,,0.31,,,,,,,,,116.9,,,,,,,0.0029,,,,,,,,1.8,17.1,1.03,0.12,0.19,10.46,4.85,1.03,,,,10.0,0.46,,217.0,,,,,,,,,1134.0,,,,,,,,,,,,,,,,,,,,,0.94,21.0,,,,,,,,,,,,,,,,,,,,,,,,,,,,,,,,,,,
81645,Flaxseed,flaxseed,0,12,Nut and Seed Products,11,"CIQUAL, ANSES",1.22,228.0,595.0,641.0,6.05,5.37,,0.0,,,,,,5.93,1.55,,0.6,3.08,,,,372.0,,0.5,,,,,,0.0,,,,0.0,,0.0,,0.0,,20.2,36.6,506.0,27.3,20.5,0.0,,0.31,,0.2,,,0.0,0.0,0.0,0.0,0.0,,0.0,4.31,,,,,,,,0.0,0.0,,,0.0,,,6.6,10.2,1.22,0.63,3.17,6.51,24.9,,,,28.0,2.48,,,,,,,,,,,2090.0,,,,,,,,,,,,0.007,,1.87,1.15,16.7,,,,3.36,0.99,93.7,4.3,,,,,,,,,,,,,,,,,,,,,,,,,,,0.0,,,,,,,
81660,"Flaxseed, brown",flaxseed brown,0,12,Nut and Seed Products,11,"CIQUAL, ANSES",1.3,210.0,560.0,750.0,5.1,7.97,,0.0,,,,,,5.8,1.4,,,0.0,,,,300.0,0.0,0.0,,,,,,0.0,,,,,,0.0,,,,18.0,42.2,533.0,26.9,38.0,0.0,,0.5,,0.0,,,0.0,0.0,0.0,0.0,0.0,,,6.16,,,,,,,,0.0,0.0,,,0.0,,,3.56,5.7,0.47,0.17,4.61,8.31,27.2,,,,0.0,2.0,,,,,,,,,,,2200.0,,,,,,,,,,,,0.03,,2.29,2.08,21.0,,,,3.52,0.81,71.6,4.55,,,,,,,,,,,,,,,,,,,,,,,,,,,0.0,,,,,,,
586,Flocos de aveia,flocos de aveia,1,20,Cereal Grains and Pasta,1,"TCA, INSA 2015",,40.0,220.0,353.0,4.5,,,58.7,,,,,,10.9,3.0,,0.0,2.4,,,,122.0,,,,,,,,0.0,1.47,,,0.0,,0.0,,0.0,56.0,13.5,5.8,359.65437704,6.7,4.0,0.0,,1.5,,0.1,,,,,,,,,0.0,,,,,,,0.0031,,,,,,,,,61.7,1.3,0.27,0.2,1.2,3.5,0.7,,,,,,,0.0,,,,,,,,,1504.79391353536,,,,,,,,,,,,,,,,,,,,1.4,,,,,0.68,,,,,,,,,,,,,,,,,,,,,,,,,,,,,,,,
208199,Flocos de aveia,flocos de aveia,1,20,Cereal Grains and Pasta,33,"TCA, INSA 2019",,40.0,220.0,350.0,4.5,,,58.7,,,,,,10.9,3.0,,0.0,2.4,,,,120.0,,,,,,,,0.0,0.0,,,,,0.0,,0.0,,13.5,5.8,366.0,6.7,4.0,0.0,,1.5,,0.1,,,,,,,,,0.0,,,,,,,3.1,,,,,,,,,61.7,1.3,0.27,0.2,1.2,3.5,0.7,,,,,,,0.0,,,,,,,,,1550.0,,,,,,,,,,,,,,,,,,,,1.4,,56.0,,,,,,,,,,,,,,,,,,,,,,,,,,,,,,,,,,,
126085,Flocos de aveia,flocos de aveia,1,20,Cereal Grains and Pasta,5,My foods,,40.0,220.0,353.0,4.5,,,58.7,,,,,,10.9,3.0,,0.0,2.4,,,,122.0,,,,,,,,0.0,1.47,,,0.0,,0.0,,0.0,56.0,13.5,5.8,359.6,6.7,4.0,0.0,,1.5,,0.1,,,,,,,,,0.0,,,,,,,0.0031,,,,,,,,,61.7,1.3,0.27,0.2,1.2,3.5,0.7,,,,,,,0.0,,,,,,,,,1504.5664000000002,,,,,,,,,,,,,,,,,,,,1.4,,,,,0.68,,,,,,,,,,,,,,,,,,,,,,,,,,,,,,,,
587,"Flocos de cereais e frutos secos tipo ""Muesli""",flocos de cereais e frutos secos tipo muesli,1,20,Cereal Grains and Pasta,1,"TCA, INSA 2015",,16.0,175.0,405.0,2.0,,,52.3,,,,,,5.7,16.8,,0.0,1.1,,,,86.0,,,,,,,,0.0,0.0,,,0.0,,0.0,,0.0,131.0,10.4,6.3,378.77221768,6.8,230.0,0.0,,3.2,,0.18,,,,,,,,,0.0,,,,,,,0.0022,,,,,,,,,69.1,1.5,0.05,1.6,1.1,2.3,2.6,,,,,,,0.0,,,,,,,,,1584.78295877312,,,,,,,,,,,,,,,,,,,,1.67,,,,,2.4,,,,,,,,,,,,,,,,,,,,,,,,,,,,,,,,
208201,"Flocos de cereais e frutos secos tipo ""Muesli""",flocos de cereais e frutos secos tipo muesli,1,20,Cereal Grains and Pasta,33,"TCA, INSA 2019",,16.0,180.0,410.0,2.0,,,52.3,,,,,,5.7,16.8,,0.0,1.1,,,,86.0,,,,,,,,0.0,0.0,,,,,0.0,,0.0,,10.4,6.3,388.0,6.8,230.0,0.0,,3.2,,0.18,,,,,,,,,0.0,,,,,,,2.2,,,,,,,,,69.1,1.5,0.05,1.6,1.1,2.3,2.6,,,,,,,0.0,,,,,,,,,1640.0,,,,,,,,,,,,,,,,,,,,1.67,,130.0,,,,,,,,,,,,,,,,,,,,,,,,,,,,,,,,,,,
593,"Flocos de milho tipo ""Corn Flakes""",flocos de milho tipo corn flakes,0,20,Cereal Grains and Pasta,1,"TCA, INSA 2015",,2.0,47.0,100.0,0.3,,,74.9,,,,,,2.9,6.2,,0.0,3.8,,,,14.0,,,,,,,,0.0,0.14,,,0.0,,2.8,,0.0,167.0,7.9,1.1,374.470703536,3.9,702.0,0.0,,0.4,,0.9,,,,,,,,,0.0,,,,,,,0.0009,,,,,,,,,81.1,1.0,0.48,1.8,0.3,0.4,0.3,,,,,,,0.0,,,,,,,,,1566.785423594624,,,,,,,,,,,,,,,,,,,,3.07,,,,,0.27,,,,,,,,,,,,,,,,,,,,,,,,,,,,,,,,
591,Flocos de trigo,flocos de trigo,1,20,Cereal Grains and Pasta,1,"TCA, INSA 2015",,11.0,298.0,413.0,2.4,,,62.2,,,,,,3.5,6.8,,0.0,4.1,,,,140.0,,,,,,,,0.0,0.0,,,0.0,,0.0,,0.0,32.0,14.0,2.5,360.371296064,9.3,11.0,0.0,,2.0,,0.15,,,,,,,,,0.0,,,,,,,0.0018,,,,,,,,,69.0,2.4,0.08,0.17,0.6,0.3,0.9,,,,,,,0.0,,,,,,,,,1507.793502731776,,,,,,,,,,,,,,,,,,,,1.61,,,,,0.9,,,,,,,,,,,,,,,,,,,,,,,,,,,,,,,,
208204,Flocos de trigo,flocos de trigo,1,20,Cereal Grains and Pasta,33,"TCA, INSA 2019",,11.0,300.0,410.0,2.4,,,62.2,,,,,,3.5,6.8,,0.0,4.1,,,,140.0,,,,,,,,0.0,0.0,,,,,0.0,,0.0,,14.0,2.5,373.0,9.3,11.0,0.0,,2.0,,0.15,,,,,,,,,0.0,,,,,,,1.8,,,,,,,,,69.0,2.4,0.08,0.17,0.6,0.3,0.9,,,,,,,0.0,,,,,,,,,1580.0,,,,,,,,,,,,,,,,,,,,1.61,,32.0,,,,,,,,,,,,,,,,,,,,,,,,,,,,,,,,,,,
592,"Flocos de trigo integral tipo ""All-Bran Flakes""",flocos de trigo integral tipo all bran flakes,0,20,Cereal Grains and Pasta,1,"TCA, INSA 2015",,50.0,450.0,540.0,2.5,,,46.1,,,,,,3.0,18.1,,35.0,16.0,,,,120.0,,,,,,,,0.0,0.0,,,0.0,,2.8,,0.8,250.0,10.2,1.9,318.0,17.3,910.0,0.0,,2.2,,1.5,,,,,,,,,0.0,,,,,,,0.0024,,,,,,,,,64.2,11.7,1.0,1.8,0.4,0.2,1.0,,,,,,,0.0,,,,,,,,,1330.512,,,,,,,,,,,,,,,,,,,,3.4,,,,,0.9,,,,,,,,,,,,,,,,,,,,,,,,,,,,,,,,
259237,Flour Type 2,flour type 2,0,20,Cereal Grains and Pasta,5,My foods,,,,,,,,,,,,,,,,,,,,,,,,,,,,,,,,,,,,,,,,12.0,1.0,331.0,4.6,,,,,,,,,,,,,,,,,,,,,,,,,,,,,,,66.5,,,,,,,,,,,,,,,,,,,,,,1384.904,,,,,,,,,,,,,,,,,,,,,,,,,,,,,,,,,,,,,,,,,,,,,,,,,,,,,,,,,
49065,"Flour, wheat, brown",flour wheat brown,0,11,Vegetables and Vegetable Products,23,McCance and Widdowson's,0.32,28.0,256.0,295.0,2.2,0.2,0.9,71.5,1.44,0.06,,,,11.6,1.0,,0.0,3.7,0.38,,,72.0,82.0,0.0,0.0,,0.0,4.4,0.1,0.0,0.0,,,0.0,,0.0,,0.0,,12.2,2.0,339.0,7.7,2.0,,,0.9,,0.1,,,,,0.0,,0.0,,0.0,0.77,,,,,,0.0026,,,,,0.01,,,0.0,72.5,2.38,0.39,0.41,0.29,0.21,0.82,,,,6.0,2.33,,0.0,,,,,,,,,1441.0,,0.0,0.0,,0.0,0.0,0.0,0.0,0.0,,,0.0,,0.27,0.01,0.05,0.0,,,,0.7,44.0,,,,0.2,,,,,,,,,30.4,9.9,1.0,,47.6,,,,,,,,,,,,,,,,,,
49067,"Flour, wheat, white, plain, soft",flour wheat white plain soft,0,11,Vegetables and Vegetable Products,23,McCance and Widdowson's,0.15,96.0,114.0,175.0,0.7,0.21,0.5,80.3,1.5,0.0,,,,11.6,0.6,,0.0,1.7,0.19,,,23.0,143.0,0.0,0.0,,0.0,1.8,0.1,0.0,0.0,,,0.0,,0.0,,0.0,,9.1,1.4,352.0,4.0,2.0,,,0.59,,0.05,,,,,0.0,0.0,0.0,,0.0,0.23,,,,,,0.002,,,,,0.02,,,0.0,80.9,1.94,0.28,0.18,0.44,0.23,0.24,,,,3.0,0.7,,0.0,,,,,,,,,1501.0,,0.0,0.01,,0.0,0.0,0.01,,0.0,,,0.0,,0.4,0.02,0.0,0.0,,,,0.44,16.0,0.76,,0.23,0.21,,,0.0,,,,,,21.0,6.5,0.4,,31.8,,,,,,,,,,,,,,,,,,
349508,Fluviale Miniburger,fluviale miniburger,0,,,19,My recipes,0.014003717472119002,26.907806691449803,169.99665427509302,315.45724907063203,3.38672862453532,0.00020074349442379203,0.207063197026022,4.902044609665431,,,,,,55.59293680297401,1.7438661710037202,,2.6414869888475803,3.8364684014869903,,,,19.869888475836404,99.81412639405201,11.397769516728602,0.24498141263940504,0.0,0.24237918215613402,2.3420074349442404,0.0,0.0,0.6423791821561341,,,28.5130111524164,,0.9013011152416361,,1.6275092936803002,,18.374386617100402,16.419962825278805,248.21460966542702,0.5827137546468402,105.63197026022301,78.31970260223052,,0.43171003717472106,,0.15562453531598502,,,0.0,0.0,0.0,,0.0,,99.81784386617102,0.000635687732342007,,,,,,0.00314498141263941,,0.0,0.0,,,0.0,,0.317100371747212,6.940892193308551,1.4905947955390302,0.09305576208178441,0.32446096654275103,6.633557620817841,7.1436579925650605,0.704568773234201,,,,7.830855018587361,0.0342007434944238,,40.498141263940504,,,,,,,,,1038.5299268401466,,,,,,,,,,,,0.0,,0.000646840148698885,0.00012267657992565101,6.356877323420072e-05,,,,0.07732342007434942,0.516431226765799,20.466542750929403,0.031226765799256505,,,,,,,,,,,,,,,,,,,,,,,,,,,0.0158364312267658,,,,,,,
209245,Fluviale burger with potatoes chips,fluviale burger with potatoes chips,0,,,19,My recipes,0.014003717472118959,26.90780669144981,169.9966542750929,315.4572490706319,3.3867286245353165,0.00020074349442379178,0.2070631970260223,4.902044609665427,,,,,,55.59293680297398,1.7438661710037175,,2.6414869888475834,3.836468401486988,,,,19.86988847583643,99.81412639405204,11.397769516728625,0.2449814126394052,0.0,0.24237918215613383,2.3420074349442377,0.0,0.0,0.6423791821561338,,,28.513011152416357,,0.9013011152416358,,1.6275092936802973,,18.37438661710037,16.419962825278812,248.21460966542747,0.5827137546468402,105.63197026022306,78.31970260223048,,0.4317100371747212,,0.1556245353159851,,,0.0,0.0,0.0,,0.0,,99.81784386617099,0.0006356877323420074,,,,,,0.003144981412639405,,0.0,0.0,,,0.0,,0.3171003717472119,6.9408921933085495,1.4905947955390333,0.0930557620817844,0.3244609665427509,6.633557620817843,7.143657992565055,0.7045687732342008,,,,7.830855018587361,0.03420074349442379,,40.498141263940525,,,,,,,,,1038.5299268401466,,,,,,,,,,,,0.0,,0.0006468401486988847,0.00012267657992565053,6.356877323420075e-05,,,,0.07732342007434945,0.5164312267657992,20.466542750929367,0.0312267657992565,,,,,,,,,,,,,,,,,,,,,,,,,,,0.0158364312267658,,,,,,,
7538,"Focaccia, Italian flatbread, plain",focaccia italian flatbread plain,0,18,Baked Products,0,"USDA, 2018",0.091,35.0,128.0,114.0,1.33,5.495,,,,,,,,45.91,1.75,42.0,0.0,3.67,,,0.0,20.0,,,,,,,,0.0,0.0,0.0,0.0,0.0,0.0,0.0,0.0,0.0,54.0,8.77,7.89,249.0,1.8,561.0,1.0,0.0,1.42,0.0,0.301,0.0,0.0,0.0,0.0,0.0,0.0,0.001,175.0,0.0,0.923,,,,,,,0.0,0.0,0.0,0.0,0.024,0.0,0.0,,35.82,3.16,0.47,0.113,0.877,5.67,0.994,,,,15.9,0.364,2.0,0.0,2.9,,,,,,,,1044.0,,0.024,0.008,0.0,,0.001,0.0,,0.009,,,0.001,84.0,0.723,0.12,0.072,0.138,,,1.6,0.645,138.0,5.7,,,,,,,,,,,,,,,,,,,,,,,,,,,,,,,,,,
349503,"Fontal, Cheese",fontal cheese,0,4,Fats and Oils,5,My foods,,,,,,,,,,,,,,,,,,,,,,,,,,,,,,,,,,,,,,,,25.0,28.0,,,,,,,,,,,,,,,,,,,,,,,,,,,,,,,,,0.0,,,,22.0,,,,,,,,,,,,,,,,,,,,,,,,,,,,,,,,,,,,,,,,,,,,,,,,,,,,,,,,,,,,,,,,,,,,,,,,,,,
726,Framboesa,framboesa,1,9,Fruits and Fruit Juices,1,"TCA, INSA 2015",,26.0,23.0,229.0,0.3,,,0.0,,,,,,84.3,5.1,,30.0,0.6,,,,20.0,,,,,,,,0.0,0.0,,,2.0,,0.0,,0.0,33.0,0.9,0.6,33.934167136,6.7,1.0,10000.0,,0.2,,0.02,,,,,,,,,0.0,,,,,,,0.0002,,,,,,,,,5.1,0.5,0.03,0.05,0.0,0.1,0.3,,,,,,,2.0,,,,,,,,,141.980555297024,,,,,,,,,,,,,,,,,,,,0.54,,,,,0.2,,,,,,,,,,,,,,,,,,,,,,,,,,,,,,,,
208295,Framboesa,framboesa,1,9,Fruits and Fruit Juices,33,"TCA, INSA 2019",,26.0,23.0,230.0,0.3,,,0.0,,,,,,84.3,5.1,,30.0,0.6,,,,20.0,,,,,,,,0.0,0.0,,,,,0.0,,0.0,,0.9,0.6,49.0,6.7,1.0,10.0,,0.2,,0.02,,,,,,,,,0.0,,,,,,,0.2,,,,,,,,,5.1,0.5,0.03,0.05,0.0,0.1,0.3,,,,,,,2.0,,,,,,,,,203.0,,,,,,,,,,,,,,,,,,,,0.54,,33.0,,,,,,,,,,,,,,,,,,,,,,,,,,,,,,,,,,,
38064,Frango assado,frango assado,0,5,Poultry Products,20,"TCNA, IBGE",0.07,15.0,182.0,223.0,1.94,,,,,,,,,,,,,8.49,,,,23.0,,,,,,,,,0.45,,,48.0,,0.3,,0.3,,27.3,13.6,239.0,,82.0,,,0.27,,0.17,,,,,,,,,88.0,2.57,,,,,,,,,,,,,,,,1.26,0.06,0.4,3.79,5.34,2.97,,,,23.9,0.02,,48.0,,,,,,,,,999.976,,,,,,,,,,,,,,,,0.11,,,,,,5.0,,,,,,,,,,,,,,,,,,,,,,,,,,,,,,,,,,,
287,Frango com pele cru,frango com pele cru,0,17,"Lamb, Veal, and Game Products",1,"TCA, INSA 2015",,11.0,176.0,317.0,0.9,,,0.0,,,,,,66.0,0.0,,0.0,6.6,,,,23.0,,,,,,,,0.0,0.05,,,20.0,,0.62,,0.8,9.4,19.6,13.6,200.772503546778,0.0,70.0,0.0,,0.2,,0.25,,,,,,,,,99.0,,,,,,,0.0034,,,,,,,,,0.0,0.8,0.12,0.3,3.2,4.5,2.8,,,,,,,20.0,,,,,,,,,840.0321548397192,,,,,,,,,,,,,,,,,,,,0.88,,,,,2.4,,,,,,,,,,,,,,,,,,,,,,,,,,,,,,,,
299,Frango sem pele grelhado,frango sem pele grelhado,0,17,"Lamb, Veal, and Game Products",1,"TCA, INSA 2015",,16.0,219.0,407.0,1.3,,,0.0,,,,,,61.6,0.0,,0.0,8.8,,,,30.0,,,,,,,,0.0,0.016,,,10.0,,0.2,,0.63,9.0,31.0,4.9,167.998024624,0.0,281.0,0.0,,0.2,,0.23,,,,,,,,,117.0,,,,,,,0.006,,,,,,,,,0.0,1.2,0.14,0.4,1.3,1.6,0.9,,,,,,,10.0,,,,,,,,,702.903735026816,,,,,,,,,,,,,,,,,,,,2.19,,,,,0.9,,,,,,,,,,,,,,,,,,,,,,,,,,,,,,,,
3310,"Frankfurter, beef, pork, and turkey, fat free",frankfurter beef pork and turkey fat free,0,7,Sausages and Luncheon Meats,0,"USDA, 2018",0.117,54.0,132.0,220.0,2.92,0.0,,,,,,,,71.5,0.0,0.0,24.0,3.466,,,6.6,14.0,,,,,,,,0.0,,0.0,0.0,0.0,2.0,0.1,0.0,1.06,0.0,12.5,1.59,109.0,0.0,880.0,0.0,0.0,0.0,0.0,0.154,0.0,0.0,0.0,0.0,0.0,0.0,0.0,6.0,41.0,0.0,,,,,,,0.0,0.0,0.0,0.0,0.0,0.0,0.0,,11.21,1.78,0.162,0.181,0.5,0.74,0.35,,,,18.7,,0.0,0.0,74.9,,,,,,,,456.056,,,,,,,,,,,,0.0,6.0,0.0,0.0,0.0,0.0,,,3.2,,6.0,1.8,,,,,,,,,,,,,,,,,,,,,,,,,,,,,,,,,,
209249,French Fries,french fries,0,,,19,My recipes,,9.0,62.0,600.0,0.5,,,27.699999999999996,,,,,,55.0,1.0,,18.0,,,,,29.0,,,,,,,,,,,,0.0,,,,,,3.5,10.3,215.0,2.7,12.0,0.0,,0.61,,0.03,,,,,,,,,0.0,,,,,,,,,,,,,,,,28.699999999999996,0.6999999999999998,0.3499999999999999,0.73,1.3999999999999997,7.0,1.3,,,,,,,,,,,,,,,,899.56,,,,,,,,,,,,,,,,,,,,,,,,,,,,,,,,,,,,,,,,,,,,,,,,,,,,,,,,,
22439,"French bean, canned, drained",french bean canned drained,0,11,Vegetables and Vegetable Products,11,"CIQUAL, ANSES",0.13,42.7,25.3,94.0,0.23,0.009,,0.59,,,,,,92.6,0.46,,3.1,0.15,,,,13.0,518.0,1.6,,,,,,0.0,,,,0.0,,0.0,,0.0,,1.33,0.31,19.9,3.36,261.0,122.0,,0.14,,0.053,,,0.0,0.0,0.0,0.0,0.0,,0.0,0.065,,,,,,,,,0.0,,,0.0,,,1.23,0.81,0.053,0.03,0.09,0.014,0.19,,,,0.9,0.094,,,,,,,,,,,82.5,,,,,,,,,,,,0.0,,0.078,0.012,0.077,,,,1.04,0.15,20.5,38.9,,,,,,,,,,,,,,,,,,,,,,,,,,,0.15,,,,,,,
22412,"French bean, cooked",french bean cooked,0,11,Vegetables and Vegetable Products,11,"CIQUAL, ANSES",0.081,55.3,36.0,174.0,0.2,0.0072,,1.94,,,,,,89.3,1.0,,5.0,0.34,,,,22.3,11.0,0.0,,,,,,0.0,,,,0.0,,0.0,,0.0,,2.0,0.17,29.4,4.0,5.8,137.0,,0.45,,0.08,,,0.0,0.0,0.0,0.0,0.00044,,0.0,0.04,,,,,,,,,0.0,,,0.0,,,3.0,0.6,0.0,0.0,0.042,0.0072,0.087,,,,0.0,0.19,,,,,,,,,,,123.0,,,,,,,,,,,,0.00052,,0.035,0.006,0.047,,,,0.69,0.0,33.0,16.0,,,,,,,,,,,,,,,,,,,,,,,,,,,0.062,,,,,,,
27134,French beans or green beans,french beans or green beans,0,11,Vegetables and Vegetable Products,14,"FCDBE, IEO",,35.0,48.0,280.0,0.2,,,0.0,,,,,,90.5,2.4,,16.0,0.8,,,,,,,,,,,,0.0,,,,0.0,,0.0,,,,2.1,0.1,18.3,2.9,2.0,246.0,,0.2,,0.15,,,,,,,,,0.0,,,,,,,,,,,,,,,,2.4,0.9,0.07,0.05,0.02,,0.06,,,,,,,41.0,,,,,,,,,76.57,,,,,,,,,,,,,,,,,,,,,,80.0,,,,,,,,,,,,,,,,,,,,,,,,,,,,,,,,,,,
183997,French's Crispy Fried Onions,french s crispy fried onions,0,11,Vegetables and Vegetable Products,5,My foods,,,,,,,,,,,,,,,,,,,,,,,,,,,,,,,,,,,,,,,,0.0,50.0,642.8571428571429,,857.1428571428572,,,,,,,,,,,,,,0.0,,,,,,,,,,,,,,,,42.85714285714286,,,,28.571428571428573,,,,,,,,,,,,,,,,,,2689.714285714286,,,,,,,,,,,,,,,,,,,,,,,,,,,,,,,,,,,,,,,,,,,,,,,,,,,,,,,,,
22569,Fresh cream cheese cake,fresh cream cheese cake,0,19,Sweets,11,"CIQUAL, ANSES",0.02,51.0,93.0,90.0,0.51,,,,,,,,,54.2,19.5,,0.4,0.2,,,,11.0,,10.0,,,,,,0.0,,,,156.0,,0.5,,0.17,,6.17,11.6,237.0,0.7,200.0,34.0,,0.56,,0.19,,,0.19,0.072,0.064,0.13,0.11,,55.0,0.53,,,,,,,,,0.005,,,0.0,,,26.5,0.63,0.028,0.052,5.16,4.91,0.97,,,,,0.14,,,,,,,,,,,991.0,,,,,,,,,,,,0.68,,2.57,1.34,0.03,,,,0.79,0.57,15.0,4.4,,,,,,,,,,,,,,,,,,,,,,,,,,,0.0,,,,,,,
81786,"Fresh cream cheese, plain, around 3% fat",fresh cream cheese plain around 3 fat,0,1,Dairy and Egg Products,11,"CIQUAL, ANSES",0.01,130.0,115.0,132.0,0.52,0.87,,0.0,,,,,,83.7,3.46,,0.0,0.19,,,,10.2,,14.5,,,,,,0.0,,,,29.0,,1.5,,0.4,,8.03,3.26,76.9,0.0,42.4,20.0,,0.14,,0.24,,,0.11,0.071,0.047,0.1,0.13,,18.0,0.066,,,,,,,,,,,,,,,3.46,0.13,0.037,0.047,2.12,0.87,0.09,,,,0.0,0.0,,,,,,,,,,,323.0,,,,,,,,,,,,0.36,,0.97,0.33,0.024,,,,0.83,0.38,26.0,0.0,,,,,,,,,,,,,,,,,,,,,,,,,,,0.74,,,,,,,
81787,"Fresh cream cheese, plain, creamy, around 8% fat",fresh cream cheese plain creamy around 8 fat,0,1,Dairy and Egg Products,11,"CIQUAL, ANSES",0.031,104.0,94.0,140.0,0.41,2.15,,0.0,,,,,,79.5,3.33,,0.0,0.1,,,,9.6,61.0,56.0,,,,,,0.0,,,,90.0,,0.0,,0.29,,6.19,7.65,116.0,0.0,40.8,41.0,,0.0,,0.18,,,0.27,0.15,0.1,0.23,0.27,,25.3,0.16,,,,,,,,0.0,0.0,,,0.0,,,5.25,0.0,0.038,0.0,4.99,2.28,0.26,,,,0.0,0.0039,,,,,,,,,,,485.0,,,,,,,,,,,,0.87,,2.28,0.81,0.048,,,,0.67,0.39,10.8,,,,,,,,,,,,,,,,,,,,,,,,,,,,0.7,,,,,,,
82161,"Fresh pasta, stuffed with meat (e.g. bolognese-style ravioli), cooked",fresh pasta stuffed with meat e g bolognese style ravioli cooked,0,25,Restaurant Foods,11,"CIQUAL, ANSES",0.12,29.0,85.5,95.0,0.74,1.65,,22.1,,,,,,60.3,1.0,,0.0,0.51,,,,17.5,319.0,0.0,,,,,,0.0,,,,0.0,,0.0,,0.57,,6.94,4.65,174.0,2.15,206.0,82.0,,0.28,,0.049,,,0.0,0.0,0.0,0.0074,0.0074,,25.7,0.73,,,,,,,,0.0095,0.0048,,,0.0048,,,25.1,0.78,0.19,0.051,1.65,1.95,0.82,,,,0.0,0.26,,,,,,,,,,,735.0,,,,,,,,,,,,0.1,,1.0,0.47,0.069,,,,0.87,0.32,13.6,0.74,,,,,,,,,,,,,,,,,,,,,,,,,,,0.0,,,,,,,
177567,Fried little mozzarellas 5pz,fried little mozzarellas 5pz,0,,,19,My recipes,0.021111111111111115,147.0,333.8888888888889,151.33333333333331,2.491111111111111,,0.022222222222222227,7.844444444444444,,,,,,49.82222222222223,0.6222222222222222,,0.0,0.3922222222222222,,,,13.555555555555555,,,0.0,0.0,0.0,,0.0,0.0,,,,186.66666666666669,,0.14222222222222222,,1.866666666666667,,19.38888888888889,18.25555555555556,276.5111111111112,0.6777777777777778,160.7777777777778,160.0,,0.3266666666666667,,0.24655555555555558,,,,,,,,,42.66666666666667,,,,,,,,,,,,,,,0.0,9.244444444444445,0.6000000000000001,0.044888888888888895,0.09444444444444444,10.604888888888889,5.537111111111112,0.6951111111111112,,,,2.666666666666667,0.1177777777777778,,213.33333333333334,,,,,,,,,1156.9224888888884,,,,,,,,,,,,,,,,,,,,0.0888888888888889,0.22222222222222224,19.66666666666667,,,,,,,,,,,,,,,,,,,,,,,,,,,,,,,,,,,
349557,Friggitelli Pepperoni,friggitelli pepperoni,0,11,Vegetables and Vegetable Products,5,My foods,,,,,,,,,,,,,,,4.2,,,,,,,,,,,,,,,,,,,,,,,,,0.9,0.3,26.0,,0.1,,,,,,,,,,,,,,,,,,,,,,,,,,,,,,4.2,,,,0.0,,,,,,,,,,,,,,,,,,108.784,,,,,,,,,,,,,,,,,,,,,,,,,,,,,,,,,,,,,,,,,,,,,,,,,,,,,,,,,
49076,"Fromage frais, fruit, children's, fortified",fromage frais fruit children s fortified,0,1,Dairy and Egg Products,23,McCance and Widdowson's,0.03,140.0,123.0,143.0,0.4,,,1.4,,,,,,77.9,11.8,,0.0,0.1,,,,11.0,230.0,17.0,,0.0,,0.6,,0.0,,,,82.0,,,,0.5,,5.8,2.9,99.0,0.2,60.0,,,0.15,,0.29,,,,,,,,,,,,,,,,0.0001,,,,,,,,,13.2,0.06,0.11,0.0,1.9,,,,,,0.0,0.0,,82.0,,,,,,,,,417.0,,,,,,,,,,,,,,,,,,,,,0.38,15.0,,,,,,,,,,,,,,,,,,,,,,,,,,,,,,,,,,,
49077,"Fromage frais, virtually fat free, fruit",fromage frais virtually fat free fruit,0,1,Dairy and Egg Products,23,McCance and Widdowson's,0.01,87.0,110.0,110.0,0.3,,0.2,0.7,,,,,,86.7,4.9,,0.0,0.1,,,,8.0,89.0,,0.9,0.2,0.7,,0.0,0.0,0.0,,,3.0,,0.0,,1.4,,6.8,0.2,50.0,0.7,33.0,,,0.0,,0.37,,,,,,,,,1.0,,,,,,,0.0018,,,,,,,,2.9,5.6,0.1,0.03,0.07,0.1,0.1,0.0,,,,2.0,0.0,,3.0,,,,,,,,,213.0,,,,,,,,,,,,,,,,,,,,,,15.0,,,,,,,,,,,,,,,,,,,,,,,,,,,,,,,,,,,
49078,"Fromage frais, virtually fat free, natural",fromage frais virtually fat free natural,0,1,Dairy and Egg Products,23,McCance and Widdowson's,0.03,127.0,120.0,155.0,0.6,,0.0,0.2,,,,,,87.2,4.4,,0.0,0.1,,,,12.0,137.0,23.0,0.0,0.1,0.2,0.0,0.0,0.0,0.0,,,3.0,,0.0,,1.0,,7.7,0.1,49.0,0.0,37.0,0.0,0.0,0.0,,0.2,,,,,,,,,1.0,,,,,,,0.0012,,,,,,,,4.1,4.6,0.06,0.13,0.01,0.1,0.0,0.0,,,,3.0,0.0,,3.0,,,,,,,,,208.0,,,,,,,,,,,,,,,,,,,,,0.47,15.0,,,,,,,,,,,,,,,,,,,,,,,,,,,,,,,,,,,
82660,Frozen yogurt,frozen yogurt,0,19,Sweets,11,"CIQUAL, ANSES",,,,,,,,,,,,,,,,,,,,,,,,,,,,,,0.0,,,,,,,,,,3.22,7.2,188.0,0.0,,,,,,,,,,,,,,,,,,,,,,,,,,,,,,,27.7,,,,,,,,,,,,,,,,,,,,,,791.0,,,,,,,,,,,,,,,,,,,,,,,,,,,,,,,,,,,,,,,,,,,,,,,,,,0.0,,,,,,,
45383,Fruit,fruit,0,,,22,System foods,0.0813636363636364,14.7272727272727,16.3636363636364,179.090909090909,0.110909090909091,0.0502,2.29,0.564,0.053,0.005,0.001,0.008,0.0,84.4409090909091,10.427,60.8181818181818,25.8636363636364,0.4407,0.002,1.37,0.125,11.0,,,3.92181818181818,0.02,3.13818181818182,,0.02,0.0,,0.0,0.0,0.0,0.0,0.0,22.0,0.0,0.0,0.741818181818182,0.294545454545455,55.7272727272727,2.24545454545455,0.909090909090909,116.272727272727,4.27272727272727,0.455,0.272727272727273,0.170818181818182,0.0,0.0,0.0,0.0,0.0005,0.0015,0.0017,12.3,0.0,0.0584,0.0296,0.0764,0.1519,0.0345,0.0179,0.0103,0.0,0.0,0.0,0.0,0.0001,0.0,0.0018,0.0,14.1027272727273,0.213636363636364,0.038,0.0882,0.0501,0.0599,0.0854,0.0194,0.0203,0.0333,0.56,0.349727272727273,215.636363636364,10.7272727272727,5.88,0.0276,0.0237,0.0337,0.0287,0.0113,0.0226,0.008,233.162909090909,0.0,,,,,,,,,,,0.0026,14.4545454545455,0.0381,0.0043,0.0253,0.01,0.0092,0.0325,0.42,0.2016,14.4545454545455,4.58,0.02,,,,,0.0226666666666667,0.003,,,,,,,,0.0,5.9,,,,,,,,,,,,0.00166666666666667,,,,,,
172919,Fruit Toast,fruit toast,0,18,Baked Products,5,My foods,,,,,,,,33.9,,,,,,,18.7,,,,,,,,,,,,,,,,,,,,,,,,,7.9,3.6,281.0,3.2,164.0,,,,,,,,,,,,,,,,,,,,,,,,,,,,,,52.6,,,,0.9,,,,,,,,,,,,,,,,,,1175.704,,,,,,,,,,,,,,,,,,,,,,,,,,,,,,,,,,,,,,,,,,,,,,,,,,,,,,,,,
49086,"Fruit juice drink/squash, diluted",fruit juice drink squash diluted,0,14,Beverages,23,McCance and Widdowson's,0.0,1.0,0.0,5.0,0.0,,0.2,0.0,,,,,,98.2,1.8,,,0.0,,,,0.0,1.0,0.0,0.7,0.0,0.7,0.0,0.1,0.0,0.0,,,0.0,,0.0,,0.0,,0.0,0.0,7.0,0.0,8.0,,,,,0.0,,,,,,,,,0.0,,,,,,,0.0,,,,,,,,0.0,1.8,0.0,0.0,0.0,0.0,0.0,0.0,,,,0.0,0.0,,23.0,,,,,,,,,29.0,,,,,,,,,,,,,,,,,,,,,0.0,0.0,,,,,,,,,,,,,,,,,,,,,,,,,,,,,,,,,,,
49089,"Fruit juice drink/squash, ready to drink",fruit juice drink squash ready to drink,0,14,Beverages,23,McCance and Widdowson's,0.0,6.0,2.0,44.0,0.0,,3.4,0.0,,,,,,89.5,9.8,,,0.1,,,,3.0,3.0,0.0,3.7,0.0,2.7,0.0,0.0,0.0,0.0,,,0.0,,0.0,,0.0,,0.1,0.0,37.0,0.0,5.0,,,,,0.0,,,,,,,,,0.0,,,,,,,0.0,,,,,,,,0.0,9.8,0.0,0.0,0.01,0.0,0.0,0.0,,,,0.0,0.0,,,,,,,,,,,159.0,,,,,,,,,,,,,,,,,,,,,0.0,2.0,,,,,,,,,,,,,,,,,,,,,,,,,,,,,,,,,,,
28252,"Fruit juice, freshly squeezed (apple, carrot, pear, kiwi)",fruit juice freshly squeezed apple carrot pear kiwi,0,9,Fruits and Fruit Juices,15,"IFCD, UCC",0.04,13.0,14.0,153.0,0.1,,,0.1,,,,,,81.7,9.7,,11.2,0.17,,,,6.0,,,,,,,,,,,,0.0,,0.0,,0.0,,0.5,0.2,41.0,,8.0,,,0.47,,0.02,,,,,,,,,0.0,,,,,,,,,,,,,,,,9.8,0.2,0.04,0.07,0.0,0.0,0.0,,,,0.0,0.07,,,,,,,,,,,171.54,,,,,,,,,,,,,,,,,,,,,0.07,4.0,,,,,,,,,,,,,,,,,,,,,,,,,,,,,,,,,,,
28259,"Fruit salad (orange, pear, strawberry, grape, nectarine)",fruit salad orange pear strawberry grape nectarine,0,9,Fruits and Fruit Juices,15,"IFCD, UCC",0.07,19.0,20.0,166.0,0.1,,,0.0,,,,,,86.5,9.3,,40.5,0.43,,,,9.0,,,,,,,,,,,,0.0,,0.0,,0.0,,0.8,0.1,39.0,,4.0,,,0.1,,0.03,,,,,,,,,0.0,,,,,,,,,,,,,,,,9.3,0.29,0.04,0.06,0.0,0.0,0.0,,,,0.5,0.12,,,,,,,,,,,163.18,,,,,,,,,,,,,,,,,,,,,0.22,12.0,,,,,,,,,,,,,,,,,,,,,,,,,,,,,,,,,,,
49093,"Fruit salad, homemade",fruit salad homemade,0,9,Fruits and Fruit Juices,23,McCance and Widdowson's,0.05,12.0,15.0,155.0,0.0,,6.2,0.3,,,,,,82.6,14.0,,24.0,0.3,,,,9.0,55.0,,4.6,0.0,3.3,,0.0,0.0,0.0,,,0.0,,0.0,,0.0,,0.7,0.3,59.0,,1.0,,,,,0.03,,,,,,,,,0.0,,,,,,,0.0001,,,,,,,,0.0,14.3,0.16,0.09,0.09,,,,,,,0.0,0.1,,4.0,,,,,,,,,252.0,,,,,,,,,,,,,,,,,,,,,,,,,,,,,,,,,,,,,,,,,,,,,,,,,,,,,,,,,
28262,"Fruit smoothie (banana, peach, mango, low fat yoghurt)",fruit smoothie banana peach mango low fat yoghurt,0,9,Fruits and Fruit Juices,15,"IFCD, UCC",0.07,62.0,62.0,251.0,0.27,,,0.7,,,,,,82.5,12.6,,18.9,0.47,,,,19.0,,,,,,,,,,,,2.3,,0.0,,0.06,,2.2,0.4,62.0,,25.0,,,0.36,,0.11,,,,,,,,,1.0,,,,,,,,,,,,,,,,13.2,0.37,0.04,0.14,0.2,0.1,0.0,,,,0.7,0.2,,,,,,,,,,,259.41,,,,,,,,,,,,,,,,,,,,,0.3,9.0,,,,,,,,,,,,,,,,,,,,,,,,,,,,,,,,,,,
28261,"Fruit smoothie (pineapple, orange juice, mango, low fat yoghurt)",fruit smoothie pineapple orange juice mango low fat yoghurt,0,9,Fruits and Fruit Juices,15,"IFCD, UCC",0.07,64.0,54.0,190.0,0.23,,,0.1,,,,,,85.2,10.2,,18.2,0.3,,,,15.0,,,,,,,,,,,,2.3,,0.0,,0.06,,1.8,0.4,49.0,,26.0,,,0.33,,0.1,,,,,,,,,1.0,,,,,,,,,,,,,,,,10.3,0.3,0.06,0.1,0.2,0.1,0.0,,,,0.4,0.27,,,,,,,,,,,205.02,,,,,,,,,,,,,,,,,,,,,0.24,8.0,,,,,,,,,,,,,,,,,,,,,,,,,,,,,,,,,,,
28220,"Fruit smoothie, banana and strawberry (with yoghurt and orange juice)",fruit smoothie banana and strawberry with yoghurt and orange juice,0,14,Beverages,15,"IFCD, UCC",0.05,59.0,60.0,236.0,0.29,,,0.5,,,,,,81.6,12.8,,35.7,0.45,,,,17.0,,,,,,,,,,,,7.0,,0.01,,0.05,,2.1,0.9,66.0,,24.0,,,0.17,,0.1,,,,,,,,,3.0,,,,,,,,,,,,,,,,13.3,0.28,0.04,0.12,0.5,0.2,0.1,,,,1.0,0.22,,,,,,,,,,,276.14,,,,,,,,,,,,,,,,,,,,,0.34,17.0,,,,,,,,,,,,,,,,,,,,,,,,,,,,,,,,,,,
73538,"Gamba congelada, cruda",gamba congelada cruda,0,15,Finfish and Shellfish Products,5,My foods,,,,,,,,,,,,,,,1.0,,,,,,,,,,,,,,,,,,,,,,,,,9.7,1.0,72.0,,,,,,,,,,,,,,,,,,,,,,,,,,,,,,,,1.0,,,,0.2,,,,,,,,,,,,,,,,,,301.248,,,,,,,,,,,,,,,,,,,,,,,,,,,,,,,,,,,,,,,,,,,,,,,,,,,,,,,,,
61855,Gamba pelada congelada,gamba pelada congelada,0,15,Finfish and Shellfish Products,5,My foods,,,,,,,,,,,,,,,,,,,,,,,,,,,,,,,,,,,,,,,,11.7,1.0,72.0,,400.0,,,,,,,,,,,,,,,,,,,,,,,,,,,,,,1.0,,,,,,,,,,,,,,,,,,,,,,301.248,,,,,,,,,,,,,,,,,,,,,,,,,,,,,,,,,,,,,,,,,,,,,,,,,,,,,,,,,
6979,"Game meat, elk, tenderloin, separable lean only, cooked, broiled",game meat elk tenderloin separable lean only cooked broiled,0,17,"Lamb, Veal, and Game Products",0,"USDA, 2018",0.349,5.0,285.0,392.0,4.12,0.641,,,,,,,,64.93,0.0,0.0,0.0,6.143,,,,29.0,,,,,,,,0.0,,0.0,0.0,0.0,,,0.0,2.96,0.0,30.76,3.41,162.0,0.0,50.0,0.0,0.0,0.55,0.0,0.37,,,0.0,0.0,0.002,0.002,0.004,9.0,72.0,0.097,1.566,4.367,2.582,1.717,0.948,0.275,,0.03,,,0.009,,,,0.0,4.07,0.144,0.485,1.342,0.97,0.161,1.236,1.291,2.293,10.5,0.019,0.0,0.0,,1.099,1.305,1.84,1.428,0.961,1.126,0.302,678.0,,0.002,0.0,0.043,0.017,0.021,,0.002,0.011,0.002,0.004,0.131,9.0,0.785,0.379,0.028,0.262,0.755,2.513,1.34,1.212,9.0,,,,,,,,0.002,,,,,,,,,,,,,,,,,,,,,,0.288,,,,,
81889,"Garden peas and carrots, frozen, cooked",garden peas and carrots frozen cooked,0,11,Vegetables and Vegetable Products,11,"CIQUAL, ANSES",0.076,23.0,49.0,158.0,0.45,,,,,,,,,85.8,4.36,,8.1,1.15,,,,16.0,,,,,,,,0.0,,,,0.0,,0.0,,0.0,,3.09,0.42,50.4,3.1,68.0,4730.0,,0.52,,0.064,,,0.0,0.0,0.0,0.0,0.001,,0.0,,,,,,,,,,0.0,,,0.0,,,7.02,0.94,0.23,0.087,0.077,0.035,0.2,,,,,0.2,,,,,,,,,,,212.0,,,,,,,,,,,,0.0,,0.068,0.007,,,,,0.57,0.16,26.0,18.8,,,,,,,,,,,,,,,,,,,,,,,,,,,3.09,,,,,,,
21979,"Garlic, fresh",garlic fresh,1,2,Spices and Herbs,11,"CIQUAL, ANSES",0.3,80.5,157.0,401.0,1.16,0.011,,13.4,,,,,,64.3,1.43,,18.1,0.7,,,,25.0,61.0,0.9,,,,,,0.0,,,,0.0,,0.0,,0.0,,5.81,0.34,,4.7,39.0,5.0,,0.045,,0.11,,,0.0,0.0,0.0,0.002,0.0,,0.0,0.14,,,,,,,,0.0,0.0,,,0.0,,,21.2,1.6,0.2,1.99,0.075,0.011,0.25,,,,2.0,1.67,,,,,,,,,,,,,,,,,,,,,,,0.0,,0.062,0.0039,0.013,,,,1.41,0.6,51.3,1.7,,,,,,,,,,,,,,,,,,,,,,,,,,,0.0,,,,,,,
237737,"Garlic, powder, dried",garlic powder dried,0,2,Spices and Herbs,37,"Ciqual 2020, ANSES",0.53,79.5,416.0,1150.0,2.81,0.062,2.05,,,,,,,6.48,2.43,,2.39,0.74,,,,67.5,,,0.31,0.0,0.07,,0.0,0.0,,,,0.0,,0.0,,0.0,,16.7,0.77,344.0,9.45,43.0,0.0,,0.67,,0.15,,,0.0,0.0,0.0,0.0024,0.0,,0.0,0.27,,,,,,,,,0.0,,,0.0,,0.0,62.8,4.2,0.45,1.65,0.2,0.067,0.29,,,,,0.98,,,,,,,,,,,1460.0,,,,,,,,,,,,0.012,,0.097,0.084,0.016,,,,3.42,0.74,47.0,,,,,,,,,,,,,,,,,,,,,,,,,,,,,,,,,,,
4562,"Garlic, raw",garlic raw,1,11,Vegetables and Vegetable Products,0,"USDA, 2018",0.299,181.0,153.0,401.0,1.16,0.011,,,,,,,,58.58,1.0,16.0,31.2,0.7,,,,25.0,,,,,,,,0.0,0.0,0.0,0.0,0.0,0.0,0.0,0.0,0.0,0.0,6.36,0.5,149.0,2.1,17.0,5.0,0.0,0.08,0.0,0.11,0.0,0.0,0.0,0.0,0.0,0.002,0.0,3.0,0.0,0.229,0.2,0.805,0.489,0.132,0.113,0.066,0.0,0.0,0.0,0.0,0.0,0.0,0.0,,33.06,1.7,0.2,1.235,0.089,0.011,0.249,0.157,0.217,0.308,14.2,1.672,9.0,0.0,23.2,0.19,0.1,0.634,0.291,0.081,0.183,0.065,623.416,,,,,,,,,,,,0.0,3.0,0.087,0.0,0.02,0.0,0.076,0.273,1.5,0.596,3.0,1.7,,,,,,,,,,,,,,,,,,,,,,,,,,,,,,,,,,
49101,"Garlic, raw",garlic raw,1,11,Vegetables and Vegetable Products,23,McCance and Widdowson's,0.06,19.0,170.0,620.0,1.0,,0.6,14.7,,,,,,64.3,1.6,,17.0,0.3,,,,25.0,73.0,3.0,0.6,0.0,0.4,,0.0,0.0,0.0,,,0.0,,0.0,,0.0,,7.9,0.6,98.0,,4.0,0.0,0.0,0.01,,0.03,,,,,,,,,0.0,,,,,,,0.0019,,,,,,,,0.0,16.3,1.9,0.13,0.38,0.1,0.0,0.3,,,,2.0,0.5,,0.0,,,,,,,,,411.0,,,,,,,,,,,,,,,,,,,,,,5.0,,,,,,,,,,,,,,,,,,,,,,,,,,,,,,,,,,,
207864,Gelado de água (sorvete),gelado de gua sorvete,0,19,Sweets,33,"TCA, INSA 2019",,3.0,0.0,0.0,0.1,,,0.0,,,,,,66.9,32.6,,0.0,0.0,,,,0.0,,,,,,,,0.0,0.0,,,,,0.0,,0.0,,0.4,0.0,132.0,0.0,2.0,0.0,,0.0,,0.0,,,,,,,,,0.0,,,,,,,0.0,,,,,,,,,32.6,0.0,0.0,0.0,0.0,0.0,0.0,,,,,,,0.0,,,,,,,,,561.0,,,,,,,,,,,,,,,,,,,,0.1,,0.0,,,,,,,,,,,,,,,,,,,,,,,,,,,,,,,,,,,
207865,Gelatina preparada com ananás em conserva,gelatina preparada com anan s em conserva,0,19,Sweets,33,"TCA, INSA 2019",,9.5,2.8,46.0,0.1,,,0.0,,,,,,75.4,21.6,,2.9,0.08,,,,5.0,,,,,,,,0.0,0.0,,,,,0.0,,0.0,,2.2,0.0,97.0,0.4,2.6,4.0,,0.02,,0.01,,,,,,,,,0.0,,,,,,,0.0,,,,,,,,,21.6,0.1,0.01,0.03,0.0,0.0,0.0,,,,,,,1.0,,,,,,,,,410.0,,,,,,,,,,,,,,,,,,,,0.235,,0.4,,,,,,,,,,,,,,,,,,,,,,,,,,,,,,,,,,,
49107,"Gherkins, pickled, drained",gherkins pickled drained,0,11,Vegetables and Vegetable Products,23,McCance and Widdowson's,0.1,20.0,22.0,110.0,0.3,,1.1,0.2,,,,,,92.8,2.4,,1.0,0.1,,,,11.0,1060.0,,0.8,0.0,0.5,,0.0,0.0,0.0,,,0.0,,0.0,,0.0,,0.9,0.1,14.0,1.5,690.0,2.0,0.0,,,0.02,,,,,,,,,0.0,,,,,,,0.0001,,,,,,,,0.0,2.6,0.7,0.0,,0.0,0.0,0.0,,,,,0.1,,0.0,,,,,,,,,61.0,,,,,,,,,,,,,,,,,,,,,,6.0,,,,,,,,,,,,,,,,,,,,,,,,,,,,,,,,,,,
49112,"Ginger, fresh",ginger fresh,0,2,Spices and Herbs,23,McCance and Widdowson's,0.23,16.0,34.0,415.0,0.3,,0.0,6.4,,,,,,78.9,1.7,,5.0,0.8,,,,43.0,,,0.9,0.0,0.8,,0.0,0.0,0.0,,,0.0,,0.0,,0.0,,1.8,0.8,44.0,2.0,13.0,,,0.26,,0.03,,,,,,,,,0.0,,,,,,,0.0002,,,,,,,,0.0,8.1,0.6,0.02,0.16,0.2,0.15,0.15,,,,,0.23,,0.0,,,,,,,,,188.0,,,,,,,,,,,,,,,,,,,,,0.2,11.0,0.1,,,,,,,,,,,,,,,,,,,,,,,,,,,,,,,,,,
21985,"Ginger, powder",ginger powder,0,2,Spices and Herbs,11,"CIQUAL, ANSES",0.48,114.0,168.0,1320.0,3.64,0.36,,54.9,,,,,,9.66,3.39,,0.7,9.62,,,,214.0,,,,,,,,0.0,,,,0.0,,0.0,,0.0,,9.05,4.24,336.0,14.1,27.0,18.0,,0.0,,0.17,,,0.0,0.027,0.0,1.56,0.068,,0.0,,,,,,,,,,0.0,,,0.0,,,58.3,19.8,0.046,0.63,2.6,0.48,0.93,,,,,33.3,,,,,,,,,,,1410.0,,,,,,,,,,,,0.044,,0.57,0.23,0.22,,,,5.22,0.48,13.0,0.8,,,,,,,,,,,,,,,,,,,,,,,,,,,0.0,,,,,,,
22547,Gingerbread,gingerbread,0,19,Sweets,11,"CIQUAL, ANSES",0.11,4.0,88.0,91.9,0.5,0.81,,28.4,,,,,,19.3,41.7,,0.0,0.34,,,,14.3,76.0,2.0,,,,,,0.0,,,,,,,,,,3.38,2.01,335.0,3.21,187.0,2.0,,0.57,,0.0,,,0.0,0.0,0.0,0.0,0.0039,,2.0,0.32,,,,,,,,,0.0,,,,,,74.2,1.1,0.05,0.16,0.59,0.92,0.41,,,,,0.5,,,,,,,,,,,1420.0,,,,,,,,,,,,0.012,,0.4,0.053,0.076,,,,0.72,0.0,,,,,,,,,,,,,,,,,,,,,,,,,,,,,0.0,,,,,,,
22713,"Gnocchi, from potato, cooked",gnocchi from potato cooked,0,20,Cereal Grains and Pasta,11,"CIQUAL, ANSES",0.14,5.1,39.0,184.0,0.5,0.54,,29.3,,,,,,55.5,1.1,,,1.6,,,,18.8,695.0,60.0,,,,,,0.0,,,,0.0,,0.0,,0.15,,5.01,2.05,178.0,2.0,402.0,,,0.92,,0.0,,,0.0,0.0,0.0,0.0,0.0,,129.0,1.02,,,,,,,,0.0,,,,,,,33.8,0.7,0.084,0.12,0.26,0.54,1.04,,,,5.0,1.4,,,,,,,,,,,752.0,,,,,,,,,,,,0.0,,0.18,0.077,0.024,,,,1.58,0.24,27.1,,,,,,,,,,,,,,,,,,,,,,,,,,,,0.0,,,,,,,
67452,"Goji berries, dried",goji berries dried,0,,,0,"USDA, 2018",,190.0,,,,,,,,,,,,7.5,45.61,,48.4,,,,,,,,,,,,,,0.0,,,,,,,,,14.26,0.39,349.0,13.0,298.0,,,,,,,,,,,,,,0.0,,0.304,1.431,1.711,0.698,0.157,,,,,,,,,,77.06,6.8,,,0.0,,,0.358,0.261,0.456,,,26822.0,,,0.498,1.0,0.722,0.316,0.222,0.271,0.144,1461.0,,,,,,,,,,,,,,,,,,0.087,0.233,0.78,,,,,,,,,,,,,,,,,,,,,,,,,,,,,,,,,,,,,
49121,"Gooseberries, dessert, raw",gooseberries dessert raw,0,9,Fruits and Fruit Juices,23,McCance and Widdowson's,0.06,19.0,19.0,170.0,0.1,,0.4,0.0,,,,,,87.5,9.2,,26.0,0.3,,,,9.0,11.0,0.0,4.5,,4.3,0.1,0.0,,,,,0.0,,0.0,,0.0,,0.7,0.3,40.0,,1.0,62.0,0.0,0.37,,0.03,,,,,,,,,0.0,,,,,,,0.0001,,,,,,,,0.0,9.2,0.6,0.03,0.02,0.1,0.1,0.1,,,,0.0,0.1,,10.0,,,,,,,,,170.0,,,,,,,,,,,,,,,,,,,,,0.29,8.0,,,,,,,,,,,,,,,,,,,,,,,,,,,,,,,,,,,
22078,"Gorgonzola cheese, from cow's milk",gorgonzola cheese from cow s milk,1,1,Dairy and Egg Products,11,"CIQUAL, ANSES",0.02,390.0,310.0,110.0,2.1,5.19,,0.0,,,,,,51.1,0.0,,0.0,2.93,,,,18.0,1180.0,70.0,,,,,,0.0,,,,286.0,,0.24,,0.73,,19.0,26.4,312.0,0.0,710.0,168.0,,0.16,,0.32,,,0.72,0.46,0.33,0.66,0.82,,81.1,0.64,,,,,,,,0.035,0.0,,,0.0,,,0.0,0.08,0.07,0.13,16.9,7.28,0.75,,,,0.0,0.01,,,,,,,,,,,1290.0,,,,,,,,,,,,2.83,,8.16,2.84,0.077,,,,3.1,0.81,41.2,0.9,,,,,,,,,,,,,,,,,,,,,,,,,,,0.0,,,,,,,
236799,"Gorgonzola cheese, from cow's milk",gorgonzola cheese from cow s milk,1,1,Dairy and Egg Products,37,"Ciqual 2020, ANSES",0.02,390.0,310.0,110.0,2.1,5.19,0.3,0.0,,,,,,51.1,0.3,,0.5,2.93,,,,18.0,1180.0,70.0,0.3,,,,0.3,0.0,,,,286.0,,0.24,,0.73,,18.6,26.4,312.0,0.0,710.0,168.0,,0.16,,0.32,,,0.72,0.46,0.33,0.66,0.82,,81.1,0.64,,,,,,,,0.035,0.012,,,0.012,,0.3,,0.08,0.07,0.13,16.9,7.28,0.75,,,,20.0,0.01,,,,,,,,,,,1290.0,,,,,,,,,,,,2.83,,8.16,2.84,0.077,,,,3.1,0.81,41.2,,,,,,,,,,,,,,,,,,,,,,,,,,,,,,,,,,,
22086,"Gouda cheese, from cow's milk",gouda cheese from cow s milk,0,1,Dairy and Egg Products,11,"CIQUAL, ANSES",0.036,728.0,546.0,121.0,3.9,5.19,,0.0,,,,,,38.4,0.0,,0.0,0.063,,,,29.0,1440.0,29.7,,,,,,0.0,,,,164.0,,0.5,,1.54,,23.2,31.5,374.0,0.0,795.0,10.0,,0.24,,0.33,,,0.89,0.58,0.39,0.89,1.09,,103.0,0.34,,,,,,,,,0.0,,,0.0,,,0.0,0.24,0.03,0.08,20.3,7.65,0.73,,,,9.02,0.0,,,,,,,,,,,1550.0,,,,,,,,,,,,2.95,,7.1,3.05,0.15,,,,4.04,0.34,21.0,2.3,,,,,,,,,,,,,,,,,,,,,,,,,,,0.0,,,,,,,
81536,"Grana Padano cheese, from cow's milk",grana padano cheese from cow s milk,1,1,Dairy and Egg Products,11,"CIQUAL, ANSES",,1170.0,,,,,,,,,,,,,0.0,,,,,,,,,,,,,,,0.0,,,,,,,,,,34.1,29.2,396.0,0.0,610.0,,,,,,,,,,,0.85,,,,,,,,,,,,,,,,,,,0.0,,,,19.5,8.08,1.2,,,,,,,,,,,,,,,,1650.0,,,,,,,,,,,,,,,,,,,,4.62,,,,,,,,,,,,,,,,,,,,,,,,,,,,,,0.0,,,,,,,
236816,"Grana Padano cheese, from cow's milk",grana padano cheese from cow s milk,1,1,Dairy and Egg Products,37,"Ciqual 2020, ANSES",,1170.0,,,,,0.1,0.0,,,,,,,0.25,,,,,,,,,,0.1,,0.1,,0.1,0.0,,,,,,,,,,33.4,29.2,396.0,0.0,610.0,,,,,,,,,,,0.85,,,,,,,,,,,,,,,,,,0.1,,,,,19.5,8.08,1.2,,,,,,,,,,,,,,,,1650.0,,,,,,,,,,,,,,,,,,,,4.62,,,,,,,,,,,,,,,,,,,,,,,,,,,,,,,,,,,,,
426431,Grani Antichi Siciliani Flour,grani antichi siciliani flour,0,20,Cereal Grains and Pasta,5,My foods,,,,,,,,,,,,,,,0.5,,,,,,,,,,,,,,,,,,,,,,,,,12.0,1.0,342.0,3.5,,,,,,,,,,,,,,,,,,,,,,,,,,,,,,,70.0,,,,0.4,,,,,,,,,,,,,,,,,,1430.928,,,,,,,,,,,,,,,,,,,,,,,,,,,,,,,,,,,,,,,,,,,,,,,,,,,,,,,,,
4016,"Grapefruit juice, pink, raw",grapefruit juice pink raw,0,9,Fruits and Fruit Juices,0,"USDA, 2018",0.033,9.0,15.0,162.0,0.05,0.012,,,,,,,,90.0,,,38.0,0.2,,,,12.0,,,,,,,,,0.0,,,0.0,0.0,0.0,,0.0,0.0,0.5,0.1,39.0,,1.0,,,,,0.02,,,,,,,,10.0,0.0,0.019,,,,,,,,,,,,,,,9.2,0.2,0.04,0.044,0.014,0.013,0.024,,,,,0.02,440.0,22.0,,,,,,,,,163.176,,,,,,,,,,,,,10.0,0.012,0.001,0.005,0.001,,,0.2,0.189,10.0,,,,,,,,,,,,,,,,,,,,,,,,,,,,,,,,,,,
49131,"Grapefruit juice, unsweetened",grapefruit juice unsweetened,0,14,Beverages,23,McCance and Widdowson's,0.01,14.0,11.0,100.0,0.0,,2.0,0.0,0.01,0.0,,,,89.4,8.3,,31.0,0.2,0.0,,,8.0,4.0,,3.3,,3.0,1.0,0.0,0.0,0.0,,,0.0,,0.0,,0.0,,0.4,0.1,33.0,0.0,7.0,1.0,0.0,0.19,,0.01,,,,,,,,,0.0,,,,,,,0.0,,,,,,,,0.0,8.3,0.2,0.04,0.02,0.0,0.0,0.0,,,,1.0,0.2,,0.0,,,,,,,,,140.0,,,,,,,,,,,,,,,,,,,,,0.08,6.0,,,,,,,,,,,,,,,,,,,,,,,,,,,,,,,,,,,
49134,"Grapefruit, raw, flesh only",grapefruit raw flesh only,0,9,Fruits and Fruit Juices,23,McCance and Widdowson's,0.02,23.0,20.0,200.0,0.0,,2.4,0.0,,,,,,89.0,6.8,,36.0,0.3,,,,9.0,3.0,,2.3,,2.1,1.0,0.0,0.0,0.0,,,0.0,,0.0,0.0,0.0,,0.8,0.1,30.0,,3.0,12.0,9.0,0.19,,0.02,,,,,,,,,0.0,,,,,,,0.0001,,,,,,,,0.0,6.8,0.1,0.05,0.03,0.0,0.0,0.0,,,,1.0,0.0,,3.0,,,,,,,,,126.0,,,,,,,,,,,,,,,,,,,,,0.28,26.0,0.01,,,,,,,,,,,,,,,,,,,,,,,,,,,,,,,,,,
3829,"Grapefruit, raw, pink and red and white, all areas",grapefruit raw pink and red and white all areas,0,9,Fruits and Fruit Juices,0,"USDA, 2018",0.047,12.0,8.0,139.0,0.07,0.012,,,,,,,,90.89,6.98,6.0,34.4,0.25,,1.0,,8.0,,,,,,,,0.0,0.0,0.0,0.0,0.0,0.0,0.0,6.0,0.0,0.0,0.63,0.1,32.0,1.1,0.0,552.0,4.0,0.13,1135.0,0.02,0.0,0.0,0.0,0.0,0.0,0.0,0.0,10.0,0.0,0.019,0.012,0.16,0.111,0.02,0.006,0.006,0.0,0.0,0.0,0.0,0.0,0.0,0.0,,8.08,0.09,0.036,0.042,0.014,0.013,0.024,0.011,0.007,0.012,0.3,0.012,927.0,46.0,7.7,0.022,0.051,0.07,0.012,0.006,0.038,0.006,134.0,,,,,,,,,,,,0.0,10.0,0.012,0.001,0.005,0.001,0.006,0.016,0.31,0.283,10.0,0.0,,,,,,,,,,,,,,,,,,,,,,,,,,,,,,,,,,
3830,"Grapefruit, raw, pink and red, all areas",grapefruit raw pink and red all areas,0,9,Fruits and Fruit Juices,0,"USDA, 2018",0.032,22.0,18.0,135.0,0.07,0.018,3.51,0.0,0.0,0.0,0.0,0.0,0.0,88.06,6.89,5.0,31.2,0.204,0.0,,0.1,9.0,,,1.77,0.0,1.61,,0.0,0.0,0.0,0.0,0.0,0.0,0.0,0.0,6.0,0.0,0.0,0.77,0.14,42.0,1.6,0.0,686.0,3.0,0.13,1419.0,0.031,0.0,0.0,0.0,0.0,0.0,0.0,0.0,13.0,0.0,0.029,0.015,0.197,0.138,0.024,0.008,0.008,0.0,0.0,0.0,0.0,0.0,0.0,0.0,0.0,10.66,0.08,0.043,0.053,0.021,0.02,0.036,0.013,0.008,0.015,0.1,0.022,1150.0,58.0,7.7,0.028,0.063,0.087,0.015,0.008,0.013,0.008,176.0,0.0,,,,,,,,,,,0.0,13.0,0.018,0.002,0.008,0.002,0.007,0.019,0.36,0.262,13.0,0.0,0.02,,,,,,,,,,,,,,,,,,,,,,,,,,,,,,,,,
49135,"Grapes, average",grapes average,0,9,Fruits and Fruit Juices,23,McCance and Widdowson's,0.09,10.0,19.0,215.0,0.0,,0.0,0.0,,,,,,81.9,16.1,,2.0,0.2,,,,7.0,54.0,1.0,8.6,0.0,7.5,0.2,0.0,0.0,0.0,,,0.0,,0.0,,0.0,,0.7,0.2,65.0,1.3,1.0,,,0.19,,0.01,,,,,,,,,0.0,,,,,,,0.0001,,,,,,,,0.0,16.1,0.23,0.07,0.04,0.06,0.01,0.06,,,,0.0,0.06,,1.0,,,,,,,,,277.0,,,,,,,,,,,,,,,,,,,,,0.13,6.0,,,,,,,,,,,,,,,,,,,,,,,,,,,,,,,,,,,
3849,"Grapes, canned, thompson seedless, heavy syrup pack, solids and liquids",grapes canned thompson seedless heavy syrup pack solids and liquids,0,9,Fruits and Fruit Juices,0,"USDA, 2018",0.054,10.0,17.0,103.0,0.05,0.004,,,,,,,,79.53,19.05,48.0,1.0,0.125,,,,6.0,,,,,,,,0.0,0.0,0.0,0.0,0.0,0.0,0.0,0.0,0.0,0.0,0.48,0.1,76.0,0.6,5.0,38.0,1.0,0.13,0.0,0.022,0.0,0.0,0.0,0.0,0.0,0.0,0.0,3.0,0.0,0.023,0.015,0.1,0.059,0.02,0.018,0.002,0.0,0.0,0.0,0.0,0.0,0.0,0.0,,19.65,0.94,0.03,0.065,0.033,0.004,0.03,0.013,0.004,0.01,0.1,0.038,64.0,3.0,3.8,0.023,0.016,0.035,0.013,0.008,0.01,0.008,319.0,,,,,,,,,,,,0.001,3.0,0.029,0.004,0.007,0.0,0.016,0.011,0.24,0.041,3.0,9.8,,,,,,,,,,,,,,,,,,,,,,,,,,,,,,,,,,
49137,"Grapes, green",grapes green,0,9,Fruits and Fruit Juices,23,McCance and Widdowson's,0.07,8.0,19.0,217.0,0.0,,0.0,0.0,0.33,0.01,,,,82.7,15.2,0.0,2.0,0.2,0.01,,,6.0,44.0,1.0,7.9,0.0,7.3,0.2,0.0,0.0,0.0,,,0.0,,0.0,0.0,0.0,,0.7,0.2,62.0,1.2,1.0,0.0,0.0,0.18,0.0,0.01,,,,,,,,,0.0,,,,,,,0.0001,,,,,,,,0.0,15.2,0.21,0.04,0.04,0.07,0.01,0.07,,,,0.0,0.06,,0.0,,,,,,,,,263.0,,,,,,,,,,,,,,,,,,,,,0.14,6.0,,,,,,,,,,,,,,,,,,,,,,,,,,,,,,,,,,,
49138,"Grapes, red",grapes red,0,9,Fruits and Fruit Juices,23,McCance and Widdowson's,0.1,11.0,18.0,213.0,0.0,,0.0,0.0,0.17,0.0,,,,81.1,17.0,27.0,3.0,0.2,0.01,,,7.0,63.0,1.0,9.3,0.0,7.7,0.2,0.0,0.0,0.0,,,0.0,,0.0,0.0,0.0,,0.6,0.1,67.0,1.3,1.0,14.0,0.0,0.2,0.0,0.01,,,,,,,,,0.0,,,,,,,0.0001,,,,,,,,0.0,17.0,0.24,0.09,0.04,0.04,0.01,0.04,,,,0.0,0.06,,2.0,,,,,,,,,286.0,,,,,,,,,,,,,,,,,,,,,0.12,6.0,,,,,,,,,,,,,,,,,,,,,,,,,,,,,,,,,,,
3847,"Grapes, red or green (European type, such as Thompson seedless), raw",grapes red or green european type such as thompson seedless raw,0,9,Fruits and Fruit Juices,0,"USDA, 2018",0.127,10.0,20.0,191.0,0.07,0.007,0.15,0.0,0.07,0.0,0.0,0.0,0.0,80.54,15.48,72.0,3.2,0.188,0.0,7.8,0.1,7.0,,,8.13,0.0,7.2,,0.0,0.0,0.0,0.0,0.0,0.0,0.0,0.0,0.0,0.0,0.0,0.72,0.16,69.0,0.9,2.0,39.0,1.0,0.19,0.0,0.07,0.0,0.0,0.0,0.0,0.0,0.0,0.0,2.0,0.0,0.037,0.016,0.081,0.038,0.022,0.022,0.011,0.0,0.0,0.0,0.0,0.0,0.0,0.0,0.0,18.1,0.36,0.069,0.086,0.054,0.007,0.048,0.022,0.011,0.022,0.1,0.071,66.0,3.0,5.6,0.022,0.08,0.13,0.022,0.01,0.019,0.01,288.696,0.0,,,,,,,,,,,0.001,2.0,0.046,0.006,0.011,0.0,0.009,0.027,0.48,0.05,2.0,14.6,0.0,,,,,,,,,,,,,,,4.0,,,,,,,,,,,,,,,,,,
49140,"Gravy instant granules, made up with water",gravy instant granules made up with water,0,6,"Soups, Sauces, and Gravies",23,McCance and Widdowson's,0.02,2.0,5.0,11.0,0.0,,,,,,,,,93.0,0.4,,0.0,,,,,1.0,608.0,,,0.0,,,0.0,0.0,,,,,,0.0,,0.0,,0.3,1.2,30.0,0.1,385.0,,,,,,,,,,,,,,,,,,,,,0.0001,,,,,,,,0.0,4.7,0.04,,,0.77,,,,,,,0.03,,,,,,,,,,,125.0,,,,,,,,,,,,,,,,,,,,,,0.0,,,,,,,,,,,,,,,,,,,,,,,,,,,,,,,,,,,
22756,"Green salad, raw, without seasoning",green salad raw without seasoning,0,11,Vegetables and Vegetable Products,11,"CIQUAL, ANSES",0.061,35.3,23.5,260.0,0.18,0.0022,,0.0,,,,,,96.1,0.83,,1.95,0.14,,,,15.3,61.0,0.0,,,,,,0.0,,,,0.0,,0.0,,0.0,,1.01,0.1,13.5,1.3,18.3,2000.0,,0.17,,0.0,,,,,,,,,0.0,0.021,,,,,,,,,,,,,,,1.5,0.64,0.041,0.052,0.028,0.0035,0.037,,,,3.23,0.22,,,,,,,,,,,56.8,,,,,,,,,,,,0.00052,,0.019,0.0029,0.016,,,,0.54,0.0,55.3,,,,,,,,,,,,,,,,,,,,,,,,,,,,1.01,,,,,,,
209040,Grelos de couve cozidos,grelos de couve cozidos,0,11,Vegetables and Vegetable Products,33,"TCA, INSA 2019",,130.0,41.0,100.0,0.5,,,0.1,,,,,,93.3,1.3,,35.0,0.4,,,,12.0,,,,,,,,0.0,0.0,,,,,0.0,,0.0,,1.9,0.4,22.0,2.3,110.0,770.0,,1.1,,0.06,,,,,,,,,0.0,,,,,,,0.4,,,,,,,,,1.5,0.5,0.04,0.09,0.1,0.0,0.2,,,,,,,161.0,,,,,,,,,91.0,,,,,,,,,,,,,,,,,,,,0.6,,48.0,,,,,,,,,,,,,,,,,,,,,,,,,,,,,,,,,,,
234800,"Grilled vegetables pan-fried, Mediterranean-style, frozen, raw",grilled vegetables pan fried mediterranean style frozen raw,0,25,Restaurant Foods,37,"Ciqual 2020, ANSES",,,,,,0.66,0.4,,,,,,,86.5,2.66,,,,,,,,239.0,,1.13,,1.0,,0.13,0.0,,,,,,,,,,1.61,1.77,,4.14,167.0,,,,,,,,0.01,0.01,0.01,0.01,0.01,,,0.84,,,,,,,,,0.01,,,,,0.3,4.33,,,,0.14,0.66,0.9,,,,,,,,,,,,,,,,,,,,,,,,,,,,0.01,,0.11,0.032,0.029,,,,0.77,,,,,,,,,,,,,,,,,,,,,,,,,,,,,,,,,,,,,
60999,Ground Flaxseed,ground flaxseed,0,12,Nut and Seed Products,5,My foods,,,,,,,,,,,,,,,1.8,,,,,,,,,,,,,,,,,,,,,,,,,22.0,40.0,508.0,,,,,,,,,,,,,,,,,,,,,,,,,,,,,,,,3.0,,,,4.5,,,,,,,,,,,,,,,,,,2125.472,,,,,,,,,,,,,,,,,,,,,,,,,,,,,,,,,,,,,,,,,,,,,,,,,,,,,,,,,
517,Grão-de-bico cozido (demolhado),gr o de bico cozido demolhado,1,16,Legumes and Legume Products,1,"TCA, INSA 2015",,46.0,83.0,270.0,1.2,,,15.1,,,,,,65.8,1.0,,0.0,0.7,,,,39.0,,,,,,,,0.0,0.0,,,4.0,,0.0,,0.0,54.0,8.4,2.1,120.68136904,5.1,245.0,23000.0,,1.1,,0.07,,,,,,,,,0.0,,,,,,,0.0011,,,,,,,,,16.7,2.1,0.1,0.14,0.2,0.4,1.0,,,,,,,4.0,,,,,,,,,504.93084806336,,,,,,,,,,,,,,,,,,,,1.5,,,,,1.0,,,,,,,,,,,,,,,,,,,,,,,,,,,,,,,,
208397,Grão-de-bico cozido (demolhado),gr o de bico cozido demolhado,1,16,Legumes and Legume Products,33,"TCA, INSA 2019",,46.0,83.0,270.0,1.2,,,15.1,,,,,,65.8,1.0,,0.0,0.7,,,,39.0,,,,,,,,0.0,0.0,,,,,0.0,,0.0,,8.4,2.1,130.0,5.1,250.0,23.0,,1.1,,0.07,,,,,,,,,0.0,,,,,,,1.1,,,,,,,,,16.7,2.1,0.1,0.14,0.2,0.4,1.0,,,,,,,4.0,,,,,,,,,545.0,,,,,,,,,,,,,,,,,,,,1.5,,54.0,,,,,,,,,,,,,,,,,,,,,,,,,,,,,,,,,,,
208398,Grão-de-bico cru,gr o de bico cru,0,16,Legumes and Legume Products,33,"TCA, INSA 2019",,140.0,240.0,980.0,2.5,,,45.2,,,,,,8.0,2.8,,3.0,1.9,,,,100.0,,,,,,,,0.0,0.0,,,,,0.0,,0.0,,19.0,5.0,354.0,13.5,6.0,60.0,,2.7,,0.15,,,,,,,,,0.0,,,,,,,2.5,,,,,,,,,51.4,6.3,0.41,0.5,0.5,1.0,2.5,,,,,,,10.0,,,,,,,,,1490.0,,,,,,,,,,,,,,,,,,,,3.0,,180.0,,,,,,,,,,,,,,,,,,,,,,,,,,,,,,,,,,,
49151,"Guacamole, homemade",guacamole homemade,0,6,"Soups, Sauces, and Gravies",23,McCance and Widdowson's,0.13,10.0,32.0,364.0,0.3,,0.1,0.0,,,,,,80.0,1.3,,13.0,0.9,,,,19.0,28.0,2.0,0.6,,0.6,2.8,0.0,,0.0,,,0.0,,0.0,,0.0,,1.4,12.7,128.0,,5.0,,,2.23,,0.12,,,,,,,,,0.0,,,,,,,0.0002,,,,,,,,0.0,2.2,0.33,0.08,0.25,2.67,7.87,1.44,,,,0.0,0.16,,18.0,,,,,,,,,529.0,,,,,,,,,,,,,,,,,,,,,0.8,15.0,,,,,,,,,,,,,,,,,,,,,,,,,,,,,,,,,,,
428367,HAM AND CHEESE TRAMEZZINO,ham and cheese tramezzino,0,,,19,My recipes,0.11853000000000001,55.198,169.0625,190.88,1.105525,0.4742674999999999,0.015300000000000001,10.0885,0.0,0.0,0.0,0.0,0.0,70.000225,1.6290499999999999,3.75,0.08,2.650435,0.0,0.04899999999999999,0.0052499999999999995,28.286700000000003,458.57,3.375,0.11100000000000002,0.011000000000000001,0.06100000000000001,2.325,0.5585000000000001,0.0,0.067365,0.0,0.0,32.4075,0.0,0.054099999999999995,0.8250000000000001,0.41967499999999996,0.0,8.878475,5.465175,112.9575625,2.4617500000000003,343.5475,17.865,0.0,0.15897500000000003,0.0,0.08837,0.0,0.0,0.078555,0.0487225,0.029324999999999997,0.05955749999999999,0.0639725,0.05249999999999999,24.2925,0.08684,0.00031499999999999996,0.0031149999999999993,0.00112,0.0005075,0.00040249999999999997,0.00156,0.0,0.0008500000000000001,0.00335,0.0,0.00175,0.0008500000000000001,0.0025,0.24820000000000003,11.328800000000001,0.971725,0.27391250000000006,0.1960275,2.8845199999999998,1.507185,0.49523500000000004,0.0006649999999999999,0.0008924999999999998,0.0014524999999999998,5.1778,0.636985,43.732499999999995,30.182499999999997,0.32899999999999996,0.0008049999999999999,0.0014349999999999999,0.0005425,0.0009975,0.0007174999999999999,0.0007174999999999999,0.00014,472.61444149999994,,0.004914999999999999,0.0,,0.0,0.0123,0.0,0.0,,,,0.20303,0.05249999999999999,0.8207975,0.3360825,0.0080625,0.0168175,0.0003675,0.0011725,0.13212500000000002,0.47550000000000003,18.7025,2.66875,0.0,0.322905,0.749615,0.0,0.0,0.038012500000000005,0.0,0.0025,0.01,0.0,0.005179999999999999,5.319999999999999,2.1,0.45000000000000007,0.0,,,0.052185,,,,0.005179999999999999,0.052185,0.0168175,0.0046725,,,0.0,,,,,,
49165,"Haddock, flesh only, grilled, fillets weighed with bones and skin",haddock flesh only grilled fillets weighed with bones and skin,0,15,Finfish and Shellfish Products,23,McCance and Widdowson's,0.02,18.0,204.0,381.0,0.4,,0.0,0.0,,,,,,66.8,0.0,,0.0,3.5,,,,29.0,114.0,370.0,0.0,,0.0,1.5,0.0,0.0,0.0,,,1.0,,0.0,,2.1,,21.0,0.3,87.0,0.0,81.0,,,0.46,,0.12,,,,,,,,,35.6,,,,,,,0.0038,,,,,,,,0.0,0.0,0.15,0.08,0.26,0.05,0.04,0.1,,,,43.0,0.01,,1.0,,,,,,,,,368.0,,,,,,,,,,,,,,,,,,,,,0.25,5.0,,,,,,,,,,,,,,,,,,,,,,,,,,,,,,,,,,,
49170,"Haddock, flesh only, smoked, poached, fillets weighed with bones and skin",haddock flesh only smoked poached fillets weighed with bones and skin,0,15,Finfish and Shellfish Products,23,McCance and Widdowson's,0.02,21.0,144.0,233.0,0.4,,0.0,0.0,,,,,,66.9,0.0,,0.0,5.5,,,,22.0,563.0,191.0,0.0,,0.0,1.3,0.0,,0.0,,,2.0,,,,2.1,,19.2,0.4,80.0,0.0,408.0,,,0.68,,0.12,,,,,,,,,57.2,,,,,,,0.0045,,,,,,,,0.0,0.0,0.15,0.1,0.19,0.08,0.06,0.18,,,,37.0,0.01,,2.0,,,,,,,,,341.0,,,,,,,,,,,,,,,,,,,,,0.25,7.0,,,,,,,,,,,,,,,,,,,,,,,,,,,,,,,,,,,
49188,"Halibut, grilled, weighed with bones and skin",halibut grilled weighed with bones and skin,0,15,Finfish and Shellfish Products,23,McCance and Widdowson's,0.04,27.0,190.0,380.0,0.4,,0.0,0.0,0.0,0.0,,,,56.2,0.0,,0.0,4.8,0.0,,,23.0,55.0,37.0,0.0,,0.0,3.0,0.0,,,,,,,,,1.0,,19.7,1.7,95.0,,55.0,,,0.78,,0.06,,,,,,,,,32.0,,,,,,,0.0037,,,,,,,,0.0,0.0,0.5,0.06,0.31,0.3,0.5,0.4,,,,,0.01,,,,,,,,,,,400.0,,,,,,,,,,,,,,,,,,,,,0.27,8.0,,,,,,,,,,,,,,,,,,,,,,,,,,,,,,,,,,,
49191,Ham,ham,0,7,Sausages and Luncheon Meats,23,McCance and Widdowson's,0.12,7.0,340.0,340.0,1.8,,,0.0,,,,,,73.2,1.0,,0.0,6.5,,,,24.0,980.0,5.0,,0.0,,3.0,,0.0,0.0,,,0.0,,,,1.0,,18.4,3.3,107.0,0.1,800.0,,,0.04,,0.17,,,0.0,0.0,0.0,0.0,0.0,,58.0,,,,,,,0.0031,,,0.01,,,0.0,0.01,0.0,1.0,0.7,0.8,0.61,1.1,1.39,0.52,,,,11.0,0.01,,0.0,,,,,,,,,451.0,,0.0,0.0,,0.0,0.01,0.0,,,,,0.04,,0.68,0.34,,,,,,1.03,19.0,,,0.4,1.25,0.0,0.0,0.03,0.0,0.01,0.04,,,0.1,0.5,,,,,,,,,,,,,,,,,,,,,
3176,"Ham, sliced, pre-packaged, deli meat (96%fat free, water added)",ham sliced pre packaged deli meat 96 fat free water added,0,10,Pork Products,0,"USDA, 2018",0.05,5.0,252.0,463.0,1.51,1.483,,,,,,,,74.84,0.0,0.0,0.0,5.697,,,2.8,19.0,,,,,,,,0.0,0.014,0.0,0.0,0.0,25.0,0.6,0.0,0.36,0.0,16.85,4.04,107.0,0.0,945.0,0.0,0.0,0.29,0.0,0.266,0.0,0.0,0.0,0.0,0.0,0.004,0.003,0.0,41.0,0.507,0.764,2.581,1.581,0.968,0.687,0.201,0.001,0.054,0.002,0.0,0.029,0.001,0.005,,0.7,0.59,0.336,0.394,1.227,1.618,0.626,0.743,0.8,1.391,31.6,0.014,0.0,0.0,62.4,0.706,0.683,1.089,0.855,0.669,0.702,0.191,446.0,0.0,0.006,0.002,0.001,0.002,0.009,0.0,0.02,0.007,0.011,0.0,0.046,0.0,0.776,0.38,0.016,0.096,0.463,1.503,3.57,0.697,0.0,0.0,,0.5,1.473,0.001,0.0,0.015,0.001,0.008,,,,,,,0.7,0.0,0.0,0.01,0.001,0.01,0.003,0.002,0.012,0.095,0.004,0.002,,,0.057,,4.4,0.0,0.005,
9953,"Ham, turkey, sliced, extra lean, prepackaged or deli",ham turkey sliced extra lean prepackaged or deli,0,,,0,"USDA, 2018",0.11,5.0,304.0,299.0,2.36,0.711,,,,,,,,72.0,0.5,0.0,0.0,3.53,,,5.0,20.0,,,,,,,,0.0,,0.0,0.0,0.0,2.0,0.0,0.0,0.26,0.0,19.6,5.8,134.0,0.0,1038.0,0.0,0.0,0.39,0.0,0.25,0.0,0.0,0.0,0.0,0.0,0.0,0.011,6.0,67.0,0.921,,,,,,,0.011,0.137,0.032,0.0,0.016,0.0,0.021,,0.93,1.35,0.05,0.23,0.5,0.864,1.148,,,,37.0,,0.0,0.0,59.1,,,,,,,,562.0,,,,,,,,,,,,0.026,6.0,0.674,0.379,0.037,0.126,,,1.67,,6.0,0.0,,,,,,,,,,,,,,,0.0,,,,,,,,,,,,,,,,,,,
22063,"Hard cheese, emmental-type cheese, reduced fat",hard cheese emmental type cheese reduced fat,0,1,Dairy and Egg Products,11,"CIQUAL, ANSES",0.09,950.0,629.0,110.0,4.1,,,0.0,,,,,,46.2,0.0,,0.0,0.13,,,,45.0,,32.3,,,,,,0.0,,,,108.0,,0.48,,1.2,,30.6,14.0,246.0,0.0,400.0,100.0,,0.22,,0.25,,,,,,,,,67.0,,,,,,,,,,,,,,,,0.0,0.2,0.05,0.09,8.5,3.72,0.45,,,,10.0,0.09,,,,,,,,,,,1030.0,,,,,,,,,,,,,,,,,,,,3.64,0.21,9.2,7.2,,,,,,,,,,,,,,,,,,,,,,,,,,,0.0,,,,,,,
180466,Harina de Avena Amix,harina de avena amix,0,4,Fats and Oils,5,My foods,,,,,,,,,,,,,,,2.0,,,,,,,,,,,,,,,,,,,,,,,,,8.8,5.6,339.6,8.8,,,,,,,,,,,,,,,,,,,,,,,,,,,,,,,59.0,,,,1.2,,,,,,,,,,,,,,,,,,1420.8864,,,,,,,,,,,,,,,,,,,,,,,,,,,,,,,,,,,,,,,,,,,,,,,,,,,,,,,,,
49198,"Hazelnuts, kernel only, weighed with shells",hazelnuts kernel only weighed with shells,0,12,Nut and Seed Products,23,McCance and Widdowson's,0.47,53.0,110.0,280.0,0.8,,1.4,0.8,1.65,0.08,,,,1.7,1.5,,0.0,0.4,0.3,,,61.0,7.0,6.0,0.0,,0.1,29.0,0.0,0.0,0.0,,,0.0,,0.0,,0.0,,5.4,24.1,247.0,2.6,2.0,0.0,0.0,9.49,,0.06,,,,,,,,,0.0,,,,,,,0.0015,,,,,,,,0.0,2.3,1.2,0.16,0.22,1.73,18.71,2.52,,,,1.0,1.9,,0.0,,,,,,,,,1020.0,,,,,,,,,,,,,,,,,,,,,0.57,27.0,,,,,,,,,,,,,,,,,,,,,,,,,,,,,,,,,,,
22007,"Herbs, fresh (average)",herbs fresh average,0,2,Spices and Herbs,11,"CIQUAL, ANSES",0.22,219.0,64.9,507.0,0.88,,,0.18,,,,,,84.2,2.01,,102.0,1.29,,,,57.3,,,,,,,,0.0,,,,0.42,,0.0002,,0.0,,3.55,0.81,49.6,5.7,34.3,3210.0,,2.23,,0.21,,,1.2e-05,1.2e-05,0.0049,0.0029,0.0074,,0.0,,,,,,,,,,1.2e-05,,,1.2e-05,,,4.18,6.1,0.08,0.16,0.21,0.098,0.33,,,,0.28,1.37,,,,,,,,,,,207.0,,,,,,,,,,,,0.0077,,0.13,0.016,,,,,2.01,0.32,104.0,862.0,,,,,,,,,,,,,,,,,,,,,,,,,,,0.00055,,,,,,,
49205,"Herring, flesh only, grilled",herring flesh only grilled,0,15,Finfish and Shellfish Products,23,McCance and Widdowson's,0.19,79.0,310.0,430.0,1.2,1.5,0.0,0.0,0.0,0.0,,,,63.9,0.0,,0.0,4.0,0.0,,,42.0,220.0,38.0,0.0,,0.0,7.0,0.0,0.0,0.0,,,34.0,,16.1,,15.0,,20.1,11.2,181.0,0.0,160.0,,,0.64,,0.27,,,,,,,0.0,,43.0,0.2,,,,,,0.0038,1.3,0.0,,0.3,0.9,,,0.0,0.0,1.6,0.0,0.35,2.8,4.7,2.3,,,,46.0,0.05,,34.0,,,,,,,,,756.0,,,,0.0,0.1,0.0,,,0.1,0.0,0.1,0.8,,1.6,0.2,0.2,0.9,,,,0.78,10.0,,,,,,,,,,,,,,,,,,,,,0.0,,,,,,,,,,0.0,,,,
49208,"Herring, pickled",herring pickled,0,15,Finfish and Shellfish Products,23,McCance and Widdowson's,0.12,13.0,77.0,62.0,0.3,,10.0,0.0,,,,,,57.9,10.0,,0.0,0.8,,,,5.0,1660.0,,0.0,,0.0,,0.0,,,,,37.0,,16.0,,,,16.7,11.1,209.0,,830.0,,,0.64,,0.13,,,,,,,,,42.0,,,,,,,0.0031,,,,,,,,0.0,10.0,0.7,0.0,0.11,,,,,,,,0.02,,37.0,,,,,,,,,877.0,,,,,,,,,,,,,,,,,,,,,,1.0,,,,,,,,,,,,,,,,,,,,,,,,,,,,,,,,,,,
49215,"Hollandaise sauce, homemade",hollandaise sauce homemade,0,6,"Soups, Sauces, and Gravies",23,McCance and Widdowson's,0.06,63.0,183.0,66.0,1.2,,0.0,0.0,,,,,,13.4,0.5,,1.0,0.0,,,,6.0,990.0,33.0,0.0,,0.0,13.0,0.0,,2.44,,,929.0,,4.2,,2.5,,5.1,77.9,717.0,0.1,630.0,,,2.97,,0.19,,,,,,,,,518.9,,,,,,,0.0013,,,,,,,,0.5,0.9,2.06,0.03,0.07,46.36,20.91,3.75,,,,16.0,0.12,,1019.0,,,,,,,,,2948.0,,,,,,,,,,,,,,,,,,,,,1.1,23.0,,,,,,,,,,,,,,,,,,,,,,,,,,,,,,,,,,,
341869,Homemade kamut pasta with Trapanese pesto and toasted almonds,homemade kamut pasta with trapanese pesto and toasted almonds,0,,,19,My recipes,0.3906140594609614,68.01528202278412,259.96443456515703,313.97026951931093,2.392120033342595,3.3829041400389,0.7004445679355378,27.160044456793557,0.6474687413170326,0.014754098360655742,0.0,0.010336204501250348,0.0,32.727379827729926,4.68210614059461,350.97804945818285,1.637121422617394,3.756351208669075,0.09611003056404559,,58.46474020561268,99.74520700194499,333.4065018060573,0.2711864406779661,0.15859405390386222,0.016554598499583222,0.4152208946929703,0.010002778549597111,3.402167268685746,0.0,0.0041261461517088085,0.0,0.0,15.204223395387608,0.0,0.01583773270352876,2.2795220894692974,0.03484301194776327,0.0,10.706779661016949,15.344806890803003,320.88310641844964,7.1898582939705475,287.2870241733815,148.80911364267854,1.0336204501250348,5.067157543762156,0.0,0.2340327868852459,0.0,0.0,0.0,0.0,0.0,0.0,0.0,6.8663517643789955,3.3105862739649905,1.7497949430397335,0.4503467629897194,3.1484045568213395,0.6961583773270353,0.38787941094748546,0.25304084467907756,0.09022172825784941,0.0002778549597110309,0.0,0.0,0.0,0.006476799110864129,0.0,0.0,0.006335093081411503,38.956626840789106,2.529116421228119,0.3401378160600167,0.16510141706029455,2.2010530702973052,9.387286468463463,2.3917588218949715,0.29379994442900814,0.37330536260072245,0.7327074187274245,42.92397888302307,1.687566546262851,187.11864406779662,25.340094470686303,19.082689636010006,0.48942928591275353,0.9269980550152821,0.6171486524034455,0.4473237010280634,0.23083300916921368,0.5198332870241734,0.1827624340094471,1342.5749172547949,0.0,0.0025868296749096973,0.0023256460127813283,0.0,0.0,0.0004112253403723257,0.0008335648791330926,0.00020561267018616284,0.0013364823562100584,0.0,0.0,0.0005862739649902751,6.8663517643789955,0.43235732147818845,0.09131981105862741,0.037214226173937215,0.025882189497082524,0.1471003056404557,0.27717699360933595,1.2710919699916643,0.574050013892748,8.470964156710199,15.28477354820784,0.16021116976938038,1.4421783828841346,3.2733481522645187,0.0002778549597110309,0.0,0.025393164767991114,0.0,0.0,0.0,,,13.94831897749375,0.6015559877743818,0.5070853014726313,,,,0.0,0.001233676021116977,,,0.00030841900527924426,0.001233676021116977,0.023337038066129485,0.00020561267018616284,0.00030841900527924426,,0.0,,,0.0,,,
7797,Honey,honey,1,19,Sweets,0,"USDA, 2018",0.036,6.0,4.0,52.0,0.22,0.0,0.89,,,,,,,17.1,82.12,0.0,0.5,0.121,,7.0,1.7,2.0,,,40.94,3.1,35.75,,1.44,0.0,,0.0,0.0,0.0,0.0,0.0,0.0,0.0,0.0,0.3,0.0,304.0,0.2,4.0,0.0,0.0,0.0,0.0,0.038,0.0,0.0,0.0,0.0,0.0,0.0,0.0,2.0,0.0,0.0,0.007,0.018,0.027,0.006,0.001,0.004,0.0,0.0,0.0,0.0,0.0,0.0,0.0,,82.4,0.42,0.0,0.024,0.0,0.0,0.0,0.004,0.008,0.01,0.8,0.08,0.0,0.0,2.2,0.006,0.09,0.005,0.009,0.008,0.011,0.003,1272.0,,,,,,,,,,,,0.0,2.0,0.0,0.0,0.0,0.0,0.001,0.008,0.2,0.068,2.0,0.0,,,,,,,,,,,,,,,,,,,,,,,,,,,,,,,,,,
22919,Honey,honey,1,19,Sweets,11,"CIQUAL, ANSES",0.017,7.93,5.6,70.3,0.098,,,0.0,,,,,,18.0,79.8,,0.8,0.11,,,,4.26,,0.5,,,,,,0.0,,,,0.0,,0.0,,0.0,,0.52,0.0,327.0,0.0,4.11,0.0,,0.0,,0.069,,,0.0,0.0,0.0,0.0,0.0,,0.0,,,,,,,,,,0.0,,,0.0,,,81.3,0.18,0.0,0.092,0.0,0.0,0.0,,,,0.0,0.16,,,,,,,,,,,1390.0,,,,,,,,,,,,0.0,,0.0,0.0,,,,,0.19,0.069,2.0,0.0,,,,,,,,,,,,,,,,,,,,,,,,,,,0.0,,,,,,,
49216,Honey,honey,1,19,Sweets,23,McCance and Widdowson's,0.05,5.0,17.0,51.0,0.9,,0.0,0.0,,,,,,17.5,76.4,,0.0,0.2,,,,2.0,18.0,0.0,41.8,0.0,34.6,,0.0,0.0,0.0,,,0.0,,0.0,,0.0,,0.4,0.0,288.0,0.0,11.0,,,0.0,,0.05,,,,,,,,,0.0,,,,,,,0.0,,,,,,,,0.0,76.4,0.4,0.0,,0.0,0.0,0.0,,,,1.0,0.3,,0.0,,,,,,,,,1229.0,,,,,,,,,,,,,,,,,,,,,,,,,,,,,,,,,,,,,,,,,,,,,,,,,,,,,,,,,
49218,"Horlicks powder, made up with semi-skimmed milk",horlicks powder made up with semi skimmed milk,0,14,Beverages,23,McCance and Widdowson's,0.02,319.0,117.0,215.0,,,,5.0,,,,,,79.8,8.5,,9.0,2.6,,,,14.0,,,,,,23.099999999999998,,0.0,0.06,,,125.0,,2.1,,0.9,,4.1,1.8,83.0,0.4,93.0,,,1.38,,0.41,,,,,,,,,,,,,,,,0.0009,,,,,,,,,13.5,1.18,0.21,0.31,1.1,,,,,,,,,126.0,,,,,,,,,353.0,,,,,,,,,,,,,,,,,,,,,1.36,24.0,,,,,,,,,,,,,,,,,,,,,,,,,,,,,,,,,,,
49219,"Horlicks powder, made up with skimmed milk",horlicks powder made up with skimmed milk,0,14,Beverages,23,McCance and Widdowson's,0.02,323.0,119.0,220.0,,,,5.0,,,,,,80.9,8.5,,9.0,2.5,,,,14.0,,,,,,22.599999999999998,,0.0,0.0,,,110.0,,2.1,,0.8,,4.1,0.6,72.0,0.4,95.0,,,1.36,,0.4,,,,,,,,,,,,,,,,0.0009,,,,,,,,,13.5,1.19,0.21,0.31,0.26,,,,,,,,,110.0,,,,,,,,,308.0,,,,,,,,,,,,,,,,,,,,,1.21,24.0,,,,,,,,,,,,,,,,,,,,,,,,,,,,,,,,,,,
21780,"Horse mackerel, raw",horse mackerel raw,0,15,Finfish and Shellfish Products,9,"BEDCA, UGR",4e-05,17.0,157.0,420.0,0.5,,,,,,,,,78.3,,,2.8,,,,,31.0,,,,,,,,,,,,,,16.0,,10.0,,15.4,5.2,111.81,,39.0,,,1.3,,0.3,,,,,,,,,55.0,,,,,,,,,,,,,,,,0.8,1.0,0.14,,1.3,2.0,1.4,,,,36.5,0.01,,36.0,,,,,,,,,467.8,,,,,,,,,,,,,,,,,,,,,0.59,,,,,,,,,,,,,,,,,,,,,,,,,,,,,,,,,,,,
49222,Horseradish sauce,horseradish sauce,0,6,"Soups, Sauces, and Gravies",23,McCance and Widdowson's,0.05,43.0,42.0,220.0,0.4,,7.4,3.0,,,,,,64.0,15.0,,0.0,,,,,18.0,1710.0,,3.6,0.0,4.0,,0.0,0.0,0.15,,,0.0,,0.0,,0.0,,2.5,8.4,153.0,2.5,910.0,,,,,,,,0.0,0.0,0.0,0.0,,,14.0,,,,,,,,,,0.02,,,0.0,0.01,0.0,17.9,0.6,,,1.1,3.8,3.2,,,,,0.18,,0.0,,,,,,,,,640.0,,,,,,,,0.01,,,,,,,,,,,,,,,,,2.39,3.38,0.15,0.0,0.57,0.0,0.0,0.0,,,14.0,6.6,0.6,,23.3,,,,,,,,,,,,,,,,,,
49226,Houmous,houmous,0,16,Legumes and Legume Products,23,McCance and Widdowson's,0.3,41.0,160.0,190.0,1.4,,0.5,9.3,,,,,,51.7,0.6,,1.0,1.1,,,,62.0,,,0.1,0.0,0.0,,0.0,0.0,,,,0.0,,0.0,,0.0,,6.8,26.7,307.0,4.9,410.0,0.0,0.0,,,0.05,,,,,,,,,0.0,,,,,,,0.001,,,,,,,,0.0,10.5,1.9,0.16,0.15,,,,,,,4.0,0.5,,,,,,,,,,,1272.0,,,,,,,,,,,,,,,,,,,,,0.39,42.0,,,,,,,,,,,,,,,,,,,,,,,,,,,,,,,,,,,
186572,Huile,huile,0,,,17,My food groups,0.0012625,0.125,0.125,0.0,0.01425,42.5625,,0.0,,,,,,0.0,0.0,,0.0,0.0,,,,0.0,0.0,0.0,,,,,,0.0,,,,0.0,,0.0,,0.0,,0.0,100.0,900.0,0.0,0.0,0.0,,18.10875,,0.0,,,0.0,0.0,0.0,0.001,0.01725,,0.0,26.50625,,,,,,,,0.0,0.0,,,0.0,,,0.0,0.008375,0.0,0.0,11.33625,46.2875,37.43625,,,,0.0,0.0004125,,,,,,,,,,,3765.6,,,,,,,,,,,,0.048,,7.85375,2.91,9.37625,,,,0.00131925,0.0,0.0,21.175,,,,,,,,,,,,,,,,,,,,,,,,,,,0.0,,,,,,,
176338,Hummus,hummus,0,,,19,My recipes,,38.806519241815046,81.56605399195864,225.30966398621482,0.7302412406662837,,,0.0,,,,,,69.86830844342332,1.3010338885697874,,7.985066053991958,0.38418150488225156,,,,34.04913842619185,,,,,,,,0.0,,,,0.0,,0.0,,0.0,58.82245835726594,5.345695002871913,5.0739316484778865,127.10075619189244,6.264273406088455,257.073808156232,0.0,,1.2360999425617463,,0.03874784606547961,,,,,,,,,0.0,,,,,,,,,,,,,,,,11.464260195290063,1.7250430786904076,0.08608845491097071,0.0,0.6900093337162551,2.836916283744974,1.096126507754164,,,,,,,3.832808730614589,,,,,,,,,531.7895639068761,,,,,,,,,,,,,,,,,,,,,,0.0,,,,,,,,,,,,,,,,,,,,,,,,,,,,,,,,,,,
130188,Hummus de garbanzos casera,hummus de garbanzos casera,0,,,19,My recipes,,70.53333333333333,160.86666666666667,257.93333333333334,1.3726666666666667,,,,,,,,,46.20666666666666,1.28,,12.52,0.97,,,,78.4,,,,,,,,,,,,0.0,,0.0,,,61.38666666666666,7.246666666666667,26.93533333333334,332.43134063720714,6.493333333333333,10.133333333333333,,,3.0726666666666667,,0.04573333333333333,,,,,,,,,0.0,,,,,,,,,,,,,,,,12.0,2.756666666666667,0.1862,,3.800239333333334,15.672754,5.86965,,,,,,,9.104668733333334,,,,,,,,,1390.892729226074,,,,,,,,,,,,,,,,,,,,0.1,,,,,,,,,,,,,,,,,,,,,,,,,,,,,,,,,,,,,
6419,"Hummus, commercial",hummus commercial,0,16,Legumes and Legume Products,0,"USDA, 2018",0.377,47.0,181.0,312.0,1.44,5.258,0.34,8.08,11.02,2.08,0.0,0.0,0.0,57.4,0.62,258.0,0.0,1.024,0.34,,,75.0,,,0.28,0.0,0.0,,0.0,0.0,0.019,0.0,0.0,0.0,0.0,0.0,3.0,0.0,0.0,7.78,17.82,237.0,5.5,426.0,12.0,0.0,1.54,0.0,0.127,0.0,0.0,0.0,0.0,0.0,0.0,0.0,48.0,0.0,8.077,,,,,,,0.0,0.006,0.0,0.0,0.055,0.0,0.0,0.0,15.0,2.54,0.16,0.146,2.562,5.34,8.812,,,,4.7,1.155,23.0,1.0,,,,,,,,,992.0,0.0,0.075,0.045,0.0,0.003,0.012,0.028,0.004,0.008,0.0,0.0,0.009,48.0,1.662,0.727,0.725,0.017,,,2.0,0.346,48.0,22.8,0.0,8.062,5.252,0.0,0.001,0.711,0.014,0.0,,,,,,,,,0.0,0.006,0.0,0.0,0.0,0.012,0.006,0.017,0.003,0.012,,,,,0.0,0.0,,
6407,"Hummus, home prepared",hummus home prepared,0,16,Legumes and Legume Products,0,"USDA, 2018",0.224,49.0,110.0,173.0,1.09,4.767,,,0.04,0.0,,,,64.87,0.27,1.0,7.9,0.399,0.01,,,29.0,,,,,,,,0.0,,0.0,0.0,0.0,0.0,0.0,2.0,0.0,0.0,4.86,8.59,177.0,4.0,242.0,2.0,0.0,0.75,0.0,0.052,0.0,0.0,0.0,0.0,0.0,0.0,0.0,59.0,0.0,2.035,0.223,0.882,0.544,0.213,0.134,0.057,0.0,0.0,0.0,0.0,0.019,0.0,0.0,,20.12,1.56,0.089,0.399,1.141,4.865,2.109,0.182,0.206,0.346,2.4,0.567,5.0,0.0,27.8,0.245,0.201,0.501,0.215,0.134,0.256,0.071,742.0,0.0,0.021,0.006,0.0,,0.001,0.0,,0.006,,,0.008,59.0,0.881,0.223,0.074,0.072,0.08,0.291,1.56,0.287,59.0,3.0,,,,,,,,,,,,,,,,11.0,,,,,,,,,,,,,,,,,,
49229,"Ice cream desserts, frozen",ice cream desserts frozen,0,19,Sweets,23,McCance and Widdowson's,0.13,93.0,94.0,234.0,0.4,,13.8,0.7,,,,,,51.4,19.7,,0.0,0.2,,,,21.0,110.0,20.0,0.0,0.0,0.5,,1.3,0.0,0.17,,,2.0,,0.3,,0.4,,3.5,17.6,251.0,0.0,62.0,,,0.0,,0.2,,,,,,,,,4.0,,,,,,,0.0008,,,,,,,,4.1,21.0,0.19,0.04,0.06,14.17,2.15,0.49,,,,,0.11,,3.0,,,,,,,,,1047.0,,,,,,,,,,,,,,,,,,,,,,3.0,,,,,,,,,,,,,,,,,,,,,,,,,,,,,,,,,,,
49230,"Ice cream sauce, topping, strawberry and chocolate flavours",ice cream sauce topping strawberry and chocolate flavours,0,19,Sweets,23,McCance and Widdowson's,0.09,9.0,26.0,68.0,0.1,,6.2,,,,,,,26.7,62.3,,0.0,0.0,,,,15.0,,,28.0,0.0,28.0,0.0,0.0,0.0,0.0,,,0.0,,0.0,,0.0,,0.4,0.2,276.0,,0.0,,,,,0.0,,,,,,,,,0.0,,,,,,,0.0,,,,,,,,0.0,72.7,0.79,0.0,0.0,0.0,0.0,0.0,,,,,0.14,,0.0,,,,,,,,,1177.0,,,,,,,,,,,,,,,,,,,,,0.0,0.0,,,,,,,,,,,,,,,,,,,,,,,,,,,,,,,,,,,
49235,"Ice cream, non dairy, vanilla, soft scoop",ice cream non dairy vanilla soft scoop,0,19,Sweets,23,McCance and Widdowson's,0.0,80.0,68.0,178.0,0.2,1.9,11.4,0.0,,,,,,65.6,23.5,,1.0,0.2,,,,12.0,130.0,22.0,0.8,0.0,5.0,3.0,1.1,,0.04,,,1.0,,0.0,,0.7,,2.6,7.7,192.0,0.2,76.0,,,0.6,,0.26,,,0.0,0.02,0.21,0.16,1.28,,13.3,0.41,,,,,,0.0007,0.0,0.0,0.0,0.0,0.01,0.0,0.0,5.3,29.8,0.35,0.14,0.0,5.01,1.93,0.42,,,,1.0,0.0,,2.0,,,,,,,,,807.0,,0.02,0.0,0.0,0.0,0.01,0.0,0.0,0.0,0.0,0.0,0.52,,2.37,0.39,0.01,0.01,,,,0.43,8.0,0.8,,0.41,1.87,0.0,0.0,0.01,0.0,0.0,0.0,,,,,,,,,,,0.0,,,,,,,,0.0,,,,,,
49236,"Ice cream, virtually fat free alternative",ice cream virtually fat free alternative,0,19,Sweets,23,McCance and Widdowson's,,,,,,,10.4,0.0,,,,,,64.1,19.0,,,0.2,,,,,,25.0,0.0,0.0,1.9,2.2,1.2,0.0,,,,,,0.0,,0.5,,4.4,0.8,102.0,0.0,,,,,,0.28,,,,,,,,,,,,,,,,0.0009,,,,,,,,5.5,20.6,,0.08,0.02,,,,,,,,,,,,,,,,,,,434.0,,,,,,,,,,,,,,,,,,,,,0.52,7.0,,,,,,,,,,,,,,,,,,,,,,,,,,,,,,,,,,,
7638,"Ice creams, vanilla",ice creams vanilla,0,19,Sweets,0,"USDA, 2018",0.023,128.0,105.0,199.0,0.69,2.763,,,,,,,,61.0,21.22,0.0,0.6,0.116,,15.4,,14.0,,,,,,,,0.0,,0.0,0.0,116.0,8.0,0.2,0.0,0.39,0.0,3.5,11.0,207.0,0.7,80.0,19.0,0.0,0.3,0.0,0.24,0.0,0.0,0.36,0.21,0.12,0.28,0.31,5.0,44.0,0.275,0.093,0.681,0.25,0.121,0.088,0.045,0.0,0.0,0.0,0.0,0.0,0.003,0.0,,23.6,0.09,0.041,0.048,6.79,2.969,0.452,0.146,0.195,0.316,1.8,0.008,421.0,118.0,26.0,0.177,0.326,0.125,0.217,0.155,0.157,0.029,868.0,,0.0,0.0,0.0,0.0,0.0,0.0,,,,,1.13,5.0,3.06,1.316,0.175,0.206,0.081,0.258,0.9,0.581,5.0,0.3,,,,,,,,,,,,,,,0.2,,,,,,,,,,,,,0.0,,,,,,
235072,"Iceberg lettuce, raw",iceberg lettuce raw,0,11,Vegetables and Vegetable Products,37,"Ciqual 2020, ANSES",0.029,17.4,23.6,179.0,0.21,0.005,0.034,,,,,,,95.6,1.48,,4.72,0.19,,,,8.73,,0.6,0.83,0.0,0.62,,0.0,0.0,,,,0.0,,0.0,,0.0,,1.01,0.18,,1.15,9.48,299.0,,0.22,,0.038,,,0.0,0.0,0.0,0.0,0.0,,0.0,0.034,,,,,,,,0.0,0.0,,,0.0,,0.0,2.45,0.43,0.048,0.048,0.023,0.0063,0.088,,,,0.15,0.19,,,,,,,,,,,,,,,,,,,,,,,0.0,,0.021,0.0023,0.054,,,,0.44,0.11,48.0,,,,,,,,,,,,,,,,,,,,,,,,,,,,,,,,,,,
49242,"Instant dessert powder, made up with skimmed milk",instant dessert powder made up with skimmed milk,0,18,Baked Products,23,McCance and Widdowson's,0.04,106.0,193.0,144.0,0.5,,6.7,3.4,,,,,,75.0,11.0,,1.0,0.1,,,,11.0,80.0,25.0,0.0,,0.0,,0.0,,,,,,,,,0.7,,3.3,3.2,96.0,,229.0,,,,,0.19,,,,,,,,,3.2,,,,,,,0.0006,,,,,,,,4.3,14.4,0.11,0.02,0.05,2.89,0.1,0.04,,,,,0.02,,,,,,,,,,,407.0,,,,,,,,,,,,,,,,,,,,,,7.0,,,,,,,,,,,,,,,,,,,,,,,,,,,,,,,,,,,
60,Iogurte aromatizado açucarado batido meio gordo,iogurte aromatizado a ucarado batido meio gordo,0,1,Dairy and Egg Products,1,"TCA, INSA 2015",,129.0,119.0,195.0,0.4,,,0.0,,,,,,80.1,12.5,,0.0,0.2,,,,12.0,,,,,,,,0.0,0.08,,,38.0,,0.0,,0.0,7.6,4.4,2.0,85.074390848,0.0,81.0,22000.0,,0.03,,0.28,,,,,,,,,8.0,,,,,,,0.0009,,,,,,,,,12.5,0.2,0.04,0.038,1.1,0.5,0.06,,,,,,,38.0,,,,,,,,,355.95125130803194,,,,,,,,,,,,,,,,,,,,0.75,,,,,0.05,,,,,,,,,,,,,,,,,,,,,,,,,,,,,,,,
62,Iogurte aromatizado açucarado líquido meio gordo,iogurte aromatizado a ucarado l quido meio gordo,1,1,Dairy and Egg Products,1,"TCA, INSA 2015",,105.0,78.0,98.0,0.3,,,0.0,,,,,,83.3,11.5,,0.0,0.2,,,,8.0,,,,,,,,0.0,0.05,,,33.0,,0.0,,0.0,6.4,3.0,1.3,69.5154796269408,0.0,42.0,19000.0,,0.02,,0.17,,,,,,,,,3.0,,,,,,,0.0006,,,,,,,,,11.5,0.2,0.02,0.032,0.7,0.3,0.04,,,,,,,33.0,,,,,,,,,290.8527667591203,,,,,,,,,,,,,,,,,,,,0.75,,,,,0.03,,,,,,,,,,,,,,,,,,,,,,,,,,,,,,,,
208440,Iogurte aromatizado açucarado líquido meio gordo,iogurte aromatizado a ucarado l quido meio gordo,1,1,Dairy and Egg Products,33,"TCA, INSA 2019",,110.0,78.0,98.0,0.3,,,0.0,,,,,,83.3,11.5,,0.0,0.2,,,,8.0,,,,,,,,0.0,0.1,,,,,0.0,,0.0,,3.0,1.3,70.0,0.0,42.0,19.0,,0.02,,0.17,,,,,,,,,3.0,,,,,,,0.6,,,,,,,,,11.5,0.2,0.02,0.03,0.7,0.3,0.0,,,,,,,33.0,,,,,,,,,297.0,,,,,,,,,,,,,,,,,,,,0.75,,6.4,,,,,,,,,,,,,,,,,,,,,,,,,,,,,,,,,,,
208438,Iogurte açucarado batido gordo com fruta,iogurte a ucarado batido gordo com fruta,0,1,Dairy and Egg Products,33,"TCA, INSA 2019",,130.0,91.0,150.0,0.5,,,0.0,,,,,,79.3,12.4,,0.0,0.2,,,,10.0,,,,,,,,0.0,0.1,,,,,0.0,,0.0,,4.2,3.2,96.0,0.0,39.0,115.0,,0.05,,0.17,,,,,,,,,12.0,,,,,,,0.9,,,,,,,,,12.4,0.2,0.03,0.03,1.8,0.7,0.1,,,,,,,52.0,,,,,,,,,403.0,,,,,,,,,,,,,,,,,,,,0.75,,2.5,,,,,,,,,,,,,,,,,,,,,,,,,,,,,,,,,,,
55,Iogurte açucarado batido meio gordo com fruta,iogurte a ucarado batido meio gordo com fruta,0,1,Dairy and Egg Products,1,"TCA, INSA 2015",,134.0,114.0,209.0,0.5,,,0.0,,,,,,78.2,14.6,,0.0,0.1,,,,12.0,,,,,,,,0.0,0.06,,,36.0,,0.0,,0.0,8.3,4.3,1.7,91.2125081476832,0.0,72.0,20000.0,,0.03,,0.25,,,,,,,,,6.0,,,,,,,0.0009,,,,,,,,,14.6,0.2,0.03,0.042,1.0,0.4,0.05,,,,,,,36.0,,,,,,,,,381.6331340899065,,,,,,,,,,,,,,,,,,,,0.75,,,,,0.04,,,,,,,,,,,,,,,,,,,,,,,,,,,,,,,,
58,"Iogurte açucarado com edulcorante de síntese, sólido magro",iogurte a ucarado com edulcorante de s ntese s lido magro,0,1,Dairy and Egg Products,1,"TCA, INSA 2015",,157.0,135.0,263.0,0.1,,,0.0,,,,,,87.4,6.3,,0.0,0.2,,,,14.0,,,,,,,,0.0,0.0,,,17.0,,0.0,,0.0,1.8,5.0,0.1,47.077682576,0.0,92.0,41000.0,,0.0,,0.25,,,,,,,,,2.0,,,,,,,0.0011,,,,,,,,,6.3,0.1,0.04,0.035,0.06,0.02,0.0,,,,,,,17.0,,,,,,,,,196.973023897984,,,,,,,,,,,,,,,,,,,,0.75,,,,,0.0,,,,,,,,,,,,,,,,,,,,,,,,,,,,,,,,
208446,"Iogurte meio gordo, aromatizado, açucarado",iogurte meio gordo aromatizado a ucarado,0,1,Dairy and Egg Products,33,"TCA, INSA 2019",,130.0,110.0,180.0,0.5,,,0.0,,,,,,81.7,11.3,,0.0,0.2,,,,12.0,,,,,,,,0.0,0.1,,,,,0.0,,0.0,,4.3,1.8,79.0,0.0,70.0,22.0,,0.03,,0.25,,,,,,,,,7.0,,,,,,,0.9,,,,,,,,,11.3,0.2,0.04,0.04,1.0,0.5,0.1,,,,,,,38.0,,,,,,,,,333.0,,,,,,,,,,,,,,,,,,,,0.75,,7.0,,,,,,,,,,,,,,,,,,,,,,,,,,,,,,,,,,,
1410,Iogurte natural,iogurte natural,0,1,Dairy and Egg Products,2,"TACO, NEPA",0.01833333333333,143.103333333333,119.035333333333,71.2786666666667,0.443,0.83,,,,,,,,90.04,,,0.92666666666667,,,,,11.2533333333333,,,,,,,,,,,,22.5,,,,,,4.06333333333333,3.04,51.4895333333333,,51.6163333333333,,,,,0.22333333333333,,,,,,,0.07,,13.7775,,,,,,,,,,,,0.01,,,,1.91666666666666,,0.03666666666667,,1.8,0.9,0.1,,,,,,,,,,,,,,,,215.43220746666654,,0.01,,0.02,,,,,,,,0.3,,0.91,0.4,,0.04,,,0.94,,,,,0.06,,,,0.03,,,,,,,,,,,,,,,,,,,,,,,,,,,,
50,Iogurte natural sólido magro,iogurte natural s lido magro,1,1,Dairy and Egg Products,1,"TCA, INSA 2015",,160.0,125.0,202.0,0.6,,,0.0,,,,,,89.0,5.2,,0.0,0.2,,,,14.0,,,,,,,,0.0,0.008,,,17.0,,0.0,,0.0,1.5,4.6,0.2,41.5693069469984,0.0,72.0,10000.0,,0.0,,0.27,,,,,,,,,2.0,,,,,,,0.001,,,,,,,,,5.2,0.2,0.04,0.031,0.11,0.05,0.006,,,,,,,17.0,,,,,,,,,173.9259802662413,,,,,,,,,,,,,,,,,,,,0.75,,,,,0.005,,,,,,,,,,,,,,,,,,,,,,,,,,,,,,,,
208444,Iogurte natural sólido magro,iogurte natural s lido magro,1,1,Dairy and Egg Products,33,"TCA, INSA 2019",,160.0,130.0,200.0,0.6,,,0.0,,,,,,89.0,5.2,,0.0,0.2,,,,14.0,,,,,,,,0.0,0.0,,,,,0.0,,0.0,,4.6,0.2,42.0,0.0,72.0,10.0,,0.0,,0.27,,,,,,,,,2.0,,,,,,,1.0,,,,,,,,,5.2,0.2,0.04,0.03,0.1,0.1,0.0,,,,,,,17.0,,,,,,,,,178.0,,,,,,,,,,,,,,,,,,,,0.75,,1.5,,,,,,,,,,,,,,,,,,,,,,,,,,,,,,,,,,,
60693,Isotónico (Isostar),isot nico isostar,0,14,Beverages,5,My foods,,,,,,,,,,,,,,,,,,,,,,,606.0,,,,,,,,,,,,,,,,,0.0,0.0,384.0,,670.0,,,,,,,,,,,,,,,,,,,,,,,,,,,,,,96.0,,0.0,,,,,,,,,,,,,,,,,,,,1606.656,,,,,,,,,,,,,,,,,,,,,,,,,,,,,,,,,,,,,,,,,,,,,,,,,,,,,,,,,
49248,Jaffa cakes,jaffa cakes,0,23,Snacks,23,McCance and Widdowson's,0.22,46.0,98.0,133.0,0.7,2.69,35.1,16.3,0.54,0.0,,,,12.2,51.6,,2.0,1.3,0.0,,,30.0,64.0,5.0,1.8,0.0,8.5,4.0,6.0,,0.01,,,15.0,,0.0,7.0,0.4,,4.4,8.5,354.0,1.5,85.0,5.0,2.0,0.3,,0.13,,,0.09,0.01,0.02,0.01,0.02,,9.4,0.84,,,,,,0.0006,,0.02,0.01,,0.01,,,0.2,69.3,2.61,0.13,0.07,4.33,2.76,0.94,,,,4.0,0.32,,17.0,,,,,,,,,1498.0,,0.07,0.02,,,0.02,,,,,,0.06,,1.85,2.15,0.07,0.06,,,,0.47,9.0,,,0.84,2.68,,,0.07,,,0.02,,,3.6,0.0,0.0,,3.6,,,,,,,,,,,,,,,,,,
49250,"Jam, fruit with edible seeds",jam fruit with edible seeds,0,19,Sweets,23,McCance and Widdowson's,0.01,12.0,10.0,43.0,0.1,,18.7,0.0,,,,,,29.8,69.0,,10.0,0.0,,,,5.0,9.0,7.0,14.9,0.0,27.4,0.0,8.0,0.0,0.0,,,0.0,,0.0,,0.0,,0.6,0.0,261.0,,29.0,,,0.0,,0.0,,,,,,,,,0.0,,,,,,,0.0,,,,,,,,0.0,69.0,0.2,0.0,0.0,0.0,0.0,0.0,,,,0.0,0.13,,0.0,,,,,,,,,1114.0,,,,,,,,,,,,,,,,,,,,,0.0,0.0,0.9,,,,,,,,,,,,,,,,,,,,,,,,,,,,,,,,,,
27730,"Jam, plums",jam plums,0,19,Sweets,14,"FCDBE, IEO",,39.0,28.0,344.0,0.06,,,0.0,,,,,,63.4,31.2,,20.0,1.8,,,,,,,,0.0,,,,0.0,,,,0.0,,0.0,,,,2.1,0.6,130.8,2.6,10.0,246.0,,0.0,,0.02,,,,,,,,,0.0,,,,,,,,,,,,,,,,31.2,1.0,0.01,0.02,0.03,0.33,0.0,,,,,,,41.0,,,,,,,,,547.27,,,,,,,,,,,,,,,,,,,,,,33.0,,,,,,,,,,,,,,,,,,,,,,,,,,,,,,,,,,,
82536,"Jam, raspberry",jam raspberry,0,19,Sweets,11,"CIQUAL, ANSES",0.02,9.9,11.0,100.0,0.12,,,,,,,,,39.9,59.5,,2.93,0.0,,,,9.5,5.25,0.0,,,,,,0.0,,,,,,,,,,0.47,0.21,,0.95,5.0,0.0,,,,0.012,,,0.0,,,,,,,,,,,,,,,,,,,,,,61.0,0.28,0.019,0.029,0.0,,,,,,0.0,0.87,,,,,,,,,,,,,,,,,,,,,,,,,,,,,,,0.37,0.077,13.9,2.0,,,,,,,,,,,,,,,,,,,,,,,,,,,0.47,,,,,,,
49252,"Jam, stone fruit",jam stone fruit,0,19,Sweets,23,McCance and Widdowson's,0.02,10.0,6.0,67.0,0.0,,18.8,0.0,,,,,,29.6,69.3,,,0.0,,,,3.0,4.0,7.0,14.9,0.0,27.5,0.0,8.0,0.0,0.0,,,0.0,,0.0,,0.0,,0.4,0.0,261.0,1.0,46.0,,,0.0,,0.0,,,,,,,,,0.0,,,,,,,0.0,,,,,,,,0.0,69.3,0.2,0.0,0.0,0.0,0.0,0.0,,,,0.0,0.02,,0.0,,,,,,,,,1116.0,,,,,,,,,,,,,,,,,,,,,0.0,0.0,,,,,,,,,,,,,,,,,,,,,,,,,,,,,,,,,,,
22928,"Jam, strawberry",jam strawberry,0,19,Sweets,11,"CIQUAL, ANSES",0.0,9.2,9.9,61.7,0.0,0.011,,3.67,,,,,,37.9,56.9,,1.1,0.0,,,,5.6,,0.0,,,,,,0.0,,,,,,,,,,0.32,0.16,,1.01,3.75,0.0,,0.0,,0.0,,,,,,,,,,0.025,,,,,,,,0.0,,,,,,,60.5,0.0,,0.0,0.065,0.011,0.048,,,,,0.0,,,,,,,,,,,,,,,,,,,,,,,,,0.025,,0.023,,,,0.19,0.0,22.0,,,,,,,,,,,,,,,,,,,,,,,,,,,,0.32,,,,,,,
7798,Jams and preserves,jams and preserves,0,19,Sweets,0,"USDA, 2018",0.1,20.0,19.0,77.0,0.06,0.007,,,,,,,,30.47,48.5,0.0,8.8,0.036,,19.0,,4.0,,,,,,,,0.0,,0.0,0.0,0.0,0.0,0.0,0.0,0.0,0.0,0.37,0.07,278.0,1.1,32.0,0.0,0.0,0.12,0.0,0.076,0.0,0.0,0.0,0.0,0.0,0.0,0.0,11.0,0.0,0.0,0.029,0.109,0.166,0.037,0.014,0.008,0.014,0.0,0.0,0.0,0.018,0.0,0.0,,68.86,0.49,0.016,0.02,0.01,0.038,0.0,0.023,0.017,0.037,2.0,0.04,0.0,0.0,10.2,0.028,0.023,0.032,0.021,0.025,0.021,0.006,1163.152,,,,,,,,,,,,0.0,11.0,0.004,0.0,0.0,0.0,0.001,0.03,0.23,0.02,11.0,0.0,,,,,,,,,,,,,,,,12.0,,,,,,,,,,,,,,,,,,
7906,"Jams and preserves, apricot",jams and preserves apricot,0,19,Sweets,0,"USDA, 2018",0.1,20.0,3.0,77.0,0.06,0.0,,,,,,,,34.5,43.4,9.0,8.8,0.036,,,,4.0,,,,,,,,0.0,,0.0,0.0,0.0,0.0,0.0,11.0,0.0,0.0,0.7,0.2,242.0,0.3,40.0,116.0,2.0,0.13,0.0,0.022,0.0,0.0,0.0,0.0,0.0,0.0,0.0,1.0,0.0,0.0,,,,,,,0.0,0.0,0.0,0.0,0.0,0.0,0.0,,64.4,0.49,0.0,0.02,0.01,0.0,0.0,,,,2.0,0.04,205.0,10.0,0.4,,,,,,,,1014.0,,,,,,,,,,,,0.0,1.0,0.0,0.0,0.0,0.0,,,0.2,0.02,1.0,0.0,,,,,,,,,,,,,,,,,,,,,,,,,,,,,,,,,,
49255,"Jelly, made with skimmed milk",jelly made with skimmed milk,0,18,Baked Products,23,McCance and Widdowson's,0.01,59.0,43.0,71.0,,,8.3,0.0,,,,,,80.6,16.8,,1.0,0.0,,,,6.0,50.0,,1.7,0.0,3.4,0.9,1.3,,,,,0.0,,0.0,,0.2,,2.6,0.0,73.0,,29.0,,,0.0,,0.08,,,,,,,,,0.0,,,,,,,0.0003,,,,,,,,2.2,16.8,0.4,0.02,0.03,0.0,0.0,0.0,,,,,,,0.0,,,,,,,,,314.0,,,,,,,,,,,,,,,,,,,,,0.14,2.0,,,,,,,,,,,,,,,,,,,,,,,,,,,,,,,,,,,
49256,"Jelly, made with water",jelly made with water,0,18,Baked Products,23,McCance and Widdowson's,0.01,7.0,1.0,5.0,,,8.6,0.0,,,,,,84.0,15.1,,0.0,0.0,,,,0.0,6.0,,1.7,0.0,3.5,0.0,1.3,0.0,0.0,,,0.0,,0.0,,0.0,,1.2,0.0,61.0,0.0,5.0,,,0.0,,0.0,,,,,,,,,0.0,,,,,,,0.0,,,,,,,,0.0,15.1,0.4,0.0,0.0,0.0,0.0,0.0,,,,,,,0.0,,,,,,,,,260.0,,,,,,,,,,,,,,,,,,,,,0.0,0.0,,,,,,,,,,,,,,,,,,,,,,,,,,,,,,,,,,,
49257,"Jelly, sugar free, made with water",jelly sugar free made with water,0,18,Baked Products,23,McCance and Widdowson's,0.01,7.0,1.0,5.0,,,0.0,0.0,,,,,,98.4,0.0,,0.0,0.0,,,,0.0,6.0,,0.0,0.0,0.0,0.0,0.0,,0.0,,,0.0,,0.0,,0.0,,1.6,0.0,6.0,0.0,5.0,,,0.0,,0.0,,,,,,,,,0.0,,,,,,,0.0,,,,,,,,0.0,0.0,0.4,0.0,0.0,0.0,0.0,0.0,,,,,,,0.0,,,,,,,,,27.0,,,,,,,,,,,,,,,,,,,,,0.0,0.0,,,,,,,,,,,,,,,,,,,,,,,,,,,,,,,,,,,
728,Kiwi,kiwi,1,9,Fruits and Fruit Juices,1,"TCA, INSA 2015",,19.0,28.0,302.0,0.2,,,0.0,,,,,,82.9,10.9,,72.0,0.3,,,,18.0,,,,,,,,0.0,0.0,,,7.0,,0.0,,0.0,42.0,1.1,0.5,53.290980784,1.9,9.0,42000.0,,0.4,,0.05,,,,,,,,,0.0,,,,,,,0.0002,,,,,,,,,10.9,0.4,0.02,0.02,0.1,0.1,0.2,,,,,,,7.0,,,,,,,,,222.969463600256,,,,,,,,,,,,,,,,,,,,0.72,,,,,0.1,,,,,,,,,,,,,,,,,,,,,,,,,,,,,,,,
208335,Kiwi,kiwi,1,9,Fruits and Fruit Juices,33,"TCA, INSA 2019",,19.0,28.0,300.0,0.2,,,0.0,,,,,,82.9,10.9,,72.0,0.3,,,,18.0,,,,,,,,0.0,0.0,,,,,0.0,,0.0,,1.1,0.5,60.0,1.9,9.0,42.0,,0.4,,0.05,,,,,,,,,0.0,,,,,,,0.2,,,,,,,,,10.9,0.4,0.02,0.02,0.1,0.1,0.2,,,,,,,7.0,,,,,,,,,253.0,,,,,,,,,,,,,,,,,,,,0.72,,42.0,,,,,,,,,,,,,,,,,,,,,,,,,,,,,,,,,,,
49281,"Kiwi fruit, flesh and seeds",kiwi fruit flesh and seeds,0,9,Fruits and Fruit Juices,23,McCance and Widdowson's,0.13,25.0,32.0,290.0,0.1,,1.3,0.3,,,,,,84.0,10.3,105.0,59.0,0.3,,,,15.0,39.0,,4.3,,4.6,,0.0,0.0,0.0,,,0.0,,0.0,,0.0,,1.1,0.5,49.0,,4.0,40.0,,,,0.03,,,,,,,,,0.0,,,,,,,0.0003,,,,,,,,0.0,10.6,0.4,0.01,0.15,,,,,,,,0.1,,7.0,,,,,,,,,207.0,,,,,,,,,,,,,,,,,,,,,,,,,,,,,,,,,,,,,,,,,,,,,,,,,,,,,,,,,
22136,"Kiwi fruit, pulp and seeds, raw",kiwi fruit pulp and seeds raw,0,9,Fruits and Fruit Juices,11,"CIQUAL, ANSES",0.12,27.5,33.4,297.0,0.082,0.047,,0.0,,,,,,83.6,7.89,,92.7,0.34,,,,14.3,61.0,0.0,,,,,,0.0,,,,0.0,,0.0,,0.0,,1.2,0.95,58.5,3.5,1.99,52.0,,1.46,,0.025,,,0.0,0.0,0.0,0.0,0.0,,0.0,0.068,,,,,,,,,0.0,,,0.0,,,8.44,0.17,0.017,0.092,0.1,0.047,0.29,,,,0.0,0.056,,,,,,,,,,,246.0,,,,,,,,,,,,0.00076,,0.067,0.028,0.22,,,,0.83,0.18,33.5,40.3,,,,,,,,,,,,,,,,,,,,,,,,,,,1.49,,,,,,,
27501,Kiwi fruits,kiwi fruits,0,9,Fruits and Fruit Juices,14,"FCDBE, IEO",,25.0,70.0,400.0,0.1,,,,,,,,,84.6,9.0,,85.0,0.4,,,,,,,,,,,,0.0,,,,0.0,,0.0,,,,1.2,0.6,43.95,2.6,5.0,37.0,,1.12,,0.05,,,,,,,,,0.0,,,,,,,,,,,,,,,,9.0,0.5,0.02,0.15,0.04,0.05,0.33,,,,,,,6.0,,,,,,,,,183.89,,,,,,,,,,,,,,,,,,,,,,38.0,,,,,,,,,,,,,,,,,,,,,,,,,,,,,,,,,,,
3859,"Kiwifruit, green, raw",kiwifruit green raw,0,9,Fruits and Fruit Juices,0,"USDA, 2018",0.13,34.0,34.0,312.0,0.14,0.047,0.15,0.0,0.03,0.0,0.0,0.1,0.0,83.07,8.99,122.0,92.7,0.341,0.0,,0.5,17.0,,,4.35,0.17,4.11,,0.19,0.0,0.0,0.0,0.0,0.0,0.0,0.0,0.0,0.0,0.0,1.14,0.52,61.0,3.0,3.0,52.0,0.0,1.46,0.0,0.025,0.0,0.0,0.0,0.0,0.0,0.0,0.0,25.0,0.0,0.246,0.06,0.184,0.126,0.053,0.027,0.015,0.0,0.0,0.0,0.0,0.0,0.0,0.0,0.0,14.66,0.31,0.027,0.063,0.029,0.047,0.287,0.047,0.051,0.066,0.2,0.098,87.0,4.0,7.8,0.053,0.044,0.081,0.057,0.034,0.044,0.031,255.224,0.0,,,,,,,,,,,0.0,25.0,0.017,0.012,0.042,0.0,0.024,0.061,0.61,0.183,25.0,40.3,0.0,,,,,,,,,,,,,,,,,,,,,,,,,,,,,,,,,
428069,"LOMO DE CEBO IBÉRICO, cured meat, Spain",lomo de cebo ib rico cured meat spain,0,10,Pork Products,5,My foods,,,,,,,,,,,,,,,0.0,,,,,,,,,,,,,,,,,,,,,,,,,37.1,15.3,290.0,,3.28,,,,,,,,,,,,,,,,,,,,,,,,,,,,,,0.0,,,,8.1,,,,,,,,,,,,,,,,,,1213.36,,,,,,,,,,,,,,,,,,,,,,,,,,,,,,,,,,,,,,,,,,,,,,,,,,,,,,,,,
49313,"Lamb, chump chops, fried, lean and fat, weighed with bone",lamb chump chops fried lean and fat weighed with bone,0,17,"Lamb, Veal, and Game Products",23,McCance and Widdowson's,0.08,22.0,190.0,300.0,2.8,,0.0,0.0,,,,,,42.4,0.0,,0.0,4.9,,,,21.0,56.0,5.0,0.0,0.0,0.0,2.0,0.0,0.0,1.4,,,6.0,,0.5,,2.0,,20.5,19.3,256.0,,60.0,,,,,0.21,,,,,,,,,81.0,,,,,,,0.0041,,,,,,,,0.0,0.0,1.7,0.13,0.31,9.0,7.2,1.4,,,,3.0,0.01,,6.0,,,,,,,,,1063.0,,,,,,,,,,,,,,,,,,,,,0.96,2.0,,,,,,,,,,,,,,,,,,,,,,,,,,,,,,,,,,,
27855,"Lamb, cutlets, without visible fat",lamb cutlets without visible fat,0,17,"Lamb, Veal, and Game Products",14,"FCDBE, IEO",0.17,13.0,209.0,325.0,2.75,,0.0,0.0,,,,,,76.5,0.0,,0.0,5.76,,,,20.0,,,0.0,0.0,0.0,,0.0,0.0,,,,,,0.4,,2.0,,20.4,2.7,105.9,0.0,70.0,,,0.09,,0.19,,,,,,,,,75.0,,,,,,,,,,,,,,,0.0,0.0,1.7,0.18,0.3,1.09,0.94,0.33,,,,18.0,0.01,,,,,,,,,,,443.09,,,,,,,,,,,,,,,,,,,,,0.92,6.0,,,,,,,,,,,,,,,,,,,,,,,,,,,,,,,,,,,
49329,"Lamb, leg steaks, grilled, lean and fat",lamb leg steaks grilled lean and fat,0,17,"Lamb, Veal, and Game Products",23,McCance and Widdowson's,0.11,19.0,250.0,400.0,4.4,,0.0,0.0,,,,,,58.6,0.0,,0.0,7.7,,,,28.0,73.0,6.0,0.0,0.0,0.0,2.0,0.0,0.0,1.1,,,0.0,,0.3,,3.0,,28.0,13.2,231.0,,71.0,,,0.1,,0.27,,,,,,,,,105.0,,,,,,,0.0057,,,,,,,,0.0,0.0,2.1,0.2,0.31,5.5,5.6,0.8,,,,4.0,0.02,,0.0,,,,,,,,,964.0,,,,,,,,,,,,,,,,,,,,,1.34,2.0,,,,,,,,,,,,,,,,,,,,,,,,,,,,,,,,,,,
49337,"Lamb, leg, whole, roasted, lean and fat",lamb leg whole roasted lean and fat,0,17,"Lamb, Veal, and Game Products",23,McCance and Widdowson's,0.1,7.0,210.0,340.0,4.3,,0.0,0.0,,,,,,57.3,0.0,,0.0,5.9,,,,25.0,67.0,3.0,0.0,0.0,0.0,2.0,0.0,0.0,1.15,,,0.0,,0.6,,2.0,,28.1,14.2,240.0,0.0,64.0,,,0.05,,0.28,,,0.0,0.0,0.0,0.03,0.08,,100.0,,,,,,,0.0054,,,,,,0.03,,0.0,0.0,1.72,0.12,0.32,5.93,6.05,0.84,,,,4.0,0.02,,0.0,,,,,,,,,1003.0,,0.02,0.0,,0.09,0.15,0.0,,,,,0.1,,2.92,2.27,,,,,,1.41,2.0,,,0.22,4.65,0.0,0.0,0.17,0.08,0.01,0.04,,,,,,,,,,,,,,,,,,,,,,,,,
49342,"Lamb, loin chops, grilled, lean, weighed with fat and bone",lamb loin chops grilled lean weighed with fat and bone,0,17,"Lamb, Veal, and Game Products",23,McCance and Widdowson's,0.06,13.0,150.0,240.0,2.2,,0.0,0.0,,,,,,36.4,0.0,,0.0,5.1,,,,17.0,45.0,4.0,0.0,0.0,0.0,2.0,0.0,0.0,0.5,,,0.0,,0.4,,2.0,,17.8,6.5,130.0,,49.0,,,0.01,,0.16,,,,,,,,,59.0,,,,,,,0.0037,,,,,,,,0.0,0.0,1.3,0.1,0.32,3.0,2.5,0.4,,,,2.0,0.01,,0.0,,,,,,,,,543.0,,,,,,,,,,,,,,,,,,,,,0.85,4.0,0.17,,,,,,,,,,,,,,,,,,,,,,,,,,,,,,,,,,
49349,"Lamb, loin chops, roasted, lean",lamb loin chops roasted lean,0,17,"Lamb, Veal, and Game Products",23,McCance and Widdowson's,0.13,23.0,260.0,410.0,5.8,,0.0,0.0,,,,,,52.1,0.0,,0.0,6.9,,,,30.0,86.0,6.0,0.0,0.0,0.0,3.0,0.0,0.0,1.06,,,0.0,,0.6,,3.0,,34.4,13.3,257.0,0.0,91.0,,,0.06,,0.38,,,,,,,,,120.0,,,,,,,0.0072,,,,,,,,0.0,0.0,2.5,0.16,0.34,6.1,5.0,0.8,,,,4.0,0.01,,0.0,,,,,,,,,1077.0,,,,,,,,,,,,,,,,,,,,,1.6,6.0,,,,,,,,,,,,,,,,,,,,,,,,,,,,,,,,,,,
49359,"Lamb, mince, stewed",lamb mince stewed,0,17,"Lamb, Veal, and Game Products",23,McCance and Widdowson's,0.11,15.0,180.0,270.0,4.6,4.4,0.0,0.0,,,,,,62.8,0.0,,0.0,5.2,,,,20.0,46.0,5.0,0.0,0.0,0.0,4.0,0.0,0.0,0.89,,,5.0,,0.5,,2.0,,24.4,12.3,208.0,0.0,59.0,,,0.11,,0.21,,,0.0,0.0,0.0,0.02,0.1,,96.0,0.2,,,,,,0.0053,0.0,0.0,0.0,0.0,0.1,0.02,0.04,0.0,0.0,2.1,0.09,0.21,5.94,4.93,0.57,,,,3.0,0.02,,5.0,,,,,,,,,870.0,,0.0,0.0,0.0,0.2,0.3,0.0,,0.1,0.0,0.0,0.6,,2.5,2.2,0.2,0.3,,,,0.9,9.0,,,0.19,3.72,0.0,0.0,0.13,0.07,0.0,0.03,,,0.2,0.6,0.0,0.1,1.0,,,,0.0,,,,,,,,,,0.0,,,,
729,Laranja,laranja,1,9,Fruits and Fruit Juices,1,"TCA, INSA 2015",,35.0,19.0,159.0,0.1,,,0.0,,,,,,86.3,8.9,,57.0,0.7,,,,11.0,,,,,,,,0.0,0.0,,,20.0,,0.0,,0.0,31.0,1.1,0.2,42.298222416,1.8,4.0,120000.0,,0.24,,0.05,,,,,,,,,0.0,,,,,,,0.0001,,,,,,,,,8.9,0.2,0.09,0.1,0.0,0.0,0.1,,,,,,,20.0,,,,,,,,,176.975762588544,,,,,,,,,,,,,,,,,,,,0.42,,,,,0.0,,,,,,,,,,,,,,,,,,,,,,,,,,,,,,,,
208301,Laranja,laranja,1,9,Fruits and Fruit Juices,33,"TCA, INSA 2019",,35.0,19.0,160.0,0.1,,,0.0,,,,,,86.3,8.9,,57.0,0.7,,,,11.0,,,,,,,,0.0,0.0,,,,,0.0,,0.0,,1.1,0.2,48.0,1.8,4.0,120.0,,0.24,,0.05,,,,,,,,,0.0,,,,,,,0.1,,,,,,,,,8.9,0.2,0.09,0.1,0.0,0.0,0.1,,,,,,,20.0,,,,,,,,,201.0,,,,,,,,,,,,,,,,,,,,0.42,,31.0,,,,,,,,,,,,,,,,,,,,,,,,,,,,,,,,,,,
22643,Lasagna or cannelloni with meat (bolognese sauce),lasagna or cannelloni with meat bolognese sauce,0,25,Restaurant Foods,11,"CIQUAL, ANSES",0.12,44.8,92.0,194.0,0.78,1.13,,6.64,,,,,,75.2,2.84,,3.0,1.26,,,,21.0,,10.0,,,,,,0.0,,,,10.0,,0.2,,0.6,,6.29,5.72,118.0,1.91,385.0,107.0,,0.5,,0.13,,,0.009,0.009,0.007,0.018,0.029,,41.0,0.34,,,,,,,,0.0023,0.0,,,0.00059,,,9.48,0.71,0.04,0.13,2.55,1.51,0.75,,,,0.0,0.21,,,,,,,,,,,495.0,,,,,,,,,,,,0.12,,0.72,0.32,0.054,,,,1.37,0.31,12.8,,,,,,,,,,,,,,,,,,,,,,,,,,,,0.0,,,,,,,
49409,"Lasagne, spinach, wholemeal, homemade",lasagne spinach wholemeal homemade,0,22,"Meals, Entrees, and Side Dishes",23,McCance and Widdowson's,0.1,84.0,91.0,200.0,0.8,,0.3,10.9,,,,,,77.0,2.2,,5.0,1.0,,,,32.0,190.0,5.0,0.4,0.0,0.5,0.7,0.2,,,,,25.0,,0.1,,0.1,,4.2,3.1,93.0,,130.0,945.0,0.0,0.79,,0.06,,,,,,,,,6.0,,,,,,,0.0009,,,,,,,,0.7,13.0,1.1,0.13,0.09,1.3,0.8,0.6,,,,,0.6,,183.0,,,,,,,,,395.0,,,,,,,,,,,,,,,,,,,,,0.24,27.0,,,,,,,,,,,,,,,,,,,,,,,,,,,,,,,,,,,
49411,"Lasagne, vegetable, wholemeal, homemade",lasagne vegetable wholemeal homemade,0,22,"Meals, Entrees, and Side Dishes",23,McCance and Widdowson's,0.13,84.0,110.0,230.0,0.8,,0.3,9.4,,,,,,75.5,3.0,,3.0,0.8,,,,27.0,180.0,,0.7,0.0,0.8,1.4,0.1,,,,,41.0,,0.1,,0.1,,4.8,4.6,106.0,,110.0,560.0,105.0,0.63,,0.07,,,,,,,,,9.0,,,,,,,0.001,,,,,,,,1.0,12.4,0.9,0.1,0.1,2.2,1.2,0.8,,,,,0.5,,144.0,,,,,,,,,447.0,,,,,,,,,,,,,,,,,,,,,0.28,8.0,,,,,,,,,,,,,,,,,,,,,,,,,,,,,,,,,,,
7377,"Leavening agents, yeast, baker's, active dry",leavening agents yeast baker s active dry,0,18,Baked Products,0,"USDA, 2018",0.436,30.0,637.0,955.0,7.94,2.02,,,,,,,,5.08,0.0,0.0,0.3,40.2,,,3.4,54.0,,,,,,,,0.0,,0.0,0.0,0.0,0.0,0.0,0.0,0.07,0.0,40.44,7.61,325.0,26.9,51.0,0.0,0.0,0.0,0.0,4.0,0.0,0.0,0.0,0.0,0.0,0.0,0.049,2340.0,0.0,0.017,1.93,6.47,4.15,2.32,0.91,0.54,0.0,0.0,0.0,0.0,0.0,0.0,0.0,,41.22,2.17,10.99,1.5,1.001,4.309,0.017,1.99,1.89,2.92,7.9,0.312,0.0,0.0,32.0,1.98,1.65,2.03,2.31,1.13,1.75,0.5,1361.0,0.0,,,,,,,,,,,0.0,2340.0,0.706,0.246,0.0,2.289,0.59,3.28,5.65,13.5,2340.0,0.4,,,,,,,,,,,,,,,,,,,,,,,,,,,,,,,0.0,,,
182136,Leche de almendra enriquecida,leche de almendra enriquecida,0,14,Beverages,5,My foods,,180.0,,32.0,0.54,,,,,,,,,,4.8,,,,,,,,,,,,,,,,0.0,,,,,0.5,,0.24,,0.5,1.1,31.0,,25.0,,,1.0,,0.13,,,,,,,,,0.0,,,,,,,,,,,,,,,,4.8,,,,0.1,0.7,0.3,,,,,,,60.0,,,,,,,,,129.704,,,,,,,,,,,,,,,,,,,,,,24.0,,,,,,,,,,,,,,,,,,,,,,,,,,,,,,,,,,,
183022,Leche de coco,leche de coco,0,,,19,My recipes,0.024368932038834952,11.89514563106796,5.73883495145631,19.16504854368932,0.03669902912621359,0.09611650485436891,,0.0,,,,,,97.16398058252427,0.19339805825242715,,0.04368932038834951,0.017475728155339806,,,,4.873786407766991,,0.008737864077669903,,,,,,0.0,,,,0.0,,0.0,,0.0,,0.19281553398058252,1.9310679611650483,20.097087378640776,0.4077669902912621,1.89126213592233,0.0,,0.012815533980582525,,0.0020388349514563107,,,0.0,0.011650485436893203,0.14592233009708735,0.11446601941747574,0.8533980582524271,,0.0,0.020679611650485437,,,,,,,,0.0,0.0,,,0.0,,,0.24932038834951456,0.10077669902912621,0.0013980582524271844,0.004951456310679612,1.6805825242718444,0.09611650485436891,0.021262135922330096,,,,0.683495145631068,0.08009708737864077,,,,,,,,,,,84.08621359223311,,,,,,,,,,,,0.31456310679611654,,0.15524271844660192,0.06466019417475728,0.0,,,,0.055048543689320384,0.014563106796116504,0.48058252427184467,0.008737864077669903,,,,,,,,,,,,,,,,,,,,,,,,,,,0.0,,,,,,,
22421,"Leek, raw",leek raw,0,11,Vegetables and Vegetable Products,11,"CIQUAL, ANSES",0.087,50.7,40.3,208.0,0.21,0.007,,,,,,,,87.6,3.15,,18.5,0.5,,,,19.0,,1.1,,,,,,0.0,,,,0.0,,0.0,,0.0,,1.59,0.25,32.6,2.27,14.5,1000.0,,0.74,,0.065,,,0.0,0.0,0.0,0.0,0.0,,0.0,0.11,,,,,,,,,0.0,,,0.0,,,4.9,1.5,0.065,0.24,0.05,0.007,0.14,,,,0.56,0.34,,,,,,,,,,,137.0,,,,,,,,,,,,0.0,,0.048,0.0023,0.03,,,,1.02,0.13,73.0,47.0,,,,,,,,,,,,,,,,,,,,,,,,,,,0.056,,,,,,,
49415,"Leeks in cheese sauce, made with skimmed milk, homemade",leeks in cheese sauce made with skimmed milk homemade,0,22,"Meals, Entrees, and Side Dishes",23,McCance and Widdowson's,0.02,111.0,91.0,145.0,0.6,,0.3,1.8,,,,,,84.0,2.6,,4.0,0.3,,,,7.0,162.0,,0.5,,0.4,1.7,0.0,0.0,0.18,,,50.0,,0.0,,0.4,,4.0,5.0,79.0,1.4,91.0,,,0.54,,0.1,,,,,,,,,13.4,,,,,,,0.0009,,,,,,,,1.4,4.6,0.48,0.02,0.06,2.94,1.22,0.38,,,,1.0,0.13,,69.0,,,,,,,,,328.0,,,,,,,,,,,,,,,,,,,,,0.22,26.0,,,,,,,,,,,,,,,,,,,,,,,,,,,,,,,,,,,
4591,"Leeks, (bulb and lower leaf-portion), cooked, boiled, drained, without salt",leeks bulb and lower leaf portion cooked boiled drained without salt,0,11,Vegetables and Vegetable Products,0,"USDA, 2018",0.062,30.0,17.0,87.0,0.06,0.003,,,,,,,,90.8,2.11,925.0,4.2,0.2,,,,14.0,,,,,,,,,0.0,,,0.0,0.0,0.0,0.0,0.0,0.0,0.81,0.2,31.0,1.0,10.0,487.0,0.0,0.5,0.0,0.02,,,,,,,,24.0,0.0,0.045,0.037,0.123,0.076,0.04,0.014,0.006,,,,,,,,,7.62,1.1,0.026,0.113,0.027,0.003,0.111,0.034,0.028,0.052,0.5,0.247,812.0,41.0,,0.05,0.036,0.042,0.031,0.022,0.03,0.014,130.0,,,,,,,,,,,,,24.0,0.025,0.001,0.066,,0.01,0.042,0.57,0.072,24.0,25.4,,,,,,,,,,,,,,,,,,,,,,,,,,,,,,,,,,
49417,"Leeks, boiled in unsalted water",leeks boiled in unsalted water,0,11,Vegetables and Vegetable Products,23,McCance and Widdowson's,0.02,20.0,32.0,150.0,0.2,,0.5,0.2,,,,,,92.2,2.0,,7.0,0.4,,,,2.0,43.0,,0.8,0.0,0.7,1.0,0.0,0.0,0.0,,,0.0,,0.0,,0.0,,1.2,0.7,21.0,2.0,6.0,150.0,0.0,0.78,,0.02,,,,,,,,,0.0,,,,,,,0.0002,,,,,,,,0.0,2.6,0.7,0.02,0.05,0.1,0.0,0.4,,,,1.0,0.2,,25.0,,,,,,,,,87.0,,,,,,,,,,,,,,,,,,,,,0.1,40.0,9.5,,,,,,,,,,,,,,,,,,,,,,,,,,,,,,,,,,
49418,"Leeks, raw",leeks raw,0,11,Vegetables and Vegetable Products,23,McCance and Widdowson's,0.02,24.0,44.0,260.0,0.2,,0.5,0.3,,,,,,90.8,2.2,,17.0,0.4,,,,3.0,59.0,,0.9,0.0,0.8,1.4,0.0,0.0,0.0,,,0.0,,0.0,,0.0,,1.6,0.5,22.0,,2.0,177.0,0.0,0.92,,0.05,,,,,,,,,0.0,,,,,,,0.0002,,,,,,,,0.0,2.9,1.1,0.29,0.48,0.1,0.0,0.3,,,,1.0,0.2,,29.0,,,,,,,,,93.0,,,,,,,,,,,,,,,,,,,,,0.12,56.0,10.1,,,,,,,,,,,,,,,,,,,,,,,,,,,,,,,,,,
37514,Leite de coco,leite de coco,0,4,Fats and Oils,20,"TCNA, IBGE",0.24,4.01,59.13,232.53,0.59,,,,,,,,,,4.68,,1.1,0.67,,,,32.07,,,,,,,,,,,,,,,,,,1.61,20.85,202.46,0.91,12.03,,,0.01,,,,,,,,,,,,0.23,,,,,,,,,,,,,,,5.59,0.81,0.02,0.03,18.49,0.89,0.23,,,,3.71,0.81,,,,,,,,,,,847.09264,,,,,,,,,,,,,,,,,,,,,,14.03,,,,,,,,,,,,,,,,,,,,,,,,,,,,,,,,,,,
209089,"Leite de coco, enlatado",leite de coco enlatado,0,14,Beverages,33,"TCA, INSA 2019",,18.0,96.0,220.0,0.6,,,1.7,,,,,,75.8,1.1,,1.0,0.6,,,,46.0,,,,,,,,0.0,0.0,,,,,0.0,,0.0,,2.0,18.4,185.0,0.0,13.0,0.0,,0.0,,0.0,,,,,,,,,0.0,,,,,,,0.2,,,,,,,,,2.8,3.3,0.02,0.03,14.0,2.3,0.9,,,,,,,0.0,,,,,,,,,762.0,,,,,,,,,,,,,,,,,,,,1.0,,14.0,,,,,,,,,,,,,,,,,,,,,,,,,,,,,,,,,,,
10,Leite de vaca UHT magro,leite de vaca uht magro,1,1,Dairy and Egg Products,1,"TCA, INSA 2015",,114.0,82.0,162.0,0.4,,,0.0,,,,,,90.5,4.9,,0.0,0.1,,,,10.0,,,,,,,,0.0,0.0,,,0.0,,0.0,,0.11,1.0,3.4,0.2,34.0,0.0,41.0,0.0,,0.0,,0.18,,,,,,,,,1.0,,,,,,,0.0007,,,,,,,,,4.9,0.1,0.05,0.05,0.1,0.1,0.0,,,,,,,0.0,,,,,,,,,142.256,,,,,,,,,,,,,,,,,,,,0.77,,,,,0.0,,,,,,,,,,,,,,,,,,,,,,,,,,,,,,,,
208475,Leite de vaca UHT magro,leite de vaca uht magro,1,1,Dairy and Egg Products,33,"TCA, INSA 2019",,110.0,82.0,160.0,0.4,,,0.0,,,,,,90.5,4.9,,0.0,0.1,,,,10.0,,,,,,,,0.0,0.0,,,,,0.0,,0.11,,3.4,0.2,35.0,0.0,41.0,0.0,,0.0,,0.18,,,,,,,,,1.0,,,,,,,0.7,,,,,,,,,4.9,0.1,0.05,0.05,0.1,0.1,0.0,,,,,,,0.0,,,,,,,,,149.0,,,,,,,,,,,,,,,,,,,,0.77,,1.0,,,,,,,,,,,,,,,,,,,,,,,,,,,,,,,,,,,
38249,Leite em pó desnatado,leite em p desnatado,0,1,Dairy and Egg Products,20,"TCNA, IBGE",0.04,1231.0,985.0,1705.0,4.41,,,,,,,,,,50.51,,5.6,0.89,,,,117.0,,,,,,,,,0.03,,,709.0,,11.0,,3.99,,35.1,0.72,358.0,,549.0,,,0.01,,1.74,,,,,,,,,18.0,0.02,,,,,,,,,,,,,,,52.19,0.31,0.41,0.35,0.47,0.19,0.03,,,,27.3,0.02,,709.08,,,,,,,,,1497.872,,,,,,,,,,,,,,,,0.01,,,,,,50.0,,,,,,,,,,,,,,,,,,,,,,,,,,,,,,,,,,,
49422,"Lemon juice, fresh",lemon juice fresh,0,14,Beverages,23,McCance and Widdowson's,0.03,7.0,8.0,130.0,0.0,,0.2,0.0,,,,,,91.4,1.6,,36.0,0.1,,,,7.0,3.0,,0.9,,0.5,0.3,0.0,0.0,0.0,,,0.0,,0.0,,0.0,,0.3,0.0,7.0,,1.0,12.0,0.0,,,0.01,,,,,,,,,0.0,,,,,,,0.0,,,,,,,,0.0,1.6,0.1,0.03,0.05,0.0,0.0,0.0,,,,1.0,0.0,,2.0,,,,,,,,,31.0,,,,,,,,,,,,,,,,,,,,,0.1,13.0,,,,,,,,,,,,,,,,,,,,,,,,,,,,,,,,,,,
81104,"Lemon juice, pure juice",lemon juice pure juice,0,9,Fruits and Fruit Juices,11,"CIQUAL, ANSES",0.037,11.0,9.0,102.0,0.06,,,0.0,,,,,,92.5,2.4,,24.8,0.2,,,,8.0,,,,,,,,0.0,,,,0.0,,0.0,,0.0,,0.4,0.29,,0.4,21.0,2.0,,0.15,,0.009,,,0.0,0.0,0.0,0.0,0.0,,0.0,,,,,,,,,,0.0,,,0.0,,,6.1,0.13,0.041,0.043,0.038,0.011,0.085,,,,,0.02,,,,,,,,,,,,,,,,,,,,,,,0.001,,0.034,0.002,,,,,0.36,0.091,10.0,0.0,,,,,,,,,,,,,,,,,,,,,,,,,,,0.4,,,,,,,
3862,"Lemon juice, raw",lemon juice raw,0,9,Fruits and Fruit Juices,0,"USDA, 2018",0.016,6.0,8.0,103.0,0.05,0.004,0.43,0.0,,,,,,92.31,2.52,15.0,38.7,0.091,,,,6.0,,,1.1,0.0,0.99,,0.0,0.0,0.0,0.0,0.0,0.0,0.0,0.0,4.0,0.0,0.0,0.35,0.24,22.0,0.3,1.0,1.0,0.0,0.15,0.0,0.015,0.0,0.0,0.0,0.0,0.0,0.02,0.001,20.0,0.0,0.012,,,,,,,0.0,0.0,0.0,0.0,0.0,0.0,0.0,0.0,6.9,0.08,0.024,0.046,0.04,0.006,0.021,,,,0.1,0.012,6.0,0.0,5.1,,,,,,,,91.0,,0.0,0.0,0.002,0.001,0.0,0.0,0.0,0.0,0.0,0.0,0.002,20.0,0.012,0.004,0.009,0.0,,,0.21,0.131,20.0,0.0,,0.012,0.004,0.0,0.0,0.009,0.0,0.0,,,,,,,,,0.0,0.0,0.0,0.0,0.0,0.0,0.0,0.0,0.0,0.0,,,,,,,,
3865,"Lemon peel, raw",lemon peel raw,0,9,Fruits and Fruit Juices,0,"USDA, 2018",0.092,134.0,12.0,160.0,0.25,0.01,,,,,,,,81.6,4.17,18.0,129.0,0.4,,,,15.0,,,,,,,,0.0,0.0,0.0,0.0,0.0,0.0,0.0,45.0,0.0,0.0,1.5,0.3,47.0,10.6,6.0,7.0,1.0,0.25,0.0,0.08,0.0,0.0,0.0,0.0,0.0,0.0,0.0,13.0,0.0,0.063,,,,,,,0.0,0.0,0.0,0.0,0.0,0.0,0.0,,16.0,0.8,0.06,0.172,0.039,0.011,0.089,,,,0.7,,50.0,3.0,8.5,,,,,,,,197.0,,,,,,,,,,,,0.001,13.0,0.035,0.002,0.026,0.001,,,0.6,0.319,13.0,0.0,,,,,,,,,,,,,,,,35.0,,,,,,,,,,,,,,,,,,
49427,"Lemon sole, flesh only, steamed",lemon sole flesh only steamed,0,15,Finfish and Shellfish Products,23,McCance and Widdowson's,0.0,23.0,161.0,230.0,0.4,0.1,0.0,0.0,,,,,,77.5,0.0,,0.0,5.0,,,,34.0,232.0,30.0,0.0,,0.0,5.0,0.0,,0.0,,,0.0,,0.0,,1.3,,21.7,0.9,95.0,0.0,150.0,,,0.95,,0.1,,,0.0,0.0,0.0,0.0,0.0,,61.5,0.0,,,,,,0.0033,0.0,0.01,0.06,0.01,0.02,0.06,0.04,0.0,0.0,0.16,0.18,0.2,0.21,0.18,0.21,,,,65.0,0.01,,0.0,,,,,,,,,402.0,,0.0,0.0,0.0,0.01,0.03,0.0,0.0,0.0,0.0,0.0,0.03,,0.12,0.02,0.0,0.06,,,,0.31,17.0,,,0.0,0.09,0.0,0.0,0.0,0.0,0.0,0.01,,,,,,,,,,,0.01,,,,,,,,0.0,,,,,,
235436,"Lemon zest, raw",lemon zest raw,0,9,Fruits and Fruit Juices,37,"Ciqual 2020, ANSES",0.092,134.0,12.0,160.0,0.25,0.011,,,,,,,,81.6,4.17,,129.0,0.4,,,,15.0,,,,,,,,0.0,,,,0.0,,0.0,,0.0,,1.38,0.3,,10.6,6.0,7.0,,0.25,,0.08,,,0.0,0.0,0.0,0.0,0.0,,0.0,0.067,,,,,,,,0.0,0.0,,,0.0,,,5.4,0.9,0.06,0.17,0.042,0.012,0.096,,,,7.0,,,,,,,,,,,,,,,,,,,,,,,,0.001,,0.038,0.002,0.028,,,,0.6,0.32,13.0,,,,,,,,,,,,,,,,,,,,,,,,,,,,,,,,,,,
436023,"Lemons, Aroma, Flavor",lemons aroma flavor,0,11,Vegetables and Vegetable Products,5,My foods,,,,,,,,,,,,,,,,,,,,,,,,,,,,,,,,,,,,,,,,0.0,0.0,10.0,,,,,,,,,,,,,,,,,,,,,,,,,,,,,,,,0.0,,,,,,,,,,,,,,,,,,,,,,41.84,,,,,,,,,,,,,,,,,,,,,,,,,,,,,,,,,,,,,,,,,,,,,,,,,,,,,,,,,
49432,"Lemons, flesh only, raw, weighed with peel and pips",lemons flesh only raw weighed with peel and pips,0,9,Fruits and Fruit Juices,23,McCance and Widdowson's,0.0,17.0,10.0,90.0,0.1,,0.3,0.0,,,,,,57.0,1.4,,34.0,0.1,,,,6.0,,,0.4,,0.6,,0.0,,,,,0.0,,0.0,,0.0,,0.5,0.2,9.0,,2.0,4.0,0.0,,,0.01,,,,,,,,,0.0,,,,,,,0.0001,,,,,,,,0.0,1.4,0.3,0.03,0.05,0.1,0.0,0.1,,,,1.0,,,1.0,,,,,,,,,38.0,,,,,,,,,,,,,,,,,,,,,0.12,7.0,,,,,,,,,,,,,,,,,,,,,,,,,,,,,,,,,,,
49444,"Lentils, green and brown, whole, dried, boiled in unsalted water",lentils green and brown whole dried boiled in unsalted water,0,16,Legumes and Legume Products,23,McCance and Widdowson's,0.33,22.0,130.0,310.0,1.4,,0.4,15.9,,,,,,66.7,0.4,,0.0,0.6,,,,34.0,26.0,,0.0,0.0,0.0,,0.0,0.0,0.0,,,0.0,,0.0,,0.0,,8.8,0.7,105.0,,3.0,,0.0,,,0.08,,,,,,,,,0.0,,,,,,,0.0012,,,,,,,,0.0,16.9,3.5,0.14,0.28,0.1,0.1,0.3,,,,40.0,0.5,,,,,,,,,,,446.0,,,,,,,,,,,,,,,,,,,,,,30.0,,,,,,,,,,,,,,,,,,,,,,,,,,,,,,,,,,,
6342,"Lentils, mature seeds, cooked, boiled, without salt",lentils mature seeds cooked boiled without salt,0,16,Legumes and Legume Products,0,"USDA, 2018",0.251,19.0,180.0,369.0,1.27,0.061,,,,,,,,69.64,1.8,0.0,1.5,1.06,,,,36.0,,,,,,,,0.0,0.0,0.0,0.0,0.0,0.0,0.0,0.0,0.0,0.0,9.02,0.38,116.0,7.9,2.0,5.0,0.0,0.11,0.0,0.073,0.0,0.0,0.0,0.0,0.0,0.0,0.0,181.0,0.0,0.137,0.367,1.399,0.998,0.377,0.254,0.081,0.0,0.0,0.0,0.0,0.002,0.0,0.0,,20.13,3.33,0.169,0.178,0.053,0.064,0.175,0.323,0.39,0.654,2.8,0.494,8.0,0.0,32.7,0.416,0.377,0.697,0.448,0.241,0.445,0.118,487.0,,,,,,,,,,,,0.001,181.0,0.045,0.005,0.037,0.001,0.077,0.63,0.83,0.638,181.0,1.7,,,,,,,,,,,,,,,,,,,,,,,,,,,,,,,,,,
49447,"Lentils, red, split, dried, raw",lentils red split dried raw,0,16,Legumes and Legume Products,23,McCance and Widdowson's,0.58,51.0,320.0,710.0,3.1,,2.2,50.8,,,,,,11.1,2.4,,0.0,2.0,,,,83.0,64.0,,0.2,0.0,0.0,,0.0,0.0,0.0,,,0.0,,0.0,,0.0,,23.8,1.3,318.0,,36.0,60.0,0.0,,,0.2,,,,,,,,,0.0,,,,,,,0.0032,,,,,,,,0.0,56.3,7.6,0.5,0.6,0.2,0.2,0.5,,,,6.0,,,10.0,,,,,,,,,1353.0,,,,,,,,,,,,,,,,,,,,,1.36,35.0,,,,,,,,,,,,,,,,,,,,,,,,,,,,,,,,,,,
5132,"Lentils, sprouted, cooked, stir-fried, with salt",lentils sprouted cooked stir fried with salt,0,11,Vegetables and Vegetable Products,0,"USDA, 2018",0.337,14.0,153.0,284.0,1.6,0.095,,,,,,,,68.7,,,12.6,1.2,,,,35.0,,,,,,,,,0.0,,,0.0,0.0,0.0,,0.0,0.0,8.8,0.45,101.0,,246.0,,,,,0.09,,,,,,,,67.0,0.0,0.166,0.313,1.235,1.407,0.349,0.252,,,,,,,,,,21.25,3.1,0.22,0.164,0.053,0.095,0.201,0.322,0.32,0.617,0.6,0.502,41.0,2.0,,0.486,0.349,0.6,0.391,0.248,0.434,0.328,423.0,,,,,,,,,,,,,67.0,0.047,0.005,0.035,,0.103,0.698,0.8,0.571,67.0,,,,,,,,,,,,,,,,,,,,,,,,,,,,,,,,,,,
4593,"Lentils, sprouted, cooked, stir-fried, without salt",lentils sprouted cooked stir fried without salt,0,11,Vegetables and Vegetable Products,0,"USDA, 2018",0.337,14.0,153.0,284.0,1.6,0.095,,,,,,,,68.7,,,12.6,1.2,,,,35.0,,,,,,,,,0.0,,,0.0,0.0,0.0,,0.0,0.0,8.8,0.45,101.0,,10.0,,,,,0.09,,,,,,,,67.0,0.0,0.166,0.313,1.235,1.407,0.349,0.252,,,,,,,,,,21.25,3.1,0.22,0.164,0.053,0.095,0.201,0.322,0.32,0.617,0.6,0.502,41.0,2.0,,0.486,0.349,0.6,0.391,0.248,0.434,0.328,423.0,,,,,,,,,,,,,67.0,0.047,0.005,0.035,,0.103,0.698,0.8,0.571,67.0,,,,,,,,,,,,,,,,,,,,,,,,,,,,,,,,,,,
49448,"Lettuce, average, raw",lettuce average raw,0,11,Vegetables and Vegetable Products,23,McCance and Widdowson's,0.03,24.0,22.0,222.0,0.2,,0.0,0.0,2.07,0.0,,,,96.1,1.4,0.0,1.0,0.5,0.0,,,9.0,78.0,1.0,0.8,0.0,0.6,0.7,0.0,0.0,0.0,,,0.0,,0.0,0.0,0.0,,1.2,0.1,11.0,1.5,9.0,60.0,0.0,0.64,0.0,0.05,,,,,,,,,0.0,,,,,,,0.0001,,,,,,,,0.0,1.4,0.13,0.14,0.02,0.03,0.0,0.08,,,,0.0,0.14,,10.0,,,,,,,,,48.0,,,,,,,,,,,,,,,,,,,,,0.19,60.0,129.0,,,,,,,,,,,,,,,,,,,,,,,,,,,,,,,,,,
4595,"Lettuce, cos or romaine, raw",lettuce cos or romaine raw,0,11,Vegetables and Vegetable Products,0,"USDA, 2018",0.048,33.0,30.0,247.0,0.23,0.009,0.0,0.0,0.36,0.01,0.0,0.0,0.0,94.61,1.19,2312.0,4.0,0.313,0.0,,0.1,14.0,,,0.8,0.0,0.39,,0.0,0.0,0.0,0.0,0.0,0.0,0.0,0.0,0.0,0.0,0.0,1.23,0.3,17.0,2.1,8.0,5226.0,0.0,0.13,0.0,0.067,0.0,0.0,0.0,0.0,0.0,0.0,0.0,136.0,0.0,0.047,0.049,0.178,0.139,0.056,0.021,0.01,0.0,0.0,0.0,0.0,0.0,0.0,0.0,0.0,3.29,0.97,0.072,0.074,0.039,0.012,0.16,0.043,0.045,0.076,0.4,0.155,8710.0,436.0,9.9,0.05,0.045,0.054,0.055,0.025,0.065,0.006,72.0,0.0,,,,,,,,,,,0.0,136.0,0.035,0.005,0.113,0.003,0.015,0.064,0.58,0.142,136.0,102.5,0.04,,,,,,,,,,,,,,,,,,,,,,,,,,,,,,,,,
4596,"Lettuce, iceberg (includes crisphead types), raw",lettuce iceberg includes crisphead types raw,0,11,Vegetables and Vegetable Products,0,"USDA, 2018",0.025,18.0,20.0,141.0,0.15,0.004,0.05,,0.09,0.0,0.0,0.0,0.0,95.64,1.97,277.0,2.8,0.123,0.0,,0.1,7.0,,,1.0,0.0,0.91,,0.0,0.0,0.0,0.0,0.0,0.0,0.0,0.0,0.0,0.0,0.0,0.9,0.14,14.0,1.2,10.0,299.0,4.0,0.18,0.0,0.025,0.0,0.0,0.0,0.0,0.0,0.0,0.0,29.0,0.0,0.021,0.015,0.194,0.125,0.025,0.009,0.009,0.0,0.0,0.0,0.0,0.0,0.0,0.0,0.0,2.97,0.41,0.041,0.042,0.018,0.006,0.074,0.025,0.018,0.025,0.1,0.125,502.0,25.0,6.7,0.025,0.01,0.015,0.024,0.007,0.023,0.005,58.576,0.0,,,,,,,,,,,0.0,29.0,0.016,0.002,0.052,0.001,0.005,0.024,0.36,0.091,29.0,24.1,0.01,,,,,,,,,,,,,,,10.0,,,,,,,,,,,,,,,,,,
23038,"Light custard cream with vanilla, prepacked",light custard cream with vanilla prepacked,0,6,"Soups, Sauces, and Gravies",11,"CIQUAL, ANSES",0.0,110.0,91.0,140.0,0.38,0.63,,0.7,,,,,,77.7,12.9,,0.45,0.11,,,,10.0,101.0,0.0,,,,,,0.0,,,,28.9,,0.0,,0.23,,3.44,2.5,105.0,1.0,53.7,69.8,,0.24,,0.19,,,0.071,0.04,0.026,0.059,0.069,,26.6,0.08,,,,,,,,0.0,0.0,,,0.0,,,16.7,0.11,0.028,0.021,1.55,0.72,0.099,,,,0.0,0.0,,,,,,,,,,,443.0,,,,,,,,,,,,0.24,,0.77,0.2,0.0095,,,,0.6,0.39,9.03,0.0,,,,,,,,,,,,,,,,,,,,,,,,,,,0.0,,,,,,,
49451,"Lime juice, fresh",lime juice fresh,0,9,Fruits and Fruit Juices,23,McCance and Widdowson's,0.03,9.0,7.0,110.0,0.1,,0.4,0.0,,,,,,90.2,1.6,,38.0,0.1,,,,6.0,3.0,,0.6,,0.6,,0.0,,,,,0.0,,0.0,,0.0,,0.4,0.1,9.0,,1.0,6.0,0.0,,,0.01,,,,,,,,,0.0,,,,,,,0.0,,,,,,,,0.0,1.6,0.0,0.02,0.04,0.0,0.0,0.1,,,,,0.0,,1.0,,,,,,,,,36.0,,,,,,,,,,,,,,,,,,,,,0.14,,,,,,,,,,,,,,,,,,,,,,,,,,,,,,,,,,,,
81105,"Lime juice, home-made",lime juice home made,0,9,Fruits and Fruit Juices,11,"CIQUAL, ANSES",0.027,14.0,14.0,117.0,0.08,,,0.0,,,,,,90.8,1.69,,30.0,0.14,,,,8.0,,,,,,,,0.0,,,,0.0,,0.0,,0.0,,0.42,0.07,,0.4,2.0,30.0,,0.22,,0.015,,,0.0,0.0,0.0,0.0,0.0,,0.0,,,,,,,,,,0.0,,,0.0,,,1.69,0.09,0.025,0.038,0.008,0.008,0.023,,,,,0.018,,,,,,,,,,,,,,,,,,,,,,,0.0,,0.008,0.0,,,,,0.31,0.12,10.0,0.6,,,,,,,,,,,,,,,,,,,,,,,,,,,0.42,,,,,,,
3866,"Limes, raw",limes raw,0,9,Fruits and Fruit Juices,0,"USDA, 2018",0.065,33.0,18.0,102.0,0.11,0.016,,,,,,,,88.26,1.69,0.0,29.1,0.2,,,,6.0,,,,,,,,0.0,0.0,0.0,0.0,0.0,0.0,0.0,0.0,0.0,0.0,0.7,0.2,30.0,2.8,2.0,30.0,0.0,0.22,0.0,0.02,0.0,0.0,0.0,0.0,0.0,0.0,0.0,8.0,0.0,0.036,,,,,,0.003,0.0,0.0,0.0,0.0,0.0,0.0,0.0,,10.54,0.6,0.03,0.043,0.022,0.019,0.055,,,,0.4,0.008,50.0,2.0,5.1,,,,,,,,126.0,,,,,,,,,,,,0.001,8.0,0.02,0.001,0.019,0.003,0.002,0.014,0.3,0.217,8.0,0.6,,,,,,,,,,,,,,,,,,,,,,,,,,,,,,,,,,
730,Limão,lim o,1,9,Fruits and Fruit Juices,1,"TCA, INSA 2015",,26.0,16.0,140.0,0.1,,,0.0,,,,,,90.1,1.9,,55.0,0.2,,,,9.0,,,,,,,,0.0,0.0,,,2.0,,0.0,,0.0,9.0,0.5,0.3,26.048057872,2.1,2.0,11000.0,,0.6,,0.02,,,,,,,,,0.0,,,,,,,0.0001,,,,,,,,,1.9,0.5,0.04,0.07,0.1,0.0,0.1,,,,,,,2.0,,,,,,,,,108.985074136448,,,,,,,,,,,,,,,,,,,,0.42,,,,,0.1,,,,,,,,,,,,,,,,,,,,,,,,,,,,,,,,
37288,Limão,lim o,1,9,Fruits and Fruit Juices,20,"TCNA, IBGE",0.07,33.0,18.0,102.0,0.11,,,,,,,,,,0.7,,29.1,0.2,,,,6.0,,,,,,,,,,,,,,,,,,0.7,0.2,30.0,2.8,2.0,,,0.22,,0.02,,,,,,,,,,0.04,,,,,,,,,,,,,,,10.54,0.6,0.03,0.04,0.02,0.02,0.06,,,,0.4,0.01,,2.5,,,,,,,,,125.52,,,,,,,,,,,,,,,,0.02,,,,,,8.0,,,,,,,,,,,,,,,,,,,,,,,,,,,,,,,,,,,
265,Linguiça,lingui a,0,17,"Lamb, Veal, and Game Products",1,"TCA, INSA 2015",,30.0,200.0,381.0,3.2,,,0.0,,,,,,31.3,0.0,,0.0,5.0,,,,22.0,,,,,,,,0.0,0.11,,,0.0,,0.0,,1.8,3.0,21.5,39.0,436.842658624,0.0,2909.0,0.0,,0.3,,0.25,,,,,,,,,85.0,,,,,,,0.0046,,,,,,,,,0.0,2.0,0.6,0.4,13.4,15.4,4.5,,,,,,,0.0,,,,,,,,,1827.749683682816,,,,,,,,,,,,,,,,,,,,8.4,,,,,3.9,,,,,,,,,,,,,,,,,,,,,,,,,,,,,,,,
27944,Linseed,linseed,0,12,Nut and Seed Products,14,"FCDBE, IEO",1.2,198.0,660.0,725.0,7.8,,0.0,0.0,,,,,,6.1,0.0,,0.0,1.4,,,,181.0,,,0.0,0.0,0.0,,0.0,0.0,,,,0.0,,0.0,,0.0,,24.5,31.0,377.0,34.8,60.0,0.0,,0.7,,0.16,,,,,,,,,0.0,,,,,,,,,,,,,,,0.0,0.0,8.2,0.17,0.0,3.0,5.3,21.2,,,,2.0,2.6,,0.0,,,,,,,,,1577.37,,,,,,,,,,,,,,,,,,,,,2.14,60.0,,,,,,,,,,,,,,,,,,,,,,,,,,,,,,,,,,,
237542,Linseed oil,linseed oil,0,4,Fats and Oils,37,"Ciqual 2020, ANSES",0.0,1.0,1.0,0.0,0.07,19.2,,0.0,,,,,,0.0,0.0,,0.0,0.0,,,,0.0,,,,,,,,0.0,,,,0.0,,0.0,,0.0,,0.0,100.0,900.0,0.0,0.0,0.0,,8.99,,0.0,,,0.0,0.0,0.0,0.008,0.018,,0.0,13.5,,,,,,,,0.0,0.0,,,0.0,,,0.0,0.0,0.0,0.0,9.19,19.3,66.9,,,,,0.0,,,,,,,,,,,3700.0,,,,,,,,,,,,0.077,,5.2,3.73,53.3,,,,0.0021,,0.0,,,,,,,,,,,,,,,,,,,,,,,,,,,,,,,,,,,
3316,Liverwurst spread,liverwurst spread,0,7,Sausages and Luncheon Meats,0,"USDA, 2018",0.24,22.0,230.0,170.0,2.3,11.293,,,,,,,,53.53,1.65,0.0,3.5,4.3,,,,12.0,,,,,,,,0.0,,0.0,0.0,4091.0,,,0.0,13.46,0.0,12.38,25.45,305.0,2.5,700.0,0.0,0.0,,0.0,1.03,,,0.0,0.0,0.0,0.0,0.0,30.0,118.0,2.296,1.096,2.195,1.164,0.83,0.448,0.151,0.0,0.0,0.0,0.0,0.0,0.0,0.0,,5.89,8.85,0.272,0.19,9.925,12.286,2.427,0.671,0.653,1.139,58.0,0.155,13636.0,4091.0,,0.694,0.85,0.812,0.857,0.362,0.617,0.149,1277.0,,,,,,,,,,,,0.403,30.0,6.42,3.102,0.131,0.993,0.285,1.155,2.75,2.95,30.0,,,,,,,,,,,,,,,,,,,,,,,,,,,,,,,,,,,
428077,Lombata B.A. Carima Superior,lombata b a carima superior,0,17,"Lamb, Veal, and Game Products",5,My foods,,,,,,,,,,,,,,,,,,,,,,,,,,,,,,,,,,,,,,,,87.2,46.8,134.0,,,,,,,,,,,,,,,,,,,,,,,,,,,,,,,,0.0,,,,,,,,,,,,,,,,,,,,,,560.656,,,,,,,,,,,,,,,,,,,,,,,,,,,,,,,,,,,,,,,,,,,,,,,,,,,,,,,,,
145,"Lombo de porco assado, sem molho",lombo de porco assado sem molho,0,17,"Lamb, Veal, and Game Products",1,"TCA, INSA 2015",,10.0,292.0,430.0,2.5,,,0.0,,,,,,56.5,0.0,,0.0,6.2,,,,33.0,,,,,,,,0.0,0.04,,,31.0,,0.74,,1.2,6.6,32.7,8.8,210.057274032,0.0,191.0,0.0,,0.07,,0.21,,,,,,,,,86.0,,,,,,,0.0069,,,,,,,,,0.0,0.9,0.55,0.41,3.0,3.0,1.4,,,,,,,31.0,,,,,,,,,878.879634549888,,,,,,,,,,,,,,,,,,,,2.0,,,,,1.3,,,,,,,,,,,,,,,,,,,,,,,,,,,,,,,,
208036,Lombo de porco grelhado,lombo de porco grelhado,0,17,"Lamb, Veal, and Game Products",33,"TCA, INSA 2019",,10.0,270.0,440.0,2.2,,,0.0,,,,,,60.9,0.0,,0.0,5.5,,,,32.0,,,,,,,,0.0,0.0,,,,,0.8,,0.97,,29.1,8.1,189.0,0.0,170.0,0.0,,0.06,,0.19,,,,,,,,,81.0,,,,,,,6.2,,,,,,,,,0.0,0.7,0.77,0.42,2.8,2.8,1.4,,,,,,,29.0,,,,,,,,,794.0,,,,,,,,,,,,,,,,,,,,1.9,,5.9,,,,,,,,,,,,,,,,,,,,,,,,,,,,,,,,,,,
49485,Lucozade,lucozade,0,14,Beverages,23,McCance and Widdowson's,0.0,3.0,1.0,7.0,0.0,,,0.0,,,,,,81.1,11.1,,8.0,0.0,,,,1.0,14.0,0.0,,0.0,,0.0,,0.0,0.0,,,0.0,,0.0,,0.0,,0.0,0.0,60.0,0.0,26.0,,,0.0,,0.0,,,,,,,,,0.0,,,,,,,0.0,,,,,,,,0.0,16.0,0.0,0.0,0.0,0.0,0.0,0.0,,,,0.0,0.0,,139.0,,,,,,,,,256.0,,,,,,,,,,,,,,,,,,,,,0.0,1.0,,,,,,,,,,,,,,,,,,,,,,,,,,,,,,,,,,,
428070,"MORCÓN IBÉRICO, cured meat, Spain",morc n ib rico cured meat spain,0,10,Pork Products,5,My foods,,,,,,,,,,,,,,,0.0,,,,,,,,,,,,,,,,,,,,,,,,,32.5,20.1,311.0,,2.68,,,,,,,,,,,,,,,,,,,,,,,,,,,,,,0.5,,,,7.7,,,,,,,,,,,,,,,,,,1301.224,,,,,,,,,,,,,,,,,,,,,,,,,,,,,,,,,,,,,,,,,,,,,,,,,,,,,,,,,
49489,"Macadamia nuts, salted",macadamia nuts salted,0,12,Nut and Seed Products,23,McCance and Widdowson's,0.43,47.0,200.0,300.0,1.1,,3.8,0.8,,,,,,1.3,4.0,,0.0,1.6,,,,100.0,560.0,,0.1,,0.1,6.0,0.0,0.0,0.0,,,0.0,,0.0,,0.0,,7.9,77.6,748.0,,400.0,0.0,0.0,1.49,,0.06,,,,,,,,,0.0,,,,,,,0.0017,,,,,,,,0.0,4.8,1.6,0.28,0.28,11.2,60.8,1.6,,,,7.0,5.5,,0.0,,,,,,,,,3082.0,,,,,,,,,,,,,,,,,,,,,0.61,,,,,,,,,,,,,,,,,,,,,,,,,,,,,,,,,,,,
49490,"Macaroni cheese, homemade",macaroni cheese homemade,0,20,Cereal Grains and Pasta,23,McCance and Widdowson's,0.07,172.0,157.0,140.0,1.0,,0.1,16.9,,,,,,62.4,2.8,,1.0,0.5,,,,19.0,250.0,21.0,0.0,,0.0,2.3,0.3,,0.24,,,,,,,0.7,,7.8,8.6,183.0,1.1,149.0,,,,,0.16,,,,,,,,,16.9,,,,,,,0.0018,,,,,,,,2.4,19.8,0.42,0.04,0.06,4.47,2.72,0.7,,,,6.0,0.2,,,,,,,,,,,768.0,,,,,,,,,,,,,,,,,,,,,0.41,6.0,,,,,,,,,,,,,,,,,,,,,,,,,,,,,,,,,,,
201645,Maccheroncini Amatriciana,maccheroncini amatriciana,0,,,19,My recipes,0.02839300976800976,59.88754578754579,64.4175824175824,96.94932844932859,0.4688377594627595,0.008935897435897433,0.0,0.0,,,,,,36.36475579975579,1.9266636141636138,,3.2820512820512833,1.3181364468864467,,,,6.068208180708179,,0.053525641025641,0.0,0.0,0.0,,0.0,0.0,0.24786324786324782,0.0,,30.476190476190474,,0.031746031746031744,,0.273089133089133,0.0,7.374325396825396,20.07404151404151,301.7757936507936,1.5696062271062274,335.77464896214894,64.96245421245425,,0.2980555555555555,,0.10356135531135531,,,0.0,0.0,0.0,0.0,0.0,,47.42515262515263,0.028910256410256397,,,,,,,,0.0,0.0,,,0.0,,0.0126984126984127,21.46203907203907,0.8539789377289378,0.179567155067155,0.06065338827838837,1.3002127594627595,0.51456105006105,0.0730946275946275,,,,0.775,0.021900183150183147,,31.346764346764346,,,,,,,,,1262.6299206349222,,,,,,,,,,,,0.0,,0.009724358974358966,0.0021025641025641034,0.0031538461538461533,,,,0.41740384615384596,0.13372863247863256,5.208333333333333,0.6833333333333332,,,,,,,,,,,,,,,,,,,,,,,,,,,0.120897435897436,,,,,,,
49496,"Mackerel, flesh only, smoked",mackerel flesh only smoked,0,15,Finfish and Shellfish Products,23,McCance and Widdowson's,0.07,33.0,237.0,319.0,0.9,2.47,0.0,0.0,,,,,,50.9,0.0,,0.0,6.9,,,,38.0,1010.0,28.0,0.0,,0.0,4.0,0.0,,0.02,,,36.0,,8.2,,10.2,,21.1,24.1,301.0,0.0,746.0,,,0.46,,0.37,,,0.0,0.0,0.01,0.0,0.01,,63.0,0.4,,,,,,0.0046,3.64,0.3,2.3,1.06,2.15,1.35,0.25,0.0,0.0,1.13,0.15,0.28,5.04,9.35,6.14,,,,59.0,0.02,,36.0,,,,,,,,,1250.0,,0.05,0.01,0.11,0.08,0.25,0.01,0.0,0.0,0.06,0.0,1.47,,2.61,0.51,0.38,0.76,,,,0.61,4.0,,,0.38,2.45,3.64,0.22,0.35,0.04,0.02,0.07,,,,,,8.2,,,,,0.01,,,,,,,,0.01,,,,,,
209114,"Maionese caseira, com ovo e azeite",maionese caseira com ovo e azeite,0,6,"Soups, Sauces, and Gravies",33,"TCA, INSA 2019",,13.0,55.0,40.0,0.4,,,0.0,,,,,,24.0,0.0,,0.0,0.01,,,,4.0,,,,,,,,0.0,0.0,,,,,0.5,,0.29,,4.0,71.2,657.0,0.0,120.0,0.0,,10.0,,0.13,,,,,,,,,122.0,,,,,,,1.1,,,,,,,,,0.0,0.6,0.02,0.11,10.6,54.6,5.3,,,,,,,60.0,,,,,,,,,2710.0,,,,,,,,,,,,,,,,,,,,0.4,,15.0,,,,,,,,,,,,,,,,,,,,,,,,,,,,,,,,,,,
428681,"Malfatto Aromatico al Fieno, Italy",malfatto aromatico al fieno italy,0,4,Fats and Oils,5,My foods,,,,,,,,,,,,,,,2.5,,,,,,,,,,,,,,,,,,,,,,,,,27.0,28.0,348.0,,,,,,,,,,,,,,,,,,,,,,,,,,,,,,,,0.4,,,,23.0,,,,,,,,,,,,,,,,,,1456.032,,,,,,,,,,,,,,,,,,,,,,,,,,,,,,,,,,,,,,,,,,,,,,,,,,,,,,,,,
738,Manga,manga,1,9,Fruits and Fruit Juices,1,"TCA, INSA 2015",,9.0,10.0,115.0,0.1,,,0.2,,,,,,83.5,11.5,,23.0,0.5,,,,13.0,,,,,,,,0.0,0.0,,,300.0,,0.0,,0.0,36.0,0.5,0.3,51.857142736,2.9,14.0,1800000.0,,1.0,,0.05,,,,,,,,,0.0,,,,,,,0.0001,,,,,,,,,11.7,0.2,0.04,0.13,0.1,0.1,0.1,,,,,,,300.0,,,,,,,,,216.970285207424,,,,,,,,,,,,,,,,,,,,0.5,,,,,0.0,,,,,,,,,,,,,,,,,,,,,,,,,,,,,,,,
37305,Manga,manga,1,9,Fruits and Fruit Juices,20,"TCNA, IBGE",0.11,10.0,11.0,156.0,0.04,,,,,,,,,,12.73,,27.7,0.58,,,,9.0,,,,,,,,,,,,,,,,,,0.51,0.27,65.0,1.76,2.0,,,1.12,,0.06,,,,,,,,,,0.01,,,,,,,,,,,,,,,17.0,0.13,0.06,0.13,0.07,0.1,0.05,,,,0.6,0.03,,38.25,,,,,,,,,271.96,,,,,,,,,,,,,,,,0.04,,,,,,14.0,,,,,,,,,,,,,,,,,,,,,,,,,,,,,,,,,,,
208314,Manga,manga,1,9,Fruits and Fruit Juices,33,"TCA, INSA 2019",,9.0,10.0,120.0,0.1,,,0.2,,,,,,83.5,11.5,,23.0,0.5,,,,13.0,,,,,,,,0.0,0.0,,,,,0.0,,0.0,,0.5,0.3,59.0,2.9,14.0,1800.0,,1.0,,0.05,,,,,,,,,0.0,,,,,,,0.1,,,,,,,,,11.7,0.2,0.04,0.13,0.1,0.1,0.1,,,,,,,300.0,,,,,,,,,250.0,,,,,,,,,,,,,,,,,,,,0.5,,36.0,,,,,,,,,,,,,,,,,,,,,,,,,,,,,,,,,,,
20181,"Mango, raw",mango raw,0,9,Fruits and Fruit Juices,10,"CNF, GC",0.11,10.0,11.0,156.0,0.04,,9.9,,,,,,,81.7,14.8,,27.7,0.584,,,,9.0,,,2.9,0.0,0.7,,0.0,0.0,,,,0.0,,0.0,,0.0,,0.51,0.27,65.0,1.8,2.0,445.0,,,,0.057,,,,,,,,,0.0,,,,,,,,,,,,,,,0.0,17.0,0.13,0.058,0.134,0.066,0.101,0.051,,,,0.6,0.027,,38.0,7.6,,,,,,,,271.96,,,,,,,,,,,,,,,,,,,,0.5,0.16,14.0,4.2,,,,,,,,,,,,,,,,,,,,,,,,,,,,,,,,,,
21650,"Mango, without skin, raw",mango without skin raw,0,9,Fruits and Fruit Juices,9,"BEDCA, UGR",0.00011,20.0,22.0,150.0,0.1,,,0.3,,,,,,83.0,13.1,,44.0,,,,,9.0,,,,,,,,0.0,,,,0.0,,0.0,,0.0,,0.6,0.2,,2.3,2.0,3130.0,,1.8,,0.05,,,,,,,,,0.0,,,,,,,,,,,,,,,,13.4,1.2,0.03,0.08,0.05,0.07,0.03,,,,0.6,0.03,,521.667,,,,,,,,,,,,,,,,,,,,,,,,,,,,,,0.16,,,,,,,,,,,,,,,,,,,,,,,,,,,,,,,,,,,,
49502,"Mangoes, ripe, raw, flesh only",mangoes ripe raw flesh only,0,9,Fruits and Fruit Juices,23,McCance and Widdowson's,0.12,12.0,16.0,180.0,0.1,,10.1,0.3,,,,,,82.4,13.8,26.0,37.0,0.5,,,,13.0,,,3.0,,0.7,,0.0,0.0,0.0,,,0.0,,0.0,27.0,0.0,,0.7,0.2,57.0,,2.0,682.0,0.0,1.05,,0.05,,,,,,,,,0.0,,,,,,,0.0013,,,,,,,,0.0,14.1,0.7,0.04,0.13,0.1,0.0,0.0,,,,,0.3,,116.0,,,,,,,,,245.0,,,,,,,,,,,,,,,,,,,,,0.16,,0.52,,,,,,,,,,,,,,,,,,,,,,,,,,,,,,,,,,
3877,"Mangos, raw",mangos raw,0,9,Fruits and Fruit Juices,0,"USDA, 2018",0.111,11.0,14.0,168.0,0.09,0.075,6.97,,0.01,0.0,0.01,0.0,0.0,83.46,13.66,23.0,36.4,0.669,0.01,,,10.0,,,4.68,0.0,2.01,,0.0,0.0,0.0,0.0,0.0,0.0,0.0,0.0,10.0,0.0,0.0,0.82,0.38,60.0,1.6,1.0,640.0,9.0,0.9,3.0,0.038,0.0,0.0,0.0,0.0,0.0,0.0,0.001,43.0,0.0,0.019,0.034,0.096,0.068,0.082,0.019,0.013,0.0,0.0,0.0,0.0,0.0,0.0,0.0,0.0,14.98,0.16,0.028,0.119,0.092,0.14,0.071,0.031,0.029,0.05,0.6,0.063,1082.0,54.0,7.6,0.035,0.029,0.031,0.042,0.016,0.027,,250.0,,,,,,,,,,,,0.013,43.0,0.072,0.004,0.051,0.067,0.008,0.066,0.36,0.197,43.0,4.2,0.03,,,,,,,,,,,,,,,,,,,,,,,,,,,,,,,,,
49503,"Mangosteen, flesh only",mangosteen flesh only,0,9,Fruits and Fruit Juices,23,McCance and Widdowson's,,14.0,14.0,130.0,,,,0.3,,,,,,81.0,16.1,,3.0,0.3,,,,,,,,,,,0.0,,,,,0.0,,0.0,,0.0,,0.6,0.5,73.0,,1.0,0.0,0.0,,,0.01,,,,,,,,,0.0,,,,,,,0.0001,,,,,,,,0.0,16.4,0.3,0.05,,,,,,,,,,,0.0,,,,,,,,,307.0,,,,,,,,,,,,,,,,,,,,,,,,,,,,,,,,,,,,,,,,,,,,,,,,,,,,,,,,,
10199,Manteiga,manteiga,0,4,Fats and Oils,3,System groups,,15.0,24.0,15.0,0.1,,,0.0,,,,,,16.0,,,0.0,0.0,,,,2.0,,,,,,,,0.0,3.305,,,565.0,,0.74,,0.0,0.0,0.1,82.4,744.520406424,0.0,379.5,45000.0,,2.0,,0.02,,,,,,,,,230.0,,,,,,,0.0,,,,,,,,,0.7,0.2,0.0,0.01,46.65,19.05,2.4,,,,,,,565.0,,,,,,,,,3115.073380478016,,,,,,,,,,,,,,,,,,,,1.05,,,,,2.0,,,,,,,,,,,,,,,,,,,,,,,,,,,,,,,,
72664,Manteiga de amendoim,manteiga de amendoim,0,12,Nut and Seed Products,5,My foods,,,,,,,,,,,,,,,3.6,,,,,,,,,,,,,,,,,,,,,,,,,30.0,50.0,618.0,,,,,,,,,,,,,,,,,,,,,,,,,,,,,,,,7.0,,,,6.8,,,,,,,,,,,,,,,,,,2585.712,,,,,,,,,,,,,,,,,,,,,,,,,,,,,,,,,,,,,,,,,,,,,,,,,,,,,,,,,
794,Manteiga sem sal,manteiga sem sal,0,4,Fats and Oils,1,"TCA, INSA 2015",,15.0,24.0,15.0,0.1,,,0.0,,,,,,16.0,0.7,,0.0,0.0,,,,2.0,,,,,,,,0.0,3.33,,,564.9999999999999,,0.74,,0.0,0.0,0.1,83.0,749.897299104,0.0,8.0,45000.0,,2.0,,0.02,,,,,,,,,230.0,,,,,,,0.0,,,,,,,,,0.7,0.2,0.0,0.01,47.0,19.2,2.4,,,,,,,565.0,,,,,,,,,3137.570299451136,,,,,,,,,,,,,,,,,,,,0.2,,,,,2.0,,,,,,,,,,,,,,,,,,,,,,,,,,,,,,,,
132990,Maple Syrup - Queens Sugar Free,maple syrup queens sugar free,0,8,Breakfast Cereals,5,My foods,,,,,,,,,,,,,,,,,,,,,,,,,,,,,,,,,,,,,,,,0.0,0.0,50.0,,,,,,,,,,,,,,,,,,,,,,,,,,,,,,,,1.0,,,,,,,,,,,,,,,,,,,,,,209.2,,,,,,,,,,,,,,,,,,,,,,,,,,,,,,,,,,,,,,,,,,,,,,,,,,,,,,,,,
28361,"Margarine, Golden pasture/Churn/Beautifully Butterly",margarine golden pasture churn beautifully butterly,0,4,Fats and Oils,15,"IFCD, UCC",0.0,0.0,0.0,0.0,0.0,,,0.0,,,,,,37.7,0.5,,0.0,0.0,,,,0.0,,,,,,,,,,,,980.0,,0.0,,0.0,,0.5,63.0,571.0,,700.0,,,30.8,,0.0,,,,,,,,,3.0,,,,,,,,,,,,,,,,0.5,0.0,0.0,0.0,18.0,33.0,12.0,,,,0.0,0.0,,,,,,,,,,,2389.06,,,,,,,,,,,,,,,,,,,,,0.0,0.0,,,,,,,,,,,,,,,,,,,,,,,,,,,,,,,,,,,
2200,"Margarine, regular, hard, soybean (hydrogenated)",margarine regular hard soybean hydrogenated,0,4,Fats and Oils,0,"USDA, 2018",,30.0,23.0,42.0,0.0,39.1,,,,,,,,15.7,0.0,0.0,0.2,0.023,,,,3.0,,,,,,,,,,,,768.0,,,0.0,0.1,0.0,0.9,80.5,719.0,0.0,943.0,610.0,0.0,3.1,0.0,0.037,0.0,0.0,0.0,0.0,0.0,0.0,0.0,1.0,0.0,19.4,0.018,0.179,0.065,0.029,0.023,0.012,0.0,0.0,0.0,0.0,0.0,0.0,0.0,,0.9,0.0,0.01,0.009,16.7,39.3,20.9,0.039,0.052,0.084,0.0,,3577.0,819.0,,0.046,0.083,0.031,0.057,0.041,0.041,0.008,3007.0,,,,,,,,,,,,0.2,1.0,9.6,6.9,1.5,0.2,0.021,0.068,2.0,0.084,1.0,,,,,,,,,,,,,,,,,146.0,,,,,,,,,,,,,,,,,,
2326,"Margarine-like spread, SMART BALANCE Light Buttery Spread",margarine like spread smart balance light buttery spread,0,4,Fats and Oils,0,"USDA, 2018",0.0,3.0,1.0,32.0,0.0,13.494,,,7.76,1.12,0.0,1.08,0.0,59.89,,,,0.0,0.06,,,1.0,,,,,,,,,0.611,,,1410.0,,,,,,0.02,36.41,337.0,,580.0,,,15.75,,0.0,,,0.004,0.0,0.005,0.0,0.077,,,8.318,,,,,,,0.007,0.0,0.0,0.0,0.122,0.0,0.0,,1.98,0.0,0.0,0.0,10.087,13.699,9.651,,,,,0.0,5161.0,1433.0,,,,,,,,,1410.008,0.0,0.146,0.08,,0.009,0.035,0.005,0.029,0.014,,,0.188,,8.043,1.499,1.304,0.063,,,1.7,,,46.8,1.57,8.175,13.213,0.007,,1.116,,,,,0.143,,,,,,,0.281,,,,0.33,0.281,0.063,,,,,,,,0.187,,
2327,"Margarine-like spread, SMART BEAT Super Light without saturated fat",margarine like spread smart beat super light without saturated fat,0,4,Fats and Oils,0,"USDA, 2018",,,0.0,12.0,,,,,,,,,,80.83,0.0,,,,,,,,,,,,,,,,2.45,,,,,,,,,0.0,17.1,158.0,0.0,755.0,,,1.7,,,,,,,,,,,0.0,,,,,,,,,,,,,,,,0.0,,,,2.22,7.6,3.98,,,,,,4489.0,,,,,,,,,,661.072,,,,,,,,,,,,,,,,,,,,1.91,,,12.3,,,,,,,,,,,,,,,,,,,,,,,,,,,,,,,,,,
2257,"Margarine-like, margarine-butter blend, soybean oil and butter",margarine like margarine butter blend soybean oil and butter,0,4,Fats and Oils,0,"USDA, 2018",0.01,10.0,10.0,22.0,0.03,30.068,,,36.88,14.45,0.0,0.0,0.0,17.07,0.0,0.0,0.1,0.022,0.4,,0.1,1.0,,,,,,,,0.0,14.95,0.0,0.0,768.0,1.0,0.0,0.0,0.0,0.0,0.31,80.32,727.0,0.0,719.0,610.0,0.0,3.88,0.0,0.023,0.0,0.0,0.0,0.0,0.0,0.0,0.0,2.0,12.0,21.533,,,,,,,0.0,0.0,0.0,0.0,0.091,0.0,0.0,,0.77,0.04,0.009,0.009,14.198,30.292,24.17,,,,0.2,0.006,3571.0,819.0,6.5,,,,,,,,3043.0,72.3,0.257,0.223,0.0,0.048,0.097,0.014,,0.038,,,0.404,2.0,7.936,5.219,2.638,0.097,,,1.53,0.041,2.0,86.5,0.0,20.861,15.789,0.0,0.0,2.638,,,,,0.672,,,,,,,14.279,,,,0.672,14.279,0.097,,,,,,,1.7,,,
2276,"Margarine-like, vegetable oil spread, 60% fat, tub, with salt",margarine like vegetable oil spread 60 fat tub with salt,0,4,Fats and Oils,0,"USDA, 2018",0.0,21.0,16.0,30.0,0.0,19.066,,,21.98,6.92,0.0,0.0,0.0,37.58,0.0,0.0,0.1,0.016,0.23,,,2.0,,,,,,,,0.0,3.664,0.0,0.0,768.0,0.0,0.0,0.0,10.8,0.0,0.17,59.81,533.0,0.0,615.0,610.0,0.0,21.12,0.0,0.026,0.0,0.0,0.014,0.006,0.009,0.072,0.2,1.0,1.0,23.736,,,,,,,0.0,0.0,0.0,0.0,0.194,0.0,0.005,,0.86,0.0,0.007,3.75,12.086,19.348,26.477,,,,0.0,,3571.0,819.0,10.2,,,,,,,,2230.072,26.7,0.211,0.156,0.002,0.014,0.052,0.072,0.016,0.024,0.006,0.0,0.164,1.0,6.359,4.756,2.715,0.054,,,1.59,0.001,1.0,101.3,0.0,23.423,15.683,0.0,0.008,2.669,0.046,0.004,,,,,,,,,0.0,3.384,0.0,0.0,0.002,0.28,3.384,0.054,0.033,0.28,,,,,,,,
2282,"Margarine-like, vegetable oil spread, fat free, liquid, with salt",margarine like vegetable oil spread fat free liquid with salt,0,4,Fats and Oils,0,"USDA, 2018",0.008,38.0,30.0,50.0,0.14,0.737,,,,,,,,91.0,0.0,0.0,0.3,0.03,,,,4.0,,,,,,,,0.0,,0.0,0.0,768.0,0.0,0.0,0.0,0.11,0.0,1.5,3.0,43.0,0.0,833.0,610.0,0.0,5.0,0.0,0.04,0.0,0.0,0.003,0.0,0.001,0.001,0.001,2.0,1.0,1.742,,,,,,,0.0,0.0,0.0,0.0,0.0,0.0,0.0,,2.5,0.03,0.01,0.01,0.416,0.74,1.764,,,,0.0,,3571.0,819.0,12.4,,,,,,,,180.0,,,,,,,,,,,,0.005,2.0,0.343,0.06,0.001,0.002,,,2.0,,2.0,0.3,,,,,,,,,,,,,,,,,,,,,,,,,,,,,,,,,,
2288,"Margarine-like, vegetable oil spread, fat-free, tub",margarine like vegetable oil spread fat free tub,0,4,Fats and Oils,0,"USDA, 2018",0.0,8.0,2.0,36.0,0.07,0.178,,,,,,,,90.69,0.0,0.0,0.0,0.883,,,,1.0,,,,,,,,0.0,0.168,0.0,0.0,993.0,0.0,0.0,0.0,0.0,0.0,0.1,3.04,44.0,0.0,580.0,0.0,0.0,0.52,0.0,0.0,0.0,0.0,0.0,0.0,0.0,0.0,0.009,0.0,0.0,0.376,,,,,,,0.0,0.0,0.0,0.0,0.0,0.0,0.0,,4.34,0.08,1.011,0.001,2.128,0.356,0.422,,,,0.0,0.0,3307.0,993.0,8.3,,,,,,,,184.096,0.3,0.012,,,,,,,,,,0.028,0.0,0.953,1.126,0.046,0.0,,,1.83,0.271,0.0,0.1,,0.376,0.01,,,0.046,,,,,,2.0,1.0,1.0,,,,0.168,,,,,0.168,,,,,,,,,,,
49505,Marmalade,marmalade,0,19,Sweets,23,McCance and Widdowson's,0.03,26.0,6.0,35.0,0.1,,18.8,0.0,,,,,,28.0,69.5,,10.0,0.0,,,,3.0,7.0,7.0,15.0,0.0,27.6,0.0,8.0,0.0,0.0,,,0.0,,0.0,,0.0,,0.1,0.0,261.0,0.5,64.0,,,0.0,,0.0,,,,,,,,,0.0,,,,,,,0.0,,,,,,,,0.0,69.5,0.2,0.0,0.0,0.0,0.0,0.0,,,,1.0,0.01,,8.0,,,,,,,,,1114.0,,,,,,,,,,,,,,,,,,,,,0.0,5.0,,,,,,,,,,,,,,,,,,,,,,,,,,,,,,,,,,,
21735,"Marmalade, apricot",marmalade apricot,0,19,Sweets,9,"BEDCA, UGR",0.0001,20.0,11.0,77.0,0.06,,,,,,,,,95.3,,,8.8,,,,,4.0,,,,,,,,,,,,,,,,0.0,,0.3,,15.03,1.0,40.0,,,0.0,,0.02,,,,,,,,,0.0,,,,,,,,,,,,,,,,3.4,0.49,0.0,,,,,,,,0.04,0.04,,10.0,,,,,,,,,62.9,,,,,,,,,,,,,,,,,,,,,0.02,,,,,,,,,,,,,,,,,,,,,,,,,,,,,,,,,,,,
22936,"Marmalade, orange",marmalade orange,0,19,Sweets,11,"CIQUAL, ANSES",0.01,27.0,4.4,41.0,0.0,,,2.37,,,,,,38.9,58.8,,9.9,0.0,,,,4.0,0.0,0.0,,,,,,0.0,,,,0.0,,0.0,,0.0,,0.16,0.08,,1.0,3.0,0.0,,0.18,,0.01,,,0.0,0.0,0.0,0.0,0.0,,0.0,,,,,,,,,,0.0,,,0.0,,,61.2,0.05,2.22,0.041,0.0,0.0,0.0,,,,0.0,0.01,,,,,,,,,,,,,,,,,,,,,,,0.0,,0.0,0.0,,,,,0.31,0.033,12.2,0.8,,,,,,,,,,,,,,,,,,,,,,,,,,,0.16,,,,,,,
21736,"Marmalade, plum",marmalade plum,0,19,Sweets,9,"BEDCA, UGR",,39.0,28.0,344.0,,,,,,,,,,95.3,,,20.0,,,,,30.0,,,,,,,,,,,,,,,,0.0,,0.3,,15.03,1.0,10.0,,,,,0.02,,,,,,,,,0.0,,,,,,,,,,,,,,,,3.4,1.0,0.01,,,,,,,,,,,21.0,,,,,,,,,62.9,,,,,,,,,,,,,,,,,,,,,,,,,,,,,,,,,,,,,,,,,,,,,,,,,,,,,,,,,
435997,Mascarpone cream with strawberries and almond crumble,mascarpone cream with strawberries and almond crumble,0,,,19,My recipes,0.03310175904580535,77.6299864688784,98.49134258795226,111.86848501553573,0.6015961711937454,3.568090984263806,15.636420016036881,3.2364751428285055,0.03830685576826701,0.0022025659015736192,,,,52.032953292572905,18.354377568407333,106.23935050616416,10.881778089606092,0.24330272125889543,0.011592913701513479,,,9.232610003006915,53.813145234038274,4.9787010123283535,0.5876954495339279,0.0,0.5911408740102234,1.114112458654906,0.003927783902976846,0.0,0.6790743710534228,0.0,0.0,220.3679713340683,25.196702415555773,0.791533025959707,3.3877919214192636,0.4313796732484714,0.0,4.389708830309711,21.484328956600173,294.37750576325544,0.7143279542948782,31.868164277839025,104.02951789114962,3.8112659115966716,0.7400546256389695,16.16217299789516,0.15585847449133003,0.0,0.0,0.7103926531021347,0.4511902375463565,0.2540743710534228,0.4573343690488122,0.556860779793525,15.986143129197151,152.42958805252076,0.7933991931442316,0.05039340483111154,0.20559662223113154,0.15912035180916104,0.08585935150846946,0.04224153052019644,0.024204670742708222,0.0,0.0696927934248772,0.014297258694998495,0.0038112659115966713,0.029041796131101524,0.007033677458153752,0.012548862383482006,1.486882329357522,21.929500350806855,0.6729039290367844,0.046675478600781785,0.07260449032775382,12.165992658113659,5.590528214894256,1.2473582990879017,0.07474315926631249,0.08257742808459455,0.14302834018241953,6.479903778690988,0.06651673849854665,155.52082289265306,237.89315425478594,67.68173048010422,0.13773491530520193,0.06510912598977647,0.11550253082088802,0.0961285957702716,0.07220231532524807,0.07294339480805852,0.029007968327152446,1231.6754841134589,,0.019787385987771872,0.01433923022952791,0.14200786809662222,0.25934399117971324,0.24403315124787006,0.002867846045905582,0.0075204219705322225,0.03562443620326751,0.007633807757843038,0.0050892051718953585,1.7950818131702915,15.986143129197151,5.391303122181015,1.963526736493936,0.08947078280044099,0.2510881276936955,0.03970068657913199,0.12513656409742405,0.17163225418462458,0.5546174952390498,31.097273729578024,0.8771048411346095,,0.5148316127092311,4.427644206675352,0.0,0.002585947679663225,0.041678986669339474,0.003928410343790718,0.009250025057632554,0.02072140924125488,0.0,,0.281973539140022,0.22901423273529112,0.0,0.6352109852661119,0.38169038789215187,,0.007304926330560287,,,,0.003070186428786208,0.007304926330560287,,,,,0.020356820687581434,,,,0.0,0.003070186428786208,
10241,Massa cozida,massa cozida,0,20,Cereal Grains and Pasta,3,System groups,,7.5,43.0,29.5,0.3,,,16.0,,,,,,79.2,,,0.0,0.45,,,,8.0,,,,,,,,0.0,0.0,,,3.5,,0.05,,0.0,5.5,3.1,0.6,86.03028288,1.05,198.0,1000.0,,0.05,,0.02,,,,,,,,,8.0,,,,,,,0.00065,,,,,,,,,16.6,0.4,0.03,0.03,0.15,0.15,0.2,,,,,,,3.5,,,,,,,,,359.95070356992,,,,,,,,,,,,,,,,,,,,0.4,,,,,0.2,,,,,,,,,,,,,,,,,,,,,,,,,,,,,,,,
553,Massa miúda crua,massa mi da crua,0,20,Cereal Grains and Pasta,1,"TCA, INSA 2015",,25.0,159.0,161.0,1.0,,,67.8,,,,,,10.1,2.2,,0.0,2.5,,,,35.0,,,,,,,,0.0,0.0,,,0.0,,0.0,,0.0,19.0,12.4,1.8,354.157997856,5.1,5.0,0.0,,0.0,,0.04,,,,,,,,,0.0,,,,,,,0.0022,,,,,,,,,70.0,1.2,0.24,0.14,0.4,0.3,1.1,,,,,,,0.0,,,,,,,,,1481.797063029504,,,,,,,,,,,,,,,,,,,,0.6,,,,,1.0,,,,,,,,,,,,,,,,,,,,,,,,,,,,,,,,
49516,"Mayonnaise, reduced fat",mayonnaise reduced fat,0,6,"Soups, Sauces, and Gravies",23,McCance and Widdowson's,0.0,5.0,10.0,7.0,0.1,,2.5,3.6,,,,,,59.5,4.6,,0.0,0.0,,,,1.0,,14.0,1.0,0.0,1.1,1.4,0.0,0.0,0.01,,,,,0.0,,0.6,,1.0,28.1,288.0,0.0,,,,8.33,,0.21,,,,,,,,,21.7,,,,,,,0.0002,,,,,,,,0.0,8.2,0.34,0.0,0.19,2.12,17.11,7.49,,,,1.0,0.0,,,,,,,,,,,1188.0,,,,,,,,,,,,,,,,,,,,,0.32,18.0,,,,,,,,,,,,,,,,,,,,,,,,,,,,,,,,,,,
49517,"Mayonnaise, standard, retail",mayonnaise standard retail,0,6,"Soups, Sauces, and Gravies",23,McCance and Widdowson's,0.0,2.0,5.0,4.0,0.1,43.74,1.7,0.0,,,,,,19.3,2.4,,0.0,0.0,,,,0.0,330.0,7.0,0.4,0.0,0.3,0.7,0.0,,0.04,,,78.0,,0.0,,0.3,,1.1,74.8,686.0,0.0,131.0,0.0,,22.1,,0.1,,,0.0,0.0,0.0,0.0,0.02,,57.2,13.85,,,,,,0.0001,0.31,0.0,0.0,0.0,1.14,0.0,0.0,0.0,2.4,0.16,0.0,0.09,5.65,45.55,19.93,,,,0.0,0.0,,78.0,,,,,,,,,2824.0,,0.41,0.23,0.0,0.02,0.04,0.08,0.06,0.0,0.0,0.0,0.04,,3.45,1.29,6.03,0.21,,,,0.15,9.0,,,13.81,43.71,0.31,0.11,5.82,0.21,0.0,0.0,,,,,,,,,,,0.0,,,,,,,,0.0,,,,,,
731,Maçã com casca,ma com casca,0,9,Fruits and Fruit Juices,1,"TCA, INSA 2015",,6.0,8.0,139.0,0.0,,,0.0,,,,,,82.9,13.4,,7.0,0.1,,,,8.0,,,,,,,,0.0,0.0,,,4.0,,0.0,,0.0,5.0,0.2,0.5,56.875575904,2.1,6.0,26000.0,,0.59,,0.03,,,,,,,,,0.0,,,,,,,0.0001,,,,,,,,,13.4,0.2,0.02,0.04,0.1,0.0,0.2,,,,,,,4.0,,,,,,,,,237.967409582336,,,,,,,,,,,,,,,,,,,,0.32,,,,,0.1,,,,,,,,,,,,,,,,,,,,,,,,,,,,,,,,
732,Maçã sem casca,ma sem casca,0,9,Fruits and Fruit Juices,1,"TCA, INSA 2015",,5.0,6.0,116.0,0.0,,,0.0,,,,,,83.8,12.7,,5.0,0.1,,,,5.0,,,,,,,,0.0,0.0,,,4.0,,0.0,,0.0,5.0,0.2,0.5,54.007899808,1.9,6.0,25000.0,,0.27,,0.03,,,,,,,,,0.0,,,,,,,0.0001,,,,,,,,,12.7,0.2,0.02,0.04,0.1,0.0,0.2,,,,,,,4.0,,,,,,,,,225.969052796672,,,,,,,,,,,,,,,,,,,,0.32,,,,,0.1,,,,,,,,,,,,,,,,,,,,,,,,,,,,,,,,
49521,Meat spread,meat spread,0,7,Sausages and Luncheon Meats,23,McCance and Widdowson's,0.13,15.0,140.0,220.0,3.3,5.2,0.1,2.1,,,,,,64.6,0.2,,0.0,3.4,,,,14.0,1100.0,,0.0,0.0,0.1,4.0,0.0,0.0,0.2,,,0.0,,,,3.0,,15.7,13.4,192.0,2.2,580.0,,,0.49,,0.19,,,,,,0.0,0.0,,62.0,1.0,,,,,,0.0018,0.0,0.0,,0.0,0.1,,,0.0,2.3,4.7,0.07,0.13,5.5,5.8,1.2,,,,,0.09,,0.0,,,,,,,,,800.0,,0.0,0.0,0.0,0.1,0.2,0.0,,0.1,0.0,0.0,0.3,,3.1,1.9,0.1,0.5,,,,0.75,6.0,,,,,,,,,,,,,,,,,,,,,0.0,,,,,,,,,,0.0,,,,
211395,Meatballs with tomato sauce.,meatballs with tomato sauce,0,,,19,My recipes,0.08907841040462429,108.88901734104049,129.00289017341044,267.32658959537576,2.544421965317919,1.9587398843930637,0.3014450867052023,3.0606936416184967,,,,,,66.47485549132949,2.540606936416185,0.0,5.229768786127168,2.363959537572254,,7.734104046242775,2.7745664739884393,17.072832369942198,,0.07283236994219654,0.0,0.0023121387283236996,0.0,0.0,0.0,0.0,0.0,0.0,0.0,26.971098265895954,2.7745664739884393,0.18312138728323704,0.0,1.123699421965318,0.0,11.817167630057805,11.93627167630058,182.05521676300575,1.5915895953757226,380.6040462427746,235.22254335260115,0.0,1.8010982658959538,0.0,0.12864450867052024,0.0,0.0,0.0,0.0,0.0,0.009826589595375725,0.003815028901734104,3.121387283236994,53.049566473988435,0.15797687861271678,0.4286705202312139,1.4143352601156072,0.8396531791907514,0.5375722543352601,0.32011560693641616,0.09745664739884394,0.0,0.015260115606936415,0.0003468208092485549,0.0,0.016647398843930638,0.0010404624277456649,0.0055491329479768784,0.2023121387283237,6.260693641618498,3.2434104046242775,0.1542890173410405,0.20445086705202314,3.7796011560693636,6.128664739884393,0.7549942196531793,0.407514450867052,0.40404624277456647,0.7425433526011561,7.634393063583816,0.09716184971098267,7.630057803468208,44.101156069364166,28.092485549132952,0.3551445086705202,0.3873988439306359,0.5868208092485548,0.43421965317919076,0.32150289017341044,0.3468208092485549,0.08739884393063585,761.7190269364171,0.0,0.0041618497109826595,0.0,0.03953757225433526,0.02393063583815029,0.05549132947976879,,0.0,0.03364161849710983,0.0,0.0,0.1453179190751445,3.121387283236994,1.1102254335260116,0.616106936416185,0.021364161849710985,0.183121387283237,0.23445086705202314,0.8223121387283236,0.9983526011560694,0.421820809248555,13.315028901734106,2.735838150289018,,,,,,0.014219653179190753,0.0041618497109826595,,,,,,,,0.06936416184971099,,,,,,,,,,,,0.16751445086705205,,0.1394219653179191,,,,,
49522,"Meatballs, pork and beef, in tomato sauce, homemade",meatballs pork and beef in tomato sauce homemade,0,22,"Meals, Entrees, and Side Dishes",23,McCance and Widdowson's,0.08,41.0,108.0,285.0,1.5,,0.1,1.6,,,,,,76.0,2.8,,20.0,2.4,,,,17.0,115.0,8.0,1.4,,1.1,,0.1,,0.19,,,13.0,,0.4,,0.6,,10.0,7.2,123.0,0.9,60.0,,,0.99,,0.1,,,,,,,,,41.4,,,,,,,0.0019,,,,,,,,0.0,4.6,1.15,0.19,0.21,2.69,2.99,0.79,,,,5.0,0.12,,57.0,,,,,,,,,515.0,,,,,,,,,,,,,,,,,,,,,0.44,11.0,,,,,,,,,,,,,,,,,,,,,,,,,,,,,,,,,,,
822,Mel,mel,0,19,Sweets,1,"TCA, INSA 2015",,0.0,10.0,51.0,0.9,,,0.0,,,,,,18.5,78.0,,0.0,0.3,,,,2.0,,,,,,,,0.0,0.0,,,0.0,,0.0,,0.0,0.0,0.5,0.0,308.992099344,0.0,12.0,0.0,,0.0,,0.04,,,,,,,,,0.0,,,,,,,0.0,,,,,,,,,78.0,0.4,0.01,0.2,0.0,0.0,0.0,,,,,,,0.0,,,,,,,,,1292.822943655296,,,,,,,,,,,,,,,,,,,,0.16,,,,,0.0,,,,,,,,,,,,,,,,,,,,,,,,,,,,,,,,
1469,Mel de abelha,mel de abelha,0,19,Sweets,2,"TACO, NEPA",,10.2043333333333,3.88633333333333,99.3216666666667,0.17233333333333,,,,,,,,,15.8233333333333,,,0.73666666666667,,,,,5.51133333333333,,,,,,,,,,,,,,,,,,0.0,0.0,309.242666666667,,6.04,,,,,,,,,,,,,,,,,,,,,,,,,,,,,,84.0333333333333,0.25066666666667,0.10666666666667,,,,,,,,,0.383,,,,,,,,,,,1293.8713173333347,,,,,,,,,,,,,,,,,,,,0.14333333333333,,,,,,,,,,,,,,,,,,,,,,,,,,,,,,,,,,,,,
49525,"Melon, Canteloupe-type, flesh only",melon canteloupe type flesh only,0,9,Fruits and Fruit Juices,23,McCance and Widdowson's,0.0,20.0,13.0,210.0,0.1,,0.1,0.0,,,,,,92.1,4.2,0.0,26.0,0.6,,,,11.0,44.0,4.0,2.2,,1.8,,0.0,0.0,0.0,,,0.0,,0.0,0.0,0.0,,0.6,0.1,19.0,1.8,8.0,1755.0,19.0,0.1,0.0,0.02,,,,,,,,,0.0,,,,,,,0.0,,,,,,,,0.0,4.2,0.3,0.04,0.11,0.0,0.0,0.0,,,,0.0,0.0,,294.0,,,,,,,,,81.0,,,,,,,,,,,,,,,,,,,,,0.13,5.0,,,,,,,,,,,,,,,,,,,,,,,,,,,,,,,,,,,
49528,"Melon, flesh only, average",melon flesh only average,0,9,Fruits and Fruit Juices,23,McCance and Widdowson's,0.01,13.0,10.0,180.0,0.1,,1.6,0.0,,,,,,91.6,5.5,,16.0,0.5,,,,10.0,72.0,,2.2,0.0,1.7,,0.0,,0.0,,,0.0,,0.0,,0.0,,0.5,0.1,24.0,1.3,17.0,,,0.09,,0.01,,,,,,,,,0.0,,,,,,,0.0,,,,,,,,0.0,5.5,0.23,0.05,0.09,0.0,0.0,0.05,,,,0.0,0.01,,,,,,,,,,,100.0,,,,,,,,,,,,,,,,,,,,,0.18,7.0,,,,,,,,,,,,,,,,,,,,,,,,,,,,,,,,,,,
49536,"Melon, watermelon, flesh only",melon watermelon flesh only,0,9,Fruits and Fruit Juices,23,McCance and Widdowson's,0.03,7.0,9.0,100.0,0.2,,3.4,0.0,,,,,,92.3,7.1,0.0,8.0,0.1,,,,8.0,,0.0,2.3,,1.3,1.0,0.0,0.0,0.0,,,0.0,,0.0,0.0,0.0,,0.5,0.3,31.0,,2.0,116.0,0.0,0.1,4763.0,0.01,,,,,,,,,0.0,,,,,,,0.0,,,,,,,,0.0,7.1,0.3,0.05,0.14,0.1,0.1,0.1,,,,0.0,0.0,,19.0,,,,,,,,,133.0,,,,,,,,,,,,,,,,,,,,,0.21,2.0,0.3,,,,,,,,,,,,,,,,,,,,,,,,,,,,,,,,,,
49537,"Melon, watermelon, flesh only, weighed whole",melon watermelon flesh only weighed whole,0,9,Fruits and Fruit Juices,23,McCance and Widdowson's,0.02,4.0,5.0,57.0,0.1,,1.9,0.0,,,,,,52.6,4.0,0.0,5.0,0.1,,,,5.0,,0.0,1.3,,0.7,0.6,0.0,0.0,0.0,,,0.0,,0.0,0.0,0.0,,0.3,0.2,18.0,,1.0,66.0,0.0,0.06,2715.0,0.01,,,,,,,,,0.0,,,,,,,0.0,,,,,,,,0.0,4.0,0.2,0.03,0.08,0.0,0.1,0.1,,,,0.0,0.0,,11.0,,,,,,,,,77.0,,,,,,,,,,,,,,,,,,,,,0.12,1.0,0.17,,,,,,,,,,,,,,,,,,,,,,,,,,,,,,,,,,
3879,"Melons, cantaloupe, raw",melons cantaloupe raw,0,9,Fruits and Fruit Juices,0,"USDA, 2018",0.041,9.0,15.0,267.0,0.18,0.003,4.35,0.03,0.11,0.0,0.0,0.0,0.0,90.15,7.86,26.0,36.7,0.734,0.0,1.0,0.1,12.0,,,1.87,0.06,1.54,,0.04,0.0,0.0,0.0,0.0,0.0,0.0,0.0,1.0,0.0,0.0,0.84,0.19,34.0,0.9,16.0,2020.0,16.0,0.05,0.0,0.019,0.0,0.0,0.0,0.0,0.0,0.0,0.001,21.0,0.0,0.035,0.026,0.209,0.136,0.095,0.015,0.002,0.0,0.0,0.0,0.0,0.0,0.0,0.0,0.0,8.16,0.21,0.041,0.072,0.051,0.003,0.081,0.017,0.021,0.029,0.4,0.041,3382.0,169.0,7.6,0.042,0.019,0.029,0.033,0.014,0.023,0.002,141.0,0.0,,,,,,,,,,,0.001,21.0,0.043,0.005,0.046,0.0,0.012,0.03,0.65,0.105,21.0,2.5,0.0,,,,,,,,,,,,,,,10.0,,,,,,,,,,,,,,,,,,
741,Melão,mel o,1,9,Fruits and Fruit Juices,1,"TCA, INSA 2015",,10.0,12.0,227.0,0.2,,,0.0,,,,,,91.8,5.7,,30.0,0.4,,,,19.0,,,,,,,,0.0,0.0,,,167.0,,0.0,,0.0,3.0,0.6,0.3,26.764976896,0.9,12.0,1000000.0,,0.1,,0.02,,,,,,,,,0.0,,,,,,,0.0,,,,,,,,,5.7,0.3,0.02,0.09,0.1,0.1,0.1,,,,,,,167.0,,,,,,,,,111.984663332864,,,,,,,,,,,,,,,,,,,,0.68,,,,,0.1,,,,,,,,,,,,,,,,,,,,,,,,,,,,,,,,
209048,Melão,mel o,1,11,Vegetables and Vegetable Products,33,"TCA, INSA 2019",,10.0,12.0,230.0,0.2,,,0.0,,,,,,91.8,5.7,,30.0,0.4,,,,19.0,,,,,,,,0.0,0.0,,,,,0.0,,0.0,,0.6,0.3,30.0,0.9,12.0,1000.0,,0.1,,0.02,,,,,,,,,0.0,,,,,,,0.0,,,,,,,,,5.7,0.3,0.02,0.09,0.1,0.1,0.1,,,,,,,167.0,,,,,,,,,125.0,,,,,,,,,,,,,,,,,,,,0.68,,3.0,,,,,,,,,,,,,,,,,,,,,,,,,,,,,,,,,,,
18669,"Melón, pulpa, fresco",mel n pulpa fresco,0,9,Fruits and Fruit Juices,8,ULujan,,17.0,18.0,275.0,,,,,,,,,,92.7,,,14.8,0.3,,,,,,,,,,,,,,,,,,,,,,0.6,0.2,28.0,,17.0,,,,,0.031,,,,,,,,,,,,,,,,,,,,,,,,,5.9,0.52,0.042,,,,,,,,,,,,,,,,,,,,117.0,,,,,,,,,,,,,,,,,,,,0.6,,,,,,,,,,,,,,,,,,,,,,,,,,,,,,,,,,,,,
81934,"Mesclun or salads, mix of baby leaves",mesclun or salads mix of baby leaves,0,11,Vegetables and Vegetable Products,11,"CIQUAL, ANSES",,,,,,,,,,,,,,,0.0,,,,,,,,,,,,,,,0.0,,,,,,,,,,2.0,0.0,22.0,2.0,19.0,,,,,,,,,,,,,,,,,,,,,,,,,,,,,,2.5,,,,0.0,,,,,,,,,,,,,,,,,,92.5,,,,,,,,,,,,,,,,,,,,0.048,,,,,,,,,,,,,,,,,,,,,,,,,,,,,,2.0,,,,,,,
49545,"Milk shake, powder, made up with semi-skimmed milk",milk shake powder made up with semi skimmed milk,0,14,Beverages,23,McCance and Widdowson's,0.01,112.0,,156.0,0.4,,6.6,0.0,,,,,,83.2,11.2,,7.0,1.9,,,,,83.0,31.0,0.0,,0.0,,0.2,0.0,,,,,,0.5,,0.8,,3.3,1.7,70.0,0.0,41.0,,,0.05,,,,,,,,,,,5.5,,,,,,,0.0006,,,,,,,,4.4,11.2,,0.11,0.18,,,,,,,,0.01,,,,,,,,,,,297.0,,,,,,,,,,,,,,,,,,,,,,22.0,,,,,,,,,,,,,,,,,,,,,,,,,,,,,,,,,,,
49546,"Milk shake, powder, made up with skimmed milk",milk shake powder made up with skimmed milk,0,14,Beverages,23,McCance and Widdowson's,0.01,117.0,,161.0,0.5,,6.6,0.0,,,,,,84.5,11.3,,6.0,1.9,,,,,83.0,30.0,0.0,,0.0,,0.2,0.0,,,,,,0.5,,0.8,,3.3,0.3,59.0,0.0,43.0,,,0.01,,,,,,,,,,,3.4,,,,,,,0.0006,,,,,,,,4.4,11.3,,0.11,0.18,,,,,,,,0.01,,,,,,,,,,,250.0,,,,,,,,,,,,,,,,,,,,,,22.0,0.02,,,,,,,,,,,,,,,,,,,,,,,,,,,,,,,,,,
1653,"Milk, chocolate beverage, hot cocoa, homemade",milk chocolate beverage hot cocoa homemade,0,1,Dairy and Egg Products,0,"USDA, 2018",0.103,114.0,105.0,197.0,0.63,0.628,5.0,,0.0,0.0,0.0,0.0,0.0,82.45,9.66,0.0,0.2,0.133,0.0,3.1,0.9,23.0,,,0.01,0.01,0.01,,0.01,0.0,0.078,2.0,68.0,51.0,45.0,1.1,0.0,0.49,0.0,3.52,2.34,77.0,1.0,44.0,4.0,0.0,0.03,0.0,0.182,0.0,0.0,0.071,0.037,0.019,0.045,0.05,5.0,8.0,0.074,0.056,0.719,0.276,0.102,0.067,0.037,0.0,0.0,0.0,0.0,0.002,0.0,0.0,4.63,10.74,0.42,0.039,0.04,1.431,0.677,0.084,0.095,0.169,0.305,2.7,0.013,175.0,51.0,15.6,0.184,0.34,0.099,0.201,0.141,0.15,0.099,324.0,0.0,0.004,0.002,0.013,0.018,0.01,,,0.005,0.003,0.004,0.163,5.0,0.64,0.369,0.008,0.025,0.076,0.215,0.65,0.328,5.0,0.2,0.0,,,,,,,,,,,0.0,0.0,0.0,1.1,,,,,,,0.007,0.072,,,,,0.002,,,,,,
67388,"Milk, chocolate, fat free, with added vitamin A and vitamin D",milk chocolate fat free with added vitamin a and vitamin d,0,,,0,"USDA, 2018",0.075,127.0,101.0,182.0,0.41,0.0,,,,,,,,82.34,8.39,0.0,1.0,0.164,,,,13.0,,,,,,,,0.0,0.0,1.0,22.0,63.0,42.0,1.1,0.0,0.32,0.0,3.39,0.0,67.0,0.0,79.0,11.0,0.0,0.04,0.0,0.166,0.0,0.0,0.0,0.0,0.0,0.0,0.0,2.0,2.0,0.0,,,,,,,0.0,0.0,0.0,0.0,0.0,0.0,0.0,,13.46,0.27,0.045,0.024,0.0,0.0,0.0,,,,1.9,0.062,227.0,64.0,15.6,,,,,,,,282.0,,,,,,,,,,,,0.0,2.0,0.0,0.0,0.0,0.0,,,0.81,0.302,2.0,0.2,,,,,,,,,,,,,,,,,,,,,,,,,,,,,,,,,,
1635,"Milk, lowfat, fluid, 1% milkfat, with added nonfat milk solids, vitamin A and vitamin D",milk lowfat fluid 1 milkfat with added nonfat milk solids vitamin a and vitamin d,0,1,Dairy and Egg Products,0,"USDA, 2018",0.01,128.0,100.0,162.0,0.4,0.244,,,,,,,,89.81,,,1.0,0.09,,,,14.0,,,,,,,,0.0,,,,58.0,40.0,1.0,,0.38,0.0,3.48,0.97,43.0,0.0,52.0,,,,,0.173,,,0.031,0.019,0.011,0.024,0.027,5.0,4.0,0.022,0.074,0.729,0.264,0.12,0.094,0.049,0.0,0.0,0.0,0.0,0.0,0.0,0.0,,4.97,0.05,0.04,0.045,0.604,0.28,0.036,0.157,0.211,0.341,2.3,0.002,204.0,59.0,,0.189,0.337,0.126,0.233,0.168,0.168,0.032,178.0,,,,,,,,,,,,0.098,5.0,0.255,0.118,0.014,0.022,0.087,0.276,0.77,0.336,5.0,,,,,,,,,,,,,,,,,,,,,,,,,,,,,,,,,,,
1634,"Milk, lowfat, fluid, 1% milkfat, with added vitamin A and vitamin D",milk lowfat fluid 1 milkfat with added vitamin a and vitamin d,0,1,Dairy and Egg Products,0,"USDA, 2018",0.01,125.0,95.0,150.0,0.42,0.25,0.0,,0.0,0.0,0.0,0.0,0.0,89.92,5.2,0.0,0.0,0.093,0.0,2.6,0.6,11.0,,,0.0,0.0,0.0,,0.0,0.0,,0.0,0.0,58.0,48.0,1.2,0.0,0.47,0.0,3.37,0.97,42.0,0.0,44.0,2.0,0.0,0.01,0.0,0.185,0.0,0.0,0.024,0.018,0.013,0.027,0.029,5.0,5.0,0.03,0.067,0.756,0.288,0.114,0.101,0.043,0.0,0.0,0.0,0.0,0.0,0.0,0.0,5.2,4.99,0.03,0.02,0.037,0.633,0.277,0.035,0.143,0.174,0.319,3.3,0.003,196.0,58.0,17.7,0.203,0.332,0.096,0.22,0.17,0.174,0.02,177.0,0.0,0.002,,0.007,0.01,0.006,,,0.002,,0.002,0.091,5.0,0.287,0.126,0.004,0.017,0.088,0.282,0.75,0.361,5.0,0.1,0.0,0.027,0.213,,,0.004,,,,,0.003,0.0,0.0,0.0,1.2,,,0.037,,,,,,0.017,,,,,,,,,,
1633,"Milk, reduced fat, fluid, 2% milkfat, protein fortified, with added vitamin A and vitamin D",milk reduced fat fluid 2 milkfat protein fortified with added vitamin a and vitamin d,0,1,Dairy and Egg Products,0,"USDA, 2018",0.008,143.0,112.0,182.0,0.45,0.498,,,,,,,,87.71,5.26,0.0,1.1,0.101,,,,16.0,,,,,,,,0.0,,0.0,0.0,,40.0,1.0,0.0,0.43,0.0,3.95,1.98,56.0,0.0,59.0,3.0,0.0,0.04,0.0,0.194,,,0.064,0.038,0.022,0.05,0.056,6.0,8.0,0.045,0.084,0.827,0.3,0.136,0.107,0.056,0.0,0.0,0.0,0.0,0.0,0.0,0.0,,5.49,0.06,0.045,0.051,1.232,0.572,0.074,0.178,0.239,0.387,2.6,0.002,5.0,0.0,,0.215,0.383,0.143,0.264,0.191,0.191,0.037,232.0,,,,,,,,,,,,0.199,6.0,0.521,0.24,0.029,0.044,0.099,0.313,0.87,0.376,6.0,0.1,,,,,,,,,,,,,,,,,,,,,,,,,,,,,,,,,,
1632,"Milk, reduced fat, fluid, 2% milkfat, with added nonfat milk solids and vitamin A and vitamin D",milk reduced fat fluid 2 milkfat with added nonfat milk solids and vitamin a and vitamin d,0,1,Dairy and Egg Products,0,"USDA, 2018",0.008,128.0,100.0,162.0,0.4,0.483,,,,,,,,88.86,,,1.0,0.09,,,,14.0,,,,,,,,0.0,,,,55.0,40.0,1.0,,0.38,0.0,3.48,1.92,51.0,0.0,52.0,,,,,0.173,,,0.062,0.037,0.021,0.048,0.054,5.0,8.0,0.043,0.074,0.729,0.264,0.12,0.094,0.049,0.0,0.0,0.0,0.0,0.0,0.0,0.0,,4.97,0.05,0.04,0.045,1.195,0.555,0.071,0.157,0.211,0.341,2.3,0.002,204.0,56.0,,0.189,0.337,0.126,0.233,0.168,0.168,0.032,213.384,,,,,,,,,,,,0.193,5.0,0.505,0.233,0.028,0.043,0.087,0.276,0.77,0.336,5.0,,,,,,,,,,,,,,,,,,,,,,,,,,,,,,,,,,,
1694,"Milk, reduced fat, fluid, 2% milkfat, with added nonfat milk solids, without added vitamin A",milk reduced fat fluid 2 milkfat with added nonfat milk solids without added vitamin a,0,1,Dairy and Egg Products,0,"USDA, 2018",0.011,143.0,112.0,182.0,0.41,0.498,,,,,,,,87.71,,,1.1,0.101,,,,15.0,,,,,,,,,,,,16.0,,,,0.39,0.0,3.95,1.98,56.0,0.0,59.0,,,,,0.194,,,0.013,0.002,0.003,0.005,0.003,5.0,8.0,0.045,0.076,0.748,0.271,0.123,0.097,0.05,,0.0,,,,,,,5.49,0.06,0.045,0.046,1.232,0.065,0.009,0.161,0.216,0.35,2.6,0.002,75.0,17.0,,0.194,0.346,0.129,0.239,0.172,0.172,0.033,232.0,,,,,,,,,,,,0.024,5.0,0.073,0.026,0.003,0.009,0.09,0.283,0.87,0.339,5.0,,,,,,,,,,,,,,,,,,,,,,,,,,,,,,,,,,,
1631,"Milk, reduced fat, fluid, 2% milkfat, with added vitamin A and vitamin D",milk reduced fat fluid 2 milkfat with added vitamin a and vitamin d,0,1,Dairy and Egg Products,0,"USDA, 2018",0.006,120.0,92.0,140.0,0.48,0.508,0.01,,0.0,0.0,0.0,0.0,0.0,89.21,5.06,0.0,0.2,0.092,0.0,3.4,0.9,11.0,,,0.01,0.02,0.01,,0.01,0.0,0.085,0.0,0.0,55.0,49.0,1.2,0.0,0.53,0.0,3.3,1.98,50.0,0.0,47.0,4.0,0.0,0.03,0.0,0.185,0.0,0.0,0.077,0.04,0.02,0.049,0.055,5.0,8.0,0.062,0.065,0.742,0.283,0.112,0.1,0.042,0.0,0.0,0.0,0.0,0.002,0.0,0.0,5.01,4.8,0.02,0.039,0.038,1.257,0.56,0.073,0.141,0.171,0.313,2.5,0.014,190.0,55.0,16.4,0.199,0.326,0.094,0.216,0.167,0.171,0.02,210.0,0.0,0.004,0.002,0.015,0.02,0.011,,,0.005,0.003,0.004,0.175,5.0,0.558,0.243,0.008,0.027,0.087,0.276,0.71,0.356,5.0,0.2,0.0,0.055,0.43,,,0.008,,,,,0.007,0.0,0.0,0.0,1.2,,,0.078,,,,0.007,0.078,0.027,,,,0.002,0.0,,,,,
49561,"Milk, semi-skimmed, pasteurised, average",milk semi skimmed pasteurised average,0,1,Dairy and Egg Products,23,McCance and Widdowson's,0.0,120.0,94.0,156.0,0.4,,0.0,0.0,,,,,,89.4,4.7,,2.0,0.1,,,,11.0,87.0,30.0,0.0,0.0,0.0,3.0,0.0,0.0,0.07,,,19.0,,0.0,,0.9,,3.5,1.7,46.0,0.0,43.0,,,0.04,,0.24,,,0.06,0.04,0.02,0.05,0.07,,5.9,,,,,,,0.0006,,,0.0,,,0.0,0.0,4.7,4.7,0.02,0.03,0.06,1.07,0.4,0.0,,,,1.0,0.0,,20.0,,,,,,,,,195.0,,0.0,0.0,,0.02,0.01,0.0,,,,,0.18,,0.46,0.18,,,,,,0.68,9.0,,,0.03,0.34,0.0,0.0,0.01,0.0,0.0,0.0,,,0.0,0.0,0.0,,,,,,,,,,,,,,,,,,,,
49563,"Milk, semi-skimmed, pasteurised, winter and spring",milk semi skimmed pasteurised winter and spring,0,1,Dairy and Egg Products,23,McCance and Widdowson's,0.0,123.0,96.0,161.0,0.5,,0.0,0.0,,,,,,89.5,4.9,,2.0,0.1,,,,11.0,89.0,41.0,0.0,0.0,0.0,3.0,0.0,0.0,0.05,,,22.0,,0.0,,0.9,,3.4,1.7,47.0,0.0,43.0,,,0.03,,0.24,,,,,,,,,5.7,,,,,,,0.0007,,,,,,,,4.9,4.9,0.02,0.03,0.06,0.98,0.42,0.08,,,,1.0,0.0,,24.0,,,,,,,,,196.0,,,,,,,,,,,,,,,,,,,,,0.8,11.0,,,,,,,,,,,,,,,,,,,,,,,,,,,,,,,,,,,
49569,"Milk, skimmed, pasteurised, winter",milk skimmed pasteurised winter,0,1,Dairy and Egg Products,23,McCance and Widdowson's,0.0,124.0,99.0,163.0,0.5,,0.0,0.0,0.0,0.0,,,,90.7,4.2,0.0,1.0,0.1,0.0,,,11.0,84.0,31.0,0.0,0.0,0.0,3.5,0.0,0.0,,,,1.0,,0.0,,0.7,,3.5,0.2,32.0,0.0,42.0,0.0,0.0,0.0,0.0,0.22,,,,,,,,,4.1,,,,,,,0.0008,,,,,,,,4.2,4.2,0.01,0.03,0.06,0.1,0.06,0.0,,,,1.0,0.0,,1.0,,,,,,,,,134.0,,,,,,,,,,,,,,,,,,,,,0.33,14.0,,,,,,,,,,,,,,,,0.0,,,,,,,,,,,,,,,,,,,
49572,"Milk, soya, non-dairy alternative to milk, unsweetened, fortified",milk soya non dairy alternative to milk unsweetened fortified,0,1,Dairy and Egg Products,23,McCance and Widdowson's,0.09,120.0,48.0,74.0,0.3,,0.2,0.0,1.56,0.68,,,,93.0,0.2,67.0,0.0,0.1,0.03,,,15.0,3.0,1.0,0.0,0.0,0.0,1.0,0.0,0.0,0.0,,,0.0,,0.8,,0.4,,2.4,1.6,26.0,0.5,0.0,0.0,0.0,0.32,,0.2,,,0.0,0.0,0.0,0.0,0.0,,0.0,,,,,,,0.0007,,,0.0,,,0.0,0.0,0.0,0.5,0.43,0.06,0.03,0.24,0.33,1.1,,,,4.0,0.25,,0.0,,,,,,,,,108.0,,0.01,0.01,,0.0,0.0,0.0,,,,,0.0,,0.16,0.06,,,,,,0.0,14.0,1.71,,0.81,0.33,0.0,0.0,0.12,0.0,0.0,0.0,,,,,,,,,,,,,,,,,,,,,,,,,
1629,"Milk, whole, 3.25% milkfat, with added vitamin D",milk whole 3 25 milkfat with added vitamin d,0,1,Dairy and Egg Products,0,"USDA, 2018",0.025,113.0,84.0,132.0,0.37,0.812,0.0,,0.0,0.0,0.0,0.0,0.0,88.13,5.05,0.0,0.0,0.089,0.0,,0.6,10.0,,,0.0,0.0,0.0,,0.0,0.0,,0.0,0.0,45.0,51.0,1.3,0.0,0.45,0.0,3.15,3.25,61.0,0.0,43.0,7.0,0.0,0.07,0.0,0.169,0.0,0.0,0.075,0.075,0.075,0.075,0.077,5.0,10.0,0.12,0.062,0.708,0.27,0.107,0.095,0.04,0.0,0.0,0.0,0.0,0.0,0.0,0.0,5.05,4.8,0.03,0.046,0.036,1.865,0.812,0.195,0.134,0.163,0.299,3.7,0.004,162.0,46.0,14.3,0.19,0.311,0.09,0.206,0.159,0.163,0.019,254.0,0.0,0.0,0.0,0.0,0.0,0.0,0.0,,,,,0.297,5.0,0.829,0.365,0.075,0.0,0.083,0.264,0.67,0.373,5.0,0.3,0.0,,,,,,,,,,,,,,1.3,,,,,,,,,,,,,0.0,,,1.0,,,
1739,"Milk, whole, 3.25% milkfat, without added vitamin A and vitamin D",milk whole 3 25 milkfat without added vitamin a and vitamin d,0,1,Dairy and Egg Products,0,"USDA, 2018",0.025,113.0,84.0,132.0,0.37,0.812,0.0,,0.0,0.0,0.0,0.0,0.0,88.13,5.05,0.0,0.0,0.089,0.0,,0.6,10.0,,,0.0,0.0,0.0,,0.0,0.0,,0.0,0.0,45.0,2.0,0.1,0.0,0.45,0.0,3.15,3.27,61.0,0.0,43.0,7.0,0.0,0.07,0.0,0.169,0.0,0.0,0.075,0.075,0.075,0.075,0.077,5.0,10.0,0.12,0.062,0.708,0.27,0.107,0.095,0.04,0.0,0.0,0.0,0.0,0.0,0.0,0.0,5.05,4.78,0.03,0.046,0.036,1.865,0.812,0.195,0.134,0.163,0.299,3.7,0.004,162.0,46.0,14.3,0.19,0.311,0.09,0.206,0.159,0.163,0.019,256.0,0.0,0.0,0.0,0.0,0.0,0.0,0.0,,,,,0.297,5.0,0.829,0.365,0.075,0.0,0.083,0.264,0.67,0.373,5.0,0.3,0.0,,,,,,,,,,,,,,0.1,,,,,,,,,,,,,0.0,,,1.0,,,
49573,"Milk, whole, pasteurised, average",milk whole pasteurised average,0,1,Dairy and Egg Products,23,McCance and Widdowson's,0.0,120.0,96.0,157.0,0.5,,0.0,0.0,,,,,,87.6,4.6,,2.0,0.2,,,,11.0,89.0,31.0,0.0,0.0,0.0,2.5,0.0,0.0,0.13,,,36.0,,0.0,,0.9,,3.4,3.6,63.0,0.0,42.0,14.0,0.0,0.06,,0.23,,,0.13,0.08,0.05,0.1,0.14,,12.0,,,,,,,0.0006,,,0.0,,,0.0,0.0,4.6,4.6,0.02,0.03,0.06,2.29,0.96,0.09,,,,1.0,0.0,,38.0,,,,,,,,,265.0,,0.0,0.0,,0.04,0.02,0.0,,,,,0.38,,0.98,0.38,,,,,,0.58,8.0,0.6,,0.03,0.74,0.0,0.0,0.01,0.0,0.0,0.0,,,,,,,,,,,,,,,,,,,,,,,,,
49575,"Milk, whole, pasteurised, winter and spring",milk whole pasteurised winter and spring,0,1,Dairy and Egg Products,23,McCance and Widdowson's,0.0,116.0,98.0,154.0,0.5,,0.0,0.0,,,,,,87.5,5.0,,2.0,0.2,,,,11.0,88.0,41.0,0.0,,0.0,2.8,0.0,0.0,0.13,,,27.0,,0.0,,0.8,,3.3,3.6,64.0,0.0,40.0,,,0.05,,0.22,,,,,,,,,12.0,,,,,,,0.0007,,,,,,,,5.0,5.0,0.02,0.03,0.07,2.29,0.96,0.09,,,,1.0,0.0,,28.0,,,,,,,,,270.0,,,,,,,,,,,,,,,,,,,,,0.6,9.0,,,,,,,,,,,,,,,,,,,,,,,,,,,,,,,,,,,
49577,"Milkshake, thick, takeaway",milkshake thick takeaway,0,14,Beverages,23,McCance and Widdowson's,0.0,129.0,120.0,171.0,0.1,,1.4,0.3,,,,,,73.2,11.1,,1.0,0.1,,,,13.0,111.0,37.0,4.2,0.0,0.3,2.0,0.7,0.0,0.06,,,35.0,,0.0,,0.5,,3.7,1.8,88.0,0.0,57.0,,,0.1,,0.23,,,0.07,0.04,0.02,0.05,0.06,,10.9,,,,,,,0.0007,,,0.0,,,0.0,0.0,4.5,15.3,0.0,0.03,0.03,1.21,0.41,0.06,,,,2.0,0.0,,37.0,,,,,,,,,374.0,,0.0,0.0,,0.02,0.01,0.0,,,,,0.19,,0.52,0.18,,,,,,0.31,4.0,,,0.03,0.31,0.0,0.0,0.01,0.0,0.0,0.0,,,,,,,,,,,,,,,,,,,,,,,,,
81343,"Millet, cooked, unsalted",millet cooked unsalted,0,20,Cereal Grains and Pasta,11,"CIQUAL, ANSES",0.16,3.0,100.0,62.0,0.91,,,,,,,,,71.4,0.13,,0.0,1.33,,,,44.0,,,,,,,,0.0,,,,0.0,,0.0,,0.0,,3.51,1.0,116.0,1.3,2.0,2.0,,0.02,,0.082,,,0.0,0.0,0.0,0.0,0.001,,0.0,,,,,,,,,,0.0,,,0.0,,,22.4,0.63,0.11,0.11,0.17,0.18,0.51,,,,,0.27,,,,,,,,,,,492.0,,,,,,,,,,,,0.0,,0.13,0.037,,,,,0.41,0.17,19.0,0.3,,,,,,,,,,,,,,,,,,,,,,,,,,,0.0,,,,,,,
236947,"Mineral sparkling water (San Pellegrino), bottled, averagely mineralized",mineral sparkling water san pellegrino bottled averagely mineralized,0,14,Beverages,37,"Ciqual 2020, ANSES",0.0,20.8,0.0,0.3,,,,0.0,,,,,,99.9,0.0,,0.0,0.0,,,,5.1,7.4,0.0,,,,,,0.0,,,,0.0,,0.0,,0.0,,0.0,0.0,0.0,0.0,4.4,0.0,,0.0,,0.0,,,,,,,,,0.0,,,,,,,,,,,,,,,,0.0,0.0,0.0,0.0,0.0,0.0,0.0,,,,0.0,,,,,,,,,,,,0.0,,,,,,,,,,,,,,,,,,,,0.11,0.0,0.0,,,,,,,,,,,,,,,,,,,,,,,,,,,,,,,,,,,
23209,"Mineral sparkling water (Vichy Célestins), bottled, strongly mineralized",mineral sparkling water vichy c lestins bottled strongly mineralized,0,14,Beverages,11,"CIQUAL, ANSES",0.0,10.3,0.0,6.6,0.0008,,,0.0,,,,,,99.7,0.0,,0.0,0.0,,,,1.0,23.5,0.0,,,,,,0.0,,,,0.0,,0.0,,0.0,,0.0,0.0,0.0,0.0,117.0,0.0,,0.0,,0.0,,,,,,,,,0.0,,,,,,,,,,,,,,,,0.0,0.0,0.0,0.0,0.0,0.0,0.0,,,,0.0,0.0014,,,,,,,,,,,0.0,,,,,,,,,,,,,,,,,,,,0.32,0.0,0.0,,,,,,,,,,,,,,,,,,,,,,,,,,,,0.0,,,,,,,
49584,Mint sauce,mint sauce,0,6,"Soups, Sauces, and Gravies",23,McCance and Widdowson's,0.3,120.0,27.0,210.0,0.2,,11.8,0.0,,,,,,68.7,21.5,,0.0,0.0,,,,46.0,780.0,0.0,4.8,0.0,4.9,0.0,0.0,0.0,0.0,,,0.0,,0.0,,0.0,,1.6,0.0,101.0,,480.0,,,0.0,,0.0,,,,,,,,,0.0,,,,,,,0.0003,,,,,,,,0.0,21.5,7.4,0.0,0.0,0.0,0.0,0.0,,,,0.0,0.86,,0.0,,,,,,,,,432.0,,,,,,,,,,,,,,,,,,,,,0.0,0.0,,,,,,,,,,,,,,,,,,,,,,,,,,,,,,,,,,,
49587,"Mint, fresh",mint fresh,1,2,Spices and Herbs,23,McCance and Widdowson's,,210.0,75.0,260.0,,,,,,,,,,86.4,,,31.0,1.1,,,,,34.0,,,0.0,,,0.0,0.0,0.0,,,0.0,,0.0,,0.0,,3.8,0.7,43.0,,15.0,,,5.0,,0.33,,,,,,,,,0.0,,,,,,,,,,,,,,,0.0,5.3,9.5,0.12,,,,,,,,,1.4,,123.0,,,,,,,,,181.0,,,,,,,,,,,,,,,,,,,,,,110.0,,,,,,,,,,,,,,,,,,,,,,,,,,,,,,,,,,,
49588,Mixed curry spices,mixed curry spices,0,2,Spices and Herbs,23,McCance and Widdowson's,1.09,490.0,319.0,1878.0,4.1,,,,,,,,,10.1,,,1.0,6.9,,,,234.0,,,,,,,0.0,,0.0,,,0.0,,0.0,,0.0,,13.2,13.3,,,1154.0,,,,,0.69,,,,,,,,,0.0,,,,,,,,,,,,,,,0.0,,32.33,0.3,,,,,,,,,3.5,,1991.0,,,,,,,,,,,,,,,,,,,,,,,,,,,,,,,33.0,,,,,,,,,,,,,,,,,,,,,,,,,,,,,,,,,,,
49589,"Mixed herbs, dried",mixed herbs dried,0,2,Spices and Herbs,23,McCance and Widdowson's,0.73,1653.0,235.0,1873.0,4.6,,,,,,,,,8.1,,,43.0,5.0,,,,280.0,,,,0.0,,,0.0,0.0,0.0,,,0.0,,0.0,,,,12.1,8.5,261.0,,81.0,,,,,0.34,,,,,,,,,0.0,,,,,,,,,,,,,,,0.0,36.3,68.97,,,,,,,,,,9.84,,1350.0,,,,,,,,,1092.0,,,,,,,,,,,,,,,,,,,,,,,,,,,,,,,,,,,,,,,,,,,,,,,,,,,,,,,,,
943,Molho de tomate,molho de tomate,1,6,"Soups, Sauces, and Gravies",1,"TCA, INSA 2015",,26.0,30.0,354.0,0.2,,,0.0,,,,,,81.8,4.5,,18.0,0.8,,,,18.0,,,,,,,,0.0,0.0,,,80.0,,0.0,,0.0,19.0,1.1,8.8,102.041474416,2.0,214.0,446000.0,,2.4,,0.04,,,,,,,,,0.0,,,,,,,0.0002,,,,,,,,,4.9,1.0,0.09,0.18,1.9,5.6,1.3,,,,,,,80.0,,,,,,,,,426.941528956544,,,,,,,,,,,,,,,,,,,,1.4,,,,,1.1,,,,,,,,,,,,,,,,,,,,,,,,,,,,,,,,
209132,Molho de tomate,molho de tomate,1,6,"Soups, Sauces, and Gravies",33,"TCA, INSA 2019",,26.0,30.0,350.0,0.2,,,0.0,,,,,,81.8,4.5,,18.0,0.8,,,,18.0,,,,,,,,0.0,0.0,,,,,0.0,,0.0,,1.1,8.8,107.0,2.0,210.0,446.0,,2.4,,0.04,,,,,,,,,0.0,,,,,,,0.2,,,,,,,,,4.9,1.0,0.09,0.18,1.9,5.6,1.3,,,,,,,80.0,,,,,,,,,444.0,,,,,,,,,,,,,,,,,,,,1.4,,19.0,,,,,,,,,,,,,,,,,,,,,,,,,,,,,,,,,,,
6186,"Mollusks, squid, mixed species, cooked, fried",mollusks squid mixed species cooked fried,0,15,Finfish and Shellfish Products,0,"USDA, 2018",2.114,39.0,251.0,279.0,1.74,2.675,,,,,,,,64.54,,,4.2,2.602,,,,38.0,,,,,,,,,,,,11.0,,,,1.23,9.0,17.94,7.48,175.0,0.0,306.0,,,,,0.458,,,,,,,,20.0,260.0,1.468,1.108,2.588,1.699,1.068,0.348,0.202,0.008,0.01,0.38,0.007,0.049,0.162,0.004,,7.79,1.01,0.056,0.058,1.878,2.749,2.136,0.763,0.78,1.267,51.8,0.07,35.0,11.0,,0.812,0.783,1.29,0.786,0.576,0.656,0.242,732.2,,,,,,,,,,,,0.064,5.0,1.131,0.689,0.1,0.009,0.403,1.31,1.59,0.51,14.0,,,,,,,,,,,,,,,,,,,,,,,,,,,,,,,,,,,
743,Morango,morango,1,9,Fruits and Fruit Juices,1,"TCA, INSA 2015",,25.0,26.0,138.0,0.1,,,0.0,,,,,,90.1,5.3,,47.0,0.6,,,,10.0,,,,,,,,0.0,0.0,,,4.0,,0.0,,0.0,47.0,0.6,0.4,28.67676096,2.0,2.0,26000.0,,0.2,,0.06,,,,,,,,,0.0,,,,,,,0.0002,,,,,,,,,5.3,0.8,0.03,0.05,0.0,0.1,0.2,,,,,,,4.0,,,,,,,,,119.98356785664,,,,,,,,,,,,,,,,,,,,0.58,,,,,0.1,,,,,,,,,,,,,,,,,,,,,,,,,,,,,,,,
37331,Morango,morango,1,9,Fruits and Fruit Juices,20,"TCNA, IBGE",0.05,16.0,24.0,153.0,0.14,,,,,,,,,,4.9,,58.8,0.39,,,,13.0,,,,,,,,,,,,,,,,,,0.67,0.3,32.0,2.0,1.0,,,0.28,,0.02,,,,,,,,,,0.09,,,,,,,,,,,,,,,7.68,0.41,0.02,0.05,0.02,0.04,0.16,,,,0.4,0.39,,0.58,,,,,,,,,133.888,,,,,,,,,,,,,,,,0.07,,,,,,24.0,,,,,,,,,,,,,,,,,,,,,,,,,,,,,,,,,,,
208320,Morango,morango,1,9,Fruits and Fruit Juices,33,"TCA, INSA 2019",,25.0,26.0,140.0,0.1,,,0.0,,,,,,90.1,5.3,,47.0,0.6,,,,10.0,,,,,,,,0.0,0.0,,,,,0.0,,0.0,,0.6,0.4,34.0,2.0,2.0,26.0,,0.2,,0.06,,,,,,,,,0.0,,,,,,,0.2,,,,,,,,,5.3,0.8,0.03,0.05,0.0,0.1,0.2,,,,,,,4.0,,,,,,,,,142.0,,,,,,,,,,,,,,,,,,,,0.58,,47.0,,,,,,,,,,,,,,,,,,,,,,,,,,,,,,,,,,,
3194,"Mortadella, beef, pork",mortadella beef pork,0,7,Sausages and Luncheon Meats,0,"USDA, 2018",0.06,18.0,97.0,163.0,2.1,10.24,,,,,,,,52.3,0.0,0.0,0.0,2.673,,,3.1,11.0,,,,,,,,0.0,,0.0,0.0,0.0,41.0,1.0,0.0,1.48,0.0,16.37,25.39,311.0,0.0,1246.0,0.0,0.0,0.22,0.0,0.153,0.0,0.0,0.0,0.0,0.0,0.12,0.07,3.0,56.0,2.91,1.318,2.619,1.58,1.149,0.52,0.152,0.0,0.0,0.0,0.0,0.0,0.0,0.0,,3.05,1.4,0.119,0.13,9.51,11.38,3.12,0.633,0.708,1.213,22.6,0.03,0.0,0.0,72.2,0.664,1.099,1.025,0.735,0.53,0.598,0.204,1301.224,,,,,,,,,,,,0.51,3.0,5.43,3.23,0.22,1.14,0.394,1.262,2.89,0.44,3.0,1.6,,,,,,,,,,,,,,,,0.0,,,,,,,,,,,,,,,,,,
162892,Morton Fine Sea Salt,morton fine sea salt,0,2,Spices and Herbs,5,My foods,,,,,,,,,,,,,,,,,,,,,,,,,,,,,,,,,,,,,,,,0.0,0.0,0.0,,40000.0,,,,,,,,,,,,,,,,,,,,,,,,,,,,,,0.0,,,,,,,,,,,,,,,,,,,,,,0.0,,,,,,,,,,,,,,,,,,,,,,,,,,,,,,,,,,,,,,,,,,,,,,,,,,,,,,,,,
49599,"Mousse, chocolate, low fat",mousse chocolate low fat,0,18,Baked Products,23,McCance and Widdowson's,0.12,126.0,133.0,301.0,0.8,,3.8,2.2,0.35,0.0,,,,69.0,15.8,,0.0,0.2,0.0,,,33.0,191.0,66.0,6.3,0.0,0.0,2.1,0.0,0.0,0.0,,,,,0.0,,0.0,,5.5,3.7,123.0,,69.0,0.0,0.0,0.79,,0.26,,,0.01,0.03,0.03,0.03,0.15,,0.7,,,,,,,0.0008,,,0.0,,,0.0,0.0,5.7,18.0,1.21,0.12,0.01,2.54,0.87,0.09,,,,2.0,0.05,,,,,,,,,,,518.0,,0.04,0.0,,0.01,0.03,0.0,,,,,0.11,,0.99,1.11,,,,,,0.74,0.0,,,0.08,0.84,0.0,0.0,0.01,0.0,0.0,0.0,,,0.4,0.1,0.3,,,,,,,,,,,,,,,,,,,,
49600,"Mousse, fruit",mousse fruit,0,18,Baked Products,23,McCance and Widdowson's,0.0,120.0,96.0,150.0,0.4,,7.6,0.0,,,,,,71.7,18.0,,0.0,0.2,,,,12.0,110.0,,2.9,0.4,3.1,,0.3,0.0,0.71,,,36.0,,0.1,,0.2,,4.5,6.4,143.0,,62.0,,,0.39,,0.23,,,,,,,,,,,,,,,,0.0011,,,,,,,,3.7,18.0,0.0,0.04,0.05,4.11,1.83,0.1,,,,,0.0,,39.0,,,,,,,,,601.0,,,,,,,,,,,,,,,,,,,,,,6.0,,,,,,,,,,,,,,,,,,,,,,,,,,,,,,,,,,,
183532,Mozzarella,mozzarella,0,1,Dairy and Egg Products,5,My foods,0.011,731.0,354.0,95.0,2.92,3.48,,0.0,,,,,,62.0,1.2,,0.0,0.1,,,,26.0,990.0,37.2,,,,,,0.0,,,,174.0,,0.4,,2.28,,28.0,17.0,280.0,0.0,16.0,57.0,,0.19,,0.28,,,0.61,0.35,0.22,0.52,0.62,,54.0,0.34,,,,,,,,,0.0,,,0.0,,,3.1,0.3,0.03,0.037,11.0,4.84,0.65,,,,16.3,0.03,,,,,,,,,,,1171.52,,,,,,,,,,,,2.01,,5.16,1.79,0.067,,,,2.49,0.14,7.0,2.3,,,,,,,,,,,,,,,,,,,,,,,,,,,0.0,,,,,,,
49601,"Muesli, Swiss style, no added sugar or salt, unfortified",muesli swiss style no added sugar or salt unfortified,0,8,Breakfast Cereals,23,McCance and Widdowson's,0.41,78.0,303.0,539.0,1.5,,0.0,57.7,,,,,,9.2,13.0,,0.0,6.9,,,,87.0,188.0,19.0,5.2,,4.6,6.0,0.0,0.0,0.03,,,0.0,,0.0,,0.0,,9.8,5.9,357.0,8.5,66.0,,,0.52,,0.37,,,,,,,,,1.6,,,,,,,0.0023,,,,,,,,3.2,70.7,2.67,0.17,0.53,1.19,2.76,1.57,,,,5.0,1.99,,0.0,,,,,,,,,1516.0,,,,,,,,,,,,,,,,,,,,,0.6,45.0,,,,,,,,,,,,,,,,,,,,,,,,,,,,,,,,,,,
82571,"Muesli, crunchy, with chocolate (not fortified with vitamins and chemical elements)",muesli crunchy with chocolate not fortified with vitamins and chemical elements,0,8,Breakfast Cereals,11,"CIQUAL, ANSES",0.37,31.0,250.0,340.0,1.5,6.86,,34.1,,,,,,2.4,22.7,,0.0,2.27,,,,106.0,376.0,0.0,,,,,,0.0,,,,0.0,,0.0,,,,8.57,16.7,442.0,7.42,142.0,5.15,,2.42,,0.08,,,0.0,0.01,0.15,0.09,0.68,,2.41,1.34,,,,,,,,0.0,0.0,,,0.0,,,63.2,2.6,0.44,0.11,7.74,6.86,1.38,,,,0.0,1.8,,,,,,,,,,,1850.0,,,,,,,,,,,,0.3,,2.92,1.84,0.043,,,,1.73,0.58,31.4,0.0,,,,,,,,,,,,,,,,,,,,,,,,,,,0.0,,,,,,,
27967,"Muesli, no added sugar (Premium)",muesli no added sugar premium,0,8,Breakfast Cereals,15,"IFCD, UCC",0.36,47.0,295.0,530.0,2.1,,,43.3,,,,,,7.6,12.9,,0.0,4.6,,,,108.0,,,,,,,,,,,,0.0,,0.0,,0.0,,10.5,10.7,363.0,,100.0,,,2.4,,0.4,,,,,,,,,0.0,,,,,,,,,,,,,,,,56.2,3.4,0.57,0.33,2.8,3.5,2.4,,,,0.0,2.6,,,,,,,,,,,1518.79,,,,,,,,,,,,,,,,,,,,,0.0,47.0,,,,,,,,,,,,,,,,,,,,,,,,,,,,,,,,,,,
49605,"Muffins, American, not chocolate, retail",muffins american not chocolate retail,0,18,Baked Products,23,McCance and Widdowson's,0.12,64.0,190.0,114.0,0.6,9.79,24.3,19.8,2.25,0.0,,,,24.6,27.7,,0.0,0.7,0.0,,,10.0,200.0,,0.7,0.0,1.0,2.2,0.9,0.0,0.24,,,25.0,,0.0,2.0,0.2,,5.0,19.5,375.0,1.8,250.0,6.0,0.0,2.4,,0.1,,,,,0.03,0.02,0.2,,46.4,4.02,,,,,,0.0008,0.08,,,,0.28,,,0.9,47.8,1.09,0.03,0.01,2.4,10.3,5.71,,,,5.0,0.4,,26.0,,,,,,,,,1571.0,,0.1,0.07,,,,0.02,,,,,0.1,,1.3,0.56,1.69,0.07,,,,0.48,9.0,,,4.02,9.56,0.08,0.02,1.69,,,,,,63.8,42.7,0.0,,124.8,,,,,,,,,,,,,,,,,,
49608,"Muffins, English style, white, toasted",muffins english style white toasted,0,18,Baked Products,23,McCance and Widdowson's,0.13,141.0,102.0,142.0,0.9,,0.0,47.3,,,,,,31.9,3.8,,0.0,2.3,,,,23.0,760.0,,0.8,,0.5,8.0,2.4,0.0,0.02,,,74.0,,0.0,,0.0,,11.3,2.7,261.0,3.0,493.0,,,0.1,,0.18,,,,,,,,,0.0,,,,,,,0.0024,,,,,,,,0.0,51.0,1.49,0.27,0.14,0.43,0.53,0.71,,,,7.0,0.5,,74.0,,,,,,,,,1108.0,,,,,,,,,,,,,,,,,,,,,0.57,47.0,,,,,,,,,,,,,,,,,,,,,,,,,,,,,,,,,,,
7283,"Muffins, English, raisin-cinnamon, toasted (includes apple-cinnamon)",muffins english raisin cinnamon toasted includes apple cinnamon,0,,,0,"USDA, 2018",0.175,139.0,108.0,194.0,1.0,1.065,,36.05,,,,,,32.07,13.34,28.0,1.4,4.285,,,,28.0,,,,,,,,0.0,0.0,0.0,0.0,0.0,0.0,0.0,0.0,0.0,66.0,8.87,2.21,276.0,3.0,342.0,0.0,0.0,0.36,0.0,0.245,0.0,0.0,0.0,0.0,0.0,0.0,0.0,131.0,0.0,0.424,0.328,2.08,0.535,0.369,0.187,0.102,0.0,0.0,0.0,0.0,0.0,0.0,0.0,,55.04,4.9,0.518,0.062,0.579,1.065,0.469,0.305,0.362,0.587,24.3,0.72,1.0,0.0,14.5,0.377,0.686,0.415,0.412,0.217,0.39,0.164,1153.0,0.7,0.0,0.0,0.0,0.0,0.0,0.0,0.0,0.0,0.0,0.0,0.008,20.0,0.32,0.251,0.046,0.0,0.138,0.393,1.81,0.284,86.0,2.5,,,1.065,,0.0,0.046,0.0,,,,,,,,,2.0,,0.0,,,,,0.0,,,,,0.0,0.0,,,,,
49606,"Muffins, bran, homemade",muffins bran homemade,0,18,Baked Products,23,McCance and Widdowson's,0.27,102.0,356.0,378.0,1.6,,12.7,27.2,,,,,,30.6,17.3,,1.0,5.3,,,,88.0,169.0,19.0,1.3,,1.3,9.9,0.0,,0.17,,,66.0,,0.4,,0.6,,8.2,7.0,263.0,9.2,351.0,,,0.6,,0.19,,,,,,,,,46.7,,,,,,,0.0023,,,,,,,,1.8,44.5,2.46,0.21,0.23,3.5,1.72,0.9,,,,6.0,1.35,,72.0,,,,,,,,,1111.0,,,,,,,,,,,,,,,,,,,,,0.76,14.0,2.6,,,,,,,,,,,,,,,,,,,,,,,,,,,,,,,,,,
22049,"Munster cheese, from cow's milk",munster cheese from cow s milk,0,1,Dairy and Egg Products,11,"CIQUAL, ANSES",0.031,717.0,468.0,134.0,2.81,4.88,,,,,,,,49.4,0.0,,0.0,0.1,,,,27.0,,30.4,,,,,,0.0,,,,297.0,,0.6,,1.47,,21.2,29.0,344.0,0.0,670.0,13.0,,0.26,,0.32,,,1.04,0.24,0.28,0.59,0.37,,96.0,0.55,,,,,,,,,0.0,,,0.0,,,0.0,0.41,0.013,0.056,18.8,8.54,0.82,,,,4.32,0.008,,,,,,,,,,,1420.0,,,,,,,,,,,,3.07,,9.22,3.57,0.18,,,,3.43,0.19,12.0,2.5,,,,,,,,,,,,,,,,,,,,,,,,,,,0.0,,,,,,,
22392,"Mushroom, all types, raw",mushroom all types raw,0,11,Vegetables and Vegetable Products,11,"CIQUAL, ANSES",0.32,7.78,85.6,341.0,0.65,0.003,,0.0,,,,,,92.6,1.43,,3.4,4.55,,,,10.9,,1.0,,,,,,0.0,,,,0.0,,0.2,,0.0,,2.34,0.23,21.6,1.72,4.76,0.0,,0.01,,0.42,,,0.0,0.0,0.0,0.0,0.0,,0.0,0.023,,,,,,,,0.0,0.0,,,0.0,,,1.88,0.69,0.084,0.082,0.055,0.003,0.12,,,,0.0,0.061,,,,,,,,,,,90.8,,,,,,,,,,,,0.00088,,0.048,0.0066,0.099,,,,0.65,1.75,29.0,0.0,,,,,,,,,,,,,,,,,,,,,,,,,,,0.45,,,,,,,
4608,"Mushrooms, brown, italian, or crimini, raw",mushrooms brown italian or crimini raw,0,11,Vegetables and Vegetable Products,0,"USDA, 2018",0.5,18.0,120.0,448.0,1.1,0.002,,,0.0,0.0,0.0,0.0,0.0,92.12,1.72,0.0,0.0,3.8,0.0,,11.1,9.0,,,,,,,,,0.0,,,0.0,3.0,0.1,0.0,0.1,0.0,2.5,0.1,22.0,0.6,6.0,0.0,0.0,0.01,0.0,0.49,,,0.0,0.0,0.0,0.0,0.001,25.0,0.0,0.04,0.111,0.428,0.228,0.187,0.067,0.056,0.0,0.0,0.0,0.0,0.0,0.0,0.0,,4.3,0.4,0.095,0.11,0.014,0.002,0.042,0.113,0.099,0.153,26.0,0.142,0.0,0.0,22.1,0.113,0.176,0.123,0.115,0.054,0.097,0.006,94.0,0.0,,,,,,,,,,,0.001,25.0,0.007,0.002,0.0,0.0,0.048,0.252,0.98,1.5,25.0,0.0,0.01,,,,,,,,,0.1,,0.0,2.0,0.0,0.0,,,,,,,,,,,,,,,,0.0,,,
28277,"Mushrooms, fried in olive oil",mushrooms fried in olive oil,0,22,"Meals, Entrees, and Side Dishes",15,"IFCD, UCC",1.26,11.0,140.0,562.0,0.7,,,0.4,,,,,,162.5,0.4,,1.2,5.62,,,,16.0,,,,,,,,,,,,0.0,,0.0,,0.0,,3.2,10.5,110.0,,9.0,,,0.7,,0.54,,,,,,,,,0.0,,,,,,,,,,,,,,,,0.8,1.09,0.13,0.24,1.6,7.0,1.3,,,,16.0,0.18,,,,,,,,,,,460.24,,,,,,,,,,,,,,,,,,,,,3.51,35.0,,,,,,,,,,,,,,,,,,,,,,,,,,,,,,,,,,,
49624,"Mushrooms, oyster, raw",mushrooms oyster raw,0,11,Vegetables and Vegetable Products,23,McCance and Widdowson's,0.0,29.0,120.0,230.0,0.0,,0.0,0.0,,,,,,90.1,0.0,,0.0,,,,,29.0,,,0.0,0.0,0.0,,0.0,,,,,0.0,,0.0,,0.0,,1.6,0.2,8.0,,77.0,0.0,0.0,,,0.43,,,,,,,,,0.0,,,,,,,0.0002,,,,,,,,0.0,0.0,1.9,,,0.0,0.0,0.1,,,,3.0,3.6,,0.0,,,,,,,,,35.0,,,,,,,,,,,,,,,,,,,,,,,,,,,,,,,,,,,,,,,,,,,,,,,,,,,,,,,,,
4587,"Mushrooms, portabella, grilled",mushrooms portabella grilled,0,11,Vegetables and Vegetable Products,0,"USDA, 2018",0.389,3.0,135.0,437.0,0.65,0.007,0.0,0.43,0.0,0.0,0.0,0.0,0.0,90.66,2.26,0.0,0.0,6.255,0.0,,11.5,13.0,,,0.0,0.0,2.26,,0.0,0.0,0.0,0.0,0.0,0.0,14.0,0.3,0.0,0.0,0.0,3.28,0.58,29.0,2.2,11.0,0.0,0.0,0.0,0.0,0.403,,,0.0,0.0,0.0,0.001,0.0,19.0,0.0,0.232,0.11,0.47,0.26,0.185,0.065,0.045,0.0,0.0,0.0,0.0,0.0,0.0,0.0,0.0,4.44,0.4,0.072,0.122,0.064,0.009,0.232,0.125,0.09,0.15,21.9,0.067,0.0,0.0,32.8,0.12,0.115,0.12,0.41,0.07,0.1,0.02,121.336,7.0,0.002,0.001,0.001,0.002,0.001,0.001,0.0,0.0,0.0,0.0,0.001,19.0,0.042,0.013,0.0,0.002,0.035,0.11,1.05,1.262,19.0,0.0,0.03,0.232,0.007,0.0,0.0,0.0,0.0,0.0,,0.3,,,,,0.0,,0.0,0.0,0.0,0.0,0.0,0.0,0.0,0.002,0.0,0.0,,,,0.0,0.3,,,
49625,"Mushrooms, shiitake, cooked",mushrooms shiitake cooked,0,11,Vegetables and Vegetable Products,23,McCance and Widdowson's,,3.0,29.0,120.0,,,,,,,,,,83.5,,,0.0,1.5,,,,14.0,,,,0.0,,,0.0,,,,,0.0,,0.0,,0.0,,1.6,0.2,55.0,,4.0,0.0,0.0,,,0.17,,,,,,,,,0.0,,,,,,,0.0001,,,,,,,,0.0,12.3,0.4,0.04,,0.1,0.1,0.0,,,,,,,0.0,,,,,,,,,232.0,,,,,,,,,,,,,,,,,,,,,,,,,,,,,,,,,,,,,,,,,,,,,,,,,,,,,,,,,
4604,"Mushrooms, white, cooked, boiled, drained, without salt",mushrooms white cooked boiled drained without salt,0,11,Vegetables and Vegetable Products,0,"USDA, 2018",0.504,6.0,87.0,356.0,0.87,0.007,,,,,,,,91.08,2.34,0.0,4.0,4.46,,,,12.0,,,,,,,,0.0,0.0,0.0,0.0,0.0,8.0,0.2,0.0,0.0,0.0,2.17,0.47,28.0,2.2,2.0,0.0,0.0,0.01,0.0,0.3,0.0,0.0,0.0,0.0,0.0,0.001,0.005,18.0,0.0,0.179,0.064,0.24,0.137,0.14,0.04,0.024,0.0,0.0,0.0,0.0,0.0,0.0,0.0,,5.29,1.74,0.073,0.095,0.061,0.008,0.183,0.075,0.053,0.084,11.9,0.115,0.0,0.0,20.4,0.066,0.053,0.055,0.163,0.031,0.06,0.009,117.152,,,,,,,,,,,,0.002,18.0,0.03,0.01,0.001,0.0,0.022,0.075,0.99,2.16,18.0,0.0,,,,,,,,,,0.2,,,,,0.0,,,,,,,,,,,,,,,,,,,
49628,"Mushrooms, white, fried in rapeseed oil",mushrooms white fried in rapeseed oil,0,11,Vegetables and Vegetable Products,23,McCance and Widdowson's,0.4,4.0,135.0,542.0,0.9,,0.0,0.0,,,,,,79.1,0.4,,1.0,3.6,,,,14.0,179.0,3.0,0.4,0.0,0.0,13.4,0.0,0.0,0.0,,,0.0,,0.0,,0.0,,1.4,11.0,106.0,1.0,6.0,,,2.41,,0.39,,,,,,,,,0.0,,,,,,,0.0007,,,,,,,,0.0,0.4,0.3,0.15,0.11,0.75,6.4,3.27,,,,24.0,0.07,,0.0,,,,,,,,,437.0,,,,,,,,,,,,,,,,,,,,,2.73,26.0,0.4,,,,,,,,,,,,,,,,,,,,,,,,,,,,,,,,,,
49629,"Mushrooms, white, fried in salted butter",mushrooms white fried in salted butter,0,11,Vegetables and Vegetable Products,23,McCance and Widdowson's,0.4,11.0,110.0,340.0,0.5,,0.0,0.0,,,,,,79.1,0.4,,1.0,2.3,,,,19.0,320.0,11.0,0.4,0.0,0.0,8.0,0.0,0.0,,,,160.0,,0.1,,0.0,,1.4,11.0,106.0,1.0,150.0,,,0.4,,0.34,,,,,,,,,25.0,,,,,,,0.0004,,,,,,,,0.1,0.4,,0.09,0.19,7.36,2.68,0.34,,,,12.0,0.1,,174.0,,,,,,,,,437.0,,,,,,,,,,,,,,,,,,,,,1.4,11.0,,,,,,,,,,,,,,,,,,,,,,,,,,,,,,,,,,,
5193,"Mushrooms, white, microwaved",mushrooms white microwaved,0,11,Vegetables and Vegetable Products,0,"USDA, 2018",0.37,6.0,127.0,488.0,0.73,0.01,0.0,0.0,0.0,0.0,0.0,0.0,0.0,88.52,0.0,0.0,0.0,5.35,0.0,,10.1,14.0,,,0.0,0.0,0.0,,0.0,0.0,0.0,0.0,0.0,0.0,11.0,0.3,0.0,0.0,0.0,3.91,0.46,35.0,2.5,17.0,0.0,0.0,0.0,0.0,0.431,,,0.0,0.0,0.0,0.0,0.0,16.0,0.0,0.28,0.104,0.391,0.222,0.227,0.065,0.039,0.0,0.0,0.0,0.0,0.0,0.0,0.0,0.0,6.04,0.33,0.06,0.049,0.06,0.02,0.28,0.122,0.086,0.137,18.0,0.064,0.0,0.0,30.3,0.108,0.087,0.089,0.265,0.05,0.097,0.014,147.0,0.0,0.0,0.0,0.0,0.0,0.0,0.0,0.0,0.0,0.0,0.0,0.0,16.0,0.05,0.01,0.0,0.01,0.036,0.123,1.08,1.96,16.0,0.0,0.0,,,,0.0,,,,,0.3,,,,,0.0,,,,,0.0,,,,,,,,,,0.0,0.0,,,
4603,"Mushrooms, white, raw",mushrooms white raw,1,11,Vegetables and Vegetable Products,0,"USDA, 2018",0.318,3.0,86.0,318.0,0.52,0.0,0.0,0.0,0.01,0.01,0.0,0.0,0.0,92.45,1.98,0.0,2.1,3.607,0.01,,9.4,9.0,,,0.17,0.0,1.48,,0.0,0.0,0.0,0.0,0.0,0.0,7.0,0.2,0.0,0.04,0.0,3.09,0.34,22.0,1.0,5.0,0.0,0.0,0.01,0.0,0.402,0.0,0.0,0.0,0.0,0.0,0.0,0.0,17.0,0.0,0.16,0.092,0.343,0.195,0.199,0.057,0.035,0.0,0.0,0.0,0.0,0.0,0.0,0.0,0.0,3.26,0.5,0.081,0.104,0.05,0.0,0.16,0.107,0.076,0.12,9.3,0.047,0.0,0.0,17.3,0.094,0.076,0.078,0.232,0.044,0.085,0.012,93.0,1.0,0.0,0.0,0.0,0.0,0.0,0.0,0.0,0.0,0.0,0.0,0.0,17.0,0.04,0.01,0.0,0.0,0.031,0.107,0.85,1.497,17.0,0.0,0.05,,,,0.0,,,,,0.2,,0.0,2.0,0.0,0.0,,,,,0.0,,,,,,,,,,0.0,0.0,,,2.18
49630,"Mushrooms, white, raw",mushrooms white raw,1,11,Vegetables and Vegetable Products,23,McCance and Widdowson's,0.28,3.0,94.0,378.0,0.6,,0.0,0.0,0.0,0.0,,,,92.9,0.3,,1.0,2.5,0.03,,,10.0,125.0,2.0,0.3,0.0,0.0,11.700000000000001,0.0,0.0,0.0,,,0.0,,0.0,,0.0,,1.0,0.2,7.0,0.7,4.0,,,0.01,,0.27,,,,,,,,,0.0,,,,,,,0.0005,,,,,,,,0.0,0.3,0.21,0.13,0.1,0.04,0.0,0.11,,,,17.0,0.05,,0.0,,,,,,,,,29.0,,,,,,,,,,,,,,,,,,,,,2.38,40.0,0.28,,,,,,,,,,,,,,,,,,,,,,,,,,,,,,,,,,
49631,"Mushrooms, white, stewed in unsalted water",mushrooms white stewed in unsalted water,0,11,Vegetables and Vegetable Products,23,McCance and Widdowson's,0.35,3.0,75.0,216.0,0.9,,0.0,0.1,,,,,,93.1,0.0,,0.0,1.8,,,,8.0,93.0,2.0,0.0,0.0,0.0,10.9,0.0,,0.0,,,0.0,,0.0,,0.0,,1.4,0.3,9.0,2.6,3.0,,,0.01,,0.26,,,,,,,,,0.0,,,,,,,0.0008,,,,,,,,0.0,0.1,0.32,0.09,0.06,0.08,0.0,0.17,,,,16.0,0.05,,0.0,,,,,,,,,37.0,,,,,,,,,,,,,,,,,,,,,1.29,15.0,0.27,,,,,,,,,,,,,,,,,,,,,,,,,,,,,,,,,,
49633,"Mussels, purchased cooked",mussels purchased cooked,0,15,Finfish and Shellfish Products,23,McCance and Widdowson's,0.17,40.0,258.0,116.0,3.4,0.08,0.0,0.0,,,,,,75.5,0.0,,0.0,1.0,,,,50.0,700.0,247.0,0.0,,0.0,11.0,0.0,0.0,0.0,,,117.0,,0.0,,10.6,,17.7,2.2,104.0,0.0,401.0,,,1.72,,0.26,,,0.0,0.0,0.0,0.0,0.0,,45.0,0.04,,,,,,0.0046,0.0,0.05,0.13,0.04,0.04,0.34,0.02,0.0,3.5,3.25,0.02,0.03,0.34,0.26,0.62,,,,66.0,0.18,,117.0,,,,,,,,,438.0,,0.01,0.0,0.0,0.01,0.02,0.0,0.01,0.0,0.01,0.0,0.05,,0.21,0.05,0.01,0.14,,,,0.32,25.0,,,0.02,0.07,0.0,0.0,0.01,0.0,0.01,0.04,,,,,,,,,,,0.01,,,,,,,,0.0,,,,,,
1835,"Mustard, prepared, yellow",mustard prepared yellow,0,2,Spices and Herbs,0,"USDA, 2018",0.074,63.0,108.0,152.0,0.64,0.778,0.21,0.64,2.15,0.08,0.0,0.0,0.0,83.72,0.92,113.0,0.3,0.565,0.0,1.5,0.2,48.0,,,0.23,0.0,0.47,,0.0,0.0,0.009,0.0,0.0,0.0,0.0,0.0,27.0,0.0,0.0,3.74,3.34,60.0,4.0,1104.0,51.0,1.0,0.36,0.0,0.07,0.0,0.0,0.0,0.0,0.0,0.005,0.002,7.0,0.0,0.363,0.228,0.724,0.39,0.164,0.119,0.009,1.056,0.0,0.0,0.0,0.289,0.0,0.0,0.0,5.83,1.61,0.177,0.07,0.214,2.182,0.774,0.167,0.146,0.292,33.5,0.422,109.0,5.0,22.4,0.204,0.355,0.252,0.189,0.134,0.161,0.072,253.0,0.0,0.02,0.016,0.0,0.002,0.002,0.009,0.01,0.0,0.018,0.0,0.004,7.0,0.117,0.038,0.374,0.008,0.076,0.264,3.37,0.254,7.0,1.4,0.02,0.358,0.774,1.056,0.051,0.373,0.0,0.0,,,,,,,,,0.0,0.004,0.0,0.0,0.018,0.005,0.004,0.008,0.0,0.005,,,0.0,,0.0,0.0,,
49641,"Mustard, smooth",mustard smooth,0,6,"Soups, Sauces, and Gravies",23,McCance and Widdowson's,0.19,70.0,190.0,200.0,1.0,,1.5,1.9,,,,,,63.7,7.8,,0.0,,,,,82.0,3550.0,,2.9,0.0,3.4,,0.0,0.0,,,,0.0,,0.0,,0.0,,7.1,8.2,139.0,,2950.0,,,,,,,,,,,,,,0.0,,,,,,,0.0021,,,,,,,,0.0,9.7,2.9,,,0.5,5.8,1.6,,,,,0.7,,,,,,,,,,,579.0,,,,,,,,,,,,,,,,,,,,,,0.0,,,,,,,,,,,,,,,,,,,,,,,,,,,,,,,,,,,
49642,"Mustard, wholegrain",mustard wholegrain,0,6,"Soups, Sauces, and Gravies",23,McCance and Widdowson's,0.21,120.0,200.0,220.0,1.2,,0.0,0.3,,,,,,65.0,3.9,,0.0,,,,,93.0,2210.0,,1.9,0.0,2.0,,0.0,0.0,,,,0.0,,0.0,,0.0,,8.2,10.2,140.0,,1620.0,,,,,,,,,,,,,,0.0,,,,,,,0.0024,,,,,,,,0.0,4.2,2.8,,,0.6,7.2,1.9,,,,,0.7,,,,,,,,,,,584.0,,,,,,,,,,,,,,,,,,,,,,0.0,,,,,,,,,,,,,,,,,,,,,,,,,,,,,,,,,,,
150150,N/A,n a,0,2,Spices and Herbs,5,My foods,,,,,,,,,,,,,,,,,,,,,,,,,,,,,,,,,,,,,,,,0.0,0.0,0.0,,,,,,,,,,,,,,,,,,,,,,,,,,,,,,,,0.0,,,,,,,,,,,,,,,,,,,,,,0.0,,,,,,,,,,,,,,,,,,,,,,,,,,,,,,,,,,,,,,,,,,,,,,,,,,,,,,,,,
89373,Napolina Chopped Tomatoes 400G,napolina chopped tomatoes 400g,0,11,Vegetables and Vegetable Products,5,My foods,,,,,,,,,,,,,,,3.6,,,,,,,,,,,,,,,,,,,,,,,,,1.3,0.2,23.0,1.0,10.0,,,,,,,,,,,,,,,,,,,,,,,,,,,,,,3.6,,,,0.0,,,,,,,,,,,,,,,,,,96.232,,,,,,,,,,,,,,,,,,,,,,,,,,,,,,,,,,,,,,,,,,,,,,,,,,,,,,,,,
426432,Neapolitan Antichi Grani Siciliani Dough,neapolitan antichi grani siciliani dough,0,,,19,My recipes,0.03407843137254902,16.866666666666667,5.223529411764706,8.254901960784315,0.2620392156862745,,0.0,0.013725490196078433,,,,,,37.26372549019607,0.29411764705882354,0.0,0.0,0.03333333333333333,,,,7.333333333333333,,,0.0,0.0,0.0,0.7843137254901961,0.0,0.0,,,,0.0,0.0,0.0,0.0,0.0,0.0,7.19843137254902,2.5529411764705885,219.46666666666667,2.0588235294117645,611.921568627451,4.019607843137255,0.0,0.472156862745098,0.0,0.01568627450980392,,,,,,,,0.0,0.00411764705882353,,,,,,,2.7450980392156865e-05,,,,,,,,0.0,41.19019607843137,0.10137254901960785,0.009137254901960785,0.00784313725490196,0.5176470588235296,1.4411764705882353,0.14705882352941177,,,,0.0,0.0021960784313725494,0.0,0.0,0.0,,,,,,,,918.2485333333349,,,,,,,,,,,,,0.0,,,,,,,1.5607843137254902,0.043137254901960784,15.686274509803921,0.0,,,,,,,,,,,,,,,,,,,,,,,,,,,,,,,,,,
175849,Neapolitan Pizza Dough,neapolitan pizza dough,0,,,19,My recipes,0.012898873072360617,43.636454626334526,143.33214709371293,78.27450326215897,0.5961854982206406,0.0,0.0,44.849458778173194,,,,,,41.90890050415184,0.9893979833926454,0.0,0.0,0.5857799525504153,,,,5.784549228944247,0.33863434163701067,0.0,0.0,0.0,0.0,0.08896797153024912,0.0,0.0,0.0,0.0,0.0,0.0,0.0,0.0,0.0,0.0,0.0,6.4785438908659545,2.0708444543297753,216.4510676156584,1.4549970344009493,2087.800118623962,3.412107058125742,0.0,0.493917556346382,0.0,0.01923932384341637,0.0,0.0,0.0,0.0,0.0,0.0,0.0,0.0,0.0034953291814946623,0.0,,,,,,1.4790925266903916e-05,0.0,0.0,0.0,0.0,0.0,0.0,0.0,0.0,45.83885676156584,0.5451860913404508,0.05923635824436537,0.08818950177935944,0.3327995255041519,1.2699251186239622,0.375092674970344,,,,0.0,0.0,0.0,0.0,0.0,,,,,,,,905.631266903913,,,,,,,,,,,,0.0,0.0,0.0,0.0,0.0,0.0,,,0.0,0.004893238434163701,14.583333333333334,0.0,,,,,,,,,,,,,,,,,,,,,,,,,,,,,,,,,,
215209,Neapolitan whole wheat dough,neapolitan whole wheat dough,0,,,19,My recipes,0.3006485271317829,36.2093023255814,197.85658914728683,242.3062015503876,2.0155813953488373,,0.0,1.864728682170543,,,,,,43.88507751937984,0.5732558139534883,123.64341085271319,0.0,3.0876550387596904,,,,75.85658914728684,,,0.0,0.0,0.0,0.7751937984496124,0.0,0.0,,,,0.0,0.0,0.0,0.0,0.0,0.0,5.7932170542635655,3.0936046511627913,215.7556589147287,7.725193798449612,606.5232558139536,6.782945736434109,0.0,0.8141472868217055,0.0,0.127984496124031,,,,,,,,15.736434108527133,0.004069767441860466,,,,,,,2.7131782945736437e-05,,,,,,,,0.0,44.22596899224807,2.268992248062016,0.18835271317829458,0.1150968992248062,0.5269379844961242,1.5899806201550388,0.8250968992248063,,,,8.244573643410854,2.081763565891473,5.058139534883721,0.0,17.53488372093023,,,,,,,,902.7216768992262,,,,,,,,,,,,,15.736434108527133,,,,,,,2.4025193798449616,0.6260271317829457,33.4108527131783,1.0678294573643412,,,,,,,,,,,,,,,,,,,,,,,,,,,,,,,,,,
208322,Nectarina,nectarina,0,9,Fruits and Fruit Juices,33,"TCA, INSA 2019",,7.0,22.0,170.0,0.1,,,0.0,,,,,,88.9,8.7,,37.0,0.6,,,,10.0,,,,,,,,0.0,0.0,,,,,0.0,,0.0,,1.4,0.1,49.0,2.2,1.0,45.0,,1.8,,0.04,,,,,,,,,0.0,,,,,,,0.3,,,,,,,,,8.7,0.4,0.02,0.03,0.0,0.1,0.0,,,,,,,10.0,,,,,,,,,206.0,,,,,,,,,,,,,,,,,,,,0.5,,3.0,,,,,,,,,,,,,,,,,,,,,,,,,,,,,,,,,,,
235442,"Nectarine, white, flesh and skin, raw",nectarine white flesh and skin raw,0,9,Fruits and Fruit Juices,37,"Ciqual 2020, ANSES",0.07,5.0,18.0,210.0,0.1,0.01,6.5,0.35,,,,,,86.5,8.9,,3.01,0.1,,,,8.1,20.0,20.0,1.3,,1.1,,0.2,0.0,,,,,,,,,,0.81,0.5,51.8,0.5,5.0,5.0,,1.04,,0.02,,,0.01,0.01,0.01,0.01,0.01,,,0.01,,,,,,,,0.01,0.01,,,0.01,,0.2,11.4,0.13,0.015,0.01,0.01,0.01,0.01,,,,20.0,0.06,,,,,,,,,,,220.0,,,,,,,,,,,,0.01,,0.01,0.01,0.01,,,,0.59,0.22,11.9,,,,,,,,,,,,,,,,,,,,,,,,,,,,,,,,,,,
49643,"Nectarines, flesh and skin",nectarines flesh and skin,0,9,Fruits and Fruit Juices,23,McCance and Widdowson's,0.06,7.0,22.0,170.0,0.1,,6.3,0.0,,,,,,88.9,9.0,0.0,37.0,0.6,,,,10.0,5.0,3.0,1.3,,1.3,0.2,0.0,0.0,0.0,,,0.0,,0.0,0.0,0.0,,1.4,0.1,40.0,,1.0,114.0,0.0,,0.0,0.04,,,,,,,,,0.0,,,,,,,0.0003,,,,,,,,0.0,9.0,0.4,0.02,0.03,0.0,0.0,0.0,,,,1.0,0.1,,19.0,,,,,,,,,171.0,,,,,,,,,,,,,,,,,,,,,0.16,0.0,2.5,,,,,,,,,,,,,,,,,,,,,,,,,,,,,,,,,,
49644,"Nectarines, flesh and skin, weighed with stones",nectarines flesh and skin weighed with stones,0,9,Fruits and Fruit Juices,23,McCance and Widdowson's,0.05,6.0,20.0,150.0,0.1,,5.6,0.0,,,,,,79.1,8.0,0.0,33.0,0.5,,,,9.0,4.0,3.0,1.2,,1.2,0.2,0.0,0.0,0.0,,,0.0,,0.0,0.0,0.0,,1.2,0.1,36.0,,1.0,101.0,0.0,,0.0,0.04,,,,,,,,,0.0,,,,,,,0.0003,,,,,,,,0.0,8.0,0.4,0.02,0.03,0.0,0.0,0.0,,,,1.0,0.1,,17.0,,,,,,,,,152.0,,,,,,,,,,,,,,,,,,,,,0.14,0.0,2.2,,,,,,,,,,,,,,,,,,,,,,,,,,,,,,,,,,
3884,"Nectarines, raw",nectarines raw,0,9,Fruits and Fruit Juices,0,"USDA, 2018",0.086,6.0,26.0,201.0,0.17,0.086,4.87,0.07,0.01,0.01,0.0,0.0,0.0,87.59,7.89,130.0,5.4,1.125,0.01,,0.2,9.0,,,1.37,0.0,1.57,,0.0,0.0,0.0,0.0,0.0,0.0,0.0,0.0,98.0,0.0,0.0,1.06,0.32,44.0,1.7,0.0,150.0,0.0,0.77,0.0,0.027,0.0,0.0,0.0,0.0,0.0,0.0,0.0,5.0,0.0,0.111,0.011,0.034,0.568,0.017,0.008,0.005,0.0,0.0,0.0,0.0,0.0,0.0,0.0,0.0,10.55,0.28,0.034,0.025,0.025,0.088,0.113,0.009,0.009,0.014,0.0,0.054,332.0,17.0,6.2,0.018,0.01,0.009,0.013,0.007,0.021,0.005,185.0,0.0,,,,,,,,,,,0.0,5.0,0.023,0.002,0.002,0.002,0.006,0.016,0.48,0.185,5.0,2.2,0.0,,,,,,,,,,,,,,,,,,,,,,,,,,,,,,,,,
341855,Nero Di Nebrodi,nero di nebrodi,0,10,Pork Products,5,My foods,,,,,,,,,,,,,,,,,,,,,,,,,,,,,,,,,,,,,,,,10.0,54.0,370.0,,2.31,,,,,,,,,,,,,,,,,,,,,,,,,,,,,,0.0,,,,18.5,,,,,,,,,,,,,,,,,,1548.08,,,,,,,,,,,,,,,,,,,,,,,,,,,,,,,,,,,,,,,,,,,,,,,,,,,,,,,,,
49646,"Noodles, egg, fine, dried, boiled in unsalted water",noodles egg fine dried boiled in unsalted water,0,20,Cereal Grains and Pasta,23,McCance and Widdowson's,0.0,33.0,68.0,57.0,0.5,0.1,0.0,27.5,0.55,0.02,,,,66.8,0.0,,0.0,0.5,0.2,,,19.0,143.0,0.0,0.0,,0.0,0.8,0.0,0.0,0.0,,,0.0,,0.1,,0.0,,4.7,0.8,129.0,2.3,109.0,0.0,0.0,0.27,,0.0,,,,,,0.0,0.0,,0.7,,,,,,,0.0011,0.0,0.0,,,0.0,,,0.0,27.5,0.85,0.0,0.01,0.12,0.11,0.27,,,,8.0,0.41,,0.0,,,,,,,,,549.0,,0.0,0.0,0.0,0.0,0.0,,,0.0,0.0,,0.0,,0.1,0.02,0.02,0.0,,,,0.23,5.0,,,,0.1,0.0,,0.02,,0.0,0.0,,,,,,0.09,,,,,,,,,,,,,,,,,,,
49649,"Noodles, egg, thick, dried, boiled in unsalted water",noodles egg thick dried boiled in unsalted water,0,20,Cereal Grains and Pasta,23,McCance and Widdowson's,0.0,37.0,76.0,64.0,0.5,0.11,0.0,30.7,0.61,0.02,,,,63.0,0.0,,0.0,0.5,0.22,,,22.0,160.0,0.0,0.0,,0.0,0.9,0.0,,0.0,,,0.0,,0.1,,0.0,,5.0,0.9,143.0,2.6,121.0,0.0,0.0,0.3,,0.0,,,,,,0.0,0.0,,0.7,,,,,,,0.0012,0.0,0.0,,,0.0,,,0.0,30.7,0.95,0.0,0.01,0.13,0.12,0.3,,,,9.0,0.46,,0.0,,,,,,,,,608.0,,0.0,0.0,0.0,0.0,0.0,,,0.0,0.0,,0.0,,0.11,0.02,0.02,0.0,,,,0.26,5.0,,,,0.11,0.0,,0.02,,0.0,0.0,,,,,,0.1,,,,,,,,,,,,,,,,,,,
49650,"Noodles, rice, fine, dried, boiled in unsalted water",noodles rice fine dried boiled in unsalted water,0,20,Cereal Grains and Pasta,23,McCance and Widdowson's,0.0,22.0,19.0,3.0,0.4,0.03,0.0,21.3,0.06,0.05,,,,73.2,0.0,,0.0,0.1,0.06,,,3.0,65.0,3.0,0.0,,0.0,0.0,0.0,0.0,0.0,,,0.0,,0.0,,0.0,,1.9,0.2,89.0,1.1,4.0,0.0,0.0,0.09,,0.0,,,,,,0.0,0.0,,0.0,0.08,,,,,,0.0008,,0.0,,,0.0,,,0.0,21.3,0.1,0.0,0.01,0.05,0.03,0.08,,,,1.0,0.14,,0.0,,,,,,,,,381.0,,0.0,,,0.0,0.0,,,0.0,,,0.0,,0.04,0.0,0.0,0.0,,,,0.0,3.0,,,0.08,0.03,,,0.0,,,0.0,,,0.5,0.0,0.1,0.0,0.6,,,,,,,,,,,,0.0,,,,,,
349498,Norma Burger with potato chips,norma burger with potato chips,0,,,19,My recipes,0.04188854742556011,42.29557347357972,50.847392293841516,400.5370918941182,0.40235345678816775,0.11674571366715772,4.110821043293678,16.989296708751144,0.04094127710805202,0.008464418289057508,0.0,0.041384827411408746,0.0,60.63383549564106,5.921377540513567,20.752609818302787,10.439088398519386,0.47339661845697295,0.0017821217545582713,0.021781488111267764,0.005940405848527571,21.758154197094747,12.651744367175166,0.013760620125566978,0.586102618530898,0.0,0.5767643005370127,0.0,0.08054398276490249,0.0,0.000752451407480159,0.0,0.0,3.1682164525480383,1.6237109319308694,0.03960270565685047,0.17821217545582713,0.03148415099719613,3.2474218638617387,4.058275645392093,7.164231364286808,171.22080884566034,2.53280054493323,63.16208595371236,10.264757288217933,0.0,0.5299940331923477,0.0,0.0532545239490762,0.0,0.0,7.920541131370095e-05,0.0,7.920541131370095e-05,0.01863307301154815,0.0,14.020941910751342,7.366713133841304,0.13803061025129237,0.04017179653713942,0.25217102032410854,0.10581763746099133,0.04897151773409159,0.02473624598032537,0.012420616112492806,1.8481262639863557e-05,0.0037226543317439445,0.0011484784640486637,0.0,0.000553117789007345,0.0,0.00013860946979897664,0.0021781488111267764,23.93835390033847,0.6914307665499707,0.24253845422719278,0.4212640127573516,1.5848643739340271,4.208086555673484,0.8911746690533898,0.03901222931550683,0.04832124130720611,0.07882839355584774,1.7449664961110143,0.108148599912346,17.587957609263864,3.64722437836953,8.464405088155623,0.058035388977774965,0.07712666529377288,0.05518597430576457,0.05664018565748412,0.03373714892201435,0.05229576884692762,0.018194275032870248,716.3878642102414,0.04554311150537805,0.0001148478464048664,0.0002270555124326094,0.00013860946979897664,0.0001584108226274019,0.0004356297622253552,5.5443787919590674e-05,0.00035642435091165427,0.00023761623394110285,0.0004554311150537805,0.0,0.0006719259059778965,8.516165824449127,0.08033612136381156,0.04068024247416584,0.012500382826154682,0.004598138144798053,0.02001005908723684,0.04917824385762035,0.44890458916153153,0.14025496221901881,12.120962504158284,1.3177562691083053,0.0015841082262740191,0.041996029168712805,0.07082019843595713,1.8481262639863557e-05,0.0,0.000731329964463172,0.00023761623394110285,0.0004356297622253552,0.0,,,0.03881065154371347,0.005821597731557021,0.006376035610752928,0.03960270565685047,2.4153690180113103,0.0,0.0004554311150537805,5.9404058485275714e-05,0.00025741758676952806,1.9801352828425238e-05,0.00023761623394110285,0.0005148351735390561,0.003920667860028197,0.00023761623394110285,0.00023761623394110285,,,,,,,,
1559,Noz crua,noz crua,0,12,Nut and Seed Products,2,"TACO, NEPA",0.75433333333333,105.306333333333,396.276666666667,533.255,2.06433333333333,8.66,,,,,,,,6.24466666666667,,,,1.08333333333333,,,,152.890666666667,,,,,,,,,,,,,,,,,,13.9708005027771,59.3596666666667,620.060019790567,7.24966666666667,4.57066666666667,,,,,,,,,,,,,,,,,,,,,,,,,,0.09,,,,18.3638661638896,2.035,0.37666666666667,0.13,5.6,8.7,44.1,,,,,4.05266666666667,,,,,,,,,,,2594.3311228037323,,,,,,,,,,,,,,4.26,1.34,,,,,2.061,,,,,35.3,,,,8.82,,,,,,,,,,,,,,,,,,,,,,,,,,,,
774,"Noz, miolo",noz miolo,0,9,Fruits and Fruit Juices,1,"TCA, INSA 2015",,90.0,288.0,500.0,2.7,,,1.0,,,,,,4.9,2.6,,1.0,0.9,,,,160.0,,,,,,,,0.0,0.0,,,0.0,,0.0,,0.0,66.0,16.7,67.5,689.0,5.2,12.0,0.0,,3.8,,0.14,,,,,,,,,0.0,,,,,,,0.0027,,,,,,,,,3.6,2.6,0.33,0.67,5.4,15.0,47.0,,,,,,,0.0,,,,,,,,,2882.776,,,,,,,,,,,,,,,,,,,,1.98,,,,,38.0,,,,,,,,,,,,,,,,,,,,,,,,,,,,,,,,
49655,"Nut and seed roast, mixed nuts and sunflower seeds, homemade",nut and seed roast mixed nuts and sunflower seeds homemade,0,22,"Meals, Entrees, and Side Dishes",23,McCance and Widdowson's,0.6,65.0,300.0,460.0,2.1,,1.7,16.2,,,,,,34.7,2.9,,0.0,4.5,,,,130.0,490.0,6.0,,0.0,,22.2,,,,,,0.0,,0.0,,0.0,,12.9,24.9,349.0,,310.0,17.0,0.0,7.16,,0.24,,,,,,,,,0.0,,,,,,,0.0028,,,,,,,,0.0,19.6,2.4,0.34,0.2,3.4,10.6,9.5,,,,17.0,1.4,,3.0,,,,,,,,,1454.0,,,,,,,,,,,,,,,,,,,,,0.49,23.0,,,,,,,,,,,,,,,,,,,,,,,,,,,,,,,,,,,
81436,Nutmeg,nutmeg,0,2,Spices and Herbs,11,"CIQUAL, ANSES",1.03,184.0,213.0,350.0,2.15,,,,,,,,,6.22,2.99,,3.0,1.3,,,,183.0,,,,,,,,0.0,,,,0.0,,0.0,,0.0,,5.3,36.3,507.0,20.8,16.0,28.0,,0.0,,0.057,,,0.0,0.0,0.0,0.0,0.37,,0.0,,,,,,,,,,0.0,,,0.0,,,28.5,3.04,0.35,0.16,25.9,3.22,0.35,,,,1.6,2.9,,,,,,,,,,,2100.0,,,,,,,,,,,,22.8,,2.26,0.17,,,,,2.32,,76.0,0.0,,,,,,,,,,,,,,,,,,,,,,,,,,,0.0,,,,,,,
49666,"Nutmeg, ground",nutmeg ground,0,2,Spices and Herbs,23,McCance and Widdowson's,1.03,180.0,210.0,350.0,2.2,,,,,,,,,6.2,28.5,,3.0,1.3,,,,180.0,,,,0.0,,,0.0,0.0,0.0,,,0.0,,0.0,66.0,0.0,,5.8,36.3,,20.8,16.0,28.0,0.0,,,0.06,,,,,,,,,0.0,,,,,,,,,,,,,,,0.0,,3.0,0.35,0.16,25.9,3.2,0.3,,,,2.0,2.9,,10.0,,,,,,,,,,,,,,,,,,,,,,,,,,,,,,,76.0,,,,,,,,,,,,,,,,,,,,,,,,,,,,,,,,,,,
21988,Nutritional yeast,nutritional yeast,0,11,Vegetables and Vegetable Products,11,"CIQUAL, ANSES",0.39,130.0,1100.0,1700.0,8.4,1.82,,3.7,,,,,,5.0,2.5,,0.0,18.5,,,,150.0,251.0,0.0,,,,,,0.0,,,,0.0,,0.0,,0.34,,40.4,4.5,334.0,22.5,141.0,0.0,,0.098,,1.0,,,0.0,0.0,0.0083,0.025,0.033,,0.0,0.0093,,,,,,,,0.0,0.0,,,0.0,,,21.8,4.1,11.6,0.88,0.7,2.1,0.01,,,,0.0,0.89,,,,,,,,,,,1400.0,,,,,,,,,,,,0.033,,0.41,0.19,0.00073,,,,5.83,5.14,697.0,0.0,,,,,,,,,,,,,,,,,,,,,,,,,,,0.0,,,,,,,
5295,"Nuts, almond butter, plain, without salt added",nuts almond butter plain without salt added,0,12,Nut and Seed Products,0,"USDA, 2018",0.934,347.0,508.0,748.0,3.29,32.143,4.34,0.08,1.01,0.0,,,,1.64,4.43,1.0,0.0,3.155,0.53,,,279.0,,,0.0,,0.02,,0.07,0.0,,,,0.0,0.0,0.0,0.0,0.0,0.0,20.96,55.5,614.0,10.3,7.0,1.0,0.0,24.21,0.0,0.939,,,,,0.0,0.0,0.0,53.0,0.0,13.605,1.472,5.912,2.397,0.99,0.55,0.159,,0.0,,,0.019,,,0.0,18.82,3.49,0.041,0.103,4.152,32.445,13.613,0.555,0.813,1.483,2.4,2.131,1.0,0.0,52.1,0.926,0.915,2.382,0.937,0.595,1.149,0.242,2568.976,,0.007,0.0,0.0,0.0,0.007,,0.0,0.035,0.0,0.0,0.007,53.0,3.192,0.938,0.007,0.248,0.122,0.612,3.09,0.318,53.0,0.0,,,,,,,,,,,,131.0,6.0,3.0,,139.0,,,,,,,,,,,,,,,,,,
5226,"Nuts, almonds",nuts almonds,0,12,Nut and Seed Products,0,"USDA, 2018",1.031,269.0,481.0,733.0,3.12,31.294,3.95,0.72,0.64,0.07,,,,4.41,4.35,1.0,0.0,3.618,0.23,,0.5,270.0,,,0.11,0.07,0.17,,0.04,0.0,0.015,0.0,0.0,0.0,0.0,0.0,0.0,0.0,0.0,21.15,49.93,579.0,12.5,1.0,1.0,0.0,25.63,0.0,1.138,0.0,0.0,0.0,0.0,0.0,0.0,0.0,44.0,0.0,12.324,1.429,6.206,2.639,0.999,0.539,0.211,0.0,0.0,0.0,0.0,0.005,0.0,0.0,0.0,21.55,3.71,0.205,0.137,3.802,31.551,12.329,0.601,0.751,1.473,4.1,2.179,2.0,0.0,52.1,0.912,0.969,2.465,0.855,0.45,1.132,0.215,2423.0,0.0,0.007,0.001,0.0,0.0,0.004,0.0,0.002,0.013,0.0,0.0,0.003,44.0,3.083,0.704,0.003,0.239,0.157,0.568,2.97,0.471,44.0,0.0,,12.32,31.294,,0.0,0.003,0.0,,,,,130.0,5.0,4.0,,,,0.0,0.012,,,0.003,0.012,0.227,0.002,0.003,,0.0,,,,,,
5228,"Nuts, almonds, dry roasted, without salt added",nuts almonds dry roasted without salt added,0,12,Nut and Seed Products,0,"USDA, 2018",1.099,268.0,471.0,713.0,3.31,32.754,4.75,0.73,0.72,0.09,,,,2.41,4.86,1.0,0.0,3.637,0.32,,,279.0,,,0.01,0.0,0.01,,0.09,0.0,0.007,0.0,0.0,0.0,0.0,0.0,0.0,0.0,0.0,20.96,52.54,598.0,10.9,3.0,1.0,0.0,23.9,0.0,1.197,0.0,0.0,0.0,0.0,0.0,0.0,0.0,55.0,0.0,12.945,1.417,6.153,2.616,0.991,0.534,0.209,0.0,0.0,0.0,0.0,0.007,0.0,0.0,0.0,21.01,3.73,0.077,0.136,4.092,33.076,12.955,0.595,0.745,1.461,2.0,2.232,1.0,0.0,52.1,0.904,0.961,2.444,0.848,0.446,1.122,0.214,2502.032,,0.008,0.0,0.0,0.0,0.012,0.0,0.0,0.057,0.0,0.0,0.019,55.0,3.348,0.704,0.01,0.259,0.155,0.563,3.07,0.321,55.0,0.0,,12.945,32.748,,0.0,0.006,0.0,,,,,122.0,4.0,4.0,,,,0.005,,,,,,,,0.0,,0.0,0.04,,,0.005,,
5229,"Nuts, almonds, oil roasted, without salt added",nuts almonds oil roasted without salt added,0,12,Nut and Seed Products,0,"USDA, 2018",0.955,291.0,466.0,699.0,3.07,34.578,4.38,0.56,0.88,0.14,,,,2.8,4.55,1.0,0.0,3.665,0.42,,,274.0,,,0.0,,0.04,,0.14,0.0,,0.0,0.0,0.0,0.0,0.0,0.0,0.0,0.0,21.23,55.17,607.0,10.5,1.0,1.0,0.0,25.97,0.0,0.781,0.0,0.0,0.0,0.0,0.0,0.0,0.0,27.0,0.0,13.519,1.466,5.165,2.729,0.999,0.592,0.192,0.0,0.0,0.0,0.0,0.0,0.0,0.0,0.0,17.68,3.68,0.092,0.118,4.208,34.793,13.519,0.677,0.691,1.467,4.1,2.46,1.0,0.0,52.1,1.004,0.967,2.463,0.798,0.529,1.146,0.282,2541.0,,0.0,0.0,0.0,0.0,0.0,0.0,0.0,,0.0,,0.0,27.0,3.303,0.905,0.0,0.215,0.188,0.6,3.13,0.229,27.0,0.0,,,,,0.0,,,,,,,118.0,9.0,3.0,,130.0,,,,,,,,,,,,0.0,,,,,,
21151,"Nuts, cashew nuts, dry roasted",nuts cashew nuts dry roasted,0,12,Nut and Seed Products,10,"CNF, GC",2.22,45.0,490.0,565.0,5.6,,,,,,,,,1.7,5.01,,0.0,1.4,,,,260.0,,,,,,,,0.0,,,,0.0,,0.0,,0.0,,15.3,46.4,574.0,3.0,16.0,0.0,,,,0.2,,,,,,,,,0.0,,,,,,,,,,,,,,,,32.7,6.0,0.2,0.256,9.2,27.3,7.84,,,,11.7,0.826,,0.0,61.0,,,,,,,,2401.62,,,,,,,,,,,,,,,,,,,,3.95,1.22,69.0,34.7,,,,,,,,,,,,,,,,,,,,,,,,,,,,,,,,,,
5236,"Nuts, cashew nuts, raw",nuts cashew nuts raw,0,12,Nut and Seed Products,0,"USDA, 2018",2.195,37.0,593.0,660.0,5.78,23.523,5.81,23.49,5.31,0.36,0.1,0.2,0.0,5.2,5.91,22.0,0.5,1.062,0.03,,,292.0,,,0.05,0.0,0.05,,0.0,,,,,0.0,0.0,0.0,0.0,0.0,0.0,18.22,43.85,553.0,3.3,12.0,0.0,0.0,0.9,0.0,0.058,,,0.0,0.0,0.015,0.015,0.015,25.0,0.0,7.782,0.937,4.506,1.795,0.837,0.456,0.287,0.0,0.0,0.0,0.0,0.138,0.0,0.0,0.0,30.19,6.68,0.423,0.417,7.783,23.797,7.845,0.688,0.789,1.472,19.9,1.655,0.0,0.0,,1.079,0.812,2.123,1.094,0.508,0.951,0.393,2314.0,,0.266,0.173,0.0,0.0,0.046,0.101,0.0,0.0,0.0,0.0,0.015,25.0,3.916,3.223,0.062,0.136,0.362,0.928,2.54,0.864,25.0,34.1,0.0,,,,,,,,,,,113.0,9.0,0.0,,,,,,,,,,,,,,,,,,,,
5245,"Nuts, chestnuts, european, dried, peeled",nuts chestnuts european dried peeled,0,12,Nut and Seed Products,0,"USDA, 2018",0.653,64.0,137.0,991.0,0.35,1.296,,,,,,,,9.0,,,15.1,0.854,,,,74.0,,,,,,,,,,,,0.0,0.0,0.0,,0.0,0.0,5.01,3.91,369.0,,37.0,,,,,0.054,,,,,,,,110.0,0.0,1.381,0.258,0.647,0.866,0.335,0.139,0.056,,,,,0.017,,,,78.43,2.39,0.354,0.666,0.736,1.349,1.546,0.179,0.198,0.297,,1.183,0.0,0.0,,0.251,0.264,0.359,0.28,0.139,0.212,0.159,1544.0,,,,,,,,,,,,0.017,110.0,0.664,0.037,0.165,0.037,0.118,0.297,3.64,0.901,110.0,,,,,,,,,,,,,,,,,,,,,,,,,,,,,,,,,,,
5257,"Nuts, hazelnuts or filberts",nuts hazelnuts or filberts,0,12,Nut and Seed Products,0,"USDA, 2018",1.725,114.0,290.0,680.0,2.45,45.405,4.2,0.48,0.0,0.0,,,,5.31,4.34,92.0,6.3,1.8,0.33,,0.4,163.0,,,0.07,,0.07,,0.0,0.0,,0.0,0.0,0.0,0.0,0.0,0.0,0.0,0.0,14.95,60.75,628.0,9.7,0.0,11.0,3.0,15.03,0.0,0.113,0.0,0.0,0.0,0.0,0.0,0.0,0.0,113.0,0.0,7.833,0.724,3.71,1.679,0.73,0.432,0.193,0.0,0.0,0.0,0.0,0.131,0.0,0.0,0.0,16.7,4.7,0.643,0.563,4.464,45.652,7.92,0.497,0.545,1.063,2.4,6.175,20.0,1.0,45.6,0.735,0.561,2.211,0.701,0.362,0.663,0.277,2629.0,0.0,0.102,0.0,0.0,0.0,0.0,0.0,0.0,,0.0,,0.0,113.0,3.097,1.265,0.087,0.116,0.221,0.42,2.29,0.918,113.0,14.2,,,,,0.0,,,,,,,102.0,7.0,1.0,,,,,,,,,,,,,,0.0,,,,,,
49667,"Nuts, mixed",nuts mixed,0,12,Nut and Seed Products,23,McCance and Widdowson's,1.12,94.0,452.0,696.0,3.5,,5.6,6.0,,,,,,5.7,5.6,,0.0,10.0,,,,222.0,10.0,16.0,0.0,,0.0,66.1,0.0,0.0,0.0,,,0.0,,0.0,,0.0,,23.8,49.1,581.0,,5.0,,,12.78,,0.22,,,,,,,,,0.0,,,,,,,0.005,,,,,,,,0.0,11.6,2.93,0.89,0.51,7.72,27.25,11.79,,,,5.0,2.2,,0.0,,,,,,,,,2407.0,,,,,,,,,,,,,,,,,,,,,2.07,93.0,,,,,,,,,,,,,,,,,,,,,,,,,,,,,,,,,,,
5266,"Nuts, mixed nuts, dry roasted, with peanuts, without salt added",nuts mixed nuts dry roasted with peanuts without salt added,0,12,Nut and Seed Products,0,"USDA, 2018",1.52,87.0,438.0,643.0,4.06,34.079,5.0,7.2,4.97,0.38,0.0,0.0,0.0,2.13,5.0,19.0,0.8,6.22,0.27,,,227.0,,,0.0,0.0,0.0,,0.0,0.0,0.033,0.0,0.0,0.0,0.0,0.0,0.0,0.0,0.0,19.5,53.5,607.0,6.4,4.0,2.0,0.0,6.13,0.0,0.4,0.0,0.0,0.0,0.0,0.045,0.045,0.271,60.0,0.0,9.752,1.134,4.474,2.261,0.839,0.505,0.222,0.016,0.011,0.0,0.0,0.295,0.009,0.0,0.0,22.42,3.73,0.3,0.36,8.01,34.532,9.858,0.673,0.746,1.374,9.3,2.61,4.0,0.0,59.2,0.976,0.856,2.359,0.941,0.676,1.0,0.281,2538.0,,0.4,0.572,0.0,0.006,0.046,0.326,0.004,0.034,0.0,0.0,0.016,60.0,4.303,2.341,0.082,0.108,0.26,0.742,2.45,1.205,60.0,12.0,0.0,9.74,34.058,0.016,0.0,0.082,0.0,0.0,,,,,,,,,0.0,0.021,0.0,0.0,0.0,0.012,0.021,0.108,0.0,0.012,,,0.11,,,0.0,,
5270,"Nuts, pecans",nuts pecans,0,12,Nut and Seed Products,0,"USDA, 2018",1.2,70.0,277.0,410.0,4.53,40.594,3.9,0.46,24.44,0.47,,,,3.52,3.97,17.0,1.1,1.167,0.39,10.0,0.7,121.0,,,0.04,,0.04,,0.0,0.0,,0.0,0.0,0.0,0.0,0.0,9.0,0.0,0.0,9.17,71.97,691.0,9.6,0.0,29.0,0.0,1.4,0.0,0.13,0.0,0.0,0.0,0.0,0.0,0.0,0.0,22.0,0.0,20.628,0.453,1.829,0.929,0.397,0.262,0.093,0.0,0.0,0.0,0.0,0.207,0.0,0.0,0.0,13.86,2.53,0.66,0.21,6.18,40.801,21.614,0.306,0.336,0.598,3.8,4.5,56.0,3.0,40.5,0.474,0.363,1.177,0.411,0.215,0.426,0.152,2889.0,0.0,0.069,0.0,0.0,0.0,0.0,0.0,0.0,,0.0,,0.0,22.0,4.366,1.745,0.986,0.0,0.183,0.287,1.49,0.863,22.0,3.5,,,,,0.0,,,,,,,117.0,6.0,3.0,,,,,,,,,,,,,,0.0,,,,,,
5278,"Nuts, walnuts, black, dried",nuts walnuts black dried,0,12,Nut and Seed Products,0,"USDA, 2018",1.36,61.0,513.0,523.0,3.37,15.128,1.0,0.24,28.78,1.51,0.0,0.7,0.0,4.56,1.1,9.0,1.7,0.47,0.01,,0.5,201.0,,,0.05,,0.05,,0.0,0.0,,0.0,0.0,0.0,0.0,0.0,0.0,0.0,0.0,24.06,59.33,619.0,6.8,2.0,24.0,0.0,2.08,0.0,0.13,0.0,0.0,0.0,0.0,0.0,0.0,0.0,31.0,0.0,33.76,1.189,5.152,2.433,1.048,0.672,0.318,0.0,0.0,0.0,0.0,0.272,0.0,0.0,0.0,9.58,3.12,0.057,0.583,3.483,15.442,36.437,0.721,0.966,1.684,17.0,3.896,40.0,2.0,32.1,1.225,0.926,3.618,1.271,0.74,1.094,0.462,2590.0,,0.0,0.0,0.0,0.0,0.0,,0.0,0.0,0.0,0.0,0.0,31.0,1.934,1.549,2.677,0.042,0.467,0.713,2.47,1.66,31.0,2.7,0.0,33.76,,,,2.677,0.0,,,,,115.0,5.0,1.0,,,,,,,,,,,,,,,,,,,,
5279,"Nuts, walnuts, english",nuts walnuts english,0,12,Nut and Seed Products,0,"USDA, 2018",1.586,98.0,346.0,441.0,3.09,8.799,2.43,0.06,20.83,1.89,,,,4.07,2.61,9.0,1.3,1.125,0.15,,0.3,158.0,,,0.09,,0.08,,0.0,0.0,,0.0,0.0,0.0,0.0,0.0,0.0,0.0,0.0,15.23,65.21,654.0,6.7,2.0,12.0,0.0,0.7,0.0,0.15,0.0,0.0,0.0,0.0,0.0,0.0,0.0,98.0,0.0,38.093,0.816,2.816,1.829,0.696,0.391,0.17,0.0,0.0,0.0,0.0,0.134,0.0,0.0,0.0,13.71,2.91,0.341,0.537,6.126,8.933,47.174,0.596,0.625,1.17,4.9,3.414,20.0,1.0,39.2,0.934,0.706,2.278,0.753,0.406,0.711,0.208,2738.0,0.0,0.063,0.0,0.0,0.0,0.0,0.0,0.0,,0.0,,0.0,98.0,4.404,1.659,9.08,0.0,0.236,0.424,1.78,0.57,98.0,2.7,,,,,0.0,,,,,,,87.0,5.0,0.0,,,,,,,,,,,,,,0.0,,,,,,
41244,Nèctar de Àgave,n ctar de gave,0,9,Fruits and Fruit Juices,5,My foods,,1.0,,4.0,,,,,,,,,,,68.0,,,,,,,,,,,,,,,,,,,,,,,,,0.1,0.5,310.0,0.2,4.0,,,,,,,,,,,,,,0.0,,,,,,,,,,,,,,,,76.0,,,,,,,,,,,,,,,,,,,,,,1297.04,,,,,,,,,,,,,,,,,,,,,,,,,,,,,,,,,,,,,,,,,,,,,,,,,,,,,,,,,
209096,Néctar de pera,n ctar de pera,0,14,Beverages,33,"TCA, INSA 2019",,4.0,4.0,63.0,0.1,,,0.0,,,,,,87.5,11.0,,37.0,0.1,,,,2.0,,,,,,,,0.0,0.0,,,,,0.0,,0.0,,0.2,0.1,48.0,0.6,5.0,5.0,,0.0,,0.02,,,,,,,,,0.0,,,,,,,0.0,,,,,,,,,11.0,0.1,0.01,0.01,0.0,0.0,0.1,,,,,,,1.0,,,,,,,,,204.0,,,,,,,,,,,,,,,,,,,,0.12,,1.0,,,,,,,,,,,,,,,,,,,,,,,,,,,,,,,,,,,
895,Néctar de pêssego,n ctar de p ssego,0,14,Beverages,1,"TCA, INSA 2015",,3.0,6.0,88.0,0.07,,,0.0,,,,,,88.9,11.7,,32.0,0.3,,,,4.0,,,,,,,,0.0,0.0,,,26.0,,0.0,,0.0,1.0,0.2,0.1,48.272547616,0.5,3.0,156000.0,,0.4,,0.01,,,,,,,,,0.0,,,,,,,0.0,,,,,,,,,11.7,0.4,0.01,0.005,0.0,0.0,0.1,,,,,,,26.0,,,,,,,,,201.972339225344,,,,,,,,,,,,,,,,,,,,0.19,,,,,0.1,,,,,,,,,,,,,,,,,,,,,,,,,,,,,,,,
82578,"Oat flakes, pre-cooked, raw",oat flakes pre cooked raw,0,8,Breakfast Cereals,11,"CIQUAL, ANSES",0.35,50.0,387.0,325.0,2.6,2.25,,56.2,,,,,,11.0,1.84,,0.0,0.86,,,,104.0,,,,,,,,0.0,,,,,,,,0.36,,11.0,7.7,370.0,10.6,4.0,,,1.5,,0.05,,,,,,,,,0.0,1.9,,,,,,,,,,,,,,,58.0,3.8,0.43,0.35,1.36,2.25,1.94,,,,0.0,2.68,,,,,,,,,,,1560.0,,,,,,,,,,,,0.013,,1.24,0.1,0.042,,,,1.73,1.2,56.0,,,,,,,,,,,,,,,,,,,,,,,,,,,,0.0,,,,,,,
21533,Oat flour,oat flour,0,20,Cereal Grains and Pasta,9,"BEDCA, UGR",,52.0,380.0,350.0,,,,,,,,,,10.9,,,0.0,,,,,110.0,,,,,,,,,,,,,,0.0,,0.0,,15.0,6.4,351.98,10.0,9.0,,,1.7,,0.14,,,,,,,,,0.0,,,,,,,,,,,,,,,,57.7,3.8,0.5,,1.1,2.1,2.4,,,,,,,,,,,,,,,,1472.7,,,,,,,,,,,,,,,,,,,,,1.3,,,,,,,,,,,,,,,,,,,,,,,,,,,,,,,,,,,,
21494,"Oat, raw",oat raw,0,20,Cereal Grains and Pasta,9,"BEDCA, UGR",0.00063,54.0,523.0,429.0,3.97,,,,,,,,,0.0,,,0.0,,,,,177.0,,,,,,,,,,,,,,,,0.0,,16.9,6.9,399.07,10.6,2.0,,,0.7,,0.14,,,,,,,,,0.0,,,,,,,,,,,,,,,,66.3,4.72,0.76,,1.2,,2.5,,,,,4.92,,0.0,,,,,,,,,1669.7,,,,,,,,,,,,,,,,,,,,,1.35,,,,,,,,,,,,,,,,,,,,,,,,,,,,,,,,,,,,
81748,"Oat-based drink, plain",oat based drink plain,0,14,Beverages,11,"CIQUAL, ANSES",0.01,1.0,11.0,32.0,0.0,0.36,,0.0,,,,,,90.5,5.0,,0.0,0.0,,,,2.3,50.0,0.0,,,,,,0.0,,,,,,0.0,,,,0.0,1.1,42.6,0.0,26.4,0.0,,0.37,,0.0,,,0.0,0.0,0.0,0.0,0.0,,,0.5,,,,,,,,0.0,0.0,,,0.0,,,7.8,0.02,0.029,0.0,0.2,0.37,0.5,,,,0.0,0.04,,,,,,,,,,,179.0,,,,,,,,,,,,0.0,,0.17,0.03,0.0,,,,0.0,0.079,6.39,0.0,,,,,,,,,,,,,,,,,,,,,,,,,,,0.0,,,,,,,
81338,Oatmeal flakes,oatmeal flakes,0,20,Cereal Grains and Pasta,11,"CIQUAL, ANSES",0.3,84.3,422.0,377.0,3.33,2.08,,56.9,,,,,,10.1,0.97,,0.0,0.96,,,,148.0,,0.5,,,,,,0.0,,,,0.0,,0.0,,0.0,,13.3,6.51,367.0,10.2,5.68,0.0,,0.59,,0.14,,,0.0,0.0,0.0,0.0,0.02,,0.0,2.4,,,,,,,,,0.0,,,0.0,,,57.9,4.05,0.43,0.12,1.13,2.08,2.5,,,,3.05,4.72,,,,,,,,,,,1550.0,,,,,,,,,,,,0.01,,0.94,0.082,0.096,,,,2.04,1.31,39.6,2.0,,,,,,,,,,,,,,,,,,,,,,,,,,,0.0,,,,,,,
8013,Oats,oats,0,,,0,"USDA, 2018",0.626,54.0,523.0,429.0,3.97,2.165,,,,,,,,8.22,,,0.0,0.961,,,,177.0,,,,,,,,0.0,,,,0.0,0.0,0.0,,0.0,0.0,16.89,6.9,389.0,10.6,2.0,,,,,0.139,,0.0,,,,,0.024,56.0,0.0,2.424,0.841,3.712,1.448,0.881,0.405,0.234,,,,,,,,,66.27,4.72,0.763,0.119,1.217,2.178,2.535,0.575,0.694,1.284,,4.916,0.0,0.0,,0.75,0.934,1.192,0.937,0.573,0.895,0.408,1628.0,,,,,,,,,,,,0.015,56.0,1.034,0.065,0.111,0.013,0.312,0.701,1.72,1.349,56.0,,,,,,,,,,,,,,,,,,,,,,,,,,,,,,,,,,,
236464,"Octopus, common, cooked",octopus common cooked,1,15,Finfish and Shellfish Products,37,"Ciqual 2020, ANSES",0.74,106.0,279.0,630.0,3.36,,,0.0,,,,,,60.5,0.0,,8.0,3.78,,,,60.0,,,,,,,,0.0,,,,90.0,,0.0,,36.0,,29.8,2.08,156.0,0.0,460.0,0.0,,1.2,,0.076,,,0.0,0.0,0.0,0.0,0.0,,96.0,,,,,,,,,,0.16,,,0.15,,,4.4,9.54,0.057,0.65,0.45,0.32,0.48,,,,,0.047,,,,,,,,,,,659.0,,,,,,,,,,,,0.05,,0.3,0.1,,,,,3.2,0.9,24.0,,,,,,,,,,,,,,,,,,,,,,,,,,,,,,,,,,,
2254,"Oil, canola",oil canola,0,4,Fats and Oils,0,"USDA, 2018",0.0,0.0,0.0,0.0,0.0,61.744,,,27.34,0.99,0.0,0.0,0.01,0.0,0.0,0.0,0.0,0.0,0.01,,0.0,0.0,,,,,,,,0.0,0.395,0.0,0.0,0.0,0.0,0.0,0.0,0.0,0.0,0.0,100.0,884.0,0.0,0.0,0.0,0.0,17.46,0.0,0.0,0.0,0.0,0.0,0.0,0.0,0.0,0.0,0.0,0.0,19.005,,,,,,,0.0,0.0,0.0,0.0,1.317,0.0,0.0,,0.0,0.0,0.0,0.0,7.365,63.276,28.142,,,,0.0,0.0,0.0,0.0,0.2,,,,,,,,3699.0,0.0,0.65,0.33,0.0,0.0,0.0,,0.0,0.0,0.0,0.0,0.0,0.0,4.298,2.087,9.137,0.214,,,0.0,0.0,0.0,71.3,0.03,18.64,61.714,,,9.137,0.0,,,,,413.0,241.0,3.0,,,,0.03,,,,0.365,0.03,,,,,,,,0.0,,0.365,
2195,"Oil, coconut",oil coconut,1,4,Fats and Oils,0,"USDA, 2018",0.0,1.0,0.0,0.0,0.02,6.274,,,0.2,0.18,0.13,0.36,0.25,0.03,0.0,0.0,0.0,0.0,0.6,,,0.0,,,,,,,,0.0,0.028,0.0,0.0,0.0,0.0,0.0,0.0,0.0,0.0,0.0,99.06,892.0,0.0,0.0,0.0,0.0,0.11,0.0,0.0,0.0,0.0,0.009,0.477,6.802,5.39,41.84,0.0,0.0,1.683,0.0,0.0,0.0,0.0,0.0,0.0,0.0,0.0,0.0,0.0,0.041,0.0,0.0,,0.0,0.05,0.0,0.0,82.475,6.332,1.702,0.0,0.0,0.0,0.0,0.0,0.0,0.0,0.3,0.0,0.0,0.0,0.0,0.0,0.0,0.0,3730.0,0.0,0.076,0.019,0.0,0.015,0.009,0.031,0.0,0.0,0.0,0.0,16.653,0.0,8.636,2.516,0.019,0.016,0.0,0.0,0.03,0.0,0.0,0.6,2.17,1.676,6.253,0.0,0.0,0.019,0.0,0.0,,,,,,,,86.0,0.0,0.021,0.0,0.0,0.0,0.007,0.021,0.016,0.0,0.007,,,,,0.0,0.0,,
49671,"Oil, coconut",oil coconut,1,4,Fats and Oils,23,McCance and Widdowson's,0.0,0.0,0.0,0.0,0.0,6.0,0.0,0.0,0.0,0.6,,,,0.0,0.0,,0.0,0.0,0.0,,,0.0,0.0,0.0,0.0,0.0,0.0,0.0,0.0,0.0,0.0,,,0.0,,0.0,,0.0,,0.0,99.9,899.0,0.0,0.0,,,0.66,,0.0,,,0.0,0.4,6.9,6.2,45.0,,0.0,1.5,,,,,,0.0,0.0,,0.0,,0.0,0.0,0.0,0.0,0.0,0.0,0.0,0.0,86.5,6.0,1.5,,,,0.0,0.0,,0.0,,,,,,,,,3696.0,,0.1,0.0,0.0,0.0,0.0,0.0,,0.0,,0.0,17.0,,8.4,2.5,0.0,0.0,,,,0.0,0.0,1.0,0.5,1.5,6.0,0.0,0.0,0.0,0.0,0.0,0.0,,,66.0,7.0,15.0,,,,,,,,,,,,,,,,,,,,
49678,"Oil, olive",oil olive,0,4,Fats and Oils,23,McCance and Widdowson's,0.01,0.0,0.0,0.0,0.0,71.9,0.0,0.0,0.0,0.0,,,,0.0,0.0,,0.0,0.0,0.0,,,0.0,0.0,0.0,0.0,0.0,0.0,0.0,0.0,0.0,0.0,,,0.0,,0.0,,0.0,,0.0,99.9,899.0,0.0,0.0,,,5.1,,0.0,,,0.0,0.0,0.0,0.0,0.1,,0.0,7.5,,,,,,0.0,0.0,,0.0,,0.3,0.0,0.0,0.0,0.0,0.4,0.0,0.0,14.3,73.0,8.2,,,,0.0,0.0,,,,,,,,,,,3696.0,,0.4,0.1,0.0,0.0,0.1,0.4,,0.1,,0.0,0.1,,10.1,3.0,0.7,0.7,,,,0.0,0.0,57.5,,7.5,71.9,0.0,0.0,0.7,0.0,0.0,0.0,,,102.0,2.2,0.6,,,,,,,,,,,,,,,,,,,,
2196,"Oil, olive, salad or cooking",oil olive salad or cooking,0,4,Fats and Oils,0,"USDA, 2018",0.0,1.0,0.0,1.0,0.0,71.269,,,0.83,0.0,,,,0.0,0.0,0.0,0.0,0.0,0.11,,0.1,0.0,,,,,,,,0.0,,0.0,0.0,0.0,0.0,0.0,0.0,0.0,0.0,0.0,100.0,884.0,0.0,2.0,0.0,0.0,14.35,0.0,0.0,0.0,0.0,0.0,0.0,0.0,0.0,0.0,0.0,0.0,9.762,0.0,0.0,0.0,0.0,0.0,0.0,0.0,0.0,0.0,0.0,0.311,0.0,0.0,,0.0,0.56,0.0,0.0,13.808,72.961,10.523,0.0,0.0,0.0,0.0,0.0,0.0,0.0,0.3,0.0,0.0,0.0,0.0,0.0,0.0,0.0,3699.0,0.0,0.414,0.129,0.0,,0.022,0.0,,0.125,,,0.0,0.0,11.29,1.953,0.761,1.255,0.0,0.0,0.0,0.0,0.0,60.2,,,,,,,,,,,,,,,,221.0,,,,,,,,,,,,,,,,,,
49681,"Oil, rapeseed",oil rapeseed,0,4,Fats and Oils,23,McCance and Widdowson's,0.01,0.0,0.0,0.0,0.0,57.6,0.0,0.0,38.0,1.2,,,,0.0,0.0,,0.0,0.0,0.0,,,0.0,0.0,0.0,0.0,0.0,0.0,0.0,0.0,0.0,0.0,,,0.0,,0.0,,0.0,,0.0,99.9,899.0,0.0,0.0,,,22.21,,0.0,,,0.0,0.0,0.0,0.0,0.0,,0.0,19.7,,,,,,0.0,0.2,,0.0,,1.2,0.0,0.0,0.0,0.0,0.1,0.0,0.0,6.6,59.3,29.3,,,,0.0,0.0,,0.0,,,,,,,,,3696.0,,0.6,0.3,0.0,0.0,0.0,0.0,,0.0,,0.0,0.0,,4.2,1.5,9.6,0.2,,,,0.0,0.0,112.5,,19.7,57.6,0.2,0.0,9.6,0.0,0.0,0.0,,,129.0,94.8,3.9,,,,,,,,,,,,,,,,,,,,
49683,"Oil, sesame",oil sesame,0,4,Fats and Oils,23,McCance and Widdowson's,0.0,10.0,,20.0,0.0,37.2,0.0,0.0,,,,,,0.1,0.0,,0.0,0.1,,,,0.0,,0.0,0.0,0.0,0.0,0.0,0.0,0.0,0.0,,,0.0,,0.0,,0.0,,0.2,99.7,898.0,0.0,2.0,,,,,0.07,,,0.0,0.0,0.0,0.0,0.0,,0.0,43.1,,,,,,0.0,0.0,,0.0,,0.2,0.0,0.0,0.0,0.0,0.1,0.01,0.0,14.6,37.5,43.4,,,,0.0,0.0,,0.0,,,,,,,,,3692.0,,0.6,0.1,0.0,0.0,0.1,0.1,,0.0,,0.0,0.0,,8.6,5.1,0.3,0.1,,,,0.0,0.0,,,43.1,37.2,0.0,0.0,0.3,0.0,0.0,0.0,,,430.0,164.0,60.0,,,,,,,,,,,,,,,,,,,,
49691,"Okra, boiled in unsalted water",okra boiled in unsalted water,0,11,Vegetables and Vegetable Products,23,McCance and Widdowson's,0.09,120.0,54.0,310.0,0.5,,0.9,0.5,,,,,,87.9,2.3,,16.0,0.9,,,,57.0,,,0.8,0.0,0.6,,0.0,0.0,0.0,,,0.0,,0.0,0.0,0.0,,2.5,0.9,28.0,,5.0,450.0,29.0,,,0.05,,,,,,,,,0.0,,,,,,,0.0003,,,,,,,,0.0,2.7,0.6,0.13,0.19,0.3,0.1,0.3,,,,1.0,,,77.0,,,,,,,,,119.0,,,,,,,,,,,,,,,,,,,,,0.21,46.0,,,,,,,,,,,,,,,,,,,,,,,,,,,,,,,,,,,
4621,"Okra, cooked, boiled, drained, without salt",okra cooked boiled drained without salt,0,11,Vegetables and Vegetable Products,0,"USDA, 2018",0.085,77.0,32.0,135.0,0.43,0.028,,,0.16,0.0,0.0,0.0,0.0,92.57,2.4,390.0,16.3,0.871,0.0,,,36.0,,,,,,,,0.0,0.0,0.0,0.0,0.0,0.0,0.0,0.0,0.0,0.0,1.87,0.21,22.0,2.5,6.0,170.0,0.0,0.27,0.0,0.055,0.0,0.0,0.0,0.0,0.0,0.0,0.0,46.0,0.0,0.045,0.041,0.253,0.135,0.068,0.029,0.016,0.0,0.0,0.0,0.0,0.0,0.0,0.0,,4.51,0.28,0.132,0.187,0.045,0.028,0.046,0.061,0.065,0.098,0.4,0.294,283.0,14.0,8.7,0.041,0.042,0.078,0.085,0.081,0.061,0.018,94.0,,,,,,,,,,,,0.0,46.0,0.038,0.004,0.001,0.0,0.02,0.075,0.84,0.213,46.0,40.0,0.0,,,,,,,,,,,,,,,,,,,,,,,,,,,,,,,,,
22235,"Olive oil, extra virgin",olive oil extra virgin,0,4,Fats and Oils,11,"CIQUAL, ANSES",0.0049,0.0,0.0,0.0,0.018,71.0,,0.0,,,,,,0.0,0.0,,0.0,0.0,,,,0.0,0.0,0.0,,,,,,0.0,,,,0.0,,0.0,,0.0,,0.0,100.0,900.0,0.0,0.0,0.0,,21.7,,0.0,,,0.0,0.0,0.0,0.0,0.0,,0.0,6.75,,,,,,,,0.0,0.0,,,0.0,,,0.0,0.044,0.0,0.0,11.9,75.2,7.39,,,,0.0,0.0033,,,,,,,,,,,3700.0,,,,,,,,,,,,0.0,,8.26,2.99,0.64,,,,0.0084,0.0,0.0,60.2,,,,,,,,,,,,,,,,,,,,,,,,,,,0.0,,,,,,,
27543,"Olives, black type",olives black type,0,11,Vegetables and Vegetable Products,14,"FCDBE, IEO",,62.0,18.0,432.0,0.5,,,0.0,,,,,,68.6,0.8,,20.0,1.0,,,,,,,,,,,,0.0,,,,0.0,,0.0,,,,1.6,25.1,235.3,2.4,54.0,330.0,,1.99,,0.1,,,,,,,,,0.0,,,,,,,,,,,,,,,,0.8,1.6,0.1,0.02,3.51,17.52,2.81,,,,,,,55.0,,,,,,,,,984.5,,,,,,,,,,,,,,,,,,,,,,,,,,,,,,,,,,,,,,,,,,,,,,,,,,,,,,,,,
81585,"Olives, black, in oil (Greek olive)",olives black in oil greek olive,0,2,Spices and Herbs,11,"CIQUAL, ANSES",0.27,110.0,60.0,320.0,0.62,21.6,,,,,,,,45.7,,,0.62,0.19,,,,29.0,4610.0,0.0,,,,,,0.0,,,,0.0,,0.0,,0.028,,2.19,33.3,332.0,11.6,3380.0,12.2,,2.57,,0.05,,,0.0,0.0,0.0,0.0,0.0,,0.0,4.74,,,,,,,,0.0,0.0,,,0.0,,,0.0,1.7,0.058,0.048,4.02,22.6,5.06,,,,0.0,0.28,,,,,,,,,,,1360.0,,,,,,,,,,,,0.0,,3.23,0.79,0.32,,,,9.55,0.17,5.83,,,,,,,,,,,,,,,,,,,,,,,,,,,,0.0,,,,,,,
49694,"Olives, green, in brine, drained, flesh and skin",olives green in brine drained flesh and skin,0,9,Fruits and Fruit Juices,23,McCance and Widdowson's,0.23,61.0,17.0,91.0,,,0.0,0.0,0.12,0.0,,,,76.5,0.0,,0.0,0.0,0.02,,,22.0,2220.0,,0.0,,0.0,0.0,0.0,0.0,0.0,,,0.0,,0.0,,0.0,,0.9,11.0,103.0,,1330.0,180.0,0.0,1.99,,0.0,,,,,,,,,0.0,,,,,,,0.0001,,,,,,,,0.0,0.0,1.0,0.0,0.02,1.7,5.7,1.3,,,,,,,30.0,,,,,,,,,422.0,,,,,,,,,,,,,,,,,,,,,0.02,0.0,,,,,,,,,,,,,,,,,,,,,,,,,,,,,,,,,,,
208859,Omelete,omelete,0,22,"Meals, Entrees, and Side Dishes",33,"TCA, INSA 2019",,77.0,180.0,260.0,1.3,,,0.0,,,,,,75.8,0.2,,41.0,0.15,,,,18.0,,,,,,,,0.0,0.0,,,,,1.5,,0.88,,12.0,9.5,136.0,0.6,380.0,624.0,,2.38,,0.4,,,,,,,,,359.0,,,,,,,3.44,,,,,,,,,0.2,2.5,0.11,0.33,2.4,3.4,1.8,,,,,,,271.0,,,,,,,,,564.0,,,,,,,,,,,,,,,,,,,,1.74,,76.0,,,,,,,,,,,,,,,,,,,,,,,,,,,,,,,,,,,
28237,Omelette with 5 vegetables,omelette with 5 vegetables,0,22,"Meals, Entrees, and Side Dishes",15,"IFCD, UCC",0.08,40.0,109.0,263.0,0.74,,,0.4,,,,,,80.6,2.6,,28.6,0.63,,,,12.0,,,,,,,,,,,,139.5,,1.3,,1.47,,6.5,5.7,91.0,,48.0,,,0.52,,0.21,,,,,,,,,196.0,,,,,,,,,,,,,,,,3.7,1.33,0.14,0.24,1.8,2.1,1.0,,,,2.3,0.14,,,,,,,,,,,380.74,,,,,,,,,,,,,,,,,,,,,0.58,63.0,,,,,,,,,,,,,,,,,,,,,,,,,,,,,,,,,,,
49699,"Omelette, Spanish, homemade",omelette spanish homemade,0,22,"Meals, Entrees, and Side Dishes",23,McCance and Widdowson's,0.06,29.0,89.0,226.0,0.6,,1.0,2.4,,,,,,78.2,3.2,,29.0,0.5,,,,15.0,112.0,19.0,1.1,,1.1,,0.0,,0.0,,,43.0,,1.1,,0.9,,5.6,7.6,112.0,,55.0,,,1.8,,0.16,,,,,,,,,120.0,,,,,,,0.0014,,,,,,,,0.0,5.9,1.04,0.12,0.13,1.19,3.73,1.85,,,,8.0,0.14,,80.0,,,,,,,,,470.0,,,,,,,,,,,,,,,,,,,,,0.63,26.0,,,,,,,,,,,,,,,,,,,,,,,,,,,,,,,,,,,
49696,"Omelette, cheese, homemade",omelette cheese homemade,0,22,"Meals, Entrees, and Side Dishes",23,McCance and Widdowson's,0.04,280.0,277.0,110.0,2.1,,0.0,0.0,,,,0.01,,58.0,0.0,,0.0,0.0,,,,17.0,461.0,39.0,0.0,0.0,0.0,12.6,0.0,0.0,0.5,,,196.0,,1.9,,2.3,,15.9,22.7,268.0,0.0,337.0,,,3.71,,0.36,,,,,,,,,232.4,,,,,,,0.0042,,,,,,,,0.0,0.0,1.11,0.06,0.12,9.55,6.36,4.8,,,,15.0,0.03,,204.0,,,,,,,,,1113.0,,,,,,,,,,,,,,,,,,,,,0.82,29.0,,,,,,,,,,,,,,,,,,,,,,,,,,,,,,,,,,,
49698,"Omelette, plain, homemade",omelette plain homemade,0,22,"Meals, Entrees, and Side Dishes",23,McCance and Widdowson's,0.05,41.0,158.0,128.0,1.0,,0.0,0.0,,,,,,69.1,0.0,,0.0,0.0,,,,11.0,159.0,44.0,0.0,0.0,0.0,16.9,0.0,0.0,0.01,,,109.0,,2.8,,2.3,,10.9,16.4,191.0,0.0,136.0,,,5.38,,0.35,,,,,,,,,303.0,,,,,,,0.0029,,,,,,,,0.0,0.0,1.53,0.07,0.1,3.22,4.76,6.73,,,,20.0,0.03,,109.0,,,,,,,,,793.0,,,,,,,,,,,,,,,,,,,,,0.99,28.0,,,,,,,,,,,,,,,,,,,,,,,,,,,,,,,,,,,
22417,"Onion, cooked",onion cooked,0,11,Vegetables and Vegetable Products,11,"CIQUAL, ANSES",0.077,29.2,44.0,220.0,0.19,,,0.0,,,,,,90.4,4.0,,2.1,0.0,,,,13.0,,1.0,,,,,,0.0,,,,0.0,,0.0,,0.0,,1.3,0.2,34.6,1.4,8.4,0.0,,0.015,,0.0,,,0.0,0.0,0.0,0.0,0.0,,0.0,,,,,,,,,,0.0,,,0.0,,,6.2,0.21,0.0,0.09,0.024,0.02,0.056,,,,0.0,0.12,,,,,,,,,,,146.0,,,,,,,,,,,,0.001,,0.021,0.0015,,,,,0.5,0.13,21.0,0.4,,,,,,,,,,,,,,,,,,,,,,,,,,,0.0,,,,,,,
22416,"Onion, raw",onion raw,0,11,Vegetables and Vegetable Products,11,"CIQUAL, ANSES",0.0,25.0,37.0,190.0,0.23,0.021,,0.0,,,,,,89.6,4.8,,3.9,0.0,,,,9.0,61.0,0.0,,,,,,0.0,,,,0.0,,0.0,,0.0,,1.1,0.62,39.0,1.7,39.0,0.0,,0.045,,0.0,,,0.0,0.0,0.0,0.0,0.002,,0.0,0.062,,,,,,,,0.0,0.0,,,0.0,,,6.25,0.00019,0.0,0.1,0.2,0.021,0.066,,,,2.3,0.1,,,,,,,,,,,164.0,,,,,,,,,,,,0.002,,0.14,0.029,0.0031,,,,0.48,0.15,29.6,0.35,,,,,,,,,,,,,,,,,,,,,,,,,,,0.21,,,,,,,
235231,"Onion, red, sautéed/pan-fried, without fat",onion red saut ed pan fried without fat,0,11,Vegetables and Vegetable Products,37,"Ciqual 2020, ANSES",0.07,26.0,33.0,220.0,0.26,0.01,2.1,0.35,,,,,,87.9,6.7,,5.68,0.15,,,,10.0,22.1,20.0,2.1,,2.5,,0.2,0.0,,,,,,,,,,1.69,0.3,42.4,2.1,5.0,5.0,,0.08,,0.01,,,0.01,0.01,0.01,0.01,0.01,,,0.01,,,,,,,,0.01,0.01,,,0.01,,0.2,7.55,0.26,0.031,0.062,0.01,0.01,0.01,,,,20.0,0.15,,,,,,,,,,,179.0,,,,,,,,,,,,0.01,,0.01,0.01,0.01,,,,0.51,0.19,33.3,,,,,,,,,,,,,,,,,,,,,,,,,,,,,,,,,,,
49703,"Onions, baked",onions baked,0,11,Vegetables and Vegetable Products,23,McCance and Widdowson's,0.05,37.0,29.0,172.0,0.2,,2.6,0.0,,,,,,86.4,7.7,,3.0,0.3,,,,10.0,67.0,2.0,2.2,0.0,2.9,1.0,0.0,,0.0,,,0.0,,0.0,,0.0,,1.2,0.2,43.0,2.7,4.0,,,0.36,,0.02,,,,,,,,,0.0,,,,,,,0.0003,,,,,,,,0.0,9.9,0.37,0.11,0.1,0.0,0.0,0.09,,,,0.0,0.12,,2.0,,,,,,,,,185.0,,,,,,,,,,,,,,,,,,,,,0.04,11.0,,,,,,,,,,,,,,,,,,,,,,,,,,,,,,,,,,,
4625,"Onions, cooked, boiled, drained, without salt",onions cooked boiled drained without salt,0,11,Vegetables and Vegetable Products,0,"USDA, 2018",0.067,22.0,35.0,166.0,0.21,0.027,1.1,,0.0,0.0,,,,87.86,4.73,4.0,5.2,0.165,0.0,,,11.0,,,1.44,0.0,2.19,,0.0,0.0,0.0,0.0,0.0,0.0,0.0,0.0,0.0,0.0,0.0,1.36,0.19,44.0,1.4,3.0,1.0,0.0,0.02,0.0,0.023,0.0,0.0,0.0,0.0,0.0,0.0,0.0,15.0,0.0,0.07,0.057,0.22,0.074,0.038,0.022,0.02,0.0,0.0,0.0,0.0,0.0,0.0,0.0,0.0,10.15,0.24,0.042,0.129,0.031,0.027,0.073,0.033,0.048,0.048,0.6,0.153,2.0,0.0,6.8,0.04,0.042,0.183,0.031,0.034,0.035,0.024,184.096,,,,,,,,,,,,0.001,15.0,0.028,0.002,0.004,0.0,0.011,0.065,0.44,0.113,15.0,0.5,,,,,,,,,,,,,,,,18.0,,,,,,,,,,,,,,,,,,
49711,"Onions, pickled, drained",onions pickled drained,0,11,Vegetables and Vegetable Products,23,McCance and Widdowson's,0.04,22.0,23.0,93.0,0.1,,1.2,0.0,,,,,,90.6,3.5,,0.0,0.1,,,,5.0,730.0,3.0,1.4,0.0,0.9,,0.0,0.0,0.0,,,0.0,,0.0,,0.0,,0.9,0.2,24.0,1.6,450.0,10.0,0.0,0.31,,0.0,,,,,,,,,0.0,,,,,,,0.0002,,,,,,,,0.0,4.9,0.2,0.02,0.1,0.0,0.0,0.1,,,,1.0,0.1,,2.0,,,,,,,,,101.0,,,,,,,,,,,,,,,,,,,,,,14.0,,,,,,,,,,,,,,,,,,,,,,,,,,,,,,,,,,,
4624,"Onions, raw",onions raw,1,11,Vegetables and Vegetable Products,0,"USDA, 2018",0.039,23.0,29.0,146.0,0.17,0.013,0.99,0.0,0.0,0.0,0.0,0.0,0.0,89.11,4.24,4.0,7.4,0.116,0.0,1.1,0.1,10.0,,,1.29,0.0,1.97,,0.0,0.0,0.0,0.0,0.0,0.0,0.0,0.0,0.0,0.0,0.0,1.1,0.1,40.0,1.7,4.0,1.0,0.0,0.02,0.0,0.027,0.0,0.0,0.0,0.0,0.0,0.0,0.0,19.0,0.0,0.013,0.025,0.258,0.091,0.021,0.014,0.014,0.0,0.0,0.0,0.0,0.0,0.0,0.0,0.0,9.34,0.21,0.046,0.12,0.042,0.013,0.017,0.021,0.014,0.025,0.5,0.129,2.0,0.0,6.1,0.021,0.012,0.104,0.021,0.014,0.025,0.004,166.0,0.0,0.0,0.0,0.0,0.0,0.0,0.0,0.0,0.0,0.0,0.0,0.004,19.0,0.034,0.004,0.004,0.0,0.002,0.039,0.35,0.123,19.0,0.4,0.04,,,,,,,,,,,,,,,15.0,,,,,,,,,,,,,,,,,,
49712,"Onions, raw",onions raw,1,11,Vegetables and Vegetable Products,23,McCance and Widdowson's,0.04,30.0,23.0,138.0,0.1,,2.1,0.0,0.06,0.0,,,,89.1,6.2,,3.0,0.3,0.0,,,8.0,54.0,2.0,1.8,0.0,2.3,1.0,0.0,0.0,0.0,,,0.0,,0.0,,0.0,,1.0,0.1,35.0,2.2,3.0,,,0.29,,0.02,,,,,,,,,0.0,,,,,,,0.0003,,,,,,,,0.0,8.0,0.3,0.11,0.1,0.0,0.0,0.07,,,,0.0,0.1,,2.0,,,,,,,,,150.0,,,,,,,,,,,,,,,,,,,,,0.04,11.0,,,,,,,,,,,,,,,,,,,,,,,,,,,,,,,,,,,
4633,"Onions, spring or scallions (includes tops and bulb), raw",onions spring or scallions includes tops and bulb raw,0,11,Vegetables and Vegetable Products,0,"USDA, 2018",0.083,72.0,37.0,276.0,0.39,0.027,,,,,,,,89.83,2.33,1137.0,18.8,0.525,,,,20.0,,,,,,,,0.0,0.0,0.0,0.0,0.0,0.0,0.0,0.0,0.0,0.0,1.83,0.19,32.0,2.6,16.0,598.0,0.0,0.55,0.0,0.08,0.0,0.0,0.0,0.0,0.0,0.0,0.0,64.0,0.0,0.07,0.091,0.378,0.169,0.082,0.032,0.02,0.0,0.0,0.0,0.0,0.0,0.0,0.0,,7.34,1.48,0.055,0.061,0.032,0.027,0.074,0.072,0.077,0.109,0.6,0.16,997.0,50.0,5.7,0.082,0.121,0.132,0.081,0.053,0.059,,135.0,,,,,,,,,,,,0.001,64.0,0.028,0.003,0.004,0.0,0.02,0.091,0.81,0.075,64.0,207.0,,,,,,,,,,,,,,,,,,,,,,,,,,,,,,,,,,
4634,"Onions, young green, tops only",onions young green tops only,0,11,Vegetables and Vegetable Products,0,"USDA, 2018",0.031,52.0,25.0,159.0,0.2,0.034,0.16,0.0,,,,,,92.32,3.91,858.0,13.4,0.33,,,,16.0,,,2.12,0.0,1.64,,0.0,0.0,0.0,0.0,0.0,0.0,0.0,0.0,0.0,0.0,0.0,0.97,0.47,27.0,1.8,15.0,2400.0,0.0,0.21,0.0,0.026,0.0,0.0,0.0,0.0,0.0,0.023,0.006,30.0,0.0,0.081,,,,,,,0.0,0.0,0.0,0.0,0.0,0.0,0.0,0.0,5.74,0.51,0.03,0.088,0.165,0.042,0.121,,,,0.5,0.15,4000.0,200.0,4.3,,,,,,,,112.968,,0.004,0.004,0.004,0.004,0.002,0.004,0.0,0.0,0.0,0.0,0.011,30.0,0.085,0.023,0.04,0.004,,,0.51,0.138,30.0,156.3,,0.081,0.034,0.0,0.0,0.04,0.0,0.0,,,,,,,,,0.0,0.0,0.0,0.0,0.0,0.0,0.0,0.004,0.0,0.0,,,,,,,,
49714,"Orange juice, chilled",orange juice chilled,0,9,Fruits and Fruit Juices,23,McCance and Widdowson's,0.03,8.0,15.0,158.0,0.0,,4.2,0.0,0.0,0.0,,,,87.7,8.6,100.0,40.0,0.4,0.0,,,9.0,65.0,1.0,2.4,0.0,2.0,0.7,0.0,0.0,0.0,,,0.0,,0.0,48.0,0.0,,0.9,0.0,36.0,0.0,1.0,16.0,0.0,0.15,0.0,0.02,,,,,,,,,0.0,,,,,,,0.0,,,,,,,,0.0,8.6,0.07,0.28,0.06,0.0,0.0,0.0,,,,0.0,0.02,,7.0,,,,,,,,,153.0,,,,,,,,,,,,,,,,,,,,,0.15,22.0,,,,,,,,,,,,,,,,,,,,,,,,,,,,,,,,,,,
49715,"Orange juice, freshly squeezed",orange juice freshly squeezed,0,9,Fruits and Fruit Juices,23,McCance and Widdowson's,0.0,12.0,22.0,180.0,0.0,,4.0,0.0,0.0,0.0,,,,87.7,8.1,55.0,48.0,0.2,0.0,,,12.0,73.0,1.0,2.2,,2.0,1.0,0.0,0.0,0.0,,,0.0,,0.0,98.0,0.0,,0.6,0.0,33.0,,2.0,6.0,0.0,0.35,0.0,0.02,,,,,,,,,0.0,,,,,,,0.0001,,,,,,,,0.0,8.1,0.3,0.08,0.05,0.0,0.0,0.0,,,,0.0,0.1,,9.0,,,,,,,,,140.0,,,,,,,,,,,,,,,,,,,,,0.27,28.0,,,,,,,,,,,,,,,,,,,,,,,,,,,,,,,,,,,
22476,"Orange juice, home-made",orange juice home made,0,9,Fruits and Fruit Juices,11,"CIQUAL, ANSES",0.025,10.5,17.0,200.0,0.027,,,0.0,,,,,,88.3,8.4,,52.6,0.4,,,,13.2,,1.0,,,,,,0.0,,,,0.0,,0.0,,0.0,,0.66,0.2,45.0,0.2,0.0,33.0,,0.04,,0.03,,,0.0,0.0,0.0,0.0,0.0,,0.0,,,,,,,,,,0.0,,,0.0,,,9.44,0.079,0.09,0.04,0.024,0.036,0.04,,,,0.0,0.022,,,,,,,,,,,191.0,,,,,,,,,,,,0.001,,0.021,0.001,,,,,0.4,0.19,30.0,0.1,,,,,,,,,,,,,,,,,,,,,,,,,,,0.8,,,,,,,
3894,"Orange juice, raw",orange juice raw,0,,,0,"USDA, 2018",0.044,11.0,17.0,200.0,0.05,0.032,,,,,,,,88.3,8.4,115.0,50.0,0.4,,,,11.0,,,,,,,,0.0,0.0,0.0,0.0,0.0,0.0,0.0,169.0,0.0,0.0,0.7,0.2,45.0,0.2,1.0,33.0,6.0,0.04,0.0,0.03,0.0,0.0,0.0,0.0,0.0,0.0,0.0,30.0,0.0,0.029,0.009,0.033,0.075,0.015,0.003,0.002,0.0,0.0,0.0,0.0,0.0,0.0,0.0,,10.4,0.2,0.09,0.04,0.024,0.036,0.04,0.008,0.008,0.013,0.1,0.014,200.0,10.0,6.2,0.013,0.044,0.047,0.011,0.004,0.009,0.005,188.28,,,,,,,,,,,,0.001,30.0,0.021,0.001,0.011,0.005,0.003,0.009,0.4,0.19,30.0,0.1,,,,,,,,,,,,,,,,,,,,,,,,,,,,,,,,,,
3902,"Orange peel, raw",orange peel raw,0,9,Fruits and Fruit Juices,0,"USDA, 2018",0.092,161.0,21.0,212.0,0.25,0.032,,,,,,,,72.5,,,136.0,0.9,,,,22.0,,,,,,,,0.0,0.0,,,0.0,,,,0.0,0.0,1.5,0.2,97.0,10.6,3.0,,,0.25,,0.09,0.0,0.0,0.0,0.0,0.0,0.0,0.0,30.0,0.0,0.029,,,,,,,0.0,0.0,0.0,0.0,0.0,0.0,0.0,,25.0,0.8,0.12,0.176,0.024,0.036,0.04,,,,1.0,,420.0,21.0,,,,,,,,,405.848,,,,,,,,,,,,0.001,30.0,0.021,0.001,0.011,0.005,,,0.8,0.49,30.0,,,,,,,,,,,,,,,,,34.0,,,,,,,,,,,,,,,,,,
436022,"Oranges, Aroma, Flavor",oranges aroma flavor,0,11,Vegetables and Vegetable Products,5,My foods,,,,,,,,,,,,,,,,,,,,,,,,,,,,,,,,,,,,,,,,0.0,0.0,10.0,,,,,,,,,,,,,,,,,,,,,,,,,,,,,,,,0.0,,,,,,,,,,,,,,,,,,,,,,41.84,,,,,,,,,,,,,,,,,,,,,,,,,,,,,,,,,,,,,,,,,,,,,,,,,,,,,,,,,
49718,"Oranges, flesh only",oranges flesh only,0,9,Fruits and Fruit Juices,23,McCance and Widdowson's,0.03,24.0,16.0,122.0,0.0,,4.0,0.0,0.0,0.0,,,,87.0,8.2,55.0,52.0,0.5,0.0,,,8.0,73.0,1.0,2.2,0.0,2.0,1.0,0.0,0.0,0.0,,,0.0,,0.0,98.0,0.0,,0.8,0.2,36.0,1.2,1.0,6.0,0.0,0.35,0.0,0.03,,,,,,,,,0.0,,,,,,,0.0001,,,,,,,,0.0,8.2,0.11,0.22,0.05,0.05,0.05,0.07,,,,0.0,0.02,,9.0,,,,,,,,,152.0,,,,,,,,,,,,,,,,,,,,,0.27,33.0,0.05,,,,,,,,,,,,,,,,,,,,,,,,,,,,,,,,,,
49719,"Oranges, flesh only, weighed with peel and pips",oranges flesh only weighed with peel and pips,0,9,Fruits and Fruit Juices,23,McCance and Widdowson's,0.02,17.0,11.0,87.0,0.0,,2.8,0.0,,,,,,87.0,5.8,,37.0,0.4,,,,6.0,52.0,1.0,1.6,0.0,1.4,0.7,0.0,,0.0,,,0.0,,0.0,,0.0,,0.8,0.2,27.0,1.2,0.0,,,0.25,,0.02,,,,,,,,,0.0,,,,,,,0.0001,,,,,,,,0.0,5.8,0.08,0.16,0.04,0.04,0.04,0.05,,,,0.0,0.01,,7.0,,,,,,,,,114.0,,,,,,,,,,,,,,,,,,,,,0.19,23.0,0.04,,,,,,,,,,,,,,,,,,,,,,,,,,,,,,,,,,
3892,"Oranges, raw, Florida",oranges raw florida,0,9,Fruits and Fruit Juices,0,"USDA, 2018",0.039,43.0,12.0,169.0,0.08,0.034,,,,,,,,87.14,9.14,129.0,45.0,0.4,,,,10.0,,,,,,,,0.0,0.0,0.0,0.0,0.0,0.0,0.0,116.0,0.0,0.0,0.7,0.21,46.0,2.4,0.0,71.0,11.0,0.18,0.0,0.04,0.0,0.0,0.0,0.0,0.0,0.0,0.0,17.0,0.0,0.031,0.071,0.071,0.085,0.038,0.013,0.007,0.0,0.0,0.0,0.0,0.0,0.0,0.0,,11.54,0.09,0.1,0.051,0.025,0.039,0.042,0.011,0.019,0.017,0.5,0.024,225.0,11.0,8.4,0.024,0.035,0.049,0.03,0.012,0.023,0.007,192.464,,,,,,,,,,,,0.001,17.0,0.023,0.001,0.011,0.005,0.015,0.035,0.41,0.25,17.0,0.0,,,,,,,,,,,,,,,,,,,,,,,,,,,,,,,,,,
81429,"Oregano, dried",oregano dried,0,2,Spices and Herbs,11,"CIQUAL, ANSES",0.63,1600.0,148.0,1260.0,2.69,0.71,,,,,,,,9.93,4.09,,2.3,4.64,,,,270.0,,,,,,,,0.0,,,,0.0,,0.0,,0.0,,9.0,4.28,265.0,42.5,25.0,1010.0,,18.3,,0.53,,,0.0,0.0,0.0,0.004,0.25,,0.0,,,,,,,,,,0.0,,,0.0,,,26.4,36.8,0.18,1.04,1.55,0.72,1.37,,,,,4.99,,,,,,,,,,,1100.0,,,,,,,,,,,,0.004,,0.79,0.51,0.62,,,,7.87,0.92,237.0,622.0,,,,,,,,,,,,,,,,,,,,,,,,,,,0.0,,,,,,,
49720,"Oregano, dried, ground",oregano dried ground,0,2,Spices and Herbs,23,McCance and Widdowson's,0.63,1597.0,148.0,1260.0,2.7,,0.9,,,,,,,9.9,4.1,,2.0,4.6,,,,270.0,,,1.1,0.2,1.9,,0.0,0.0,0.0,,,0.0,,0.0,,0.0,,9.0,4.3,,42.5,25.0,,,,,0.53,,,,,,,,,0.0,,,,,,,,,,,,,,,0.0,,36.8,0.18,1.04,1.55,0.72,1.37,,,,5.0,4.99,,170.0,,,,,,,,,,,,,,,,,,,,,,,,,,,,,,0.92,237.0,,,,,,,,,,,,,,,,,,,,,,,,,,,,,,,,,,,
49721,"Oregano, fresh",oregano fresh,1,2,Spices and Herbs,23,McCance and Widdowson's,0.13,323.0,30.0,255.0,0.5,,0.2,,,,,,,81.8,0.8,,45.0,0.9,,,,55.0,,,0.2,0.0,0.4,,0.0,0.0,0.0,,,0.0,,0.0,,0.0,,1.8,0.9,,8.6,5.0,,,,,0.11,,,,,,,,,0.0,,,,,,,,,,,,,,,0.0,,7.43,0.04,0.21,0.23,0.1,0.21,,,,1.0,1.01,,34.0,,,,,,,,,,,,,,,,,,,,,,,,,,,,,,0.19,48.0,,,,,,,,,,,,,,,,,,,,,,,,,,,,,,,,,,,
38218,Ovo de galinha,ovo de galinha,0,1,Dairy and Egg Products,20,"TCNA, IBGE",0.01,50.0,172.0,126.0,1.05,,,,,,,,,,1.22,,,0.06,,,,10.0,,,,,,,,,,,,168.0,,1.28,,1.11,,12.58,10.61,155.0,,124.0,,,1.03,,0.51,,,,,,,,,424.0,1.19,,,,,,,,,,,,,,,1.12,1.19,0.07,0.12,3.27,4.08,1.41,,,,30.8,0.03,,169.33,,,,,,,,,648.52,,,,,,,,,,,,,,,,0.04,,,,,,44.0,,,,,,,,,,,,,,,,,,,,,,,,,,,,,,,,,,,
482,Ovo de galinha cozido,ovo de galinha cozido,1,1,Dairy and Egg Products,1,"TCA, INSA 2015",,44.0,185.0,130.0,1.3,,,0.0,,,,,,75.3,0.0,,0.0,0.03,,,,11.0,,,,,,,,0.0,0.02,,,170.0,,1.7,,0.5,40.0,13.0,10.8,149.119156992,0.0,140.0,0.0,,2.3,,0.35,,,,,,,,,408.0,,,,,,,0.0038,,,,,,,,,0.0,2.1,0.06,0.36,2.7,3.9,2.1,,,,,,,170.0,,,,,,,,,623.914552854528,,,,,,,,,,,,,,,,,,,,0.9,,,,,1.9,,,,,,,,,,,,,,,,,,,,,,,,,,,,,,,,
208564,Ovo de galinha cozido,ovo de galinha cozido,1,1,Dairy and Egg Products,33,"TCA, INSA 2019",,44.0,190.0,130.0,1.3,,,0.0,,,,,,75.3,0.0,,0.0,0.03,,,,11.0,,,,,,,,0.0,0.0,,,,,1.7,,0.5,,13.0,10.8,149.0,0.0,140.0,0.0,,2.3,,0.35,,,,,,,,,408.0,,,,,,,3.8,,,,,,,,,0.0,2.1,0.06,0.36,2.7,3.9,2.1,,,,,,,170.0,,,,,,,,,621.0,,,,,,,,,,,,,,,,,,,,0.9,,40.0,,,,,,,,,,,,,,,,,,,,,,,,,,,,,,,,,,,
208565,Ovo de galinha escalfado,ovo de galinha escalfado,0,1,Dairy and Egg Products,33,"TCA, INSA 2019",,42.0,180.0,120.0,1.3,,,0.0,,,,,,75.2,0.0,,0.0,0.03,,,,10.0,,,,,,,,0.0,0.0,,,,,1.6,,0.6,,13.0,10.9,150.0,0.0,140.0,0.0,,2.3,,0.33,,,,,,,,,408.0,,,,,,,3.8,,,,,,,,,0.0,2.1,0.06,0.36,2.7,3.9,2.1,,,,,,,170.0,,,,,,,,,624.0,,,,,,,,,,,,,,,,,,,,0.9,,40.0,,,,,,,,,,,,,,,,,,,,,,,,,,,,,,,,,,,
484,Ovo de galinha estrelado com azeite,ovo de galinha estrelado com azeite,0,1,Dairy and Egg Products,1,"TCA, INSA 2015",,42.0,176.0,110.0,1.2,,,0.0,,,,,,70.4,0.0,,0.0,0.04,,,,12.0,,,,,,,,0.0,0.021,,,180.0,,1.8,,0.8,42.0,13.4,15.1,189.505595344,0.0,221.0,0.0,,2.6,,0.33,,,,,,,,,433.0,,,,,,,0.0039,,,,,,,,,0.0,2.0,0.05,0.27,3.4,7.0,2.5,,,,,,,180.0,,,,,,,,,792.891410919296,,,,,,,,,,,,,,,,,,,,1.1,,,,,2.2,,,,,,,,,,,,,,,,,,,,,,,,,,,,,,,,
478,Ovo de galinha inteiro cru,ovo de galinha inteiro cru,1,1,Dairy and Egg Products,1,"TCA, INSA 2015",,44.0,184.0,130.0,1.3,,,0.0,,,,,,75.3,0.0,,0.0,0.04,,,,11.0,,,,,,,,0.0,0.02,,,190.0,,1.7,,1.0,50.0,13.0,10.8,149.119156992,0.0,140.0,0.0,,2.3,,0.44,,,,,,,,,408.0,,,,,,,0.0038,,,,,,,,,0.0,2.1,0.07,0.36,2.7,3.9,2.1,,,,,,,190.0,,,,,,,,,623.914552854528,,,,,,,,,,,,,,,,,,,,0.9,,,,,1.9,,,,,,,,,,,,,,,,,,,,,,,,,,,,,,,,
208570,Ovo de galinha inteiro cru,ovo de galinha inteiro cru,1,1,Dairy and Egg Products,33,"TCA, INSA 2019",,44.0,180.0,130.0,1.3,,,0.0,,,,,,75.3,0.0,,0.0,0.04,,,,11.0,,,,,,,,0.0,0.0,,,,,1.7,,1.0,,13.0,10.8,149.0,0.0,140.0,0.0,,2.3,,0.44,,,,,,,,,408.0,,,,,,,3.8,,,,,,,,,0.0,2.1,0.07,0.36,2.7,3.9,2.1,,,,,,,190.0,,,,,,,,,621.0,,,,,,,,,,,,,,,,,,,,0.9,,50.0,,,,,,,,,,,,,,,,,,,,,,,,,,,,,,,,,,,
481,Ovo de galinha líquido pasteurizado,ovo de galinha l quido pasteurizado,0,1,Dairy and Egg Products,1,"TCA, INSA 2015",,39.0,163.0,115.0,1.1,,,0.0,,,,,,77.9,0.0,,0.0,0.036,,,,10.0,,,,,,,,0.0,0.02,,,168.0,,1.5,,0.9,44.0,11.9,9.3,131.196181392,0.0,124.0,0.0,,2.0,,0.39,,,,,,,,,361.0,,,,,,,0.0035,,,,,,,,,0.0,1.9,0.06,0.32,2.3,3.3,1.8,,,,,,,168.0,,,,,,,,,548.924822944128,,,,,,,,,,,,,,,,,,,,0.83,,,,,1.6,,,,,,,,,,,,,,,,,,,,,,,,,,,,,,,,
428351,"PORK FILLET GLAZED WITH HONEY AND SOY, WITH ROMAN BROCCOLI AND CRUNCHY RIND CRUMBLE",pork fillet glazed with honey and soy with roman broccoli and crunchy rind crumble,0,,,19,My recipes,0.07516459627329193,12.068322981366459,178.93478260869566,347.8105590062112,1.2577950310559007,0.0013198757763975156,0.022111801242236023,0.0,,,,,,72.56770186335403,2.582173913043478,0.0,13.167701863354033,4.613487577639751,,0.17391304347826086,0.0422360248447205,24.00621118012422,594.9689440993789,2.4596273291925463,1.0171428571428571,0.07701863354037267,0.888198757763975,0.6832298136645962,0.03577639751552795,0.0,0.0,0.0,0.0,0.0,0.0,0.3416149068322981,0.0,0.6832298136645962,0.0,16.40046583850932,6.384782608695652,129.3975155279503,0.5049689440993788,839.1180124223602,21.149068322981364,0.0,0.4561490683229813,0.0,0.25001242236024845,0.0,0.0,0.0,0.0,0.0,0.0,0.0,1.4472049689440993,43.047391304347826,0.0030279503105590058,0.0339472049689441,0.1876366459627329,0.06914906832298136,0.041763975155279506,0.016717391304347823,0.01722670807453416,0.0,0.0,0.0,0.0,0.0,0.0,0.0,0.0,2.8895962732919256,0.8488198757763975,0.8120341614906831,0.3987329192546584,1.8493633540372667,2.9475310559006207,1.0555900621118013,0.03169875776397515,0.03800931677018633,0.05731366459627329,9.6472049689441,0.10097826086956521,0.0,0.0,3.0360248447204965,0.03764906832298136,0.06481366459627329,0.031568322981366456,0.040906832298136644,0.026751552795031056,0.041732919254658385,0.00838198757763975,541.3992049689427,,,,,,,,,,,,0.0,1.4472049689440993,0.007701863354037265,0.0009782608695652173,0.00038819875776397513,0.0,0.012990683229813664,0.05695341614906832,1.5524844720496893,1.1793291925465836,12.751552795031053,0.0,,,,,,,,,,,,,,,,,,,,,,,,,,,,,,,,,,
49732,"Pak choi, steamed",pak choi steamed,0,11,Vegetables and Vegetable Products,23,McCance and Widdowson's,0.06,73.0,47.0,287.0,0.4,,0.1,0.4,,0.0,,,,94.8,1.5,228.0,15.0,0.5,0.43,,,16.0,129.0,1.0,0.6,0.0,0.8,1.0,0.0,0.0,0.0,,,0.0,,0.0,0.0,0.0,,1.5,0.1,14.0,2.0,39.0,217.0,221.0,0.4,0.0,0.04,,,,,,,,,0.0,,,,,,,0.0003,,,,,,,,0.0,1.9,0.96,0.07,0.04,0.02,0.01,0.03,,,,0.0,0.27,,55.0,,,,,,,,,58.0,,,,,,,,,,,,,,,,,,,,,0.14,80.0,,,,,,,,,,,,,,,,,,,,,,,,,,,,,,,,,,,
37999,Palmito em conserva,palmito em conserva,0,11,Vegetables and Vegetable Products,20,"TCNA, IBGE",0.13,58.0,65.0,177.0,1.15,,,,,,,,,,,,7.9,0.44,,,,38.0,,,,,,,,,,,,,,,,,,2.52,0.62,28.0,2.4,426.0,,,0.5,,0.06,,,,,,,,,,0.18,,,,,,,,,,,,,,,4.62,3.13,0.01,0.02,0.13,0.1,0.2,,,,0.7,1.39,,,,,,,,,,,117.152,,,,,,,,,,,,,,,,0.02,,,,,,39.0,,,,,,,,,,,,,,,,,,,,,,,,,,,,,,,,,,,
49744,"Pancakes, savoury, made with semi-skimmed milk, homemade",pancakes savoury made with semi skimmed milk homemade,0,22,"Meals, Entrees, and Side Dishes",23,McCance and Widdowson's,0.05,127.0,129.0,190.0,0.7,,0.1,22.8,,,,,,58.1,3.8,,2.0,0.6,,,,16.0,132.0,30.0,0.0,,0.0,5.3,0.0,,0.06,,,30.0,,0.4,,1.0,,6.9,8.4,203.0,1.1,53.0,,,1.6,,0.22,,,,,,,,,49.0,,,,,,,0.0015,,,,,,,,3.7,26.6,0.79,0.09,0.09,1.95,1.96,3.78,,,,5.0,0.2,,31.0,,,,,,,,,855.0,,,,,,,,,,,,,,,,,,,,,0.64,10.0,,,,,,,,,,,,,,,,,,,,,,,,,,,,,,,,,,,
49749,"Pancakes, sweet, made with semi skimmed milk, homemade",pancakes sweet made with semi skimmed milk homemade,0,18,Baked Products,23,McCance and Widdowson's,0.06,116.0,118.0,174.0,0.7,,13.8,20.9,,,,,,49.1,17.0,,0.0,0.4,,,,15.0,119.0,27.0,0.0,,0.0,4.5,0.0,,0.0,,,17.0,,0.4,,0.9,,6.3,7.4,234.0,1.0,51.0,,,3.13,,0.2,,,,,,,,,48.0,,,,,,,0.0014,,,,,,,,3.2,37.9,0.78,0.07,0.08,1.22,1.72,3.87,,,,4.0,0.19,,17.0,,,,,,,,,988.0,,,,,,,,,,,,,,,,,,,,,0.52,11.0,,,,,,,,,,,,,,,,,,,,,,,,,,,,,,,,,,,
49751,"Pancakes, sweet, made with whole milk, homemade",pancakes sweet made with whole milk homemade,0,18,Baked Products,23,McCance and Widdowson's,0.06,113.0,118.0,171.0,0.7,,13.8,20.9,,,,,,46.9,16.9,,1.0,0.4,,,,15.0,120.0,27.0,0.0,,0.0,4.5,0.0,,0.09,,,41.0,,0.4,,0.9,,6.3,9.7,254.0,1.0,49.0,,,3.17,,0.2,,,,,,,,,53.6,,,,,,,0.0014,,,,,,,,3.1,37.8,0.77,0.07,0.08,2.67,2.33,3.94,,,,4.0,0.19,,42.0,,,,,,,,,1071.0,,,,,,,,,,,,,,,,,,,,,0.57,10.0,0.96,,,,,,,,,,,,,,,,,,,,,,,,,,,,,,,,,,
746,Papaia,papaia,0,9,Fruits and Fruit Juices,1,"TCA, INSA 2015",,21.0,16.0,210.0,0.1,,,0.0,,,,,,88.2,6.0,,68.0,0.3,,,,24.0,,,,,,,,0.0,0.0,,,135.0,,0.0,,0.0,1.0,0.6,0.1,38.713627296,2.3,22.0,810000.0,,1.5,,0.04,,,,,,,,,0.0,,,,,,,0.0001,,,,,,,,,9.1,0.4,0.03,0.03,0.0,0.1,0.0,,,,,,,135.0,,,,,,,,,161.977816606464,,,,,,,,,,,,,,,,,,,,0.59,,,,,0.0,,,,,,,,,,,,,,,,,,,,,,,,,,,,,,,,
49756,"Papaya, raw, flesh only",papaya raw flesh only,0,9,Fruits and Fruit Juices,23,McCance and Widdowson's,0.08,23.0,13.0,200.0,0.2,,3.1,0.0,,,,,,88.5,8.8,,60.0,0.3,,,,11.0,11.0,,2.8,,2.8,,0.0,0.0,0.0,,,0.0,,0.0,1365.0,0.0,,0.5,0.1,36.0,,5.0,130.0,0.0,,,0.04,,,,,,,,,0.0,,,,,,,0.0001,,,,,,,,0.0,8.8,0.5,0.03,0.03,0.0,0.0,0.0,,,,,0.1,,135.0,,,,,,,,,153.0,,,,,,,,,,,,,,,,,,,,,0.22,1.0,,,,,,,,,,,,,,,,,,,,,,,,,,,,,,,,,,,
3909,"Papayas, raw",papayas raw,0,9,Fruits and Fruit Juices,0,"USDA, 2018",0.045,20.0,10.0,182.0,0.08,0.034,0.0,0.0,0.09,0.01,0.07,0.01,0.0,88.06,7.82,89.0,60.9,0.357,0.02,,,21.0,,,3.73,0.0,4.09,,0.0,0.0,0.0,0.0,0.0,0.0,0.0,0.0,589.0,0.0,0.0,0.47,0.26,43.0,1.7,8.0,274.0,2.0,0.3,1828.0,0.027,0.0,0.0,0.0,0.0,0.0,0.0,0.002,37.0,0.0,0.011,0.018,0.033,0.049,0.014,0.005,0.008,0.0,0.0,0.0,0.0,0.0,0.0,0.0,0.0,10.82,0.25,0.023,0.038,0.081,0.072,0.058,0.011,0.008,0.016,0.6,0.04,950.0,47.0,6.1,0.015,0.01,0.01,0.01,0.005,0.009,,179.912,,,,,,,,,,,,0.013,37.0,0.06,0.004,0.047,0.038,0.002,0.025,0.39,0.191,37.0,2.6,0.0,,,,,,,,,,,,,,,,,,,,,,,,,,,,,,,,,
49759,Paprika,paprika,1,2,Spices and Herbs,23,McCance and Widdowson's,0.71,229.0,314.0,2280.0,4.3,,0.8,,,,,,,11.2,10.3,,1.0,10.1,,,,178.0,,,6.7,0.2,2.6,,0.0,0.0,0.0,,,0.0,,0.0,,0.0,,14.1,12.9,,34.9,68.0,,,,,1.23,,,,,,,,,0.0,,,,,,,,,,,,,,,0.0,,21.14,0.33,2.14,2.14,1.7,7.77,,,,6.0,1.59,,4926.0,,,,,,,,,,,,,,,,,,,,,,,,,,,,,,2.51,49.0,,,,,,,,,,,,,,,,,,,,,,,,,,,,,,,,,,,
81437,Paprika,paprika,1,2,Spices and Herbs,11,"CIQUAL, ANSES",0.71,229.0,314.0,2280.0,4.33,1.6,,,,,,,,11.2,10.3,,0.9,10.1,,,,178.0,,,,,,,,0.0,,,,0.0,,0.0,,0.0,,14.1,12.9,319.0,34.9,68.0,,,29.1,,1.23,,,0.0,0.0,0.0,0.0,0.068,,0.0,,,,,,,,,,0.0,,,0.0,,,19.1,21.1,0.33,2.14,2.14,1.7,7.77,,,,,1.59,,,,,,,,,,,1320.0,,,,,,,,,,,,0.17,,1.47,0.34,0.45,,,,7.74,2.51,49.0,80.3,,,,,,,,,,,,,,,,,,,,,,,,,,,0.0,,,,,,,
82467,Parma dry-cured ham,parma dry cured ham,0,7,Sausages and Luncheon Meats,11,"CIQUAL, ANSES",,16.0,,,,,,,,,,,,52.2,0.3,,13.0,,,,,,,,,,,,,0.0,,,,,,,,,,27.2,15.4,248.0,0.0,2180.0,,,,,,,,,,,,,,,,,,,,,,,,,,,,,,0.3,0.7,,,5.42,7.69,1.53,,,,,,,,,,,,,,,,1040.0,,,,,,,,,,,,,,,,,,,,5.83,,,,,,,,,,,,,,,,,,,,,,,,,,,,,,0.0,,,,,,,
1719,"Parmesan cheese topping, fat free",parmesan cheese topping fat free,0,1,Dairy and Egg Products,0,"USDA, 2018",0.02,800.0,700.0,600.0,3.0,1.256,,,,,,,,8.6,1.5,0.0,0.0,0.2,,,,40.0,,,,,,,,0.0,,0.0,0.0,39.0,0.0,0.0,0.0,1.1,0.0,40.0,5.0,370.0,0.0,1150.0,13.0,0.0,0.04,0.0,0.05,0.0,0.0,0.162,0.096,0.056,0.126,0.14,25.0,20.0,0.113,,,,,,,0.0,0.0,0.0,0.0,0.076,0.0,0.0,,40.0,5.0,0.05,0.1,3.11,1.446,0.186,,,,43.3,,151.0,40.0,15.4,,,,,,,,1548.08,,,,,,,,,,,,0.502,25.0,1.303,0.606,0.073,0.112,,,6.4,,25.0,0.4,,,,,,,,,,,,,,,,,,,,,,,,,,,,,,,,,,
22064,"Parmesan cheese, from cow's milk",parmesan cheese from cow s milk,0,1,Dairy and Egg Products,11,"CIQUAL, ANSES",0.031,1160.0,762.0,100.0,3.03,5.55,,0.0,,,,,,31.3,0.0,,0.0,0.23,,,,44.0,1820.0,131.0,,,,,,0.0,,,,216.0,,0.38,,1.4,,34.5,32.7,429.0,0.0,639.0,66.0,,0.46,,0.37,,,0.84,0.5,0.33,0.77,0.88,,78.8,0.59,,,,,,,,,,,,,,,0.0,0.84,0.037,0.081,19.9,8.32,1.36,,,,12.5,0.04,,,,,,,,,,,1780.0,,,,,,,,,,,,2.89,,7.6,2.91,0.13,,,,4.53,0.44,7.75,1.7,,,,,,,,,,,,,,,,,,,,,,,,,,,0.0,,,,,,,
49762,"Parsley, dried",parsley dried,0,2,Spices and Herbs,23,McCance and Widdowson's,0.16,1080.0,340.0,4090.0,3.8,,,2.1,,,,,,9.0,12.4,,120.0,5.4,,,,120.0,860.0,,4.8,0.0,7.5,2.1,0.0,,,,,0.0,,0.0,,0.0,,15.8,7.0,181.0,,180.0,,,9.15,,0.32,,,,,,,,,0.0,,,,,,,0.0025,,,,,,,,0.0,14.5,41.5,0.33,0.38,,,,,,,5.0,1.1,,3625.0,,,,,,,,,760.0,,,,,,,,,,,,,,,,,,,,,1.61,,,,,,,,,,,,,,,,,,,,,,,,,,,,,,,,,,,,
4639,"Parsley, fresh",parsley fresh,1,11,Vegetables and Vegetable Products,0,"USDA, 2018",0.149,138.0,58.0,554.0,1.07,0.287,,,0.53,0.0,0.0,0.0,0.0,87.71,0.85,5561.0,133.0,1.313,0.0,,,50.0,,,,,,,,0.0,0.0,0.0,0.0,0.0,0.0,0.0,0.0,0.0,0.0,2.97,0.79,36.0,3.3,56.0,5054.0,0.0,0.75,0.0,0.098,0.0,0.0,0.0,0.0,0.0,0.0,0.0,152.0,0.0,0.115,0.145,0.249,0.294,0.195,0.061,0.045,0.0,0.0,0.0,0.0,0.0,0.0,0.0,,6.33,6.2,0.086,0.09,0.132,0.295,0.124,0.122,0.118,0.204,0.1,0.16,8424.0,421.0,12.8,0.136,0.213,0.122,0.172,0.082,0.145,0.014,151.0,,,,,,,,,,,,0.008,152.0,0.084,0.039,0.008,0.008,0.042,0.181,2.2,0.4,152.0,1640.0,0.0,,,,,,,,,,,,,,,5.0,,,,,,,,,,,,,,,,,,
21645,"Parsley, fresh",parsley fresh,1,11,Vegetables and Vegetable Products,9,"BEDCA, UGR",0.00015,37.0,70.0,800.0,0.7,,,0.0909,,,,,,83.0,1.26214,,200.0,1.3,,,,39.0,,,,,,,,0.0,,,,0.0,,0.0,,0.0,,4.4,0.5,27.8,6.0,19.0,7000.0,,2.2,,0.3,,,,,,,,,0.0,,,,,,,,,,,,,,,,1.35304,5.5,0.14,0.2,0.08,0.19,0.08,,,,0.1,0.16,,1166.67,,,,,,,,,116.302,,,,,,,,,,,,,,,,,,,,,0.4,18.2,,,,,,,,,,,,,,,,,,,,,,,,,,,,,,,,,,,
21991,"Parsley, fresh",parsley fresh,1,2,Spices and Herbs,11,"CIQUAL, ANSES",0.12,218.0,65.0,598.0,0.77,0.0045,,0.36,,,,,,85.5,0.95,,177.0,1.51,,,,39.5,364.0,0.0,,,,,,0.0,,,,0.0,,0.0,,0.0,,3.63,0.63,42.7,4.3,54.3,5050.0,,1.73,,0.2,,,0.0,0.0,0.0,0.0,0.0048,,0.0,0.1,,,,,,,,,0.0,,,0.0,,,3.48,4.67,0.1,0.15,0.1,0.11,0.29,,,,0.1,1.7,,,,,,,,,,,179.0,,,,,,,,,,,,0.0023,,0.071,0.0043,0.16,,,,2.35,0.35,134.0,1220.0,,,,,,,,,,,,,,,,,,,,,,,,,,,0.0,,,,,,,
49763,"Parsley, fresh",parsley fresh,1,2,Spices and Herbs,23,McCance and Widdowson's,0.03,200.0,64.0,760.0,0.7,,0.0,0.4,,,,,,83.1,2.3,,190.0,1.0,,,,23.0,160.0,,0.9,0.0,1.4,0.4,0.0,0.0,0.0,,,0.0,,0.0,,0.0,,3.0,1.3,34.0,,33.0,,,1.7,,0.06,,,,,,,,,0.0,,,,,,,0.0005,,,,,,,,0.0,2.7,7.7,0.23,0.09,,,,,,,1.0,0.2,,673.0,,,,,,,,,141.0,,,,,,,,,,,,,,,,,,,,,0.3,170.0,548.0,,,,,,,,,,,,,,,,,,,,,,,,,,,,,,,,,,
28329,Pasta salad with prawns,pasta salad with prawns,0,22,"Meals, Entrees, and Side Dishes",15,"IFCD, UCC",0.1,31.0,88.0,118.0,0.76,,,9.8,,,,,,78.7,1.4,,34.8,0.48,,,,21.0,,,,,,,,,,,,0.0,,0.0,,1.87,,7.3,0.6,77.0,,436.0,,,0.21,,0.04,,,,,,,,,65.0,,,,,,,,,,,,,,,,11.2,0.64,0.01,0.1,0.1,0.1,0.2,,,,7.6,0.16,,,,,,,,,,,322.17,,,,,,,,,,,,,,,,,,,,,0.06,11.0,,,,,,,,,,,,,,,,,,,,,,,,,,,,,,,,,,,
49781,"Pasta, egg, white, dried, raw",pasta egg white dried raw,0,20,Cereal Grains and Pasta,23,McCance and Widdowson's,0.29,36.0,210.0,246.0,1.4,1.01,0.2,72.7,1.02,0.02,,,,8.2,2.1,,0.0,2.6,0.08,,,45.0,169.0,12.0,0.2,,0.2,1.0,1.5,0.0,0.01,,,14.0,,0.3,,0.0,,12.9,3.6,365.0,3.9,51.0,12.0,0.0,0.53,,0.08,,,,,,0.0,0.0,,20.1,0.95,,,,,,0.0026,0.0,,,,0.01,,,0.0,74.8,1.75,0.16,0.12,0.89,1.09,1.04,,,,27.0,0.71,,16.0,,,,,,,,,1550.0,,0.0,0.0,,0.0,0.01,0.0,0.0,0.01,0.03,,0.01,,0.68,0.18,0.05,0.06,,,,1.1,35.0,,,0.95,1.0,0.0,,0.05,,0.03,,,,6.9,0.8,0.2,0.33,10.9,,,,,,,,,,,,0.0,,,,,,
8061,"Pasta, fresh-refrigerated, plain, cooked",pasta fresh refrigerated plain cooked,0,20,Cereal Grains and Pasta,0,"USDA, 2018",0.093,6.0,63.0,24.0,0.56,0.124,,,,,,,,68.56,,,0.0,0.992,,,,18.0,,,,,,,,,,,,6.0,,,,0.14,57.0,5.15,1.05,131.0,,6.0,,,,,0.15,,,,,,,,104.0,33.0,0.392,0.161,1.832,0.208,0.149,0.103,0.065,,,,,,,,,24.93,1.14,0.209,0.034,0.15,0.124,0.429,0.134,0.197,0.348,,0.224,20.0,6.0,,0.24,0.559,0.187,0.217,0.134,0.247,0.143,548.104,,,,,,,,,,,,0.002,7.0,0.131,0.017,0.037,,0.079,0.097,0.3,0.183,64.0,,,,,,,,,,,,,,,,,,,,,,,,,,,,,,,,,,,
49783,"Pasta, plain, fresh, boiled",pasta plain fresh boiled,0,20,Cereal Grains and Pasta,23,McCance and Widdowson's,0.46,37.0,86.0,49.0,0.8,0.33,0.1,30.7,,,,,,61.5,0.6,,0.0,0.7,,,,19.0,29.0,36.0,0.0,,0.1,0.0,0.4,0.0,0.0,,,0.0,,0.0,,0.0,,6.6,1.5,159.0,,16.0,,,0.0,,0.03,,,0.0,0.0,0.0,0.0,0.0,,,,,,,,,0.001,,,0.0,,,0.0,0.0,0.0,31.8,0.8,0.06,0.02,0.28,0.3,0.36,,,,13.0,0.4,,0.0,,,,,,,,,677.0,,0.0,0.0,,0.0,0.0,0.0,,,,,0.0,,0.24,0.05,,0.02,,,,0.0,4.0,,,0.34,0.33,,,0.02,0.0,0.0,0.0,,,,,,,,,,,,,,,,,,,,,,,,,
21596,"Pasta, raw",pasta raw,0,20,Cereal Grains and Pasta,9,"BEDCA, UGR",,24.0,167.0,236.0,1.5,,,68.3,,,,,,9.5,2.6,,0.0,2.5,,,,55.0,,,,,,,,0.0,,,,0.0,,0.0,,0.0,,12.5,1.44776,351.67,5.0,5.0,0.0,,,,0.04,,,,,,,,,0.0,,,,,,,,,,,,,,,,70.9,1.8,0.15,0.08,0.19,0.15,0.63,,,,,,,0.0,,,,,,,,,1471.37,,,,,,,,,,,,,,,,,,,,,,28.0,,,,,,,,,,,,,,,,,,,,,,,,,,,,,,,,,,,
49786,"Pasta, white, twists, fusilli, dried, boiled in unsalted water",pasta white twists fusilli dried boiled in unsalted water,0,20,Cereal Grains and Pasta,23,McCance and Widdowson's,0.19,25.0,77.0,40.0,0.6,0.04,0.0,32.3,,,,,,58.3,0.6,,0.0,1.1,,,,22.0,50.0,4.0,0.0,,0.0,0.0,0.6,0.0,0.0,,,0.0,,0.0,,0.0,,4.8,0.4,146.0,2.6,5.0,,,0.08,,0.03,,,,,,0.0,0.0,,0.0,0.14,,,,,,0.0013,0.0,,,,0.0,,,0.0,32.9,0.71,0.0,0.02,0.06,0.05,0.15,,,,6.0,0.37,,0.0,,,,,,,,,623.0,,0.0,0.0,,,0.0,0.0,,0.0,,,0.0,,0.05,0.0,0.01,0.0,,,,0.3,5.0,,,0.14,0.04,0.0,0.0,0.01,,,,,,0.3,0.0,0.0,,0.4,,,,,,,,,,,,,,,,,,
49788,"Pasta, white, dried, raw",pasta white dried raw,0,20,Cereal Grains and Pasta,23,McCance and Widdowson's,0.3,24.0,179.0,232.0,1.2,0.17,0.3,73.5,1.0,0.05,,,,8.7,2.1,,0.0,3.3,0.13,,,47.0,100.0,0.0,0.2,,0.1,1.0,1.5,0.0,0.0,,,0.0,,0.0,,0.0,,11.3,1.6,343.0,,2.0,0.0,0.0,0.3,,0.03,,,,,,0.0,0.0,,0.0,0.62,,,,,,0.0024,0.0,,,,0.01,,,0.0,75.6,1.59,0.17,0.14,0.23,0.18,0.65,,,,22.0,0.77,,0.0,,,,,,,,,1461.0,,0.0,0.0,,0.0,0.0,0.0,,0.0,,,0.0,,0.2,0.02,0.04,0.0,,,,0.8,19.0,0.21,,,0.17,0.0,0.0,0.04,,,,,,4.6,0.5,0.2,0.0,7.1,,,,,,,,,,,,,,,,,,
49789,"Pasta, white, spaghetti, dried, boiled in unsalted water",pasta white spaghetti dried boiled in unsalted water,0,20,Cereal Grains and Pasta,23,McCance and Widdowson's,0.0,27.0,66.0,41.0,0.5,0.06,0.0,30.5,,,,,,64.9,1.0,,0.0,0.9,,,,21.0,55.0,0.0,0.1,,0.0,1.0,0.9,0.0,0.0,,,0.0,,0.0,,0.0,,4.4,0.6,141.0,1.7,3.0,,,0.11,,0.01,,,,,,0.0,,,0.0,0.23,,,,,,0.0008,0.0,0.0,,,0.0,,,0.0,31.5,0.63,0.08,0.01,0.09,0.07,0.25,,,,8.0,0.33,,0.0,,,,,,,,,601.0,,,0.0,,0.0,0.0,0.0,,0.0,,,0.0,,0.07,0.01,0.01,0.0,,,,0.2,8.0,0.05,,0.23,0.06,0.0,,0.01,,,0.0,,,0.8,0.0,0.0,,1.1,,,,,,,,,,,,,,,,,,
49790,"Pasta, white, twists, fusilli, dried, boiled in salted water",pasta white twists fusilli dried boiled in salted water,0,20,Cereal Grains and Pasta,23,McCance and Widdowson's,0.19,25.0,77.0,40.0,0.6,0.04,0.0,32.3,,,,,,60.0,0.6,,0.0,1.1,,,,22.0,324.0,4.0,0.0,,0.0,0.0,0.6,0.0,0.0,,,0.0,,0.0,,0.0,,5.0,0.7,150.0,2.6,174.0,,,0.08,,0.03,,,,,,0.0,0.0,,0.0,0.14,,,,,,0.0013,0.0,,,,0.0,,,0.0,32.9,0.71,0.0,0.02,0.11,0.09,0.26,,,,6.0,0.37,,0.0,,,,,,,,,637.0,,0.0,0.0,,0.0,0.0,0.0,,0.0,,,0.0,,0.05,0.0,0.01,0.0,,,,0.3,5.0,,,0.14,0.04,0.0,0.0,0.01,,,,,,0.3,0.0,0.0,,0.4,,,,,,,,,,,,,,,,,,
21555,"Pasta, whole, boiled",pasta whole boiled,0,20,Cereal Grains and Pasta,9,"BEDCA, UGR",0.00017,15.0,89.0,44.0,0.81,,,,,,,,,63.7,,,0.0,,,,,30.0,,,,,,,,,,,,,,,,0.0,,4.7,0.9,121.32,4.0,3.0,,,0.01,,0.04,,,,,,,,,0.0,,,,,,,,,,,,,,,,23.2,1.06,0.11,,0.1,,0.4,,,,25.9,1.38,,0.0,,,,,,,,,507.6,,,,,,,,,,,,,,,,,,,,,0.42,,,,,,,,,,,,,,,,,,,,,,,,,,,,,,,,,,,,
21553,"Pasta, whole, raw",pasta whole raw,0,20,Cereal Grains and Pasta,9,"BEDCA, UGR",0.00045,40.0,258.0,215.0,2.37,,,,,,,,,0.0,,,0.0,,,,,143.0,,,,,,,,,,,,,,0.0,,0.0,,13.4,2.5,345.53,11.5,8.0,,,,,0.14,,,,,,,,,0.0,,,,,,,,,,,,,,,,66.2,3.63,0.49,,0.4,0.3,1.1,,,,73.0,3.05,,0.0,,,,,,,,,1445.7,,,,,,,,,,,,,,,,,,,,,0.98,,,,,,,,,,,,,,,,,,,,,,,,,,,,,,,,,,,,
8089,"Pasta, whole-wheat, cooked",pasta whole wheat cooked,0,,,0,"USDA, 2018",0.225,13.0,127.0,96.0,1.34,0.168,0.2,25.51,0.09,0.0,1.16,0.0,0.0,61.8,0.75,94.0,0.0,3.126,0.08,,26.6,54.0,,,0.07,0.0,0.07,,0.4,0.0,0.0,0.0,0.0,0.0,0.0,0.0,0.0,0.0,0.0,5.99,1.71,149.0,3.9,4.0,2.0,0.0,0.23,0.0,0.099,0.0,0.0,0.0,0.0,0.0,0.0,0.0,21.0,0.0,0.538,0.217,2.074,0.27,0.186,0.14,0.077,0.0,0.0,0.0,0.0,0.006,0.0,0.0,0.0,30.07,1.72,0.156,0.093,0.243,0.176,0.574,0.161,0.232,0.409,36.3,1.321,4.0,0.0,6.5,0.292,0.638,0.211,0.259,0.156,0.298,0.125,625.0,0.0,0.002,0.003,0.0,0.003,0.001,0.002,0.0,0.0,0.0,0.0,0.004,21.0,0.207,0.021,0.036,0.002,0.097,0.133,0.44,0.268,21.0,0.6,0.18,0.538,0.168,0.0,0.0,0.036,0.0,0.0,,,,,,,,,0.0,0.0,0.0,0.0,0.0,0.0,0.0,0.002,0.0,0.0,,,,,0.0,0.0,,
49791,"Pasta, wholewheat, spaghetti, dried, boiled in unsalted water",pasta wholewheat spaghetti dried boiled in unsalted water,0,20,Cereal Grains and Pasta,23,McCance and Widdowson's,0.26,31.0,124.0,82.0,1.2,,0.0,27.5,,,,,,63.7,0.0,,0.0,1.8,,,,46.0,50.0,0.0,0.0,,0.0,2.0,0.0,0.0,0.0,,,0.0,,0.0,,0.0,,5.2,1.1,134.0,4.2,5.0,,,0.25,,0.02,,,,,,,,,0.0,,,,,,,0.0012,,,,,,,,0.0,27.5,1.48,0.11,0.02,0.17,0.13,0.46,,,,6.0,1.14,,0.0,,,,,,,,,569.0,,,,,,,,,,,,,,,,,,,,,0.3,8.0,,,,,,,,,,,,,,,,,,,,,,,,,,,,,,,,,,,
49792,"Pasta, wholewheat, spaghetti, dried, raw",pasta wholewheat spaghetti dried raw,0,20,Cereal Grains and Pasta,23,McCance and Widdowson's,0.54,39.0,333.0,426.0,2.8,,0.5,64.4,1.8,0.02,,,,9.5,3.9,,0.0,5.6,0.21,,,103.0,118.0,0.0,0.4,,0.4,4.0,2.6,0.0,0.0,,,0.0,,0.0,,0.0,,12.6,2.5,329.0,11.7,3.0,,,0.6,,0.06,,,,,,,,,0.0,,,,,,,0.0032,,,,,,,,0.0,68.3,3.25,0.33,0.31,0.4,0.3,1.1,,,,15.0,2.54,,0.0,,,,,,,,,1400.0,,,,,,,,,,,,,,,,,,,,,0.8,29.0,,,,,,,,,,,,,,,,,,,,,,,,,,,,,,,,,,,
21552,"Pasta, with vegetables, raw",pasta with vegetables raw,0,20,Cereal Grains and Pasta,9,"BEDCA, UGR",,,,,,,,,,,,,,13.0,,,,,,,,,,,,,,,,,,,,,,,,,,12.0,2.0,338.67,6.0,0.01,,,,,,,,,,,,,,0.0,,,,,,,,,,,,,,,,67.0,,,,0.5,,,,,,,,,,,,,,,,,,1417.0,,,,,,,,,,,,,,,,,,,,,,,,,,,,,,,,,,,,,,,,,,,,,,,,,,,,,,,,,
49803,"Pastry, filo, retail, cooked",pastry filo retail cooked,0,18,Baked Products,23,McCance and Widdowson's,0.0,141.0,102.0,156.0,0.6,1.54,0.0,74.0,,,,,,3.9,3.1,,0.0,1.2,,,,23.0,650.0,0.0,0.1,0.0,0.2,2.7,2.7,0.0,0.0,,,0.0,,0.0,,0.0,,10.0,3.8,363.0,4.5,460.0,,,0.39,,0.03,,,0.0,0.0,0.0,0.0,0.0,,2.0,1.37,,,,,,0.0018,0.01,0.0,0.0,0.0,0.04,0.0,0.0,0.0,77.1,1.94,0.26,0.08,0.42,1.6,1.58,,,,6.0,0.65,,0.0,,,,,,,,,1544.0,,0.01,0.01,0.0,0.0,0.0,0.01,0.0,0.0,0.0,0.0,0.01,,0.3,0.07,0.21,0.01,,,,0.52,15.0,,,1.36,1.53,0.01,0.0,0.2,0.01,0.0,0.0,,,,,,,,,,,0.0,,,,,,,,0.0,,,,,,
49818,"Pate, meat, reduced fat",pate meat reduced fat,0,7,Sausages and Luncheon Meats,23,McCance and Widdowson's,0.46,14.0,240.0,190.0,2.7,3.6,0.1,1.7,,,,,,65.0,1.3,,18.0,7.1,,,,14.0,1180.0,,0.0,0.0,1.1,27.0,0.0,0.0,0.08,,,5930.0,,,,12.0,,18.0,12.0,191.0,0.8,710.0,,,0.77,,1.12,,,0.0,0.0,0.0,0.01,0.0,,160.0,1.2,,,,,,0.0022,0.0,0.1,0.0,0.0,0.1,0.0,0.0,0.1,3.0,6.4,0.46,0.35,3.5,3.9,1.5,,,,,0.16,,5930.0,,,,,,,,,798.0,,0.0,0.0,0.0,0.0,0.0,0.0,0.04,0.0,0.0,0.0,0.1,,2.1,1.2,0.1,0.2,,,,2.68,31.0,,,3.81,3.53,0.0,0.0,0.1,0.0,0.02,0.12,,,,,,,,,,,0.0,,,,,,,,,,0.0,,,,
49819,"Pate, tuna",pate tuna,0,22,"Meals, Entrees, and Side Dishes",23,McCance and Widdowson's,0.05,12.0,130.0,170.0,0.5,,0.2,1.1,,,,,,53.4,0.4,,1.0,10.1,,,,21.0,640.0,17.0,0.1,,0.1,1.0,0.0,0.0,,,,,,,,3.0,,16.2,26.8,312.0,0.7,390.0,,,,,0.09,,,,,,,,,,,,,,,,0.0032,,,,,,,,0.0,1.5,0.8,0.02,0.34,3.9,12.1,9.03,,,,,0.0,,,,,,,,,,,1291.0,,,,,,,,,,,,,,,,,,,,,0.22,4.0,,,,,,,,,,,,,,,,,,,,,,,,,,,,,,,,,,,
208870,Pato sem pele estufado com margarina,pato sem pele estufado com margarina,0,22,"Meals, Entrees, and Side Dishes",33,"TCA, INSA 2019",,17.0,200.0,210.0,2.5,,,0.0,,,,,,56.1,0.0,,1.9,4.5,,,,23.0,,,,,,,,0.0,0.0,,,,,0.3,,2.1,,27.2,13.7,232.0,0.0,610.0,63.0,,0.05,,0.6,,,,,,,,,131.0,,,,,,,5.92,,,,,,,,,0.0,2.8,0.26,0.29,4.8,4.9,2.4,,,,,,,77.0,,,,,,,,,969.0,,,,,,,,,,,,,,,,,,,,2.9,,19.0,,,,,,,,,,,,,,,,,,,,,,,,,,,,,,,,,,,
49826,"Peaches, flesh and skin, raw, weighed with stone",peaches flesh and skin raw weighed with stone,0,9,Fruits and Fruit Juices,23,McCance and Widdowson's,0.05,6.0,20.0,140.0,0.1,,4.7,0.0,,,,,,80.0,6.8,0.0,28.0,0.5,,,,8.0,0.0,3.0,1.0,,1.0,0.2,0.0,0.0,0.0,,,0.0,,0.0,0.0,0.0,,0.9,0.1,30.0,,1.0,103.0,0.0,,0.0,0.04,,,,,,,,,0.0,,,,,,,0.0002,,,,,,,,0.0,6.8,0.4,0.02,0.02,0.0,0.0,0.0,,,,1.0,0.1,,17.0,,,,,,,,,128.0,,,,,,,,,,,,,,,,,,,,,0.15,3.0,5.22,,,,,,,,,,,,,,,,,,,,,,,,,,,,,,,,,,
49827,"Peaches, raw, flesh and skin",peaches raw flesh and skin,0,9,Fruits and Fruit Juices,23,McCance and Widdowson's,0.06,7.0,22.0,160.0,0.1,,5.2,0.0,,,,,,88.9,7.6,0.0,31.0,0.6,,,,9.0,0.0,3.0,1.1,,1.1,0.2,0.0,0.0,0.0,,,0.0,,0.0,0.0,0.0,,1.0,0.1,33.0,,1.0,114.0,0.0,,0.0,0.04,,,,,,,,,0.0,,,,,,,0.0002,,,,,,,,0.0,7.6,0.4,0.02,0.02,0.0,0.0,0.0,,,,1.0,0.1,,19.0,,,,,,,,,142.0,,,,,,,,,,,,,,,,,,,,,0.17,3.0,5.8,,,,,,,,,,,,,,,,,,,,,,,,,,,,,,,,,,
3915,"Peaches, yellow, raw",peaches yellow raw,0,,,0,"USDA, 2018",0.068,6.0,20.0,190.0,0.17,0.065,4.76,0.0,0.02,0.0,0.0,0.0,0.0,88.87,8.39,91.0,6.6,0.806,0.0,4.0,0.3,9.0,,,1.53,0.06,1.95,,0.08,0.0,0.0,0.0,0.0,0.0,0.0,0.0,67.0,0.0,0.0,0.91,0.25,39.0,1.5,0.0,162.0,0.0,0.73,0.0,0.031,0.0,0.0,0.0,0.0,0.0,0.0,0.0,4.0,0.0,0.084,0.021,0.056,0.418,0.028,0.013,0.01,0.0,0.0,0.0,0.0,0.0,0.0,0.0,0.0,9.54,0.25,0.024,0.025,0.019,0.067,0.086,0.016,0.017,0.027,0.1,0.061,326.0,16.0,6.1,0.032,0.018,0.018,0.022,0.014,0.019,0.012,165.0,0.0,,,,,,,,,,,0.0,4.0,0.017,0.002,0.002,0.002,0.01,0.03,0.43,0.153,4.0,2.6,0.03,,,,,,,,,,,,,,,10.0,,,,,,,,,,,,,,,,,,
6428,"Peanut Butter, smooth",peanut butter smooth,1,,,0,"USDA, 2018",0.571,54.0,335.0,592.0,2.67,19.88,2.39,4.57,8.32,0.68,0.0,0.0,0.0,1.55,6.5,0.0,0.0,13.16,0.19,3.1,0.4,179.0,,,0.0,0.0,4.11,,0.0,0.0,0.0,0.0,0.0,0.0,0.0,0.0,0.0,0.0,0.0,21.93,49.54,588.0,5.7,476.0,0.0,0.0,5.94,0.0,0.105,,,0.0,0.0,0.014,0.0,0.0,35.0,0.0,11.28,1.419,5.029,3.016,0.905,0.55,0.228,0.114,0.0,0.0,0.0,0.68,0.012,0.0,0.0,23.98,2.16,0.107,0.551,9.519,20.726,11.331,0.518,0.608,1.527,40.4,1.361,0.0,0.0,65.7,1.463,1.391,2.734,0.773,0.819,1.187,0.226,2462.0,0.0,0.614,1.73,0.0,0.0,0.04,0.736,0.0,0.0,0.0,0.0,0.011,35.0,4.52,1.854,0.039,0.052,0.262,0.672,3.0,1.044,35.0,0.0,0.0,,,,,,,,,,,,,,,,,,,,,,,,,,,,,,,,,
28398,"Peanut butter (Kelkin, no added sugar)",peanut butter kelkin no added sugar,0,4,Fats and Oils,15,"IFCD, UCC",0.7,37.0,330.0,700.0,3.0,,,8.3,,,,,,1.1,2.7,,0.0,12.5,,,,180.0,,,,,,,,,,,,0.0,,0.0,,0.0,,20.0,61.0,666.0,,160.0,,,4.99,,0.09,,,,,,,,,0.0,,,,,,,,,,,,,,,,11.0,2.1,0.17,0.58,13.0,25.0,23.0,,,,3.0,1.7,,,,,,,,,,,2786.54,,,,,,,,,,,,,,,,,,,,,1.56,53.0,,,,,,,,,,,,,,,,,,,,,,,,,,,,,,,,,,,
6536,"Peanut butter, chunk style, without salt",peanut butter chunk style without salt,0,16,Legumes and Legume Products,0,"USDA, 2018",0.578,45.0,319.0,745.0,2.79,22.333,4.19,4.93,7.98,0.73,0.0,0.0,0.0,1.14,8.41,0.0,0.0,13.696,0.22,3.1,1.0,160.0,,,0.0,0.0,4.22,,0.0,0.0,,0.0,0.0,0.0,0.0,0.0,0.0,0.0,0.0,24.06,49.94,589.0,8.0,17.0,0.0,0.0,6.3,0.0,0.111,0.0,0.0,0.0,0.0,0.0,0.0,0.178,92.0,0.0,13.854,1.417,5.023,3.012,0.903,0.55,0.228,0.0,0.0,0.0,0.0,0.79,0.0,0.0,0.0,21.57,1.9,0.106,0.418,7.607,23.123,13.932,0.518,0.608,1.525,8.2,1.8,0.0,0.0,61.3,1.461,1.389,2.731,0.772,0.818,1.185,0.226,2464.376,0.5,0.64,,,,,,,,,,0.05,92.0,6.058,0.682,0.078,0.0,0.262,0.671,3.29,1.118,92.0,0.5,0.0,,,,,,,,,,,77.0,15.0,11.0,,,,,,,,,,,,,,,0.04,,,,,
6417,"Peanut butter, chunky, vitamin and mineral fortified",peanut butter chunky vitamin and mineral fortified,0,16,Legumes and Legume Products,0,"USDA, 2018",1.77,45.0,316.0,744.0,15.1,23.728,,,,,,,,1.48,10.94,0.0,0.0,13.64,,,1.0,370.0,,,,,,,,0.0,,0.0,0.0,1172.0,0.0,0.0,0.0,0.0,221.0,26.06,51.47,593.0,5.7,366.0,0.0,0.0,43.2,0.0,0.112,36.9,0.0,0.0,0.0,0.0,0.0,0.022,467.0,0.0,14.567,,,,,,,0.0,0.0,0.0,0.0,0.638,0.0,0.0,,17.69,17.5,0.125,2.52,7.972,24.366,14.648,,,,7.5,,3907.0,1172.0,61.1,,,,,,,,2482.0,,,,,,,,,,,,0.052,92.0,5.684,2.214,0.081,0.0,,,3.3,,313.0,0.5,,,,,,,,,,,,,,,,47.0,,,,,,,,,,,,,,,,,,
10017,"Peanut butter, reduced sodium",peanut butter reduced sodium,0,16,Legumes and Legume Products,0,"USDA, 2018",0.515,41.0,317.0,747.0,2.78,22.964,,,,,,,,1.1,9.29,0.0,0.0,13.69,,,,159.0,,,,,,,,0.0,,0.0,0.0,0.0,0.0,0.0,0.0,0.0,0.0,24.0,49.9,590.0,6.6,203.0,0.0,0.0,9.05,0.0,0.11,0.0,0.0,0.0,0.0,0.0,0.0,0.022,92.0,0.0,14.098,,,,,,,0.0,0.187,0.0,0.0,0.618,0.0,0.0,,21.83,1.9,0.12,0.45,7.716,23.582,14.363,,,,7.5,,0.0,0.0,63.5,,,,,,,,2468.56,,,,,,,,,,,,0.05,92.0,5.501,2.143,0.078,0.0,,,3.17,,92.0,0.6,,,,,,,,,,,,,,,,,,,,,,,,,,,,,,,,,,
49829,"Peanut butter, smooth",peanut butter smooth,1,12,Nut and Seed Products,23,McCance and Widdowson's,0.7,37.0,330.0,700.0,3.0,,6.7,6.4,2.9,0.0,,,,1.1,6.7,,0.0,12.5,0.0,,,180.0,500.0,,0.0,,0.0,94.0,0.0,0.0,0.0,,,0.0,,0.0,,0.0,,22.8,51.8,607.0,6.6,350.0,0.0,0.0,4.99,,0.09,,,0.0,0.0,0.0,0.0,0.0,,0.0,,,,,,,0.0049,,,0.0,,,0.0,0.0,0.0,13.1,2.1,0.17,0.58,12.78,19.91,16.84,,,,3.0,1.7,,0.0,,,,,,,,,2514.0,,0.84,1.54,,0.0,0.0,0.59,,,,,0.05,,6.93,2.82,,,,,,1.56,53.0,,,16.79,18.52,0.0,0.0,0.0,0.0,0.0,0.0,,,,,,,,,,,,,,,,,,,,,,,,,
6415,"Peanut butter, smooth, reduced fat",peanut butter smooth reduced fat,0,16,Legumes and Legume Products,0,"USDA, 2018",0.58,35.0,369.0,669.0,2.8,15.867,,,,,,,,1.2,9.28,0.0,0.0,14.6,,,,170.0,,,,,,,,0.0,,0.0,0.0,0.0,0.0,0.0,0.0,0.0,0.0,25.9,34.0,520.0,5.2,540.0,0.0,0.0,9.04,0.0,0.06,0.0,0.0,0.0,0.0,0.0,0.0,0.015,60.0,0.0,9.13,,,,,,,0.0,0.0,0.0,0.0,0.289,0.0,0.0,,35.65,1.9,0.27,0.31,5.76,16.156,9.182,,,,7.5,1.475,0.0,0.0,63.4,,,,,,,,2174.0,,,,,,,,,,,,0.145,60.0,3.807,1.793,0.052,0.0,,,3.25,1.066,60.0,0.6,,,,,,,,,,,,,,,,,,,,,,,,,,,,,,,,,,
22231,Peanut oil,peanut oil,0,4,Fats and Oils,11,"CIQUAL, ANSES",0.0,0.0,0.0,0.0,0.01,49.5,,0.0,,,,,,0.0,0.0,,0.0,0.0,,,,0.0,0.0,0.0,,,,,,0.0,,,,0.0,,0.0,,0.0,,0.0,100.0,900.0,0.0,0.0,0.0,,10.1,,0.0,,,0.0,0.0,0.0,0.0,0.0,,0.0,25.7,,,,,,,,,0.0,,,0.0,,,0.0,0.03,0.0,0.0,16.6,49.5,25.9,,,,0.0,0.0,,,,,,,,,,,3700.0,,,,,,,,,,,,0.065,,8.89,2.43,0.17,,,,4e-05,0.0,0.0,0.7,,,,,,,,,,,,,,,,,,,,,,,,,,,0.0,,,,,,,
81647,"Peanut, grilled",peanut grilled,0,12,Nut and Seed Products,11,"CIQUAL, ANSES",0.43,58.0,363.0,634.0,2.77,25.4,,10.8,,,,,,1.71,3.13,,0.0,14.4,,,,178.0,,,,,,,,0.0,,,,0.0,,0.0,,0.0,,22.8,50.5,632.0,8.35,239.0,0.0,,4.93,,0.2,,,0.0,0.0,0.0,0.0,0.0,,0.0,12.4,,,,,,,,,0.0,,,0.0,,,13.9,1.58,0.15,0.47,7.7,27.2,12.5,,,,,1.79,,,,,,,,,,,2620.0,,,,,,,,,,,,0.016,,3.98,1.2,0.05,,,,2.68,1.01,97.0,0.0,,,,,,,,,,,,,,,,,,,,,,,,,,,0.0,,,,,,,
6532,"Peanuts, all types, dry-roasted, without salt",peanuts all types dry roasted without salt,0,16,Legumes and Legume Products,0,"USDA, 2018",0.428,58.0,363.0,634.0,2.77,25.435,4.9,4.39,6.32,0.61,0.0,0.0,0.0,1.81,4.9,0.0,0.0,14.355,0.36,,0.4,178.0,,,0.0,0.0,0.0,,0.0,0.0,0.027,0.0,0.0,0.0,0.0,0.0,0.0,0.0,0.0,24.35,49.66,587.0,8.4,6.0,0.0,0.0,4.93,0.0,0.197,0.0,0.0,0.0,0.0,0.0,0.0,0.0,97.0,0.0,9.715,1.427,4.949,2.888,0.941,0.599,0.23,0.055,0.016,0.0,0.0,0.627,0.0,0.0,0.0,21.26,1.58,0.152,0.466,7.723,26.181,9.773,0.811,0.833,1.535,9.3,1.786,0.0,0.0,64.6,1.167,1.045,2.832,0.993,0.963,1.227,0.304,2455.0,0.0,0.575,1.216,0.0,0.004,0.041,0.689,0.004,0.032,0.011,0.0,0.016,97.0,3.982,1.2,0.026,0.031,0.291,0.85,2.92,1.011,97.0,0.0,0.0,9.694,25.421,0.054,0.0,0.025,0.0,0.0,,,,,,,,,0.001,0.014,0.0,0.0,0.011,0.012,0.015,0.031,0.009,0.012,,,,,0.0,0.0,,
49831,"Peanuts, dry roasted",peanuts dry roasted,0,12,Nut and Seed Products,23,McCance and Widdowson's,0.64,52.0,420.0,730.0,3.3,,3.8,6.5,3.3,0.53,,,,1.8,3.8,,0.0,13.1,0.18,,,190.0,1140.0,19.0,0.0,,0.0,130.0,0.0,0.0,0.0,,,0.0,,0.0,,0.0,,25.7,49.8,590.0,7.6,790.0,,0.0,1.11,,0.13,,,,,,,,,0.0,,,,,,,0.0055,,,,,,,,0.0,10.3,2.1,0.18,0.54,8.9,22.8,15.5,,,,3.0,2.2,,0.0,,,,,,,,,2444.0,,,,,,,,,,,,,,,,,,,,,1.59,44.0,0.31,,,,,,,,,,,,,,,,,,,,,,,,,,,,,,,,,,
27517,"Peanuts, roasted",peanuts roasted,0,12,Nut and Seed Products,14,"FCDBE, IEO",,64.0,283.0,680.0,3.9,,,5.4,,,,,,2.3,3.1,,0.0,14.0,,,,,,,,,,,,0.0,,,,0.0,,0.0,,,,29.0,50.0,597.875,10.9,6.0,0.0,,1.11,,0.08,,,,,,,,,0.0,,,,,,,,,,,,,,,,8.5,3.5,0.16,0.54,7.13,23.05,14.19,,,,,,,0.0,,,,,,,,,2501.51,,,,,,,,,,,,,,,,,,,,,,66.0,,,,,,,,,,,,,,,,,,,,,,,,,,,,,,,,,,,
49835,"Peanuts, roasted and salted",peanuts roasted and salted,0,12,Nut and Seed Products,23,McCance and Widdowson's,0.54,37.0,410.0,810.0,2.9,,3.8,3.3,1.9,0.37,,,,1.9,3.8,,0.0,13.6,0.14,,,180.0,660.0,19.0,0.0,,0.0,102.0,0.0,0.0,0.0,,,0.0,,0.0,,0.0,,24.7,53.0,602.0,8.0,400.0,0.0,0.0,0.66,,0.1,,,,,,,,,0.0,,,,,,,0.0053,,,,,,,,0.0,7.1,1.3,0.18,0.63,9.5,24.2,16.5,,,,4.0,1.9,,0.0,,,,,,,,,2495.0,,,,,,,,,,,,,,,,,,,,,1.7,52.0,,,,,,,,,,,,,,,,,,,,,,,,,,,,,,,,,,,
6533,"Peanuts, spanish, oil-roasted, without salt",peanuts spanish oil roasted without salt,0,16,Legumes and Legume Products,0,"USDA, 2018",0.661,100.0,387.0,776.0,2.0,21.509,,,,,,,,1.78,,,0.0,14.933,,,,168.0,,,,,,,,,,,,0.0,0.0,0.0,,0.0,0.0,28.01,49.04,579.0,8.9,6.0,,,,,0.085,,,,,,,,126.0,0.0,16.996,1.687,5.852,3.416,1.113,0.708,0.272,,,,,0.517,,,,17.45,2.28,0.317,0.256,7.555,22.073,17.008,0.959,0.985,1.816,7.5,2.355,0.0,0.0,,1.38,1.236,3.349,1.175,1.139,1.452,0.359,2423.0,,,,,,,,,,,,0.028,126.0,5.609,1.273,0.01,0.044,0.344,1.005,3.72,1.392,126.0,,,,,,,,,,,,,,,,,,,,,,,,,,,,,,,,,,,
49842,"Pears, Nashi, flesh and skin, raw",pears nashi flesh and skin raw,0,9,Fruits and Fruit Juices,23,McCance and Widdowson's,0.08,5.0,11.0,110.0,0.1,,0.0,0.0,,,,,,87.1,7.1,,4.0,0.3,,,,7.0,1.0,1.0,4.9,,2.2,0.2,0.0,,,,,0.0,,0.0,,0.0,,0.3,0.1,29.0,,6.0,0.0,0.0,0.5,,0.03,,,,,,,,,0.0,,,,,,,0.0,,,,,,,,0.0,7.1,0.1,0.03,0.04,0.0,0.0,0.0,,,,,0.1,,0.0,,,,,,,,,122.0,,,,,,,,,,,,,,,,,,,,,0.07,3.0,,,,,,,,,,,,,,,,,,,,,,,,,,,,,,,,,,,
49837,"Pears, average, raw, flesh only",pears average raw flesh only,0,9,Fruits and Fruit Juices,23,McCance and Widdowson's,0.05,7.0,9.0,105.0,0.1,,1.2,0.0,,,,,,85.2,11.3,,3.0,0.2,,,,5.0,64.0,1.0,6.9,0.0,3.2,0.3,0.0,0.0,0.0,,,0.0,,0.0,,0.0,,0.3,0.1,44.0,2.7,1.0,,,0.0,,0.04,,,,,,,,,0.0,,,,,,,0.0001,,,,,,,,0.0,11.3,0.14,0.03,0.04,0.01,0.03,0.03,,,,0.0,0.05,,3.0,,,,,,,,,190.0,,,,,,,,,,,,,,,,,,,,,0.08,6.0,3.6,,,,,,,,,,,,,,,,,,,,,,,,,,,,,,,,,,
3930,"Pears, raw",pears raw,0,9,Fruits and Fruit Juices,0,"USDA, 2018",0.082,9.0,12.0,116.0,0.1,0.081,0.71,,0.03,0.0,0.0,0.0,0.0,83.96,9.75,44.0,4.3,0.161,0.0,2.2,0.2,7.0,,,6.42,0.0,2.6,,0.0,0.0,0.0,0.0,0.0,0.0,0.0,0.0,2.0,0.0,0.0,0.36,0.14,57.0,3.1,1.0,14.0,1.0,0.12,0.0,0.026,0.0,0.0,0.0,0.0,0.0,0.0,0.0,7.0,0.0,0.093,0.013,0.03,0.105,0.014,0.002,0.002,0.0,0.0,0.0,0.0,0.001,0.0,0.0,0.0,15.23,0.18,0.012,0.029,0.022,0.084,0.094,0.011,0.011,0.019,0.1,0.048,25.0,1.0,5.1,0.015,0.021,0.01,0.017,0.002,0.011,0.002,239.0,0.0,,,,,,,,,,,0.0,7.0,0.017,0.003,0.001,0.002,0.002,0.017,0.32,0.049,7.0,4.4,0.02,,,,,,,,,,,,,,,8.0,,,,,,,,,,,,,,,,,,
4024,"Pears, raw, bosc",pears raw bosc,0,,,0,"USDA, 2018",0.104,10.0,14.0,122.0,0.13,,2.11,,,,,,,83.18,10.23,11.0,2.8,0.152,,,,7.0,,,5.64,0.0,2.48,,0.0,,0.0,,,,,,0.0,,,0.36,0.09,67.0,3.1,1.0,11.0,0.0,0.12,0.0,0.023,,,,,,,,,,,0.012,0.029,0.101,0.013,0.001,0.002,,,,,,,,0.0,16.1,0.15,0.012,0.021,,,,0.011,0.011,0.018,0.0,0.047,19.0,1.0,5.1,0.015,0.02,0.01,0.016,0.002,0.01,0.001,279.0,0.0,,,,,,,,,,,,7.0,,,,,0.002,0.016,0.28,0.057,7.0,5.2,,,,,,,,,,,,,,,,,,,,,,,,,,,,,,,,,,
49845,"Pears, raw, flesh only, peeled, weighed with skin and core",pears raw flesh only peeled weighed with skin and core,0,9,Fruits and Fruit Juices,23,McCance and Widdowson's,0.04,5.0,6.0,74.0,0.1,,0.8,0.0,,,,,,59.6,7.9,,2.0,0.1,,,,4.0,45.0,1.0,4.8,0.0,2.3,0.2,0.0,0.0,0.0,,,0.0,,0.0,,0.0,,0.2,0.1,31.0,1.9,1.0,,,0.0,,0.03,,,,,,,,,0.0,,,,,,,0.0001,,,,,,,,0.0,7.9,0.1,0.02,0.03,0.01,0.02,0.02,,,,0.0,0.04,,2.0,,,,,,,,,133.0,,,,,,,,,,,,,,,,,,,,,0.06,4.0,,,,,,,,,,,,,,,,,,,,,,,,,,,,,,,,,,,
4025,"Pears, raw, green anjou",pears raw green anjou,0,,,0,"USDA, 2018",0.077,11.0,13.0,127.0,0.1,,0.33,,,,,,,83.31,9.73,46.0,4.4,0.151,,,,7.0,,,6.06,0.0,3.33,,0.0,,0.0,,,,,,1.0,,,0.44,0.1,66.0,3.1,1.0,14.0,0.0,0.12,0.0,0.022,,,,,,,,,,,0.015,0.036,0.124,0.016,0.002,0.002,,,,,,,,0.0,15.79,0.24,0.01,0.026,,,,0.014,0.013,0.022,0.0,0.048,25.0,1.0,5.1,0.018,0.025,0.012,0.02,0.002,0.013,0.002,275.0,0.0,,,,,,,,,,,,9.0,,,,,0.003,0.02,0.37,0.043,9.0,4.3,,,,,,,,,,,,,,,,,,,,,,,,,,,,,,,,,,
5028,"Peas and carrots, frozen, cooked, boiled, drained, with salt",peas and carrots frozen cooked boiled drained with salt,0,11,Vegetables and Vegetable Products,0,"USDA, 2018",0.076,23.0,49.0,158.0,0.45,0.035,,,,,,,,85.8,4.36,1538.0,8.1,1.154,,,,16.0,,,,,,,,0.0,0.0,0.0,0.0,0.0,0.0,0.0,99.0,0.0,0.0,3.09,0.42,48.0,3.1,304.0,4725.0,1868.0,0.52,0.0,0.064,0.0,0.0,0.0,0.0,0.0,0.0,0.001,26.0,0.0,0.164,0.103,0.439,0.294,0.14,0.06,0.022,0.0,0.0,0.0,0.0,0.0,0.0,0.0,,10.12,0.94,0.225,0.087,0.077,0.035,0.201,0.116,0.112,0.179,1.1,0.202,9514.0,476.0,18.1,0.103,0.098,0.234,0.134,0.064,0.113,0.019,201.0,,,,,,,,,,,,0.0,26.0,0.068,0.007,0.036,0.001,0.044,0.175,0.57,0.163,26.0,18.8,,,,,,,,,,,,,,,,,,,,,,,,,,,,,,,,,,
4658,"Peas and carrots, frozen, cooked, boiled, drained, without salt",peas and carrots frozen cooked boiled drained without salt,0,11,Vegetables and Vegetable Products,0,"USDA, 2018",0.076,23.0,49.0,158.0,0.45,0.035,,,,,,,,85.8,4.36,1538.0,8.1,1.154,,,,16.0,,,,,,,,0.0,0.0,0.0,0.0,0.0,0.0,0.0,99.0,0.0,0.0,3.09,0.42,48.0,3.1,68.0,4725.0,1868.0,0.52,0.0,0.064,0.0,0.0,0.0,0.0,0.0,0.0,0.001,26.0,0.0,0.164,0.102,0.467,0.295,0.149,0.063,0.021,0.0,0.0,0.0,0.0,0.0,0.0,0.0,,10.12,0.94,0.225,0.087,0.077,0.035,0.201,0.156,0.116,0.185,1.1,0.202,9514.0,476.0,18.1,0.103,0.099,0.232,0.133,0.067,0.114,0.041,201.0,,,,,,,,,,,,0.0,26.0,0.068,0.007,0.036,0.001,0.045,0.182,0.57,0.163,26.0,18.8,,,,,,,,,,,,,,,,,,,,,,,,,,,,,,,,,,
49846,"Peas, boiled in unsalted water",peas boiled in unsalted water,0,16,Legumes and Legume Products,23,McCance and Widdowson's,0.03,19.0,130.0,230.0,1.0,,1.2,7.6,,,,,,75.6,1.2,,16.0,1.8,,,,29.0,8.0,2.0,0.0,0.0,0.0,0.4,0.0,0.0,0.0,,,0.0,,0.0,0.0,0.0,,6.7,1.6,79.0,5.6,0.0,245.0,7.0,0.21,,0.03,,,,,,,,,0.0,,,,,,,0.0011,,,,,,,,0.0,10.0,1.5,0.7,0.09,0.3,0.2,0.8,,,,0.0,0.4,,42.0,,,,,,,,,329.0,,,,,,,,,,,,,,,,,,,,,0.15,27.0,39.0,,,,,,,,,,,,,,,,,,,,,,,,,,,,,,,,,,
49848,"Peas, dried, boiled in unsalted water",peas dried boiled in unsalted water,0,16,Legumes and Legume Products,23,McCance and Widdowson's,0.06,24.0,110.0,270.0,1.0,,0.8,18.2,,,,,,70.3,0.9,,0.0,1.0,,,,30.0,9.0,2.0,0.0,0.0,0.0,,0.0,,,,,0.0,,0.0,0.0,0.0,,6.9,0.8,109.0,,13.0,75.0,5.0,0.34,,0.07,,,,,,,,,0.0,,,,,,,0.0011,,,,,,,,0.0,19.9,1.4,0.11,0.03,0.3,0.1,0.4,,,,1.0,0.5,,13.0,,,,,,,,,465.0,,,,,,,,,,,,,,,,,,,,,0.41,,,,,,,,,,,,,,,,,,,,,,,,,,,,,,,,,,,,
49850,"Peas, frozen, boiled in unsalted water",peas frozen boiled in unsalted water,0,16,Legumes and Legume Products,23,McCance and Widdowson's,0.13,37.0,90.0,177.0,0.8,,5.9,5.3,,,,,,76.6,5.9,,12.0,1.7,,,,27.0,59.0,2.0,0.0,0.0,0.0,0.4,0.0,0.0,0.0,,,0.0,,0.0,,0.0,,5.5,0.7,70.0,5.5,4.0,,,0.12,,0.07,,,,,,,,,0.0,,,,,,,0.0008,,,,,,,,0.0,11.2,1.82,0.4,0.07,0.14,0.07,0.38,,,,0.0,0.36,,46.0,,,,,,,,,299.0,,,,,,,,,,,,,,,,,,,,,0.09,31.0,,,,,,,,,,,,,,,,,,,,,,,,,,,,,,,,,,,
49852,"Peas, frozen, raw",peas frozen raw,0,16,Legumes and Legume Products,23,McCance and Widdowson's,0.13,36.0,86.0,171.0,0.8,0.06,5.7,5.1,0.93,0.02,,,,78.9,5.7,1134.0,22.0,2.3,0.0,,,26.0,59.0,2.0,0.0,0.0,0.0,0.5,0.0,0.0,0.0,,,0.0,,0.0,0.0,0.0,,5.3,0.7,68.0,5.3,4.0,266.0,0.0,0.11,0.0,0.08,,,0.0,0.0,0.0,0.0,0.0,,0.0,0.3,,,,,,0.0008,0.0,0.0,0.0,0.0,0.0,0.0,0.0,0.0,10.7,1.75,0.6,0.12,0.13,0.07,0.36,,,,0.0,0.35,,44.0,,,,,,,,,288.0,,0.0,0.0,0.0,0.0,0.0,0.0,0.0,0.0,0.0,0.0,0.0,,0.11,0.01,0.06,0.0,,,,0.11,50.0,,,0.3,0.06,0.0,0.0,0.06,0.0,0.0,0.0,,,,,,,,,,,0.0,,,,,,,,0.0,,,,,,
4653,"Peas, green, frozen, cooked, boiled, drained, without salt",peas green frozen cooked boiled drained without salt,0,11,Vegetables and Vegetable Products,0,"USDA, 2018",0.105,24.0,77.0,110.0,0.67,0.024,4.06,,2.34,0.04,,,,79.52,4.4,2400.0,9.9,1.48,0.0,,0.1,22.0,,,0.13,0.0,0.11,,0.1,0.0,0.0,0.0,0.0,0.0,0.0,0.0,0.0,0.0,0.0,5.15,0.27,78.0,4.5,72.0,1250.0,20.0,0.03,0.0,0.1,0.0,0.0,0.0,0.0,0.0,0.0,0.0,59.0,0.0,0.105,0.175,0.705,0.471,0.228,0.101,0.035,0.0,0.0,0.0,0.0,0.0,0.0,0.0,0.0,14.26,1.52,0.283,0.113,0.049,0.024,0.129,0.193,0.185,0.307,1.0,0.279,2100.0,105.0,27.5,0.172,0.165,0.407,0.223,0.108,0.19,0.03,326.352,,,,,,,,,,,,0.0,59.0,0.044,0.005,0.024,0.0,0.078,0.302,0.8,0.142,59.0,24.0,,,,,,,,,,,,,,,,,,,,,,,,,,,,,,,,,,
49853,"Peas, mange-tout, boiled in unsalted water",peas mange tout boiled in unsalted water,0,16,Legumes and Legume Products,23,McCance and Widdowson's,0.06,35.0,55.0,170.0,0.4,,0.6,0.5,,,,,,89.2,2.8,,28.0,0.4,,,,22.0,28.0,,0.1,0.0,2.1,3.7,0.0,0.0,0.0,,,0.0,,0.0,,0.0,,3.2,0.1,26.0,2.4,2.0,665.0,0.0,0.37,,0.16,,,,,,,,,0.0,,,,,,,0.0005,,,,,,,,0.0,3.3,0.8,0.14,0.14,0.0,0.0,0.0,,,,0.0,0.3,,111.0,,,,,,,,,111.0,,,,,,,,,,,,,,,,,,,,,0.67,8.0,15.0,,,,,,,,,,,,,,,,,,,,,,,,,,,,,,,,,,
49859,"Peas, split, dried, boiled in unsalted water",peas split dried boiled in unsalted water,0,16,Legumes and Legume Products,23,McCance and Widdowson's,0.06,11.0,120.0,270.0,1.4,,0.8,21.0,,,,,,67.3,0.9,,0.0,1.0,,,,30.0,10.0,,0.0,0.0,0.0,,0.0,,,,,0.0,,0.0,0.0,0.0,,8.3,0.9,126.0,,14.0,47.0,3.0,0.28,,0.06,,,,,,,,,0.0,,,,,,,0.0013,,,,,,,,0.0,22.7,1.7,0.11,0.03,0.2,0.1,0.5,,,,,0.5,,8.0,,,,,,,,,538.0,,,,,,,,,,,,,,,,,,,,,0.41,,,,,,,,,,,,,,,,,,,,,,,,,,,,,,,,,,,,
49861,"Peas, sugar-snap, boiled in unsalted water",peas sugar snap boiled in unsalted water,0,11,Vegetables and Vegetable Products,23,McCance and Widdowson's,0.05,41.0,42.0,130.0,0.4,,1.4,1.3,,,,,,88.4,3.4,,18.0,0.5,,,,19.0,16.0,,0.1,0.0,1.9,,0.0,0.0,0.0,,,0.0,,0.0,,0.0,,3.1,0.3,33.0,,4.0,180.0,0.0,,,0.11,,,,,,,,,0.0,,,,,,,0.0005,,,,,,,,0.0,4.7,0.6,0.11,0.11,,,,,,,0.0,0.3,,30.0,,,,,,,,,139.0,,,,,,,,,,,,,,,,,,,,,,4.0,,,,,,,,,,,,,,,,,,,,,,,,,,,,,,,,,,,
49863,"Pecan nuts, kernel only",pecan nuts kernel only,0,12,Nut and Seed Products,23,McCance and Widdowson's,1.07,61.0,310.0,520.0,5.3,,3.7,1.5,23.56,0.66,,,,3.7,4.3,,0.0,1.4,1.31,,,130.0,15.0,,0.3,,0.3,,0.0,0.0,0.0,,,0.0,,0.0,,0.0,,9.2,70.1,689.0,,1.0,50.0,0.0,4.34,,0.15,,,,,,,,,0.0,,,,,,,0.0041,,,,,,,,0.0,5.8,2.2,0.71,0.19,5.7,42.5,18.7,,,,12.0,4.6,,8.0,,,,,,,,,2843.0,,,,,,,,,,,,,,,,,,,,,1.71,39.0,,,,,,,,,,,,,,,,,,,,,,,,,,,,,,,,,,,
49864,"Pecan nuts, kernel only, weighed with shells",pecan nuts kernel only weighed with shells,0,12,Nut and Seed Products,23,McCance and Widdowson's,0.52,30.0,150.0,250.0,2.6,,1.8,0.7,11.5,0.32,,,,1.8,2.1,,0.0,0.7,0.64,,,64.0,7.0,,0.1,,0.1,,0.0,,,,,0.0,,0.0,,0.0,,4.5,34.3,337.0,,0.0,25.0,0.0,2.12,,0.07,,,,,,,,,0.0,,,,,,,0.002,,,,,,,,0.0,2.8,1.1,0.35,0.09,2.8,20.8,9.2,,,,6.0,2.3,,4.0,,,,,,,,,1390.0,,,,,,,,,,,,,,,,,,,,,0.84,19.0,,,,,,,,,,,,,,,,,,,,,,,,,,,,,,,,,,,
60560,"Pechuga Pavo (Delicato, Aldi)",pechuga pavo delicato aldi,0,5,Poultry Products,5,My foods,,,,,,,,,,,,,,,,,,,,,,,,,,,,,,,,,,,,,,,,20.0,1.0,95.0,1.0,669.0,,,,,,,,,,,,,,,,,,,,,,,,,,,,,,1.0,,,,,,,,,,,,,,,,,,,,,,397.48,,,,,,,,,,,,,,,,,,,,,,,,,,,,,,,,,,,,,,,,,,,,,,,,,,,,,,,,,
208079,Peito de frango com pele cozido,peito de frango com pele cozido,0,17,"Lamb, Veal, and Game Products",33,"TCA, INSA 2019",,24.0,210.0,190.0,1.2,,,0.0,,,,,,59.1,0.0,,0.0,7.9,,,,20.0,,,,,,,,0.0,0.0,,,,,0.5,,0.27,,32.1,7.3,194.0,0.0,450.0,0.0,,0.1,,0.2,,,,,,,,,110.0,,,,,,,6.0,,,,,,,,,0.0,1.2,0.12,0.45,1.7,2.4,1.3,,,,,,,0.0,,,,,,,,,816.0,,,,,,,,,,,,,,,,,,,,1.12,,8.1,,,,,,,,,,,,,,,,,,,,,,,,,,,,,,,,,,,
300,Peito de frango com pele cru,peito de frango com pele cru,0,17,"Lamb, Veal, and Game Products",1,"TCA, INSA 2015",,19.0,200.0,321.0,0.8,,,0.0,,,,,,65.7,0.0,,0.0,8.9,,,,17.0,,,,,,,,0.0,0.03,,,0.0,,0.6,,0.37,11.0,24.1,8.9,176.0,0.0,72.0,0.0,,0.14,,0.14,,,,,,,,,85.0,,,,,,,0.0045,,,,,,,,,0.0,1.0,0.14,0.51,2.1,2.9,1.6,,,,,,,0.0,,,,,,,,,736.384,,,,,,,,,,,,,,,,,,,,0.8,,,,,1.6,,,,,,,,,,,,,,,,,,,,,,,,,,,,,,,,
208882,Peito de peru com pele estufado com margarina,peito de peru com pele estufado com margarina,0,22,"Meals, Entrees, and Side Dishes",33,"TCA, INSA 2019",,16.0,150.0,260.0,0.6,,,0.0,,,,,,65.4,1.1,,5.5,4.6,,,,29.0,,,,,,,,0.0,0.0,,,,,0.2,,0.49,,23.1,7.1,163.0,0.5,460.0,139.0,,0.31,,0.1,,,,,,,,,67.0,,,,,,,4.29,,,,,,,,,1.3,0.8,0.07,0.37,2.7,2.4,1.9,,,,,,,46.0,,,,,,,,,682.0,,,,,,,,,,,,,,,,,,,,2.51,,9.3,,,,,,,,,,,,,,,,,,,,,,,,,,,,,,,,,,,
415,Peixe-espada-preto grelhado,peixe espada preto grelhado,0,15,Finfish and Shellfish Products,1,"TCA, INSA 2015",,18.0,208.0,361.0,0.6,,,0.0,,,,,,74.4,0.0,,0.0,2.1,,,,33.0,,,,,,,,0.0,0.0,,,26.0,,2.4,,2.0,8.5,20.5,3.2,110.883475712,0.0,475.0,0.0,,1.4,,0.044,,,,,,,,,29.0,,,,,,,0.0038,,,,,,,,,0.0,0.1,0.009,0.16,0.6,1.7,0.4,,,,,,,26.0,,,,,,,,,463.936462379008,,,,,,,,,,,,,,,,,,,,2.3,,,,,0.1,,,,,,,,,,,,,,,,,,,,,,,,,,,,,,,,
349566,"Penne Rigate Divella, Pasta",penne rigate divella pasta,0,20,Cereal Grains and Pasta,5,My foods,,,,,,,,,,,,,,,3.9,,,,,,,,,,,,,,,,,,,,,,,,,13.0,1.7,355.0,,0.004,,,,,,,,,,,,,,,,,,,,,,,,,,,,,,72.0,,,,0.9,,,,,,,,,,,,,,,,,,1485.32,,,,,,,,,,,,,,,,,,,,,,,,,,,,,,,,,,,,,,,,,,,,,,,,,,,,,,,,,
209055,Pepino cru,pepino cru,0,11,Vegetables and Vegetable Products,33,"TCA, INSA 2019",,10.0,18.0,140.0,0.1,,,0.1,,,,,,95.1,1.6,,3.0,0.6,,,,8.0,,,,,,,,0.0,0.0,,,,,0.0,,0.0,,1.4,0.6,19.0,0.7,3.0,35.0,,0.07,,0.01,,,,,,,,,0.0,,,,,,,0.1,,,,,,,,,1.7,0.5,0.02,0.05,0.2,0.0,0.2,,,,,,,6.0,,,,,,,,,81.0,,,,,,,,,,,,,,,,,,,,0.3,,9.0,,,,,,,,,,,,,,,,,,,,,,,,,,,,,,,,,,,
21913,Pepper paté,pepper pat,0,22,"Meals, Entrees, and Side Dishes",9,"BEDCA, UGR",,,,,,,,,,,,,,54.8,,,,,,,,,,,,,,,,,,,,,,,,,,11.9,22.0,288.81,,,,,,,,,,,,,,,,,,,,,,,,,,,,,,,,11.3,,,,,,,,,,,,,,,,,,,,,,1208.4,,,,,,,,,,,,,,,,,,,,,,,,,,,,,,,,,,,,,,,,,,,,,,,,,,,,,,,,,
49866,"Pepper, black",pepper black,1,2,Spices and Herbs,23,McCance and Widdowson's,1.33,443.0,158.0,1329.0,1.2,,0.0,0.0,,,,,,12.5,0.6,,0.0,1.1,,,,171.0,30.0,,0.2,0.2,0.2,,0.0,0.0,0.0,,,0.0,,0.0,,0.0,,10.4,3.3,,25.3,20.0,,,,,0.18,,,,,,,,,0.0,,,,,,,,,,,,,,,0.0,,9.71,0.11,0.29,1.39,0.74,1.0,,,,5.0,12.75,,55.0,,,,,,,,,,,,,,,,,,,,,,,,,,,,,,1.4,17.0,163.7,,,,,,,,,,,,,,,,,,,,,,,,,,,,,,,,,,
49867,"Pepper, capsicum, red, boiled in unsalted water",pepper capsicum red boiled in unsalted water,0,11,Vegetables and Vegetable Products,23,McCance and Widdowson's,0.05,7.0,20.0,159.0,0.2,,0.2,0.0,0.22,0.03,,,,93.3,3.3,0.0,89.0,0.5,0.13,,,10.0,29.0,3.0,1.9,0.0,1.2,1.5,0.0,0.0,0.0,,,0.0,,0.0,62.0,0.0,,0.8,0.1,17.0,2.4,0.0,586.0,0.0,1.03,646.0,0.05,,,,,,,,,0.0,,,,,,,0.0001,,,,,,,,0.0,3.4,0.35,0.05,0.2,0.03,0.0,0.06,,,,0.0,0.12,,103.0,,,,,,,,,72.0,,,,,,,,,,,,,,,,,,,,,0.16,26.0,1.6,,,,,,,,,,,,,,,,,,,,,,,,,,,,,,,,,,
49868,"Pepper, capsicum, red, raw",pepper capsicum red raw,0,11,Vegetables and Vegetable Products,23,McCance and Widdowson's,0.05,7.0,23.0,216.0,0.2,,0.0,0.0,0.16,0.02,,,,92.9,4.2,0.0,126.0,0.5,0.1,,,11.0,48.0,3.0,2.2,0.0,2.0,3.3,0.0,0.0,0.0,,,0.0,,0.0,72.0,0.0,,0.8,0.2,21.0,2.2,1.0,544.0,0.0,0.95,506.0,0.06,,,,,,,,,0.0,,,,,,,0.0001,,,,,,,,0.0,4.3,0.39,0.07,0.23,0.05,0.0,0.1,,,,0.0,0.12,,97.0,,,,,,,,,89.0,,,,,,,,,,,,,,,,,,,,,0.27,75.0,1.6,,,,,,,,,,,,,,,,,,,,,,,,,,,,,,,,,,
49869,"Pepper, capsicum, yellow, boiled in unsalted water",pepper capsicum yellow boiled in unsalted water,0,11,Vegetables and Vegetable Products,23,McCance and Widdowson's,0.06,8.0,24.0,218.0,0.2,,0.0,0.0,,,,,,91.7,5.1,,77.0,0.3,,,,11.0,73.0,3.0,3.0,0.0,2.1,3.6,0.0,0.0,0.0,,,0.0,,0.0,,0.0,,0.9,0.3,26.0,2.4,1.0,,,0.74,,0.02,,,,,,,,,0.0,,,,,,,0.0001,,,,,,,,0.0,5.3,0.55,0.08,0.11,0.0,0.0,0.14,,,,0.0,0.13,,26.0,,,,,,,,,111.0,,,,,,,,,,,,,,,,,,,,,0.32,21.0,,,,,,,,,,,,,,,,,,,,,,,,,,,,,,,,,,,
49870,"Pepper, capsicum, yellow, raw",pepper capsicum yellow raw,0,11,Vegetables and Vegetable Products,23,McCance and Widdowson's,0.05,7.0,21.0,189.0,0.2,,0.0,0.0,0.04,0.0,,,,92.8,4.4,379.0,121.0,0.4,0.08,,,10.0,64.0,3.0,2.6,0.0,1.8,3.9,0.0,,0.0,,,0.0,,0.0,37.0,0.0,,0.8,0.2,23.0,2.2,1.0,115.0,0.0,0.64,68.0,0.02,,,,,,,,,0.0,,,,,,,0.0001,,,,,,,,0.0,4.6,0.48,0.11,0.16,0.0,0.0,,,,,0.0,0.11,,22.0,,,,,,,,,96.0,,,,,,,,,,,,,,,,,,,,,0.35,30.0,,,,,,,,,,,,,,,,,,,,,,,,,,,,,,,,,,,
49876,"Peppers, capsicum, chilli, red, raw",peppers capsicum chilli red raw,0,11,Vegetables and Vegetable Products,23,McCance and Widdowson's,0.17,16.0,39.0,440.0,0.3,,0.0,0.0,,,,,,86.4,4.2,,225.0,2.2,,,,21.0,,,2.3,0.0,1.9,,0.0,,,,,0.0,,0.0,,0.0,,1.8,0.3,26.0,,12.0,,0.0,,,0.15,,,,,,,,,0.0,,,,,,,0.0003,,,,,,,,0.0,4.2,1.0,0.12,0.28,0.0,0.0,0.2,,,,,0.2,,685.0,,,,,,,,,109.0,,,,,,,,,,,,,,,,,,,,,0.06,23.0,,,,,,,,,,,,,,,,,,,,,,,,,,,,,,,,,,,
49878,"Peppers, capsicum, green, raw",peppers capsicum green raw,0,11,Vegetables and Vegetable Products,23,McCance and Widdowson's,0.02,8.0,19.0,120.0,0.1,,0.0,0.1,,,,,,93.3,2.4,,120.0,0.1,,,,10.0,19.0,1.0,1.4,0.0,1.0,,0.0,0.0,0.0,,,0.0,,0.0,0.0,0.0,,0.8,0.3,15.0,,4.0,260.0,9.0,0.8,,0.01,,,,,,,,,0.0,,,,,,,0.0001,,,,,,,,0.0,2.6,0.4,0.01,0.3,0.1,0.0,0.2,,,,0.0,0.1,,44.0,,,,,,,,,65.0,,,,,,,,,,,,,,,,,,,,,0.08,36.0,6.4,,,,,,,,,,,,,,,,,,,,,,,,,,,,,,,,,,
5030,"Peppers, hot chili, red, raw",peppers hot chili red raw,0,11,Vegetables and Vegetable Products,0,"USDA, 2018",0.129,14.0,43.0,322.0,0.26,0.024,,,,,,,,88.02,5.3,709.0,143.7,1.244,,,,23.0,,,,,,,,0.0,0.0,0.0,0.0,0.0,0.0,0.0,40.0,0.0,0.0,1.87,0.44,40.0,1.5,9.0,534.0,36.0,0.69,0.0,0.086,0.0,0.0,0.0,0.0,0.0,0.0,0.0,23.0,0.0,0.228,0.074,0.264,0.286,0.082,0.041,0.026,0.0,0.0,0.0,0.0,0.0,0.0,0.0,,8.81,1.03,0.072,0.506,0.042,0.024,0.239,0.074,0.065,0.105,0.5,0.187,952.0,48.0,10.9,0.08,0.087,0.096,0.084,0.042,0.062,0.038,166.0,,,,,,,,,,,,0.002,23.0,0.033,0.007,0.011,0.0,0.024,0.089,0.87,0.201,23.0,14.0,,,,,,,,,,,,,,,,,,,,,,,,,,,,,,,,,,
5182,"Peppers, hungarian, raw",peppers hungarian raw,0,11,Vegetables and Vegetable Products,0,"USDA, 2018",0.115,12.0,29.0,202.0,0.3,0.024,,,,,,,,91.51,3.53,502.0,92.9,1.092,,,,16.0,,,,,,,,0.0,0.0,0.0,0.0,0.0,0.0,0.0,34.0,0.0,0.0,0.8,0.41,29.0,1.0,1.0,465.0,16.0,0.48,0.0,0.055,,,0.0,0.0,0.0,0.0,0.0,53.0,0.0,0.229,0.03,0.106,0.115,0.033,0.016,0.01,0.0,0.0,0.0,0.0,0.0,0.0,0.0,,6.7,0.46,0.079,0.517,0.046,0.024,0.24,0.03,0.026,0.042,0.3,0.204,816.0,41.0,7.7,0.032,0.035,0.039,0.034,0.017,0.025,0.015,123.0,,,,,,,,,,,,0.002,53.0,0.033,0.007,0.011,0.0,0.01,0.036,0.58,0.205,53.0,9.9,,,,,,,,,,,,,,,,,,,,,,,,,,,,,,,,,,
4663,"Peppers, sweet, green, raw",peppers sweet green raw,0,11,Vegetables and Vegetable Products,0,"USDA, 2018",0.066,10.0,20.0,175.0,0.13,0.008,0.11,0.0,0.0,0.0,0.0,0.0,0.0,93.89,2.4,341.0,80.4,0.48,0.0,2.0,0.1,10.0,,,1.12,0.0,1.16,,0.0,0.0,0.0,0.0,0.0,0.0,0.0,0.0,7.0,0.0,0.0,0.86,0.17,20.0,1.7,3.0,208.0,21.0,0.37,0.0,0.028,0.0,0.0,0.0,0.0,0.0,0.0,0.0,10.0,0.0,0.054,0.03,0.194,0.208,0.036,0.01,0.012,0.0,0.0,0.0,0.0,0.0,0.0,0.0,0.0,4.64,0.34,0.057,0.224,0.058,0.008,0.062,0.036,0.024,0.036,0.0,0.122,370.0,18.0,5.5,0.054,0.024,0.027,0.036,0.012,0.092,0.012,84.0,0.0,0.0,0.0,0.0,0.0,0.0,0.0,0.0,0.0,0.0,0.0,0.0,10.0,0.05,0.008,0.008,0.0,0.007,0.039,0.43,0.099,10.0,7.4,0.0,,,,,,,,,,,,,,,9.0,,,,,,,,,,,,,,,,,,
5032,"Peppers, sweet, red, raw",peppers sweet red raw,0,11,Vegetables and Vegetable Products,0,"USDA, 2018",0.017,7.0,26.0,211.0,0.25,0.004,0.0,0.0,0.14,0.01,0.0,0.0,0.0,92.21,4.2,51.0,127.7,0.979,0.05,,0.1,12.0,,,2.26,0.0,1.94,,0.0,0.0,0.0,0.0,0.0,0.0,0.0,0.0,490.0,0.0,0.0,0.99,0.3,26.0,2.1,4.0,1624.0,20.0,1.58,0.0,0.085,0.0,0.0,0.0,0.0,0.0,0.0,0.0,46.0,0.0,0.1,0.028,0.211,0.284,0.026,0.017,0.012,0.0,0.0,0.0,0.0,0.0,0.0,0.0,0.0,6.03,0.43,0.054,0.291,0.059,0.007,0.156,0.04,0.021,0.036,0.1,0.112,3131.0,157.0,5.6,0.05,0.024,0.036,0.031,0.009,0.05,0.019,111.0,0.0,0.0,0.0,0.0,0.0,0.0,0.0,0.0,0.0,0.0,0.0,0.0,46.0,0.056,0.004,0.056,0.004,0.006,0.036,0.47,0.317,46.0,4.9,0.0,,,,,,,,,,,,,,,,,,,,,,,,,,,,,,,,,
5154,"Peppers, sweet, yellow, raw",peppers sweet yellow raw,0,11,Vegetables and Vegetable Products,0,"USDA, 2018",0.107,11.0,24.0,212.0,0.17,,,,,,,,,92.02,,,183.5,0.89,,,,12.0,,,,,,,,,0.0,,,0.0,0.0,0.0,,0.0,0.0,1.0,0.21,27.0,0.9,2.0,120.0,,,,0.025,,,,,,,,26.0,0.0,,0.037,0.132,0.143,0.041,0.02,0.013,,,,,,,,,6.32,0.46,0.028,0.168,0.031,,,0.037,0.032,0.052,0.3,0.117,200.0,10.0,,0.04,0.044,0.048,0.042,0.021,0.031,0.019,112.968,,,,,,,,,,,,,26.0,,,,,0.012,0.044,0.45,0.168,26.0,,,,,,,,,,,,,,,,,,,,,,,,,,,,,,,,,,,
747,Pera,pera,0,9,Fruits and Fruit Juices,1,"TCA, INSA 2015",,9.0,10.0,150.0,0.2,,,0.0,,,,,,85.1,9.4,,3.0,0.2,,,,9.0,,,,,,,,0.0,0.0,,,2.0,,0.0,,0.0,2.0,0.3,0.4,40.62541136,2.2,8.0,9000.0,,0.5,,0.02,,,,,,,,,0.0,,,,,,,0.0,,,,,,,,,9.4,0.3,0.02,0.02,0.0,0.1,0.1,,,,,,,2.0,,,,,,,,,169.97672113024,,,,,,,,,,,,,,,,,,,,0.36,,,,,0.1,,,,,,,,,,,,,,,,,,,,,,,,,,,,,,,,
208011,Perna de frango com pele grelhada,perna de frango com pele grelhada,0,17,"Lamb, Veal, and Game Products",33,"TCA, INSA 2019",,22.0,190.0,410.0,1.4,,,0.0,,,,,,57.1,0.0,,0.0,5.8,,,,25.0,,,,,,,,0.0,0.1,,,,,0.6,,0.91,,26.9,13.7,231.0,0.0,300.0,0.0,,0.3,,0.38,,,,,,,,,131.0,,,,,,,5.0,,,,,,,,,0.0,1.4,0.1,0.16,3.2,4.5,2.9,,,,,,,30.0,,,,,,,,,964.0,,,,,,,,,,,,,,,,,,,,2.28,,6.6,,,,,,,,,,,,,,,,,,,,,,,,,,,,,,,,,,,
426,Pescada cozida,pescada cozida,0,15,Finfish and Shellfish Products,1,"TCA, INSA 2015",,19.0,196.0,352.0,0.7,,,0.0,,,,,,76.0,0.0,,0.0,1.1,,,,33.0,,,,,,,,0.0,0.0,,,10.0,,1.6,,0.67,24.0,19.2,3.6,109.210664656,0.0,190.0,0.0,,0.6,,0.03,,,,,,,,,25.0,,,,,,,0.0036,,,,,,,,,0.0,0.6,0.07,0.069,0.8,1.0,1.3,,,,,,,10.0,,,,,,,,,456.937420920704,,,,,,,,,,,,,,,,,,,,1.4,,,,,0.0,,,,,,,,,,,,,,,,,,,,,,,,,,,,,,,,
423,Pescada europeia cozida,pescada europeia cozida,1,15,Finfish and Shellfish Products,1,"TCA, INSA 2015",,29.0,230.0,373.0,0.8,,,0.0,,,,,,74.2,0.0,,0.0,1.0,,,,32.0,,,,,,,,0.0,0.0,,,5.0,,5.2,,0.36,23.0,20.1,3.7,113.751151808,0.0,169.0,0.0,,0.45,,0.035,,,,,,,,,28.0,,,,,,,0.0038,,,,,,,,,0.0,0.5,0.018,0.036,0.9,0.7,1.6,,,,,,,5.0,,,,,,,,,475.934819164672,,,,,,,,,,,,,,,,,,,,1.3,,,,,0.0,,,,,,,,,,,,,,,,,,,,,,,,,,,,,,,,
208680,Pescada europeia cozida,pescada europeia cozida,1,15,Finfish and Shellfish Products,33,"TCA, INSA 2019",,29.0,230.0,370.0,0.8,,,0.0,,,,,,74.2,0.0,,0.0,1.0,,,,32.0,,,,,,,,0.0,0.0,,,,,5.2,,0.36,,20.1,3.7,114.0,0.0,170.0,0.0,,0.45,,0.04,,,,,,,,,28.0,,,,,,,3.8,,,,,,,,,0.0,0.5,0.02,0.04,0.9,0.7,1.6,,,,,,,5.0,,,,,,,,,479.0,,,,,,,,,,,,,,,,,,,,1.3,,23.0,,,,,,,,,,,,,,,,,,,,,,,,,,,,,,,,,,,
49883,"Pesto, green",pesto green,0,6,"Soups, Sauces, and Gravies",23,McCance and Widdowson's,0.24,209.0,141.0,180.0,1.1,16.17,0.0,1.6,0.8,0.08,,,,39.0,2.3,,0.0,0.6,0.58,,,44.0,950.0,4.0,0.4,,1.1,3.0,0.4,,0.29,,,32.0,,0.7,,0.0,,5.6,42.5,420.0,,840.0,990.0,0.0,16.68,,0.12,,,,,,0.12,0.09,,8.4,17.38,,,,,,0.0012,,,,,0.1,,,0.4,3.9,1.05,0.06,0.03,6.5,16.55,17.55,,,,4.0,0.5,,197.0,,,,,,,,,1730.0,,0.13,0.2,0.0,0.04,0.06,0.07,,0.03,,0.0,0.3,,3.7,1.72,0.17,0.17,,,,0.2,16.0,,,,16.07,,0.05,0.17,,,,,,67.1,8.2,6.4,0.7,104.6,,,,,,,,,,,,,,,,,,
49884,"Pesto, red",pesto red,0,6,"Soups, Sauces, and Gravies",23,McCance and Widdowson's,,,,,,11.64,,0.7,,,,,,47.6,5.2,,0.0,,,,,,,,,,,0.0,,,0.21,,,13.0,,,,,,5.0,30.6,317.0,3.3,770.0,1870.0,147.0,,,,,,,,,0.09,0.06,,6.0,12.39,,,,,,0.0,,,,,0.07,,,,5.9,,,0.0,4.68,11.92,12.64,,,,,,,337.0,,,,,,,,,1311.0,,0.09,0.14,0.0,0.03,0.04,0.05,,0.02,,0.0,0.22,,2.66,1.24,0.12,0.12,,,,,,,,12.24,11.57,,0.04,0.12,,,,,,,,,,,,,,,,,,,,,,,,,,,,
427321,"Picanha, Meats, Cow",picanha meats cow,0,17,"Lamb, Veal, and Game Products",5,My foods,,,,361.0,,,,,,,,,,,,,,,,,,,,,,,,,,,,,,,,,,,,26.0,14.0,,,86.0,,,,,,,,,,,,,,83.0,,,,,,,,,,,,,,,,,17.0,,,5.0,7.0,,,,,,,,,,,,,,,,,,,,,,,,,,,,,,,,,,,,,,,,,,,,,,,,,,,,,,,,,,,,,,,,,,,,,,,,,,
259222,"Pici Pasta with garlic, oil, peperoncino, anchovies, Roman broccoli cream, raisins and Pine nuts",pici pasta with garlic oil peperoncino anchovies roman broccoli cream raisins and pine nuts,0,,,19,My recipes,0.24679256965944277,32.73993808049536,226.47987616099076,311.25696594427245,2.0131888544891643,0.6466253869969041,0.024272445820433437,0.4851393188854489,0.12631578947368421,0.019814241486068113,,,,46.65634674922602,2.3990712074303406,0.0,14.553622291021673,2.9114551083591333,0.0,,,63.45201238390093,5.893498452012385,0.49535603715170284,0.901733746130031,0.0009287925696594428,0.8962229102167183,0.04953560371517028,0.003715170278637771,0.0,0.0,0.0,0.0,1.2569659442724461,0.0,0.10990712074303408,0.0,0.025263157894736845,0.0,7.716780185758514,8.741671826625389,223.53743034055728,0.7984520123839011,652.221052631579,87.50482972136224,0.0,2.4300619195046442,0.0,0.07888544891640868,0.0,0.0,0.0002476780185758514,0.0002476780185758514,0.0002476780185758514,0.0002476780185758514,0.0016099071207430341,16.173374613003098,2.5031578947368422,1.9213003095975234,0.18390092879256967,1.7621052631578948,0.22922600619195047,0.15863777089783282,0.11962848297213624,0.06544148606811145,0.002476780185758514,0.0002476780185758514,0.0002476780185758514,0.0,0.002538699690402477,0.0002476780185758514,0.0,0.003715170278637771,31.631331269349843,1.830216718266254,0.1859752321981424,0.22947368421052633,1.2734613003095976,3.973458204334366,2.8032972136222916,0.13597523219814242,0.1980185758513932,0.34699690402476785,35.61362229102167,1.2817708978328173,0.006191950464396285,11.337461300309597,0.7021671826625389,0.24780185758513934,0.5420433436532509,0.17944272445820436,0.2206811145510836,0.1326315789473684,0.25300309597523224,0.10625386996904024,935.2806085448905,,0.007430340557275542,0.019814241486068113,0.0,0.0,0.0,0.007430340557275542,,0.0,,0.0,0.006068111455108359,16.173374613003098,0.33328792569659443,0.12308359133126935,0.024520123839009287,0.006873065015479876,0.08210526315789474,0.11256965944272446,1.2352941176470589,0.5050464396284831,29.00061919504644,0.24767801857585142,,1.565325077399381,0.5003095975232198,0.002476780185758514,0.0,0.002476780185758514,0.0,0.0,0.0,,,5.20123839009288,0.7801857585139319,0.8544891640866874,,,,,,,,,,,,,,,,,,,,
49902,"Pie, Cottage, homemade",pie cottage homemade,0,22,"Meals, Entrees, and Side Dishes",23,McCance and Widdowson's,0.04,17.0,66.0,279.0,1.1,,,8.7,,,,,,74.5,1.6,,5.0,1.5,,,,15.0,262.0,6.0,,,,0.8,0.0,,0.21,,,,,,,0.5,,6.3,6.3,126.0,1.3,155.0,,,,,0.04,,,,,,,,,15.6,,,,,,,0.0012,,,,,,,,0.2,10.4,0.59,0.11,0.26,2.36,2.78,0.54,,,,3.0,0.08,,,,,,,,,,,527.0,,,,,,,,,,,,,,,,,,,,,0.33,12.0,,,,,,,,,,,,,,,,,,,,,,,,,,,,,,,,,,,
49894,"Pie, apple, wholemeal, one crust, homemade",pie apple wholemeal one crust homemade,0,18,Baked Products,23,McCance and Widdowson's,0.09,11.0,55.0,122.0,0.3,,12.8,11.9,,,,,,57.9,18.0,,7.0,0.9,,,,17.0,,6.0,3.8,,1.3,1.8,0.1,0.0,0.25,,,83.0,,0.1,,0.0,,2.3,7.7,190.0,2.8,65.0,,,0.36,,0.03,,,,,,,,,18.5,,,,,,,0.0006,,,,,,,,0.0,29.9,0.52,0.08,0.12,4.6,1.87,0.48,,,,1.0,0.36,,92.0,,,,,,,,,801.0,,,,,,,,,,,,,,,,,,,,,0.18,5.0,,,,,,,,,,,,,,,,,,,,,,,,,,,,,,,,,,,
49901,"Pie, chicken, individual, baked",pie chicken individual baked,0,7,Sausages and Luncheon Meats,23,McCance and Widdowson's,0.06,60.0,90.0,140.0,0.6,6.8,0.2,23.0,,,,,,45.6,1.6,,,1.5,,,,15.0,450.0,,0.1,0.0,0.1,4.0,0.9,0.0,,,,0.0,,,,0.0,,9.0,17.7,288.0,1.7,270.0,,,,,0.09,,,,,,0.0,0.0,,32.0,2.1,,,,,,0.0016,0.1,0.0,,0.0,0.2,,,0.3,24.6,0.8,0.41,0.12,7.0,7.4,2.4,,,,,0.23,,0.0,,,,,,,,,1202.0,,0.1,0.1,0.0,0.0,0.1,0.0,,0.0,0.0,0.0,0.3,,4.9,1.5,0.2,0.3,,,,0.64,8.0,,,,,,,,,,,,,17.6,8.6,1.1,,29.3,,,,0.0,,,,,,,,,,0.0,,,,
49904,"Pie, fish, white fish, homemade",pie fish white fish homemade,0,22,"Meals, Entrees, and Side Dishes",23,McCance and Widdowson's,0.04,36.0,102.0,366.0,0.4,,0.1,11.2,,,,,,75.8,1.5,,6.0,0.8,,,,22.0,134.0,,0.2,,0.2,1.0,0.0,,0.02,,,,,,,0.8,,8.6,2.1,101.0,1.0,56.0,,,,,0.07,,,,,,,,,11.3,,,,,,,0.0015,,,,,,,,1.0,12.7,0.28,0.15,0.08,0.8,0.83,0.29,,,,13.0,0.09,,,,,,,,,,,428.0,,,,,,,,,,,,,,,,,,,,,0.44,14.0,,,,,,,,,,,,,,,,,,,,,,,,,,,,,,,,,,,
49905,"Pie, fish, white fish, retail, baked",pie fish white fish retail baked,0,22,"Meals, Entrees, and Side Dishes",23,McCance and Widdowson's,0.04,86.0,119.0,300.0,0.5,1.36,0.3,12.7,,,,,,73.8,1.8,0.0,2.0,0.8,,,,21.0,380.0,33.0,0.0,0.0,0.2,3.1,0.0,0.0,0.12,,,83.0,,2.8,0.0,1.3,,6.6,4.8,124.0,2.1,254.0,6.0,0.0,0.51,0.0,0.13,,,0.13,0.08,0.05,0.1,0.12,,29.0,0.25,,,,,,0.0016,0.0,0.01,0.02,0.0,0.02,0.01,0.0,1.3,14.4,0.35,0.11,0.02,2.55,1.5,0.33,,,,7.0,0.08,,84.0,,,,,,,,,521.0,,0.01,0.0,0.04,0.07,0.07,0.0,0.0,0.0,0.0,0.0,0.39,,1.11,0.41,0.09,0.06,,,,0.4,9.0,,,0.21,1.24,0.0,0.0,0.08,0.0,0.0,0.0,,,,,,2.82,,,,,0.0,,,,,,,,0.0,,,,,,
49921,"Pie, steak and kidney, single crust, homemade",pie steak and kidney single crust homemade,0,7,Sausages and Luncheon Meats,23,McCance and Widdowson's,0.17,38.0,177.0,273.0,3.4,,0.0,14.7,,,,,,51.5,0.6,,1.0,3.6,,,,19.0,277.0,,0.0,,0.0,9.1,0.6,0.0,0.06,,,23.0,,,,4.0,,17.0,13.1,243.0,1.2,209.0,,,0.98,,0.55,,,,,,,,,106.6,,,,,,,0.0034,,,,,,,,0.0,15.3,2.81,0.12,0.3,6.06,4.79,1.39,,,,40.0,0.17,,23.0,,,,,,,,,1019.0,,,,,,,,,,,,,,,,,,,,,1.13,2.0,,,,,,,,,,,,,,,,,,,,,,,,,,,,,,,,,,,
37520,Pimenta em pó,pimenta em p,0,2,Spices and Herbs,20,"TCNA, IBGE",1.13,437.0,173.0,1259.0,1.42,,,,,,,,,,,,21.0,1.14,,,,194.0,,,,,,,,,,,,,,,,,,10.95,3.26,255.0,26.5,44.0,,,0.72,,0.24,,,,,,,,,,0.97,,,,,,,,,,,,,,,64.81,28.86,0.11,0.29,0.98,1.01,1.13,,,,3.1,5.63,,15.0,,,,,,,,,1066.92,,,,,,,,,,,,,,,,0.16,,,,,,10.0,,,,,,,,,,,,,,,,,,,,,,,,,,,,,,,,,,,
959,Pimenta moída,pimenta mo da,0,6,"Soups, Sauces, and Gravies",1,"TCA, INSA 2015",,350.0,175.0,670.0,1.3,,,0.0,,,,,,11.0,38.3,,21.0,0.68,,,,142.0,,,,,,,,0.0,0.0,,,19.0,,0.0,,0.0,10.0,10.7,2.7,210.774193056,26.5,25.0,114000.0,,1.0,,0.18,,,,,,,,,0.0,,,,,,,0.0013,,,,,,,,,38.3,21.6,0.07,0.34,0.9,0.9,1.0,,,,,,,19.0,,,,,,,,,881.879223746304,,,,,,,,,,,,,,,,,,,,2.96,,,,,0.8,,,,,,,,,,,,,,,,,,,,,,,,,,,,,,,,
696,Pimento cru,pimento cru,0,11,Vegetables and Vegetable Products,1,"TCA, INSA 2015",,9.0,24.0,120.0,0.2,,,0.1,,,,,,92.8,2.5,,90.0,0.6,,,,10.0,,,,,,,,0.0,0.0,,,217.0,,0.0,,0.0,28.0,1.6,0.6,21.985516736,2.0,4.0,1300000.0,,0.8,,0.01,,,,,,,,,0.0,,,,,,,0.0002,,,,,,,,,2.7,0.6,0.02,0.31,0.1,0.0,0.3,,,,,,,217.0,,,,,,,,,91.987402023424,,,,,,,,,,,,,,,,,,,,0.4,,,,,0.3,,,,,,,,,,,,,,,,,,,,,,,,,,,,,,,,
22204,Pine nuts,pine nuts,1,12,Nut and Seed Products,11,"CIQUAL, ANSES",1.2,6.2,527.0,662.0,5.6,18.3,,1.1,,,,,,2.45,5.21,,0.0,3.29,,,,227.0,61.0,11.2,,,,,,0.0,,,,0.0,,0.0,,0.0,,13.7,65.0,695.0,10.0,9.0,17.0,,8.47,,0.11,,,0.0,0.0,0.0,0.0,0.0,,0.0,30.4,,,,,,,,0.0,0.0,,,0.0,,,6.31,4.6,0.57,0.14,5.53,19.9,33.0,,,,0.0,8.2,,,,,,,,,,,2870.0,,,,,,,,,,,,0.0,,3.23,1.4,0.15,,,,2.52,0.26,80.2,53.9,,,,,,,,,,,,,,,,,,,,,,,,,,,0.0,,,,,,,
49934,"Pine nuts, kernel only",pine nuts kernel only,0,12,Nut and Seed Products,23,McCance and Widdowson's,1.32,11.0,650.0,780.0,6.5,,3.7,0.1,11.77,0.03,,,,2.7,3.9,,0.0,3.8,0.02,,,270.0,41.0,,0.1,,0.1,,0.0,0.0,0.0,,,0.0,,0.0,,0.0,,14.0,68.6,688.0,,1.0,10.0,0.0,13.85,,0.19,,,,,,,,,0.0,,,,,,,0.0031,,,,,,,,0.0,4.0,5.6,0.73,,4.6,19.9,41.1,,,,,7.9,,2.0,,,,,,,,,2840.0,,,,,,,,,,,,,,,,,,,,,,,,,,,,,,,,,,,,,,,,,,,,,,,,,,,,,,,,,
49935,"Pineapple juice, unsweetened",pineapple juice unsweetened,0,14,Beverages,23,McCance and Widdowson's,0.02,8.0,1.0,53.0,0.1,,4.7,0.0,,,,,,87.8,10.5,,11.0,0.1,,,,6.0,15.0,0.0,2.9,,2.9,0.0,0.0,0.0,0.0,,,0.0,,0.0,,0.0,,0.3,0.1,41.0,0.0,8.0,8.0,0.0,0.03,,0.01,,,,,,,,,0.0,,,,,,,0.0001,,,,,,,,0.0,10.5,0.2,0.06,0.05,0.0,0.0,0.0,,,,0.0,0.7,,1.0,,,,,,,,,177.0,,,,,,,,,,,,,,,,,,,,,0.07,8.0,,,,,,,,,,,,,,,,,,,,,,,,,,,,,,,,,,,
3944,"Pineapple, raw, all varieties",pineapple raw all varieties,0,9,Fruits and Fruit Juices,0,"USDA, 2018",0.11,13.0,8.0,109.0,0.12,0.012,5.99,0.0,0.0,0.0,0.0,0.0,0.0,86.0,9.85,0.0,47.8,0.5,0.0,,0.1,12.0,,,2.12,0.0,1.73,,0.0,0.0,0.0,0.0,0.0,0.0,0.0,0.0,0.0,0.0,0.0,0.54,0.12,50.0,1.4,1.0,35.0,0.0,0.02,0.0,0.032,0.0,0.0,0.0,0.0,0.0,0.0,0.0,18.0,0.0,0.023,0.024,0.079,0.121,0.033,0.01,0.005,0.0,0.0,0.0,0.0,0.0,0.0,0.0,0.0,13.12,0.29,0.079,0.112,0.009,0.013,0.04,0.019,0.019,0.024,0.1,0.927,58.0,3.0,5.5,0.035,0.017,0.019,0.024,0.019,0.021,0.014,209.2,0.0,,,,,,,,,,,0.0,18.0,0.005,0.003,0.017,0.001,0.012,0.026,0.22,0.213,18.0,0.7,0.02,,,,,,,,,,,,,,,6.0,,,,,,,,,,,,,,,,,,
4034,"Pineapple, raw, extra sweet variety",pineapple raw extra sweet variety,0,9,Fruits and Fruit Juices,0,"USDA, 2018",0.113,13.0,8.0,108.0,0.12,,6.47,0.0,0.0,0.0,0.0,0.0,0.0,85.66,10.32,0.0,56.4,0.507,0.0,,0.1,12.0,,,2.15,0.0,1.7,,0.0,,0.0,,,,0.0,0.0,0.0,,0.0,0.53,0.11,51.0,1.4,1.0,34.0,0.0,0.02,0.0,0.033,,,,,,,,19.0,,,,,,,,,,,,,,,,0.0,13.5,0.28,0.08,0.114,,,,,,,0.1,0.818,57.0,3.0,5.4,,,,,,,,215.0,0.0,,,,,,,,,,,,19.0,,,,,,,0.2,0.217,19.0,0.7,0.02,,,,,,,,,,,,,,,,,,,,,,,,,,,,,,,,,
49940,"Pineapple, raw, flesh only",pineapple raw flesh only,0,9,Fruits and Fruit Juices,23,McCance and Widdowson's,0.11,18.0,10.0,160.0,0.1,,5.5,0.0,,,,,,86.5,10.1,,12.0,0.3,,,,16.0,29.0,0.0,2.5,,2.0,0.3,0.0,0.0,0.0,,,0.0,,0.0,,0.0,,0.4,0.2,41.0,,2.0,18.0,0.0,0.1,,0.03,,,,,,,,,0.0,,,,,,,0.0001,,,,,,,,0.0,10.1,0.2,0.08,0.09,0.0,0.1,0.1,,,,0.0,0.5,,3.0,,,,,,,,,176.0,,,,,,,,,,,,,,,,,,,,,0.16,5.0,0.21,,,,,,,,,,,,,,,,,,,,,,,,,,,,,,,,,,
110080,Pip And Nut Smooth Peanut Butter,pip and nut smooth peanut butter,0,12,Nut and Seed Products,5,My foods,,,,,,,,,,,,,,,4.1,,,,,,,,,,,,,,,,,,,,,,,,,27.0,52.0,612.0,,500.0,,,,,,,,,,,,,,,,,,,,,,,,,,,,,,13.0,,,,5.8,,,,,,,,,,,,,,,,,,2560.608,,,,,,,,,,,,,,,,,,,,,,,,,,,,,,,,,,,,,,,,,,,,,,,,,,,,,,,,,
37078,Pistache,pistache,0,12,Nut and Seed Products,20,"TCNA, IBGE",1.3,107.0,490.0,1025.0,2.2,,,,,,,,,,7.64,,5.0,1.3,,,,121.0,,,,,,,,,,,,,,,,,,20.61,44.44,557.0,10.3,1.0,,,2.3,,0.16,,,,,,,,,,13.2,,,,,,,,,,,,,,,27.97,4.15,0.87,1.7,5.44,23.32,13.46,,,,7.0,1.2,,27.67,,,,,,,,,2330.488,,,,,,,,,,,,,,,,0.25,,,,,,51.0,,,,,,,,,,,,,,,,,,,,,,,,,,,,,,,,,,,
81653,"Pistachio nut, grilled",pistachio nut grilled,0,12,Nut and Seed Products,11,"CIQUAL, ANSES",1.3,108.0,478.0,1020.0,2.3,23.1,,1.38,,,,,,2.43,7.74,,3.33,1.37,,,,115.0,,,,,,,,0.0,,,,0.0,,0.0,,0.0,,18.4,47.4,608.0,10.1,6.0,156.0,,2.42,,0.2,,,0.0,0.0,0.0,0.0,0.0,,0.0,13.3,,,,,,,,0.0,0.0,,,0.0,,,18.6,4.1,0.78,1.3,5.52,23.8,13.5,,,,4.7,1.24,,,,,,,,,,,2520.0,,,,,,,,,,,,0.018,,4.86,0.49,0.26,,,,3.03,0.51,50.8,13.2,,,,,,,,,,,,,,,,,,,,,,,,,,,0.0,,,,,,,
49942,"Pistachio nuts, kernel only, roasted and salted",pistachio nuts kernel only roasted and salted,0,12,Nut and Seed Products,23,McCance and Widdowson's,0.83,110.0,420.0,1040.0,2.2,,5.7,2.5,27.15,0.01,,,,2.1,5.7,,0.0,1.7,0.0,,,130.0,810.0,,0.0,,0.0,,0.0,0.0,0.0,,,0.0,,0.0,,0.0,,17.9,55.4,601.0,7.4,530.0,130.0,0.0,4.16,,0.23,,,,,,,,,0.0,,,,,,,0.0039,,,,,,,,0.0,8.2,3.0,0.7,,7.4,27.6,17.9,,,,6.0,0.9,,22.0,,,,,,,,,2485.0,,,,,,,,,,,,,,,,,,,,,,58.0,,,,,,,,,,,,,,,,,,,,,,,,,,,,,,,,,,,
49943,"Pistachio nuts, kernel only, roasted and salted, weighed with shells",pistachio nuts kernel only roasted and salted weighed with shells,0,12,Nut and Seed Products,23,McCance and Widdowson's,0.46,61.0,230.0,570.0,1.2,,3.2,1.4,14.93,0.0,,,,1.1,3.2,,0.0,0.9,0.0,,,71.0,450.0,,0.0,,0.0,,0.0,0.0,0.0,,,0.0,,0.0,,0.0,,9.9,30.5,331.0,,290.0,71.0,0.0,2.28,,0.13,,,,,,,,,0.0,,,,,,,0.0022,,,,,,,,0.0,4.6,1.7,0.39,,4.1,15.2,9.8,,,,3.0,0.5,,12.0,,,,,,,,,1370.0,,,,,,,,,,,,,,,,,,,,,,32.0,,,,,,,,,,,,,,,,,,,,,,,,,,,,,,,,,,,
81232,Pita bread,pita bread,0,20,Cereal Grains and Pasta,11,"CIQUAL, ANSES",,52.7,84.0,134.0,0.0,,,48.0,,,,,,34.1,2.18,,,2.6,,,,18.1,982.0,0.0,,,,,,0.0,,,,,,,,,,7.53,0.92,259.0,2.68,543.0,0.0,,0.0,,0.08,,,,,,,,,,,,,,,,,,,,,,,,,53.0,1.0,0.11,0.05,0.17,0.0,0.0,,,,0.0,0.0,,,,,,,,,,,1100.0,,,,,,,,,,,,,,,,,,,,1.81,0.49,21.0,,,,,,,,,,,,,,,,,,,,,,,,,,,,0.0,,,,,,,
49945,"Pizza, cheese and tomato, retail",pizza cheese and tomato retail,0,21,Fast Foods,23,McCance and Widdowson's,0.1,217.0,179.0,223.0,1.3,3.39,0.0,32.2,,,,,,38.1,3.9,,2.0,1.0,,,,24.0,630.0,17.0,0.9,0.0,0.8,4.1000000000000005,2.1,0.0,0.11,,,119.0,,0.0,,0.4,,12.2,9.8,272.0,2.9,397.0,91.0,,1.68,,0.15,,,0.19,0.11,0.08,0.16,0.2,,19.1,1.09,,,,,,0.0028,0.01,0.07,0.0,0.0,0.06,0.0,0.0,0.0,36.1,1.09,0.15,0.0,4.12,3.67,1.39,,,,4.0,0.4,,134.0,,,,,,,,,1148.0,,0.03,0.02,0.06,0.1,0.08,0.01,0.0,0.0,0.0,0.0,0.59,,1.96,0.59,0.32,0.11,,,,0.2,4.0,,,1.04,3.28,0.01,0.01,0.32,0.0,0.0,0.07,,,,,,,,,,,0.0,,,,,,,,0.01,,,,,,
49947,"Pizza, fish topped, takeaway",pizza fish topped takeaway,0,25,Restaurant Foods,23,McCance and Widdowson's,0.1,173.0,170.0,179.0,1.3,,0.0,26.2,,,,,,50.1,2.0,,2.0,2.3,,,,24.0,1366.0,59.0,0.4,,0.3,3.0,1.1,0.0,0.09,,,,,,,1.1,,13.3,7.5,226.0,,400.0,,,,,0.1,,,,0.09,0.05,0.11,0.14,,25.4,,,,,,,0.0025,,,0.0,,,0.0,0.0,0.1,28.0,1.2,0.15,0.05,3.24,2.47,1.32,,,,10.0,0.3,,,,,,,,,,,952.0,,0.02,0.02,,0.05,0.04,0.01,,,,,0.46,,1.67,0.57,,,,,,0.3,5.0,,,1.03,2.04,0.01,0.0,0.16,0.0,0.0,0.0,,,14.2,6.3,0.0,,,,,,,,,,,,,,,,,,,,
49949,"Pizza, meat topped, retail and takeaway",pizza meat topped retail and takeaway,0,25,Restaurant Foods,23,McCance and Widdowson's,0.1,203.0,190.0,196.0,1.6,,0.0,27.3,0.91,0.0,,,,44.9,1.8,,0.0,1.9,0.31,,,23.0,,,0.5,,0.4,4.0,0.9,0.0,,,,,,,,0.8,,13.2,10.3,255.0,2.0,440.0,,,0.93,,0.13,,,,0.09,0.05,0.11,0.14,,19.3,,,,,,,0.0023,,,0.0,,,0.0,0.0,0.0,29.1,1.2,0.23,0.05,3.95,3.7,1.54,,,,7.0,0.32,,,,,,,,,,,1071.0,,0.03,0.01,,0.06,0.06,0.01,,,,,0.47,,2.09,0.82,,,,,,3.2,7.0,,,1.17,3.27,0.01,0.0,0.24,0.0,0.0,0.0,,,14.9,7.3,0.0,,,,,,,,,,,,,,,,,,,,
22702,"Pizza, vegetables or pizza 4 seasons",pizza vegetables or pizza 4 seasons,0,21,Fast Foods,11,"CIQUAL, ANSES",0.1,120.0,130.0,200.0,0.92,0.08,,21.3,,,,,,51.8,3.62,,1.52,0.54,,,,20.0,689.0,0.0,,,,,,0.0,,,,29.7,,0.0,,0.3,,8.48,8.0,214.0,2.81,439.0,153.0,,0.73,,0.09,,,0.13,0.078,0.054,0.12,0.15,,19.0,0.95,,,,,,,,0.0,0.0,,,0.0,,,25.7,0.61,0.09,0.099,3.1,2.37,1.1,,,,0.0,0.25,,,,,,,,,,,900.0,,,,,,,,,,,,0.47,,1.62,0.49,0.15,,,,1.93,0.29,25.8,1.67,,,,,,,,,,,,,,,,,,,,,,,,,,,0.0,,,,,,,
49954,"Plaice, flesh only, steamed",plaice flesh only steamed,0,15,Finfish and Shellfish Products,23,McCance and Widdowson's,0.01,21.0,187.0,269.0,0.5,,0.0,0.0,,,,,,76.7,0.0,,0.0,2.6,,,,25.0,214.0,37.0,0.0,,0.0,38.4,0.0,0.0,0.01,,,0.0,,0.0,,1.5,,19.5,1.4,91.0,0.0,175.0,,,0.68,,0.17,,,,,,,,,78.5,,,,,,,0.0036,,,,,,,,0.0,0.0,0.12,0.35,0.27,0.26,0.3,0.3,,,,41.0,0.0,,0.0,,,,,,,,,383.0,,,,,,,,,,,,,,,,,,,,,0.74,14.0,,,,,,,,,,,,,,,,,,,,,,,,,,,,,,,,,,,
49969,"Plums, Victoria, flesh and skin, raw",plums victoria flesh and skin raw,0,9,Fruits and Fruit Juices,23,McCance and Widdowson's,0.1,11.0,16.0,190.0,0.0,,2.7,0.0,0.07,0.0,,,,86.0,9.6,,6.0,0.5,0.0,,,7.0,0.0,0.0,2.2,,4.7,0.0,0.0,,,,,0.0,,0.0,,0.0,,0.6,0.1,39.0,,2.0,295.0,0.0,0.61,,0.03,,,,,,,,,0.0,,,,,,,0.0001,,,,,,,,0.0,9.6,0.4,0.05,0.05,0.0,0.0,0.0,,,,0.0,0.1,,49.0,,,,,,,,,168.0,,,,,,,,,,,,,,,,,,,,,0.15,3.0,,,,,,,,,,,,,,,,,,,,,,,,,,,,,,,,,,,
49970,"Plums, Victoria, flesh and skin, raw, weighed with stones",plums victoria flesh and skin raw weighed with stones,0,9,Fruits and Fruit Juices,23,McCance and Widdowson's,0.09,10.0,15.0,180.0,0.0,,2.5,0.0,0.07,0.0,,,,80.8,9.0,,6.0,0.5,0.0,,,7.0,0.0,0.0,2.1,,4.4,0.0,0.0,,,,,0.0,,0.0,,0.0,,0.5,0.1,37.0,,2.0,275.0,0.0,0.57,,0.03,,,,,,,,,0.0,,,,,,,0.0001,,,,,,,,0.0,9.0,0.4,0.05,0.05,0.0,0.0,0.0,,,,0.0,0.1,,46.0,,,,,,,,,156.0,,,,,,,,,,,,,,,,,,,,,0.14,3.0,,,,,,,,,,,,,,,,,,,,,,,,,,,,,,,,,,,
49966,"Plums, average, raw, flesh and skin",plums average raw flesh and skin,0,9,Fruits and Fruit Juices,23,McCance and Widdowson's,0.1,13.0,23.0,240.0,0.1,,2.5,0.0,0.07,0.0,,,,83.9,8.8,81.0,4.0,1.1,0.0,,,8.0,0.0,0.0,2.0,,4.3,0.0,0.0,0.0,0.0,,,0.0,,0.0,19.0,0.0,,0.6,0.1,36.0,,2.0,355.0,23.0,0.61,,0.03,,,,,,,,,0.0,,,,,,,0.0001,,,,,,,,0.0,8.8,0.4,0.05,0.05,0.0,0.0,0.0,,,,0.0,0.1,,63.0,,,,,,,,,155.0,,,,,,,,,,,,,,,,,,,,,0.15,3.0,7.5,,,,,,,,,,,,,,,,,,,,,,,,,,,,,,,,,,
49967,"Plums, average, raw, flesh and skin, weighed with stones",plums average raw flesh and skin weighed with stones,0,9,Fruits and Fruit Juices,23,McCance and Widdowson's,0.09,12.0,22.0,230.0,0.1,,2.3,0.0,0.07,0.0,,,,78.9,8.3,18.0,4.0,1.0,0.0,,,7.0,0.0,0.0,1.9,,4.0,0.0,0.0,0.0,0.0,,,0.0,,0.0,334.0,0.0,,0.5,0.1,34.0,,2.0,22.0,59.0,0.57,75.0,0.03,,,,,,,,,0.0,,,,,,,0.0001,,,,,,,,0.0,8.3,0.4,0.05,0.05,0.0,0.0,0.0,,,,0.0,0.1,,59.0,,,,,,,,,145.0,,,,,,,,,,,,,,,,,,,,,0.14,3.0,7.05,,,,,,,,,,,,,,,,,,,,,,,,,,,,,,,,,,
3968,"Plums, dried (prunes), uncooked",plums dried prunes uncooked,0,9,Fruits and Fruit Juices,0,"USDA, 2018",0.281,43.0,69.0,732.0,0.44,0.014,0.15,5.11,0.02,0.0,0.0,0.0,0.0,30.92,38.13,148.0,0.6,1.882,0.0,4.0,0.4,41.0,,,12.45,0.0,25.46,,0.06,0.0,,0.0,0.0,0.0,0.0,0.0,93.0,0.0,0.0,2.18,0.38,240.0,7.1,2.0,394.0,57.0,0.43,0.0,0.186,0.0,0.0,0.0,0.0,0.007,0.005,0.001,4.0,0.0,0.044,0.047,0.114,0.801,0.066,0.027,0.025,0.0,0.0,0.0,0.0,0.0,0.0,0.0,0.0,63.88,0.93,0.051,0.205,0.088,0.053,0.062,0.049,0.041,0.066,0.3,0.299,781.0,39.0,10.1,0.059,0.13,0.037,0.056,0.021,0.052,0.011,1006.0,0.0,0.001,0.001,0.0,0.0,0.0,,0.0,0.0,0.0,0.0,0.0,4.0,0.03,0.044,0.017,0.039,0.016,0.05,2.64,0.422,4.0,59.5,0.01,,,,,,0.0,,,,,,,,,,,,,,,,,,,,,,,,,,,
3957,"Plums, raw",plums raw,0,9,Fruits and Fruit Juices,0,"USDA, 2018",0.057,6.0,16.0,157.0,0.1,0.132,1.57,0.0,0.08,0.0,0.0,0.01,0.0,87.23,9.92,73.0,9.5,0.417,0.0,2.0,,7.0,,,3.07,0.14,5.07,,0.08,0.0,0.0,0.0,0.0,0.0,0.0,0.0,35.0,0.0,0.0,0.7,0.28,46.0,1.4,0.0,190.0,0.0,0.26,0.0,0.026,0.0,0.0,0.0,0.0,0.0,0.0,0.0,5.0,0.0,0.044,0.009,0.035,0.352,0.028,0.009,0.009,0.0,0.0,0.0,0.0,0.0,0.0,0.0,0.0,11.42,0.17,0.028,0.029,0.017,0.134,0.044,0.01,0.014,0.015,0.0,0.052,345.0,17.0,1.9,0.023,0.027,0.009,0.016,0.008,0.014,0.002,192.464,0.0,,,,,,,,,,,0.0,5.0,0.014,0.003,0.0,0.002,0.008,0.016,0.37,0.135,5.0,6.4,0.04,,,,,,,,,,,,,,,7.0,,,,,,,,,,,,,,,,,,
49976,"Pollock, Alaskan, flesh only, baked",pollock alaskan flesh only baked,0,15,Finfish and Shellfish Products,23,McCance and Widdowson's,0.05,21.0,207.0,371.0,0.7,,0.0,0.0,,,,,,72.0,0.0,,0.0,3.6,,,,51.0,172.0,97.0,0.0,,0.0,2.0,0.0,0.0,0.01,,,0.0,,0.0,,3.6,,28.2,1.2,124.0,0.0,117.0,,,1.03,,0.12,,,,,,,,,84.5,,,,,,,0.0045,,,,,,,,0.0,0.0,0.31,0.04,0.06,0.24,0.29,0.27,,,,46.0,0.02,,0.0,,,,,,,,,523.0,,,,,,,,,,,,,,,,,,,,,0.3,7.0,,,,,,,,,,,,,,,,,,,,,,,,,,,,,,,,,,,
4045,"Pomegranate juice, bottled",pomegranate juice bottled,0,9,Fruits and Fruit Juices,0,"USDA, 2018",0.021,11.0,11.0,214.0,0.09,0.049,0.0,,,,,,,85.95,12.65,0.0,0.1,0.233,,,,7.0,,,6.37,0.0,6.28,,0.0,0.0,0.0,0.0,0.0,0.0,0.0,0.0,0.0,0.0,0.0,0.15,0.29,54.0,0.1,9.0,0.0,0.0,0.38,0.0,0.015,0.0,0.0,0.0,0.0,0.0,0.0,0.004,24.0,0.0,0.05,,,,,,,0.0,0.0,0.0,0.0,0.003,0.0,0.0,0.0,13.13,0.1,0.015,0.04,0.077,0.059,0.05,,,,0.3,0.095,0.0,0.0,4.8,,,,,,,,228.0,,,,,,,,,,,,0.004,24.0,0.044,0.024,0.0,0.008,,,0.49,0.285,24.0,10.4,,,,,,,,,,,,,,,,,,,,,,,,,,,,,,,,,,
49980,"Pomegranate, flesh and pips",pomegranate flesh and pips,0,9,Fruits and Fruit Juices,23,McCance and Widdowson's,0.17,12.0,29.0,240.0,0.4,,0.2,0.0,,,,,,80.0,11.8,,13.0,0.3,,,,11.0,2.0,,5.2,,6.4,,0.0,0.0,0.0,,,0.0,,0.0,0.0,0.0,,1.3,0.2,51.0,,2.0,20.0,26.0,,,0.04,,,,,,,,,0.0,,,,,,,0.0002,,,,,,,,0.0,11.8,0.7,0.05,0.31,0.0,0.1,0.1,,,,,,,5.0,,,,,,,,,218.0,,,,,,,,,,,,,,,,,,,,,0.57,,,,,,,,,,,,,,,,,,,,,,,,,,,,,,,,,,,,
3963,"Pomegranates, raw",pomegranates raw,0,9,Fruits and Fruit Juices,0,"USDA, 2018",0.158,10.0,36.0,236.0,0.35,0.077,,,,,,,,77.93,13.67,0.0,10.2,0.293,,,,12.0,,,,,,,,0.0,0.0,0.0,0.0,0.0,0.0,0.0,0.0,0.0,0.0,1.67,1.17,83.0,4.0,3.0,0.0,0.0,0.6,0.0,0.053,0.0,0.0,0.0,0.0,0.0,0.0,0.006,38.0,0.0,0.079,,,,,,,0.0,0.0,0.0,0.0,0.004,0.0,0.0,,18.7,0.3,0.067,0.075,0.12,0.093,0.079,,,,0.5,0.119,0.0,0.0,7.6,,,,,,,,346.0,,,,,,,,,,,,0.006,38.0,0.07,0.038,0.0,0.012,,,0.53,0.377,38.0,16.4,,,,,,,,,,,,4.0,1.0,0.0,,,,,,,,,,,,,,,,,,,,
49987,"Popcorn, salted, retail",popcorn salted retail,0,23,Snacks,23,McCance and Widdowson's,,,,,,,0.6,58.7,,,,,,4.3,0.6,,0.0,,,,,,1120.0,,0.0,0.0,0.0,,0.0,0.0,,,,0.0,,0.0,,0.0,,9.0,23.5,470.0,9.3,730.0,,,,,,,,,,,,,,0.0,,,,,,,,,,,,,,,0.0,59.3,,,,,,,,,,,,,,,,,,,,,,1971.0,,,,,,,,,,,,,,,,,,,,,,,,,,,,,,,,,,,,,,,,,,,,,,,,,,,,,,,,,
49988,Poppy seeds,poppy seeds,0,12,Nut and Seed Products,23,McCance and Widdowson's,1.63,1580.0,840.0,700.0,8.5,,,,,,,,,6.0,,,0.0,1.0,,,,330.0,,,,0.0,,,0.0,,0.0,,,0.0,,0.0,,0.0,,20.6,47.1,,,21.0,,,2.72,,0.17,,,0.0,0.0,0.0,0.0,,,0.0,,,,,,,,,,0.0,,,0.0,0.0,0.0,,11.1,0.85,0.44,6.8,10.58,27.65,,,,,6.8,,0.0,,,,,,,,,,,,,,,,,,,,,,,,,,,,,,,0.0,,,27.2,10.45,0.0,0.0,0.45,0.0,0.0,0.0,,,57.9,19.3,2.8,,89.0,,,,,,,,,,,,,,,,,,
259280,"Porcini, Mushrooms",porcini mushrooms,0,11,Vegetables and Vegetable Products,5,My foods,,,,,,,,,,,,,,92.0,1.0,,,,,,,,,,,,,,,,,,,,,,,,,3.9,0.7,26.0,2.5,,,,,,,,,,,,,,,,,,,,,,,,,,,,,,,1.0,,,,,,,,,,,,,,,,,,,,,,108.784,,,,,,,,,,,,,,,,,,,,,,,,,,,,,,,,,,,,,,,,,,,,,,,,,,,,,,,,,
177268,Pork cheek lard,pork cheek lard,0,10,Pork Products,5,My foods,0.04,4.0,86.0,148.0,0.84,,,,,,,,,23.19,0.0,,0.0,4.535,,,,3.0,,,,,,,,0.0,1.0,0.0,,,,0.0,,0.82,0.0,6.38,69.61,655.0,0.0,25.0,,,0.29,,0.236,,,,,,,,,90.0,,,,,,,,,,,,,,,,0.0,0.42,0.386,0.09,,,,,,,1.5,0.005,,3.0,,,,,,,,,2740.52,,,,,,,,,,,,,,,,,,,,,0.25,1.0,,,,,,,,,,,,,,,,,,,,,,,,,,,,,,,,,,,
49993,"Pork, belly joint, roasted, lean and fat",pork belly joint roasted lean and fat,0,10,Pork Products,23,McCance and Widdowson's,0.06,9.0,190.0,310.0,2.5,7.7,0.0,0.0,,,,,,55.8,0.0,,0.0,8.4,,,,20.0,93.0,12.0,0.0,0.0,0.0,4.0,0.0,0.0,0.14,,,0.0,,1.0,,1.0,,25.1,21.4,293.0,,90.0,,,0.01,,0.19,,,0.0,0.0,0.0,0.01,0.0,,85.0,3.3,,,,,,0.0045,0.0,0.1,0.04,0.0,0.2,0.01,0.05,0.0,0.0,0.7,0.47,0.3,7.4,8.5,3.9,,,,15.0,0.0,,0.0,,,,,,,,,1219.0,,0.0,0.0,0.0,0.0,0.1,0.0,0.12,0.1,0.1,0.0,0.3,,4.6,2.4,0.3,0.5,,,,1.42,3.0,,,3.28,7.61,0.0,0.0,0.28,0.0,0.06,0.07,,,0.2,0.8,0.0,0.6,1.0,,,,0.0,,,,,,,,,,0.0,,,,
50015,"Pork, fillet slices, grilled, lean",pork fillet slices grilled lean,0,10,Pork Products,23,McCance and Widdowson's,0.14,9.0,320.0,520.0,2.7,1.2,0.0,0.0,,,,,,61.8,0.0,,0.0,10.5,,,,35.0,67.0,5.0,0.0,0.0,0.0,5.0,0.0,0.0,0.0,,,0.0,,0.8,,1.0,,33.6,4.0,170.0,,67.0,,,0.05,,0.28,,,,,,0.0,0.0,,89.0,0.6,,,,,,0.007,0.0,0.0,,0.0,0.0,,,0.0,0.0,1.3,1.58,0.66,1.5,1.4,0.8,,,,21.0,0.02,,0.0,,,,,,,,,719.0,,0.0,0.0,0.0,0.0,0.0,0.0,,0.0,0.0,0.0,0.0,,0.9,0.5,0.0,0.1,,,,2.17,4.0,,,,,,,,,,,,,,,,,,,,,0.0,,,,,,,,,,0.0,,,,
4234,"Pork, fresh, composite of trimmed retail cuts (leg, loin, shoulder, and spareribs), separable lean and fat, cooked",pork fresh composite of trimmed retail cuts leg loin shoulder and spareribs separable lean and fat cooked,0,10,Pork Products,0,"USDA, 2018",0.09,20.0,221.0,341.0,3.06,5.507,,,0.01,0.0,0.0,0.01,0.0,58.53,0.0,0.0,0.1,6.047,0.0,,3.0,24.0,,,,,,,,0.0,0.081,0.0,0.0,2.0,38.0,0.9,0.0,0.7,0.0,26.36,13.89,238.0,0.0,57.0,0.0,0.0,0.13,0.0,0.29,0.0,0.0,0.0,0.0,0.0,0.01,0.008,2.0,88.0,1.325,1.242,4.163,2.529,1.547,1.103,0.293,0.0,0.079,0.0,0.0,0.1,0.0,0.0,,0.0,1.11,0.611,0.542,4.893,5.976,1.519,1.186,1.271,2.199,42.0,0.01,7.0,2.0,80.1,1.123,1.082,1.725,1.392,0.971,1.089,0.313,995.792,0.0,0.014,0.0,0.001,0.002,0.027,,0.035,0.006,0.004,0.0,0.17,2.0,3.009,1.615,0.054,0.343,0.713,2.418,1.02,0.844,2.0,0.0,0.0,0.907,3.466,,,0.04,0.001,,,,,,,,0.9,,,0.053,,,,0.028,0.053,,,,,,0.046,,,,0.028,
4272,"Pork, fresh, composite of trimmed retail cuts (loin and shoulder blade), separable lean only, raw",pork fresh composite of trimmed retail cuts loin and shoulder blade separable lean only raw,0,10,Pork Products,0,"USDA, 2018",0.065,17.0,209.0,384.0,1.99,2.41,,,,,,,,72.23,,,0.6,4.825,,,,23.0,,,,,,,,,,,,2.0,,,,0.66,0.0,21.23,5.88,144.0,0.0,54.0,,,,,0.272,,,,,,0.01,0.01,5.0,60.0,0.51,1.008,3.324,1.969,1.237,0.848,0.27,,0.07,,,0.04,,,,0.0,0.88,0.98,0.51,2.03,2.66,0.63,0.97,0.994,1.704,32.4,0.012,7.0,2.0,,0.877,0.853,1.32,1.152,0.74,0.848,0.271,602.496,,,,,,,,,,,,0.07,5.0,1.29,0.64,0.02,0.19,0.562,1.909,1.05,0.789,5.0,,,,,,,,,,,,,,,,,,,,,,,,,,,,,,,,,,,
4151,"Pork, fresh, shoulder, arm picnic, separable lean only, cooked, braised",pork fresh shoulder arm picnic separable lean only cooked braised,0,10,Pork Products,0,"USDA, 2018",0.109,16.0,254.0,382.0,3.35,3.52,,,,,,,,63.59,0.0,0.0,0.0,5.538,,,4.3,23.0,,,,,,,,0.0,0.15,0.0,0.0,2.0,42.0,1.0,0.0,0.76,0.0,26.76,8.87,194.0,0.0,100.0,0.0,0.0,0.29,0.0,0.335,0.0,0.0,0.0,0.0,0.0,0.004,0.005,5.0,87.0,1.613,1.209,4.088,2.503,1.533,1.089,0.319,0.0,0.086,0.0,0.0,0.059,0.0,0.013,,0.0,0.97,0.463,0.362,2.85,3.767,1.859,1.177,1.267,2.203,31.2,0.023,6.0,2.0,110.9,1.118,1.082,1.724,1.354,1.06,1.112,0.302,813.0,0.0,0.014,0.0,0.0,0.003,0.029,0.0,0.061,0.0,0.011,0.0,0.1,5.0,1.78,0.915,0.076,0.188,0.734,2.38,1.15,1.27,5.0,0.0,,1.592,3.39,0.0,,0.076,0.0,,,,,,,,1.0,,,0.13,,,,0.021,0.13,,,0.021,,,0.093,,,0.0,,
4159,"Pork, fresh, shoulder, blade, boston (steaks), separable lean only, cooked, broiled",pork fresh shoulder blade boston steaks separable lean only cooked broiled,0,10,Pork Products,0,"USDA, 2018",0.059,33.0,220.0,343.0,5.02,5.06,,,,,,,,60.07,0.0,0.0,0.3,4.3,,,3.6,24.0,,,,,,,,0.0,,0.0,0.0,2.0,48.0,1.2,0.0,1.13,0.0,26.74,12.54,227.0,0.0,74.0,0.0,0.0,0.27,0.0,0.44,0.0,0.0,0.0,0.0,0.0,0.01,0.01,5.0,94.0,0.92,1.27,4.186,2.48,1.558,1.068,0.34,0.0,0.06,0.0,0.0,0.15,0.0,0.0,,0.0,1.56,0.75,0.31,4.45,5.64,1.08,1.221,1.252,2.145,39.3,0.009,8.0,2.0,91.9,1.105,1.074,1.662,1.451,0.932,1.067,0.341,950.0,0.0,,,,,,,,,,,0.14,5.0,2.73,1.47,0.04,0.37,0.708,2.405,1.1,0.816,5.0,0.0,,,,,,,,,,,,,,,1.2,,,,,,,,,,,,,,,,,,,
50034,"Pork, leg joint, roast, lean and fat",pork leg joint roast lean and fat,0,10,Pork Products,23,McCance and Widdowson's,0.06,10.0,240.0,380.0,2.9,,0.0,0.0,,,,,,58.3,0.0,,0.0,9.2,,,,26.0,67.0,3.0,0.0,0.0,0.0,5.0,0.0,0.0,0.04,,,0.0,,1.0,,1.0,,30.9,10.2,215.0,0.0,70.0,,,0.03,,0.24,,,0.0,0.0,0.0,0.01,,,100.0,,,,,,,0.0061,,,0.01,,,0.01,0.02,0.0,0.0,1.0,0.71,0.47,3.6,4.4,1.4,,,,20.0,0.0,,0.0,,,,,,,,,903.0,,,,,,,,0.04,,,,,,,,,,,,,2.67,4.0,,,1.18,3.96,0.03,0.0,0.08,0.0,0.02,0.06,,,,,,,,,,,,,,,,,,,,,,,,,
50045,"Pork, loin chops, raw, lean and fat",pork loin chops raw lean and fat,0,10,Pork Products,23,McCance and Widdowson's,0.06,10.0,170.0,300.0,1.3,,0.0,0.0,,,,,,59.8,0.0,,0.0,4.9,,,,19.0,56.0,8.0,0.0,0.0,0.0,3.0,0.0,0.0,0.1,,,0.0,,0.9,,1.0,,18.6,21.7,270.0,0.0,53.0,,,0.11,,0.18,,,,,,,,,61.0,,,,,,,0.0033,,,,,,,,0.0,0.0,0.4,0.81,0.62,8.0,8.5,3.6,,,,11.0,0.01,,0.0,,,,,,,,,1119.0,,,,,,,,,,,,,,,,,,,,,0.97,1.0,0.03,,,,,,,,,,,,,,,,,,,,,,,,,,,,,,,,,,
50048,"Pork, loin chops, roasted, lean and fat",pork loin chops roasted lean and fat,0,10,Pork Products,23,McCance and Widdowson's,0.09,19.0,230.0,360.0,2.4,,0.0,0.0,,,,,,49.1,0.0,,0.0,8.4,,,,25.0,70.0,5.0,0.0,0.0,0.0,6.0,0.0,0.0,0.1,,,0.0,,1.1,,1.0,,31.9,19.3,301.0,0.0,68.0,,,0.03,,0.16,,,,,,,,,110.0,,,,,,,0.0063,,,,,,,,0.0,0.0,0.8,0.77,0.42,7.0,7.8,3.1,,,,20.0,0.02,,0.0,,,,,,,,,1256.0,,,,,,,,,,,,,,,,,,,,,2.05,2.0,,,,,,,,,,,,,,,,,,,,,,,,,,,,,,,,,,,
50049,"Pork, loin chops, roasted, lean and fat, weighed with bone",pork loin chops roasted lean and fat weighed with bone,0,10,Pork Products,23,McCance and Widdowson's,0.07,15.0,170.0,270.0,1.8,,0.0,0.0,,,,,,37.3,0.0,,0.0,6.4,,,,19.0,54.0,4.0,0.0,0.0,0.0,5.0,0.0,0.0,0.1,,,0.0,,0.8,,1.0,,24.2,14.7,229.0,,51.0,,,0.02,,0.12,,,,,,,,,92.0,,,,,,,0.0048,,,,,,,,0.0,0.0,0.6,0.58,0.32,5.3,6.5,2.6,,,,15.0,0.01,,0.0,,,,,,,,,955.0,,,,,,,,,,,,,,,,,,,,,1.56,2.0,,,,,,,,,,,,,,,,,,,,,,,,,,,,,,,,,,,
50059,"Pork, mince, raw",pork mince raw,0,10,Pork Products,23,McCance and Widdowson's,0.06,7.0,190.0,390.0,2.4,3.5,0.0,0.0,,,,,,70.4,0.0,,0.0,6.5,,,,20.0,67.0,5.0,0.0,0.0,0.0,1.0,0.0,0.0,0.04,,,0.0,,0.8,,1.0,,19.2,9.7,164.0,,66.0,,,0.09,,0.22,,,0.0,0.0,0.0,0.01,0.0,,66.0,1.3,,,,,,0.0035,0.0,0.0,0.02,0.0,0.1,0.01,0.02,0.0,0.0,0.9,0.96,0.2,3.6,3.8,1.6,,,,12.0,0.01,,0.0,,,,,,,,,685.0,,0.0,0.0,0.0,0.0,0.1,0.0,0.05,0.0,0.0,0.0,0.1,,2.1,1.2,0.1,0.2,,,,1.31,2.0,,,1.26,3.48,0.0,0.0,0.13,0.0,0.03,0.04,,,0.1,0.5,0.0,,0.6,,,,0.0,,,,,,,,,,0.0,,,,
50074,"Pork, spare ribs, 'barbecue style', homemade",pork spare ribs barbecue style homemade,0,22,"Meals, Entrees, and Side Dishes",23,McCance and Widdowson's,0.07,37.0,190.0,420.0,2.8,,1.4,0.6,,,,,,40.1,5.0,,1.0,4.7,,,,30.0,1092.0,,0.9,,1.2,1.2,0.0,0.0,0.11,,,0.0,,0.8,,0.8,,20.8,22.3,302.0,0.8,766.0,,,1.91,,0.17,,,,,,,,,69.7,,,,,,,0.0039,,,,,,,,0.0,4.9,1.67,0.68,0.35,6.03,10.39,4.09,,,,13.0,0.12,,0.0,,,,,,,,,1258.0,,,,,,,,,,,,,,,,,,,,,1.32,4.0,,,,,,,,,,,,,,,,,,,,,,,,,,,,,,,,,,,
50083,"Pork, steaks, grilled, lean and fat",pork steaks grilled lean and fat,0,10,Pork Products,23,McCance and Widdowson's,0.1,8.0,280.0,460.0,2.7,,0.0,0.0,,,,,,59.1,0.0,,0.0,9.1,,,,32.0,68.0,5.0,0.0,0.0,0.0,5.0,0.0,0.0,0.0,,,0.0,,0.9,,1.0,,32.4,7.6,198.0,0.0,76.0,,,0.02,,0.27,,,,,,,,,100.0,,,,,,,0.0066,,,,,,,,0.0,0.0,1.1,1.45,0.68,2.7,3.0,1.2,,,,20.0,0.02,,0.0,,,,,,,,,832.0,,,,,,,,,,,,,,,,,,,,,2.09,8.0,,,,,,,,,,,,,,,,,,,,,,,,,,,,,,,,,,,
50089,"Pork, sweet and sour, made with lean pork, homemade",pork sweet and sour made with lean pork homemade,0,22,"Meals, Entrees, and Side Dishes",23,McCance and Widdowson's,0.08,14.0,149.0,324.0,1.4,,5.2,3.5,,,,,,65.8,7.3,,14.0,3.4,,,,20.0,91.0,6.0,1.0,,1.0,2.0,0.0,0.9,0.0,,,5.0,,0.4,,0.6,,13.5,6.7,163.0,,71.0,,,1.28,,0.14,,,,,,,,,49.5,,,,,,,0.0028,,,,,,,,0.0,11.1,0.76,0.53,0.32,1.19,3.4,1.67,,,,9.0,0.06,,27.0,,,,,,,,,684.0,,,,,,,,,,,,,,,,,,,,,0.77,7.0,,,,,,,,,,,,,,,,,,,,,,,,,,,,,,,,,,,
50092,"Porridge oats, unfortified",porridge oats unfortified,0,21,Fast Foods,23,McCance and Widdowson's,0.37,50.0,387.0,372.0,2.3,,0.3,70.4,0.2,0.04,,,,9.4,0.3,,0.0,0.8,0.39,,,114.0,87.0,0.0,0.0,,0.0,19.0,0.0,,0.01,,,0.0,,0.0,,0.0,,10.9,8.1,381.0,7.8,1.0,,,0.59,,0.05,,,,,,,,,0.3,,,,,,,0.0027,,,,,,,,0.0,70.7,3.64,1.05,0.34,1.28,3.11,3.19,,,,3.0,3.66,,0.0,,,,,,,,,1614.0,,,,,,,,,,,,,,,,,,,,,0.75,32.0,,,,,,,,,,,,,,,,,,,,,,,,,,,,,,,,,,,
50093,"Porridge oats, unfortified, cooked, made up with semi-skimmed milk",porridge oats unfortified cooked made up with semi skimmed milk,0,21,Fast Foods,23,McCance and Widdowson's,0.0,117.0,145.0,202.0,0.7,0.88,0.0,8.0,0.07,0.05,,,,79.7,4.1,,1.0,0.2,0.05,,,28.0,123.0,23.0,0.0,,0.0,6.0,0.0,0.0,0.06,,,17.0,,0.0,,0.3,,4.6,2.3,84.0,1.0,39.0,,,0.2,,0.14,,,0.07,0.03,0.02,0.04,0.05,,2.7,0.54,,,,,,0.0008,0.0,,,,0.01,,,4.1,12.1,0.59,0.0,0.09,1.03,0.69,0.35,,,,2.0,0.72,,18.0,,,,,,,,,357.0,,0.0,0.01,0.01,0.04,0.03,0.0,,0.0,,,0.15,,0.58,0.19,0.02,0.03,,,,0.6,10.0,,,,0.83,0.0,,0.02,,,,,,2.6,0.2,0.2,,5.4,,,,,,,,,,,,0.0,,,,,,
50095,"Porridge, made with water",porridge made with water,0,20,Cereal Grains and Pasta,23,McCance and Widdowson's,0.05,6.0,48.0,46.0,0.3,,0.0,8.8,,,,,,88.7,0.0,,0.0,0.1,,,,14.0,11.0,0.0,0.0,,0.0,1.4,0.0,,0.0,,,0.0,,0.0,,0.0,,1.4,1.0,47.0,1.0,0.0,,,0.07,,0.0,,,,,,,,,0.0,,,,,,,0.0003,,,,,,,,0.0,8.8,0.45,0.08,0.03,0.16,0.39,0.4,,,,0.0,0.46,,0.0,,,,,,,,,201.0,,,,,,,,,,,,,,,,,,,,,0.06,2.0,,,,,,,,,,,,,,,,,,,,,,,,,,,,,,,,,,,
50112,"Potato chips, homemade, fried in rapeseed oil",potato chips homemade fried in rapeseed oil,0,22,"Meals, Entrees, and Side Dishes",23,McCance and Widdowson's,0.11,15.0,57.0,812.0,0.6,,0.0,33.2,,,,,,55.9,0.9,,11.0,0.3,,,,39.0,151.0,2.0,0.4,0.0,0.5,0.4,0.0,0.0,0.0,,,0.0,,0.0,,0.0,,3.6,6.7,202.0,3.4,3.0,0.0,0.0,,,0.01,,,,,,,,,0.0,,,,,,,0.0007,,,,,,,,0.0,34.1,0.64,0.23,0.1,0.44,3.92,1.94,,,,0.0,0.28,,0.0,,,,,,,,,854.0,,,,,,,,,,,,,,,,,,,,,0.3,16.0,,,,,,,,,,,,,,,,,,,,,,,,,,,,,,,,,,,
50115,"Potato chips, oven ready, no batter, baked",potato chips oven ready no batter baked,0,22,"Meals, Entrees, and Side Dishes",23,McCance and Widdowson's,0.12,14.0,95.0,641.0,0.4,1.34,0.4,34.3,,,,,,54.2,1.0,,1.0,1.4,,,,31.0,100.0,2.0,0.3,0.0,0.4,0.3,0.0,0.0,0.0,,,0.0,,0.0,,0.0,,3.2,4.9,189.0,3.5,31.0,,,1.37,,0.12,,,0.0,0.0,0.07,0.0,0.0,,0.0,2.42,,,,,,0.0007,0.0,0.0,0.0,0.0,0.01,0.0,0.0,0.0,35.3,0.72,0.05,0.2,0.78,1.36,2.45,,,,0.0,0.21,,0.0,,,,,,,,,800.0,,0.13,0.03,0.0,0.0,0.0,0.01,0.0,0.0,0.0,0.0,0.01,,0.51,0.19,0.02,0.01,,,,0.25,22.0,,,2.42,1.34,0.0,0.0,0.02,0.0,0.0,0.0,,,,,,,,,,,0.0,,,,,,,,0.0,,,,,,
50122,"Potato crisps, low fat",potato crisps low fat,0,23,Snacks,23,McCance and Widdowson's,0.38,36.0,130.0,1020.0,0.9,,0.8,62.0,0.62,0.06,,,,1.1,1.5,,14.0,5.0,0.09,,,48.0,1200.0,,0.0,0.0,0.2,,0.0,0.0,0.02,,,0.0,,0.0,,0.0,,6.6,21.5,458.0,,730.0,2.0,0.0,3.47,,0.14,,,0.0,0.0,0.0,0.01,,,0.0,,,,,,,0.0016,,,0.0,,,0.0,0.0,0.5,63.5,1.8,0.19,0.46,1.85,16.75,1.87,,,,1.0,0.37,,0.0,,,,,,,,,1924.0,,,,,,,,,,,,,,,,,,,,,,48.0,,,2.4,8.54,0.0,0.0,0.11,0.0,0.0,0.0,,,,,,,,,,,,,,,,,,,,,,,,,
28271,"Potato croquettes, frozen, grilled/baked (Green Isle)",potato croquettes frozen grilled baked green isle,0,22,"Meals, Entrees, and Side Dishes",15,"IFCD, UCC",0.08,44.0,49.0,360.0,0.3,,,23.9,,,,,,58.2,2.2,,2.0,1.4,,,,19.0,,,,,,,,,,,,0.0,,0.0,,0.0,,2.7,7.2,180.0,,400.0,,,0.0,,0.08,,,,,,,,,0.0,,,,,,,,,,,,,,,,26.1,0.9,0.08,0.22,1.1,3.1,3.1,,,,0.0,0.2,,,,,,,,,,,753.12,,,,,,,,,,,,,,,,,,,,,0.0,2.0,,,,,,,,,,,,,,,,,,,,,,,,,,,,,,,,,,,
50132,"Potato wedges, retail, cooked",potato wedges retail cooked,0,11,Vegetables and Vegetable Products,23,McCance and Widdowson's,0.16,21.0,92.0,516.0,0.5,3.7,0.3,29.7,0.0,0.0,,,,61.5,0.8,,0.0,2.2,0.0,,,26.0,315.0,1.0,0.2,0.0,0.2,0.5,0.1,,0.27,,,0.0,,0.0,4.0,0.0,,2.8,5.5,176.0,4.3,198.0,8.0,0.0,,,0.06,,,0.05,,0.02,,0.02,,0.0,0.79,,,,,,0.0004,,,,,0.02,,,0.0,30.6,2.54,0.08,0.1,2.49,2.22,0.5,,,,1.0,0.21,,2.0,,,,,,,,,741.0,,0.04,0.01,,,0.01,,,,,,0.09,,3.41,0.52,0.04,0.01,,,,0.39,10.0,,,0.79,3.24,,,0.04,,,,,,6.8,3.6,0.0,,10.4,,,,,,,,,,,,,,,,,,
23044,"Potato, boiled/cooked in water",potato boiled cooked in water,0,11,Vegetables and Vegetable Products,11,"CIQUAL, ANSES",0.076,5.83,37.2,363.0,0.15,0.002,,15.8,,,,,,78.3,0.86,,2.92,1.73,,,,17.3,61.0,0.0,,,,,,0.0,,,,0.0,,0.0,,0.0,,1.8,0.34,80.5,1.8,20.6,2.0,,0.01,,0.0,,,0.0,0.0,0.0,0.001,0.0002,,0.0,0.032,,,,,,,,,0.0,,,0.0,,,16.7,0.27,0.079,0.34,0.094,0.002,0.043,,,,0.0,0.074,,,,,,,,,,,341.0,,,,,,,,,,,,0.0011,,0.062,0.022,0.011,,,,0.96,0.57,31.1,2.1,,,,,,,,,,,,,,,,,,,,,,,,,,,0.0,,,,,,,
4687,"Potatoes, boiled, cooked in skin, flesh, without salt",potatoes boiled cooked in skin flesh without salt,0,11,Vegetables and Vegetable Products,0,"USDA, 2018",0.188,5.0,44.0,379.0,0.3,0.001,0.19,,,,,,,76.98,0.91,10.0,13.0,1.439,,49.4,0.2,22.0,,,0.29,0.0,0.34,,0.0,0.0,0.0,0.0,0.0,0.0,0.0,0.0,0.0,0.0,0.0,1.87,0.1,87.0,1.8,4.0,2.0,0.0,0.01,0.0,0.02,0.0,0.0,0.0,0.0,0.0,0.001,0.003,10.0,0.0,0.032,0.056,0.314,0.457,0.057,0.041,0.029,0.0,0.0,0.0,0.0,0.0,0.0,0.0,0.0,20.13,0.31,0.106,0.299,0.026,0.002,0.043,0.068,0.076,0.112,0.3,0.138,3.0,0.0,13.5,0.081,0.067,0.086,0.105,0.069,0.083,0.024,364.008,,,,,,,,,,,,0.001,10.0,0.016,0.004,0.01,0.001,0.03,0.114,0.92,0.52,10.0,2.2,,,,,,,,,,,,,,,,,,,,,,,,,,,,,,,,,,
4688,"Potatoes, boiled, cooked in skin, skin, without salt",potatoes boiled cooked in skin skin without salt,0,11,Vegetables and Vegetable Products,0,"USDA, 2018",0.878,45.0,54.0,407.0,0.44,0.001,,,,,,,,77.8,,,5.2,1.222,,,,30.0,,,,,,,,,0.0,,,0.0,0.0,0.0,,0.0,0.0,2.86,0.1,78.0,3.3,14.0,,,,,0.036,,,,,,0.001,0.003,10.0,0.0,0.032,,,,,,,,,,,,,,,17.21,6.07,0.032,0.239,0.026,0.002,0.043,,,,0.3,1.338,0.0,0.0,,,,,,,,,326.352,,,,,,,,,,,,0.001,10.0,0.016,0.004,0.01,0.001,,,2.04,0.361,10.0,,,,,,,,,,,,,,,,,,,,,,,,,,,,,,,,,,,
4689,"Potatoes, boiled, cooked without skin, flesh, without salt",potatoes boiled cooked without skin flesh without salt,0,11,Vegetables and Vegetable Products,0,"USDA, 2018",0.167,8.0,40.0,328.0,0.27,0.001,0.18,,0.0,0.0,,,,77.46,0.89,9.0,7.4,1.312,0.0,,0.2,20.0,,,0.28,0.0,0.33,,0.0,0.0,0.0,0.0,0.0,0.0,0.0,0.0,0.0,0.0,0.0,1.71,0.1,86.0,1.8,5.0,1.0,0.0,0.01,0.0,0.019,0.0,0.0,0.0,0.0,0.0,0.001,0.003,9.0,0.0,0.032,0.051,0.287,0.419,0.053,0.038,0.027,0.0,0.0,0.0,0.0,0.0,0.0,0.0,0.0,20.01,0.31,0.098,0.269,0.026,0.002,0.043,0.062,0.07,0.103,0.3,0.14,2.0,0.0,13.2,0.075,0.062,0.079,0.096,0.064,0.076,0.022,360.0,,,,,,,,,,,,0.001,9.0,0.016,0.004,0.01,0.001,0.027,0.104,0.72,0.509,9.0,2.2,,,,,,,,,,,,,,,,,,,,,,,,,,,,,,,,,,
28285,"Potatoes, mashed with low-fat milk",potatoes mashed with low fat milk,0,22,"Meals, Entrees, and Side Dishes",15,"IFCD, UCC",0.06,24.0,42.0,258.0,0.32,,,13.6,,,,,,81.9,1.4,,5.2,0.43,,,,14.0,,,,,,,,,,,,4.0,,0.0,,0.07,,2.1,0.4,68.0,,15.0,,,0.06,,0.04,,,,,,,,,1.0,,,,,,,,,,,,,,,,15.0,0.34,0.16,0.29,0.2,0.1,0.1,,,,1.0,0.08,,,,,,,,,,,284.51,,,,,,,,,,,,,,,,,,,,,0.37,23.0,,,,,,,,,,,,,,,,,,,,,,,,,,,,,,,,,,,
5140,"Potatoes, mashed, home-prepared, whole milk and butter added",potatoes mashed home prepared whole milk and butter added,0,11,Vegetables and Vegetable Products,0,"USDA, 2018",0.138,24.0,45.0,284.0,0.27,1.021,0.15,,0.0,0.0,0.0,0.0,0.0,75.61,1.43,7.0,6.0,1.072,0.0,,0.3,18.0,,,0.24,0.0,0.29,,0.0,0.0,0.149,0.0,0.0,37.0,10.0,0.2,0.0,0.07,0.0,1.86,4.22,113.0,1.5,317.0,9.0,0.0,0.12,0.0,0.041,0.0,0.0,0.157,0.102,0.064,0.126,0.131,8.0,11.0,0.166,0.052,0.329,0.374,0.058,0.042,0.033,0.0,0.0,0.0,0.0,0.005,0.0,0.0,0.71,16.81,0.26,0.086,0.222,2.613,1.07,0.199,0.071,0.082,0.123,0.8,0.114,138.0,38.0,13.5,0.077,0.101,0.075,0.107,0.074,0.083,0.02,471.0,0.0,0.006,0.0,0.0,0.0,0.025,0.0,,,,,0.38,8.0,1.114,0.508,0.033,0.044,0.033,0.106,1.5,0.468,8.0,2.0,0.0,,,,,,,,,,,,,,,,,,,,,0.013,0.135,,,,,0.0,,,,,,
50136,"Potatoes, new and salad, boiled in salted water, flesh and skin",potatoes new and salad boiled in salted water flesh and skin,0,11,Vegetables and Vegetable Products,23,McCance and Widdowson's,0.08,11.0,44.0,377.0,0.2,,0.2,13.8,0.0,0.0,,,,81.5,1.1,,7.0,0.7,0.0,,,18.0,99.0,0.0,0.4,0.0,0.5,0.3,0.0,0.0,0.0,,,0.0,,0.0,,0.0,,1.8,0.1,68.0,1.8,26.0,,,0.11,,0.01,,,,,,,,,0.0,,,,,,,0.0004,,,,,,,,0.0,14.9,0.61,0.13,0.13,0.04,0.02,0.02,,,,0.0,0.12,,0.0,,,,,,,,,291.0,,,,,,,,,,,,,,,,,,,,,0.51,21.0,,,,,,,,,,,,,,,,,,,,,,,,,,,,,,,,,,,
50137,"Potatoes, new and salad, boiled in unsalted water, flesh and skin",potatoes new and salad boiled in unsalted water flesh and skin,0,11,Vegetables and Vegetable Products,23,McCance and Widdowson's,0.08,11.0,44.0,377.0,0.2,,0.2,13.8,0.0,0.0,,,,81.5,1.1,,7.0,0.7,0.0,,,18.0,88.0,0.0,0.4,0.0,0.5,0.3,0.0,0.0,0.0,,,0.0,,0.0,,0.0,,1.8,0.1,68.0,1.8,3.0,,,0.11,,0.01,,,,,,,,,0.0,,,,,,,0.0004,,,,,,,,0.0,14.9,0.61,0.13,0.13,0.04,0.02,0.02,,,,0.0,0.12,,0.0,,,,,,,,,291.0,,,,,,,,,,,,,,,,,,,,,0.51,21.0,,,,,,,,,,,,,,,,,,,,,,,,,,,,,,,,,,,
50140,"Potatoes, old, baked, flesh and skin",potatoes old baked flesh and skin,0,11,Vegetables and Vegetable Products,23,McCance and Widdowson's,0.09,11.0,45.0,600.0,0.4,,0.3,21.2,0.0,0.0,,,,71.0,1.4,,6.0,0.9,0.0,,,27.0,114.0,1.0,0.5,0.0,0.6,0.3,0.0,0.0,0.0,,,0.0,,0.0,,0.0,,2.5,0.2,97.0,2.6,2.0,,,0.05,,0.02,,,,,,,,,0.0,,,,,,,0.0004,,,,,,,,0.0,22.6,0.63,0.2,0.11,0.1,0.04,0.04,,,,0.0,0.18,,0.0,,,,,,,,,413.0,,,,,,,,,,,,,,,,,,,,,0.46,18.0,0.94,,,,,,,,,,,,,,,,,,,,,,,,,,,,,,,,,,
50144,"Potatoes, old, boiled in unsalted water, flesh only",potatoes old boiled in unsalted water flesh only,0,11,Vegetables and Vegetable Products,23,McCance and Widdowson's,0.06,6.0,31.0,365.0,0.2,,0.2,16.7,0.0,0.0,,,,78.9,0.8,,9.0,0.5,0.0,,,18.0,74.0,1.0,0.3,0.0,0.3,0.3,0.0,0.0,0.0,,,0.0,,0.0,,0.0,,1.8,0.1,74.0,1.6,1.0,,,0.01,,0.0,,,,,,,,,0.0,,,,,,,0.0004,,,,,,,,0.0,17.5,0.34,0.21,0.06,0.03,0.01,0.01,,,,0.0,0.12,,0.0,,,,,,,,,315.0,,,,,,,,,,,,,,,,,,,,,0.43,18.0,,,,,,,,,,,,,,,,,,,,,,,,,,,,,,,,,,,
50145,"Potatoes, old, mashed with butter",potatoes old mashed with butter,0,11,Vegetables and Vegetable Products,23,McCance and Widdowson's,0.05,14.0,35.0,337.0,0.2,,0.2,14.9,,,,,,76.7,1.0,,8.0,0.3,,,,17.0,56.0,4.0,0.3,0.0,0.3,0.5,0.0,0.0,0.13,,,44.0,,0.0,,0.1,,1.9,3.9,102.0,1.4,36.0,,,0.09,,0.02,,,,,,,,,9.9,,,,,,,0.0004,,,,,,,,0.3,15.9,0.3,0.19,0.06,2.42,0.97,0.14,,,,0.0,0.11,,49.0,,,,,,,,,430.0,,,,,,,,,,,,,,,,,,,,,0.43,17.0,,,,,,,,,,,,,,,,,,,,,,,,,,,,,,,,,,,
50146,"Potatoes, old, mashed with reduced fat spread",potatoes old mashed with reduced fat spread,0,11,Vegetables and Vegetable Products,23,McCance and Widdowson's,0.05,13.0,34.0,337.0,0.2,,0.2,14.9,,,,,,77.8,1.0,,8.0,0.3,,,,17.0,45.0,3.0,0.3,0.0,0.3,0.5,0.0,0.0,0.01,,,28.0,,0.3,,0.1,,1.8,2.8,93.0,1.4,30.0,,,1.19,,0.02,,,,,,,,,0.4,,,,,,,0.0004,,,,,,,,0.3,15.9,0.31,0.19,0.06,0.68,0.82,1.13,,,,0.0,0.11,,31.0,,,,,,,,,391.0,,,,,,,,,,,,,,,,,,,,,0.43,17.0,,,,,,,,,,,,,,,,,,,,,,,,,,,,,,,,,,,
50148,"Potatoes, old, potato wedges, with skin, cooked in sunflower oil, homemade",potatoes old potato wedges with skin cooked in sunflower oil homemade,0,11,Vegetables and Vegetable Products,23,McCance and Widdowson's,0.11,13.0,52.0,702.0,0.4,,0.4,24.8,,,,,,62.6,1.7,,7.0,1.1,,,,32.0,133.0,1.0,0.6,0.0,0.7,0.4,0.0,0.0,0.0,,,0.0,,0.0,,0.0,,2.9,3.8,145.0,3.0,2.0,,,,,0.02,,,,,,,,,0.0,,,,,,,0.0005,,,,,,,,0.0,26.5,0.74,0.23,0.13,0.47,0.77,2.35,,,,0.0,0.21,,0.0,,,,,,,,,614.0,,,,,,,,,,,,,,,,,,,,,0.54,21.0,,,,,,,,,,,,,,,,,,,,,,,,,,,,,,,,,,,
50149,"Potatoes, old, raw, flesh only",potatoes old raw flesh only,0,11,Vegetables and Vegetable Products,23,McCance and Widdowson's,0.06,7.0,34.0,443.0,0.3,0.01,0.0,18.7,0.0,0.0,,,,78.1,0.9,0.0,14.0,0.3,0.0,,,21.0,83.0,1.0,0.4,0.0,0.5,0.3,0.0,0.0,0.0,,,0.0,,0.0,0.0,0.0,,1.9,0.1,82.0,2.0,2.0,0.0,0.0,0.01,0.0,0.01,,,0.0,0.0,0.0,0.0,0.0,,0.0,0.01,,,,,,0.0004,0.0,0.0,0.0,0.0,0.0,0.0,0.0,0.0,19.6,0.32,0.2,0.14,0.03,0.01,0.01,,,,0.0,0.14,,0.0,,,,,,,,,349.0,,0.0,0.0,0.0,0.0,0.0,0.0,0.0,0.0,0.0,0.0,0.0,,0.01,0.0,0.0,0.0,,,,0.44,13.0,0.94,,0.01,0.01,0.0,0.0,0.0,0.0,0.0,0.0,,,,,,,,,,,0.0,,,,,,,,0.0,,,,,,
50151,"Potatoes, old, roasted in lard",potatoes old roasted in lard,0,11,Vegetables and Vegetable Products,23,McCance and Widdowson's,0.08,10.0,46.0,597.0,,,0.0,25.2,,,,,,64.9,1.2,,13.0,0.4,,,,32.0,125.0,1.0,0.5,0.0,0.7,0.3,0.0,0.0,0.0,,,0.0,,,,0.0,,2.6,5.7,161.0,2.7,3.0,,,0.07,,0.01,,,,,,,,,5.2,,,,,,,0.0005,,,,,,,,0.0,26.4,0.44,0.22,0.14,2.29,2.44,0.57,,,,0.0,0.19,,0.0,,,,,,,,,678.0,,,,,,,,,,,,,,,,,,,,,0.47,8.0,,,,,,,,,,,,,,,,,,,,,,,,,,,,,,,,,,,
50152,"Potatoes, old, roasted in rapeseed oil",potatoes old roasted in rapeseed oil,0,11,Vegetables and Vegetable Products,23,McCance and Widdowson's,0.08,9.0,46.0,597.0,0.4,,0.0,25.2,,,,,,64.9,1.2,,13.0,0.4,,,,28.0,112.0,1.0,0.5,0.0,0.7,0.3,0.0,,0.0,,,0.0,,0.0,,0.0,,2.6,5.7,161.0,2.7,3.0,,,,,0.01,,,,,,,,,0.0,,,,,,,0.0005,,,,,,,,0.0,26.4,0.43,0.22,0.14,0.4,3.33,1.65,,,,0.0,0.19,,0.0,,,,,,,,,678.0,,,,,,,,,,,,,,,,,,,,,0.47,8.0,,,,,,,,,,,,,,,,,,,,,,,,,,,,,,,,,,,
50154,"Potatoes, old, wedges, with skin, homemade, cooked in rapeseed oil",potatoes old wedges with skin homemade cooked in rapeseed oil,0,11,Vegetables and Vegetable Products,23,McCance and Widdowson's,0.11,13.0,52.0,702.0,0.4,,0.4,24.8,,,,,,62.6,1.7,,7.0,1.1,,,,32.0,133.0,1.0,0.6,0.0,0.7,0.4,0.0,0.0,0.0,,,0.0,,0.0,,0.0,,2.9,3.8,145.0,3.0,2.0,,,,,0.02,,,,,,,,,0.0,,,,,,,0.0005,,,,,,,,0.0,26.5,0.74,0.23,0.13,0.27,2.2,1.09,,,,0.0,0.21,,0.0,,,,,,,,,614.0,,,,,,,,,,,,,,,,,,,,,0.54,21.0,,,,,,,,,,,,,,,,,,,,,,,,,,,,,,,,,,,
4677,"Potatoes, red, flesh and skin, raw",potatoes red flesh and skin raw,0,11,Vegetables and Vegetable Products,0,"USDA, 2018",0.134,10.0,61.0,455.0,0.33,0.001,0.29,13.35,0.0,0.0,,,,80.96,1.29,21.0,8.6,1.149,0.0,,0.2,22.0,,,0.31,0.0,0.4,,0.0,0.0,0.0,0.0,0.0,0.0,0.0,0.0,0.0,0.0,0.0,1.89,0.14,70.0,1.7,18.0,4.0,0.0,0.01,0.0,0.031,,,0.0,0.0,0.0,0.001,0.004,18.0,0.0,0.044,0.052,0.323,0.442,0.058,0.032,0.019,0.0,0.0,0.0,0.0,0.0,0.0,0.0,0.0,15.9,0.73,0.081,0.17,0.035,0.003,0.059,0.062,0.061,0.09,0.5,0.141,7.0,0.0,16.4,0.069,0.058,0.093,0.095,0.044,0.075,0.022,295.0,0.0,,,,,,,,,,,0.001,18.0,0.022,0.005,0.014,0.001,0.029,0.098,1.1,0.279,18.0,2.9,,,,,,,,,,,,,,,,5.0,,,,,,,,,,,,,,,,,,
28295,"Potatoes, roasted in sunflower oil",potatoes roasted in sunflower oil,0,22,"Meals, Entrees, and Side Dishes",15,"IFCD, UCC",0.09,5.0,40.0,386.0,0.32,,,17.8,,,,,,73.5,0.6,,11.8,0.64,,,,18.0,,,,,,,,,,,,0.0,,0.0,,0.0,,2.2,4.2,116.0,,7.0,,,2.04,,0.02,,,,,,,,,0.0,,,,,,,,,,,,,,,,18.4,0.43,0.22,0.47,0.5,0.8,2.6,,,,1.1,0.11,,,,,,,,,,,485.34,,,,,,,,,,,,,,,,,,,,,0.4,37.0,,,,,,,,,,,,,,,,,,,,,,,,,,,,,,,,,,,
4676,"Potatoes, white, flesh and skin, raw",potatoes white flesh and skin raw,0,11,Vegetables and Vegetable Products,0,"USDA, 2018",0.116,9.0,62.0,407.0,0.29,0.001,0.28,13.49,0.0,0.0,,,,81.58,1.15,13.0,9.1,1.066,0.0,,0.2,21.0,,,0.34,0.0,0.53,,0.0,0.0,0.0,0.0,0.0,0.0,0.0,0.0,0.0,0.0,0.0,1.68,0.1,69.0,2.4,16.0,5.0,0.0,0.01,0.0,0.034,,,0.0,0.0,0.0,0.001,0.003,18.0,0.0,0.032,0.046,0.286,0.391,0.051,0.028,0.017,0.0,0.0,0.0,0.0,0.0,0.0,0.0,0.0,15.71,0.52,0.071,0.203,0.026,0.002,0.043,0.055,0.054,0.08,0.3,0.145,8.0,0.0,11.0,0.061,0.051,0.082,0.084,0.039,0.066,0.02,288.696,0.0,,,,,,,,,,,0.001,18.0,0.016,0.004,0.01,0.001,0.026,0.087,0.94,0.281,18.0,1.6,,,,,,,,,,,,,,,,4.0,,,,,,,,,,,,,,,,,,
82481,"Poultry, minced meat",poultry minced meat,0,7,Sausages and Luncheon Meats,11,"CIQUAL, ANSES",,,,,,,,,,,,,,,1.4,,,,,,,,,,,,,,,0.0,,,,,,,,,,17.7,5.68,137.0,0.63,550.0,,,,,,,,,,,,,,,,,,,,,,,,,,,,,,3.5,,,,1.88,,,,,,,,,,,,,,,,,,575.0,,,,,,,,,,,,,,,,,,,,1.3,,,,,,,,,,,,,,,,,,,,,,,,,,,,,,0.0,,,,,,,
21781,"Prawn, raw",prawn raw,0,15,Finfish and Shellfish Products,9,"BEDCA, UGR",0.00092,115.0,215.0,221.0,1.1,,,,,,,,,75.99,,,,1.5,,,,69.0,,,,,,,,,,,,,,,,1.9,,22.44,0.83667,98.57,,305.0,,,1.5,,0.02,,,,,,,,,185.0,,,,,,,,,,,,,,,,0.0,3.3,0.02,0.06,0.16838,0.16692,0.24071,,,,36.4,0.03,,0.0117,,,,,,,,,412.437,,,,,,,,,,,,,,,,,,,,,0.35,2.0,,,,,,,,,,,,,,,,,,,,,,,,,,,,,,,,,,,
50158,"Prawns, king, grilled from raw",prawns king grilled from raw,0,15,Finfish and Shellfish Products,23,McCance and Widdowson's,0.35,59.0,209.0,181.0,1.6,0.08,0.0,0.0,,,,,,73.8,0.0,,0.0,0.1,,,,37.0,310.0,7.0,0.0,,0.0,4.3,0.0,0.0,0.0,,,0.0,,0.0,,1.6,,23.5,0.9,102.0,0.0,305.0,,,1.64,,0.07,,,0.0,0.0,0.0,0.0,0.0,,193.0,0.07,,,,,,0.0034,0.0,0.03,0.06,0.0,0.0,0.07,0.0,0.0,0.0,0.43,0.0,0.14,0.2,0.1,0.25,,,,41.0,0.05,,0.0,,,,,,,,,433.0,,0.0,0.0,0.0,0.01,0.01,0.0,0.01,0.0,0.0,0.0,0.0,,0.11,0.06,0.01,0.01,,,,0.2,10.0,,,0.07,0.08,0.0,0.0,0.01,0.0,0.0,0.02,,,,,,,,,,,0.0,,,,,,,,0.0,,,,,,
50159,"Prawns, king, purchased cooked",prawns king purchased cooked,0,15,Finfish and Shellfish Products,23,McCance and Widdowson's,0.23,49.0,125.0,65.0,1.0,0.04,0.0,0.0,,,,,,82.4,0.0,,0.0,0.1,,,,21.0,740.0,12.0,0.0,,0.0,4.3,0.0,,0.0,,,0.0,,0.0,,1.4,,16.2,0.4,68.0,0.0,643.0,,,1.64,,0.05,,,0.0,0.0,0.0,0.0,0.0,,162.0,0.04,,,,,,0.0034,0.0,0.01,0.03,0.0,0.0,0.04,0.0,0.0,0.0,0.27,0.0,0.05,0.1,0.05,0.13,,,,30.0,0.03,,0.0,,,,,,,,,290.0,,0.0,0.0,0.0,0.0,0.01,0.0,0.0,0.0,0.0,0.0,0.0,,0.05,0.03,0.0,0.01,,,,0.2,10.0,,,0.04,0.04,0.0,0.0,0.0,0.0,0.0,0.01,,,,,,0.0,,,,,0.0,,,,,,,,0.0,,,,,,
50163,"Prawns, standard, purchased cooked",prawns standard purchased cooked,0,15,Finfish and Shellfish Products,23,McCance and Widdowson's,0.28,65.0,127.0,74.0,1.0,0.12,0.0,0.0,,,,,,84.0,0.0,,0.0,0.0,,,,36.0,770.0,13.0,0.0,,0.0,4.0,0.0,0.0,0.0,,,0.0,,0.0,,2.3,,15.4,0.9,70.0,0.0,588.0,,,3.63,,0.05,,,0.0,0.0,0.0,0.0,0.0,,143.0,0.01,,,,,,0.0036,0.01,0.01,0.08,0.0,0.02,0.11,0.0,0.0,0.0,1.0,0.0,0.03,0.15,0.19,0.22,,,,30.0,0.02,,0.0,,,,,,,,,295.0,,0.0,0.0,0.0,0.0,0.01,0.0,0.0,0.0,0.0,0.0,0.01,,0.1,0.02,0.0,0.04,,,,0.14,10.0,0.08,,0.01,0.11,0.01,0.0,0.0,0.0,0.0,0.01,,,,,,0.0,,,,,0.0,,,,,,,,0.0,,,,,,
178034,Primal Kitchen Ketchup,primal kitchen ketchup,0,2,Spices and Herbs,5,My foods,,,,,,,,,,,,,,,6.666666666666667,,,,,,,,,,,,,,,,,,,,,,,,,0.0,0.0,66.66666666666667,,700.0,,,,,,,,,,,,,,,,,,,,,,,,,,,,,,13.333333333333334,,,,,,,,,,,,,,,,,,,,,,278.9333333333334,,,,,,,,,,,,,,,,,,,,,,,,,,,,,,,,,,,,,,,,,,,,,,,,,,,,,,,,,
183998,Primal Kitchen Steak Sauce,primal kitchen steak sauce,0,6,"Soups, Sauces, and Gravies",5,My foods,,12.5,,131.25,,,,,,,,,,,,,,,,,,,,,,,,,,,,,,,,,,,,0.0,0.0,62.5,0.0,1875.0,,,,,,,,,,,,,,0.0,,,,,,,,,,,,,,,,6.25,,,,,,,,,,,,,,,,,,,,,,261.5,,,,,,,,,,,,,,,,,,,,,,,,,,,,,,,,,,,,,,,,,,,,,,,,,,,,,,,,,
178204,Prosciutto Bassiano,prosciutto bassiano,0,,,19,My recipes,,,,,,,,,,,,,,59.71000000000001,0.0,,,,,,,,,,,,,,,,,,,,,,,,,18.49,18.52,246.0,0.0,,,,,,,,,,,,,,,,,,,,,,,,,,,,,,,0.06,,,,,,,,,,,,,,,,,,,,,,1029.264,,,,,,,,,,,,,,,,,,,,,,,,,,,,,,,,,,,,,,,,,,,,,,,,,,,,,,,,,
341922,Prosciutto di Parma,prosciutto di parma,0,10,Pork Products,5,My foods,,,,,,,,,,,,,,,,,,,,,,,,,,,,,,,,,,,,,,,,26.0,18.0,266.0,,,,,,,,,,,,,,,,,,,,,,,,,,,,,,,,0.5,,,,,,,,,,,,,,,,,,,,,,1112.944,,,,,,,,,,,,,,,,,,,,,,,,,,,,,,,,,,,,,,,,,,,,,,,,,,,,,,,,,
178206,"Prosciutto, Bassiano, cured meat, Italy",prosciutto bassiano cured meat italy,0,10,Pork Products,5,My foods,,,,,,,,,,,,,,59.71,0.0,,,,,,,,,,,,,,,,,,,,,,,,,18.49,18.52,246.0,0.0,,,,,,,,,,,,,,,,,,,,,,,,,,,,,,,0.06,,,,,,,,,,,,,,,,,,,,,,1029.264,,,,,,,,,,,,,,,,,,,,,,,,,,,,,,,,,,,,,,,,,,,,,,,,,,,,,,,,,
37050,Proteína vegetal,prote na vegetal,0,16,Legumes and Legume Products,20,"TCNA, IBGE",0.09,49.84,98.0,44.68,0.41,,,,,,,,,,0.22,,,2.91,,,,13.02,,,,,,,,,0.03,,,,,,,4.36,,18.51,5.32,142.37,0.44,455.73,,,0.4,,0.19,,,,,,,,,,2.67,,,,,,,,,,,,,,,5.8,2.62,0.22,0.36,0.83,1.16,3.02,,,,11.04,0.28,,,,,,,,,,,595.67608,,,,,,,,,,,,,,,,0.35,,,,,,18.55,,,,,,,,,,,,,,,,,,,,,,,,,,,,,,,,,,,
236818,"Provolone cheese, from cow's milk",provolone cheese from cow s milk,0,1,Dairy and Egg Products,37,"Ciqual 2020, ANSES",0.026,756.0,496.0,138.0,3.23,,,0.0,,,,,,41.0,0.0,,0.0,0.16,,,,28.0,,,,,,,,0.0,,,,230.0,,0.5,,1.46,,25.1,26.6,340.0,0.0,876.0,68.0,,0.23,,0.32,,,0.98,0.37,0.26,0.48,0.36,,69.0,,,,,,,,,,0.0,,,0.0,,,,0.52,0.019,0.073,17.1,7.39,0.77,,,,,0.01,,,,,,,,,,,1410.0,,,,,,,,,,,,2.75,,8.16,3.06,,,,,4.71,0.48,10.0,,,,,,,,,,,,,,,,,,,,,,,,,,,,,,,,,,,
50177,"Pudding, bread and butter, homemade",pudding bread and butter homemade,0,18,Baked Products,23,McCance and Widdowson's,0.07,141.0,131.0,215.0,0.7,,4.7,4.6,,,,,,69.3,12.4,,2.0,0.3,,,,16.0,218.0,,1.5,,1.6,6.5,0.3,,0.07,,,,,,,1.3,,6.3,5.3,137.0,0.3,130.0,,,,,0.27,,,,,,,,,68.7,,,,,,,0.0014,,,,,,,,4.2,17.0,0.57,0.06,0.08,2.11,1.92,0.64,,,,6.0,0.09,,,,,,,,,,,576.0,,,,,,,,,,,,,,,,,,,,,0.68,10.0,0.05,,,,,,,,,,,,,,,,,,,,,,,,,,,,,,,,,,
27664,"Pudding, chocolate, ready-to-eat",pudding chocolate ready to eat,0,19,Sweets,14,"FCDBE, IEO",,90.0,80.0,180.0,0.4,,,9.2,,,,,,69.3,12.6,,2.0,0.3,,,,,,,,,,,,0.0,,,,11.0,,0.03,,,,2.7,4.0,128.55,1.0,129.0,,,0.13,,0.16,,,,,,,,,3.0,,,,,,,,,,,,,,,,21.8,0.5,0.03,0.03,0.71,1.7,1.43,,,,,,,11.0,,,,,,,,,537.85,,,,,,,,,,,,,,,,,,,,,,3.0,,,,,,,,,,,,,,,,,,,,,,,,,,,,,,,,,,,
50182,"Pudding, rice, canned",pudding rice canned,0,18,Baked Products,23,McCance and Widdowson's,0.13,88.0,86.0,130.0,0.5,,4.9,7.3,0.0,0.0,,,,79.2,8.7,,0.0,0.2,0.0,,,12.0,93.0,28.0,0.0,0.0,0.0,2.0,0.0,0.0,0.03,,,16.0,,0.0,,0.0,,3.3,1.3,85.0,,43.0,9.0,2.0,0.16,,0.13,,,0.04,0.02,0.01,0.03,0.04,,9.0,,,,,,,0.0006,,,0.0,,,0.0,0.0,3.9,16.1,0.1,0.01,0.01,0.76,0.34,0.09,,,,,0.1,,19.0,,,,,,,,,362.0,,0.0,0.0,,0.01,0.01,0.0,,,,,0.12,,0.33,0.15,,,,,,0.3,0.0,,,0.05,0.29,0.0,0.0,0.01,0.0,0.0,0.0,,,,,,0.0,,,,,,,,,,,,,,,,,,,
50183,"Pudding, rice, canned, low fat",pudding rice canned low fat,0,18,Baked Products,23,McCance and Widdowson's,0.13,88.0,86.0,130.0,0.5,,4.9,7.2,,,,,,79.6,8.7,,0.0,0.2,,,,12.0,93.0,28.0,0.0,,0.0,2.0,0.0,0.0,0.0,,,16.0,,0.0,,0.0,,3.5,0.8,81.0,0.1,43.0,,,0.1,,0.13,,,,,,,,,,,,,,,,0.0007,,,,,,,,3.9,16.0,0.1,0.01,0.01,0.5,0.2,0.1,,,,,0.1,,19.0,,,,,,,,,345.0,,,,,,,,,,,,,,,,,,,,,0.3,0.0,,,,,,,,,,,,,,,,,,,,,,,,,,,,,,,,,,,
50184,"Pudding, rice, homemade, with semi-skimmed milk",pudding rice homemade with semi skimmed milk,0,18,Baked Products,23,McCance and Widdowson's,0.03,128.0,111.0,175.0,0.6,,5.3,8.7,,,,,,72.1,10.3,,2.0,0.3,,,,14.0,131.0,33.0,0.0,,0.0,3.3,0.0,,0.18,,,49.0,,0.0,,0.9,,4.2,4.4,127.0,0.1,67.0,,,0.09,,0.21,,,,,,,,,12.7,,,,,,,0.0008,,,,,,,,4.9,19.0,0.05,0.03,0.06,2.79,1.08,0.12,,,,1.0,0.09,,53.0,,,,,,,,,535.0,,,,,,,,,,,,,,,,,,,,,0.57,5.0,,,,,,,,,,,,,,,,,,,,,,,,,,,,,,,,,,,
50187,"Pudding, sponge, canned",pudding sponge canned,0,18,Baked Products,23,McCance and Widdowson's,0.31,50.0,170.0,160.0,0.4,,14.9,19.6,0.14,,,,,35.3,25.8,,0.0,0.4,,,,13.0,220.0,4.0,3.8,,4.6,1.0,2.0,0.0,,,,,,,,0.0,,3.1,9.1,265.0,,340.0,,,0.59,,0.16,,,,,,,,,32.0,,,,,,,0.0006,,,,,,,,0.6,45.4,1.2,0.05,0.09,4.98,2.97,0.52,,,,,0.21,,,,,,,,,,,1116.0,,,,,,,,,,,,,,,,,,,,,0.2,3.0,,,,,,,,,,,,,,,,,,,,,,,,,,,,,,,,,,,
7718,"Puddings, chocolate, ready-to-eat",puddings chocolate ready to eat,0,19,Sweets,0,"USDA, 2018",0.092,51.0,56.0,184.0,0.34,2.718,15.47,,1.64,0.63,,,,69.46,17.17,1.0,0.3,0.123,0.01,,0.9,18.0,,,0.0,0.0,0.0,,0.0,0.0,,2.0,70.0,14.0,0.0,0.0,0.0,0.09,0.0,2.09,4.6,142.0,0.0,152.0,0.0,0.0,0.31,0.0,0.072,0.0,0.0,0.001,0.0,0.0,0.0,0.0,3.0,1.0,0.103,,,,,,,0.0,0.0,0.0,0.0,0.009,0.0,0.0,1.7,23.01,1.27,0.024,0.018,1.263,2.731,0.105,,,,0.0,0.118,46.0,14.0,9.5,,,,,,,,593.0,,0.019,0.012,0.0,0.0,0.0,,0.0,0.0,0.0,0.0,0.006,3.0,0.58,0.646,0.002,0.004,,,0.84,0.244,3.0,0.6,,,,,,0.002,0.0,,,,,,,,0.0,,,,,,,,,,,,,,,,,,,
7761,"Puddings, chocolate, ready-to-eat, fat free",puddings chocolate ready to eat fat free,0,19,Sweets,0,"USDA, 2018",0.083,39.0,54.0,208.0,0.3,0.0,,,,,,,,76.23,15.75,1.0,0.0,0.087,,,,15.0,,,,,,,,0.0,,2.0,53.0,0.0,0.0,0.0,0.0,0.15,0.0,1.93,0.3,93.0,0.3,154.0,0.0,0.0,0.0,0.0,0.074,0.0,0.0,0.0,0.0,0.0,0.0,0.0,3.0,1.0,0.0,,,,,,,0.0,0.0,0.0,0.0,0.0,0.0,0.0,,20.87,1.69,0.018,0.016,0.0,0.0,0.0,,,,1.6,0.078,1.0,0.0,7.0,,,,,,,,390.0,,,,,,,,,,,,0.0,3.0,0.0,0.0,0.0,0.0,,,0.7,0.148,3.0,0.1,,,,,,,,,,,,,,,0.0,,,,,,,,,,,,,,,,,,,
7759,"Puddings, vanilla, ready-to-eat, fat free",puddings vanilla ready to eat fat free,0,19,Sweets,0,"USDA, 2018",0.013,40.0,54.0,108.0,0.23,0.0,,,0.0,0.0,,,,76.93,15.12,0.0,1.2,0.052,0.0,,,7.0,,,,,,,,0.0,,0.0,0.0,0.0,0.0,0.0,0.0,0.21,0.0,2.02,0.0,89.0,0.0,191.0,5.0,0.0,0.0,0.0,0.088,0.0,0.0,0.0,0.0,0.0,0.0,0.0,3.0,0.0,0.0,,,,,,,0.0,0.0,0.0,0.0,0.0,0.0,0.0,,20.16,0.36,0.022,0.019,0.0,0.0,0.0,,,,1.7,0.004,1.0,1.0,4.8,,,,,,,,371.0,,,,,,,,,,,,0.0,3.0,0.0,0.0,0.0,0.0,,,0.9,0.196,3.0,0.0,,,,,,,,,,,,,,,0.0,,,,,,,,,,,,,,,,,,,
80277,"Puffed Rice, Arrowhead Mills Cereal",puffed rice arrowhead mills cereal,0,8,Breakfast Cereals,5,My foods,,,,294.11764705882354,,,,,,,,,,,,,,,,,,,,,,,,,,,,,,,,,,,,5.882352941176471,0.0,352.9411764705883,,,,,,,,,,,,,,,,,,,,,,,,,,,,,,,,82.3529411764706,,,,,,,,,,,,,,,,,,,,,,1476.7058823529414,,,,,,,,,,,,,,,,,,,,,,,,,,,,,,,,,,,,,,,,,,,,,,,,,,,,,,,,,
428473,Pulled Pork Bombetta,pulled pork bombetta,0,,,19,My recipes,0.10855231501010953,40.427727755392965,176.74582163585322,355.3241595996916,1.608224358881115,1.4929516924374884,2.568868459714606,8.019637220533259,0.0006051173142100746,7.563966427625932e-05,0.0,0.0,0.0,65.13327563384584,3.644940870147061,57.021251836443774,4.071094011375042,3.8151117139657003,0.0003781983213812966,0.0044801954994399765,0.001221871499847266,32.20955096222381,756.0661556140633,0.4529652203005222,0.12429633293089154,0.0006982122856270092,0.08122827177913218,1.2954456194452122,0.4480195499439976,0.0,0.008293598266106159,0.0,0.0,1.221871499847266,0.0,0.0,12.917800049456702,0.4032175949495978,0.0,15.19738388584229,4.725699303242323,150.91733748381748,1.8736017571675856,530.2419014647912,300.7239588636595,2.2412614368626995,0.3541165432673426,1.9136835061893607,0.19003338327490657,0.0,0.0,0.0,5.236592142202568e-06,1.5127932855251866e-05,0.006189506451190596,0.006133649468340436,7.008742199659621,36.65614499541798,0.3163434768062606,0.616087974747989,2.032127074635984,1.2036522320974008,0.7559817882962167,0.5182061762695099,0.16550838582047217,1.0473184284405137e-05,0.04282601422607532,0.0,0.0,0.024692568402984855,4.654748570846728e-06,0.00010705921712947474,0.0,11.947613714052979,1.315468311344495,0.6649698168647359,0.3649655257683972,1.422544765589771,2.136406825025092,0.6542945146697311,0.5927979402737573,0.6074667985512094,1.0413690779234002,21.30207863615867,0.4516266164341717,424.7668989192256,31.26245508894933,0.8488879514742461,0.5360158261451409,0.5214039885376816,0.8070449619619764,0.7040813417312755,0.45226002589203884,0.5183091625816398,0.16562060889929744,631.4381400322902,0.0,0.0021487483090171207,0.00010182262498727216,0.0,1.0473184284405137e-05,2.5601117139657004e-05,0.00028568519353571793,9.891340713049298e-06,0.0,4.654748570846728e-06,0.0,0.04293874641802552,7.008742199659621,0.8615976697164968,0.40784150581116263,0.012613786783423276,0.11626369150653845,0.34340058475278923,1.166650472020597,0.7393646268200795,0.6538438040932695,15.56518829912578,20.012713282034124,0.00016291619997963548,0.15218525899311972,0.1144951779714024,1.0473184284405137e-05,0.0,0.020704903486697603,0.0,4.654748570846728e-06,0.0,,,4.380700248738127,1.6087974747989005,0.5533332363594049,0.0,0.5361688510044075,,0.0001221871499847266,,3.3746927138638776e-05,,2.5601117139657004e-05,0.0001221871499847266,1.5127932855251866e-05,3.3746927138638776e-05,2.4437429996945324e-05,,0.0,0.0,0.0,,,,
349507,Pulled Pork Miniburger,pulled pork miniburger,0,,,19,My recipes,0.125775464285714,36.470357142857104,177.20750000000004,401.78928571428605,1.41907142857143,1.7570750000000002,0.38310714285714303,2.8580714285714306,0.015357142857142903,0.0005714285714285711,0.0,0.0,0.0,62.918785714285704,2.66832142857143,1.7214285714285702,8.22096428571429,5.894635714285711,3.5714285714285703e-05,0.0221428571428571,0.0032142857142857103,30.6889285714286,55.72142857142861,2.4621428571428603,0.0332857142857143,0.003928571428571431,0.028500000000000004,2.14285714285714,0.0,0.0,6.428571428571431e-05,0.0,0.0,0.7178571428571431,0.0,0.45125000000000004,0.19285714285714303,0.20000000000000004,0.0,16.476000000000003,7.944142857142861,167.687392857143,1.6666071428571403,464.05428571428604,380.157142857143,12.425000000000002,0.7332678571428571,0.0035714285714285704,0.17238928571428602,0.0,0.0,0.0,3.21428571428571e-05,9.28571428571428e-05,0.006028571428571431,0.00470357142857143,0.12142857142857101,31.290785714285704,0.346671428571429,0.0018285714285714303,0.006667857142857141,0.0035357142857142905,0.0016428571428571401,0.0010214285714285703,0.00024285714285714302,0.007542857142857141,0.015428571428571401,0.0,0.0,0.00206428571428571,2.85714285714286e-05,0.0,0.00178571428571429,8.478071428571432,2.46167857142857,0.549825,0.579925,2.7877571428571404,3.3168571428571405,0.7550250000000001,0.0019071428571428603,0.00135357142857143,0.00257857142857143,6.284285714285711,0.307585714285714,60.44285714285721,46.895250000000004,0.20107142857142904,0.0016928571428571403,0.0028142857142857106,0.00216785714285714,0.0016464285714285702,0.00114642857142857,0.00141428571428571,0.0008321428571428571,701.6040517142864,0.0,0.00014285714285714303,0.000114285714285714,0.0,1.42857142857143e-05,1.42857142857143e-05,6.428571428571431e-05,7.142857142857141e-05,0.0,0.00012857142857142904,0.0,0.058175000000000004,0.12142857142857101,1.12707857142857,0.6264875000000001,0.0208775,6.428571428571431e-05,0.0006357142857142861,0.00226785714285714,1.9815357142857102,0.14090357142857102,47.8839285714286,6.21142857142857,0.00017857142857142903,0.0025571428571428603,0.00552857142857143,0.007542857142857141,0.00036428571428571407,0.0026642857142857106,0.0,0.0,,,,,,,,,0.0,2.85714285714286e-05,0.0,0.0,0.00012857142857142904,3.5714285714285703e-05,2.85714285714286e-05,5.714285714285711e-05,0.0,3.5714285714285703e-05,0.0365,,0.0,,0.0,0.0,,
209233,Pulled Pork with chips potatoes,pulled pork with chips potatoes,0,,,19,My recipes,0.1257754642857143,36.47035714285715,177.2075,401.7892857142857,1.4190714285714285,1.7570750000000004,0.38310714285714287,2.858071428571429,0.015357142857142856,0.0005714285714285715,0.0,0.0,0.0,62.91878571428571,2.6683214285714283,1.7214285714285715,8.220964285714286,5.894635714285714,3.571428571428572e-05,0.022142857142857145,0.0032142857142857147,30.688928571428573,55.72142857142859,2.462142857142857,0.03328571428571429,0.003928571428571429,0.028500000000000004,2.142857142857143,0.0,0.0,6.428571428571429e-05,0.0,0.0,0.717857142857143,0.0,0.45124999999999993,0.19285714285714287,0.2,0.0,16.476,7.944142857142857,167.68739285714287,1.666607142857143,464.0542857142857,380.1571428571428,12.425000000000002,0.7332678571428574,0.0035714285714285718,0.17238928571428572,0.0,0.0,0.0,3.2142857142857144e-05,9.285714285714285e-05,0.006028571428571428,0.004703571428571429,0.12142857142857144,31.290785714285718,0.34667142857142863,0.0018285714285714288,0.006667857142857143,0.003535714285714286,0.0016428571428571432,0.0010214285714285714,0.00024285714285714289,0.007542857142857143,0.01542857142857143,0.0,0.0,0.0020642857142857142,2.8571428571428574e-05,0.0,0.0017857142857142859,8.478071428571427,2.4616785714285716,0.549825,0.579925,2.7877571428571426,3.3168571428571423,0.7550250000000002,0.0019071428571428573,0.0013535714285714286,0.0025785714285714283,6.284285714285715,0.30758571428571424,60.44285714285715,46.89524999999999,0.20107142857142857,0.0016928571428571427,0.0028142857142857145,0.0021678571428571432,0.0016464285714285717,0.0011464285714285715,0.0014142857142857143,0.0008321428571428571,701.6040517142864,0.0,0.00014285714285714287,0.0001142857142857143,0.0,1.4285714285714287e-05,1.4285714285714287e-05,6.428571428571429e-05,7.142857142857143e-05,0.0,0.00012857142857142858,0.0,0.058175000000000004,0.12142857142857144,1.1270785714285716,0.6264875000000001,0.020877500000000004,6.428571428571429e-05,0.0006357142857142858,0.0022678571428571426,1.9815357142857144,0.14090357142857143,47.88392857142857,6.211428571428572,0.00017857142857142857,0.0025571428571428572,0.005528571428571429,0.007542857142857143,0.00036428571428571423,0.0026642857142857145,0.0,0.0,,,,,,,,,0.0,2.8571428571428574e-05,0.0,0.0,0.00012857142857142858,3.571428571428572e-05,2.8571428571428574e-05,5.714285714285715e-05,0.0,3.571428571428572e-05,0.036500000000000005,,0.0,,0.0,0.0,,
50193,Pumpkin seeds,pumpkin seeds,0,12,Nut and Seed Products,23,McCance and Widdowson's,1.57,39.0,850.0,820.0,6.6,,1.1,14.1,,,,,,5.6,1.1,,0.0,1.7,,,,270.0,,,0.0,,0.0,,0.0,0.0,0.0,,,0.0,,0.0,,0.0,,24.4,45.6,565.0,,18.0,230.0,0.0,,,0.32,,,0.0,0.0,0.0,0.0,,,0.0,,,,,,,0.0071,,,0.0,,,0.0,0.0,0.0,15.2,10.0,0.23,,7.0,11.2,18.3,,,,6.0,,,38.0,,,,,,,,,2345.0,,,,,,,,,,,,,,,,,,,,,,,,,21.58,13.25,0.0,0.0,0.13,0.0,0.0,0.0,,,48.7,0.0,0.0,,88.8,,,,,,,,,,,,,,,,,,
4736,"Pumpkin, cooked, boiled, drained, without salt",pumpkin cooked boiled drained without salt,0,11,Vegetables and Vegetable Products,0,"USDA, 2018",0.091,15.0,30.0,230.0,0.23,0.005,,,,,,,,93.69,2.08,1014.0,4.7,0.413,,,,9.0,,,,,,,,0.0,0.0,0.0,0.0,0.0,0.0,0.0,0.0,0.0,0.0,0.72,0.07,20.0,1.1,1.0,2096.0,2715.0,0.8,0.0,0.078,0.0,0.0,0.0,0.0,0.0,0.0,0.001,9.0,0.0,0.002,0.019,0.133,0.074,0.02,0.011,0.009,0.0,0.0,0.0,0.0,0.0,0.0,0.0,,4.9,0.57,0.031,0.044,0.037,0.009,0.004,0.021,0.023,0.034,0.2,0.089,5755.0,288.0,6.2,0.032,0.019,0.039,0.025,0.03,0.023,0.002,83.68,,,,,,,,,,,,0.005,9.0,0.026,0.002,0.002,0.005,0.008,0.039,0.62,0.201,9.0,0.8,,,,,,,,,,,,,,,,,,,,,,,,,,,,,,,,,,
50194,"Pumpkin, flesh only, boiled in unsalted water",pumpkin flesh only boiled in unsalted water,0,11,Vegetables and Vegetable Products,23,McCance and Widdowson's,0.02,23.0,15.0,84.0,0.2,,0.4,0.1,,,,,,94.9,1.8,,7.0,0.1,,,,7.0,37.0,,0.6,0.0,0.7,0.4,0.0,0.0,0.0,,,0.0,,0.0,0.0,0.0,,0.6,0.3,12.0,,0.0,940.0,29.0,1.06,,0.0,,,,,,,,,0.0,,,,,,,0.0001,,,,,,,,0.0,1.9,0.1,0.14,0.03,0.1,0.0,0.0,,,,,0.1,,160.0,,,,,,,,,52.0,,,,,,,,,,,,,,,,,,,,,0.3,10.0,2.0,,,,,,,,,,,,,,,,,,,,,,,,,,,,,,,,,,
4735,"Pumpkin, raw",pumpkin raw,0,11,Vegetables and Vegetable Products,0,"USDA, 2018",0.127,21.0,44.0,340.0,0.32,0.006,,,,,,,,91.6,2.76,1500.0,9.0,0.6,,,,12.0,,,,,,,,0.0,0.0,0.0,0.0,0.0,0.0,0.0,0.0,0.0,0.0,1.0,0.1,26.0,0.5,1.0,3100.0,4016.0,1.06,0.0,0.11,0.0,0.0,0.0,0.0,0.0,0.0,0.001,16.0,0.0,0.002,0.027,0.184,0.102,0.028,0.016,0.012,0.0,0.0,0.0,0.0,0.0,0.0,0.0,,6.5,0.8,0.05,0.061,0.052,0.013,0.005,0.029,0.031,0.046,0.3,0.125,8513.0,426.0,8.2,0.044,0.026,0.054,0.035,0.042,0.032,0.003,109.0,,,,,,,,,,,,0.006,16.0,0.037,0.003,0.003,0.006,0.011,0.054,0.8,0.298,16.0,1.1,,,,,,,,,,,,,,,,12.0,,,,,,,,,,,,,,,,,,
428053,"Puzzone di Moena, cheese, Italy",puzzone di moena cheese italy,0,4,Fats and Oils,5,My foods,,898.0,531.0,,,,,,,,,,,,,,,,,,,,,,,,,,,,,,,,,,,,,24.0,28.0,379.0,,1.7,,,,,,,,,,,,,,,,,,,,,,,,,,,,,,0.7,,,,24.0,,,,,,,,,,,,,,,,,,1585.736,,,,,,,,,,,,,,,,,,,,,,,,,,,,,,,,,,,,,,,,,,,,,,,,,,,,,,,,,
10244,Pão,p o,0,20,Cereal Grains and Pasta,3,System groups,,70.6923076923077,188.153846153846,200.692307692308,1.38461538461538,,,52.2230769230769,,,,,,25.5538461538462,,,1.11538461538462,3.50769230769231,,,,62.8461538461538,,,,,,,,0.0,0.0,,,0.0,,0.0,,0.0,29.4615384615385,9.23846153846154,3.2,290.379486166154,5.46923076923077,335.0,153.846153846154,,0.203076923076923,,0.379230769230769,,,,,,,,,0.461538461538462,,,,,,,0.00187692307692308,,,,,,,,,54.6615384615385,2.49230769230769,0.161538461538462,0.125384615384615,0.730769230769231,0.753846153846154,1.1,,,,,,,0.038461538461538505,,,,,,,,,1214.9477701191884,,,,,,,,,,,,,,,,,,,,1.90384615384615,,,,,1.03076923076923,,,,,,,,,,,,,,,,,,,,,,,,,,,,,,,,
208222,Pão de centeio,p o de centeio,0,20,Cereal Grains and Pasta,33,"TCA, INSA 2019",,56.0,100.0,250.0,1.3,,,54.2,,,,,,29.4,2.2,,0.0,1.2,,,,62.0,,,,,,,,0.0,0.0,,,,,0.0,,0.0,,5.9,0.8,268.0,5.8,520.0,0.0,,0.2,,0.08,,,,,,,,,0.0,,,,,,,1.2,,,,,,,,,56.4,1.2,0.18,0.17,0.1,0.1,0.4,,,,,,,0.0,,,,,,,,,1140.0,,,,,,,,,,,,,,,,,,,,1.9,,24.0,,,,,,,,,,,,,,,,,,,,,,,,,,,,,,,,,,,
208223,Pão de centeio integral,p o de centeio integral,0,20,Cereal Grains and Pasta,33,"TCA, INSA 2019",,120.0,240.0,290.0,0.2,,,39.7,,,,,,38.8,1.6,,0.0,2.5,,,,54.0,,,,,,,,0.0,0.0,,,,,0.0,,0.0,,7.7,2.1,229.0,7.1,220.0,0.0,,0.4,,0.27,,,,,,,,,0.0,,,,,,,1.5,,,,,,,,,41.3,4.4,0.07,0.22,0.3,0.2,1.0,,,,,,,0.0,,,,,,,,,968.0,,,,,,,,,,,,,,,,,,,,3.0,,22.0,,,,,,,,,,,,,,,,,,,,,,,,,,,,,,,,,,,
38340,Pão de forma industrializado,p o de forma industrializado,0,20,Cereal Grains and Pasta,20,"TCNA, IBGE",0.25,151.0,99.0,100.0,0.74,,,,,,,,,,4.31,,,4.39,,,,23.0,,,,,,,,,0.63,,,,,,,,,7.64,3.29,266.0,2.4,681.0,,,0.22,,0.33,,,,,,,,,,1.22,,,,,,,,,,,,,,,50.61,3.74,0.46,0.08,0.72,0.68,1.36,,,,17.3,0.48,,,,,,,,,,,1112.944,,,,,,,,,,,,,,,,0.14,,,,,,171.0,,,,,,,,,,,,,,,,,,,,,,,,,,,,,,,,,,,
182504,"Pão de forma, de trigo enriquecido (Cópia)",p o de forma de trigo enriquecido c pia,0,20,Cereal Grains and Pasta,5,My foods,,50.0,117.0,117.0,0.9,,,52.49999999999999,,,,,,28.8,1.9999999999999998,,2.5,4.4,,,,30.0,,,,,,,,0.0,0.0,,,0.0,,0.0,,0.0,18.0,8.7,2.6999999999999997,283.42199999999997,3.1999999999999997,396.99999999999994,0.0,,0.0,,0.42,,,,,,,,,0.0,,,,,,,0.0018,,,,,,,,,54.49999999999999,1.1,0.09999999999999999,0.06999999999999999,0.6,0.39999999999999997,0.9999999999999999,,,,,,,0.0,,,,,,,,,1185.837648,,,,,,,,,,,,,,,,,,,,2.09,,,,,1.0,,,,,,,,,,,,,,,,,,,,,,,,,,,,,,,,
565,Pão de mistura de trigo e centeio,p o de mistura de trigo e centeio,0,20,Cereal Grains and Pasta,1,"TCA, INSA 2015",,46.0,133.0,156.0,0.8,,,51.8,,,,,,29.8,2.0,,0.0,3.2,,,,36.0,,,,,,,,0.0,0.0,,,0.0,,0.0,,0.0,33.0,9.0,1.4,269.800526032,4.3,582.0,0.0,,0.24,,0.33,,,,,,,,,0.0,,,,,,,0.0018,,,,,,,,,53.8,1.6,0.13,0.1,0.3,0.5,0.5,,,,,,,0.0,,,,,,,,,1128.845400917888,,,,,,,,,,,,,,,,,,,,1.66,,,,,0.5,,,,,,,,,,,,,,,,,,,,,,,,,,,,,,,,
208229,Pão de trigo,p o de trigo,0,20,Cereal Grains and Pasta,33,"TCA, INSA 2019",,43.0,160.0,120.0,1.0,,,55.2,,,,,,26.2,2.1,,0.0,1.3,,,,31.0,,,,,,,,0.0,0.0,,,,,0.0,,0.0,,8.4,2.2,290.0,3.8,610.0,0.0,,0.0,,0.2,,,,,,,,,0.0,,,,,,,1.8,,,,,,,,,57.3,2.2,0.04,0.07,0.5,0.3,0.8,,,,,,,0.0,,,,,,,,,1230.0,,,,,,,,,,,,,,,,,,,,2.09,,29.0,,,,,,,,,,,,,,,,,,,,,,,,,,,,,,,,,,,
208232,Pão de trigo integral com sementes de sésamo,p o de trigo integral com sementes de s samo,0,20,Cereal Grains and Pasta,33,"TCA, INSA 2019",,92.0,260.0,240.0,2.3,,,40.9,,,,,,35.0,2.3,,0.0,2.5,,,,110.0,,,,,,,,0.0,0.0,,,,,0.0,,0.0,,7.7,4.0,256.0,8.2,55.0,0.0,,0.2,,0.16,,,,,,,,,0.0,,,,,,,1.7,,,,,,,,,43.2,3.2,0.12,0.1,0.9,0.5,1.5,,,,,,,0.0,,,,,,,,,1080.0,,,,,,,,,,,,,,,,,,,,1.94,,33.0,,,,,,,,,,,,,,,,,,,,,,,,,,,,,,,,,,,
752,Pêssego,p ssego,1,9,Fruits and Fruit Juices,1,"TCA, INSA 2015",,8.0,20.0,160.0,0.1,,,0.0,,,,,,87.5,8.1,,4.0,1.0,,,,8.0,,,,,,,,0.0,0.0,,,67.0,,0.0,,0.0,3.0,0.6,0.3,37.996708272,2.3,3.0,400000.0,,0.97,,0.03,,,,,,,,,0.0,,,,,,,0.0001,,,,,,,,,8.1,0.3,0.03,0.02,0.0,0.1,0.1,,,,,,,67.0,,,,,,,,,158.978227410048,,,,,,,,,,,,,,,,,,,,0.45,,,,,0.1,,,,,,,,,,,,,,,,,,,,,,,,,,,,,,,,
208332,Pêssego,p ssego,1,9,Fruits and Fruit Juices,33,"TCA, INSA 2019",,8.0,20.0,160.0,0.1,,,0.0,,,,,,87.5,8.1,,4.0,1.0,,,,8.0,,,,,,,,0.0,0.0,,,,,0.0,,0.0,,0.6,0.3,44.0,2.3,3.0,400.0,,0.97,,0.03,,,,,,,,,0.0,,,,,,,0.1,,,,,,,,,8.1,0.3,0.03,0.02,0.0,0.1,0.1,,,,,,,67.0,,,,,,,,,184.0,,,,,,,,,,,,,,,,,,,,0.45,,3.0,,,,,,,,,,,,,,,,,,,,,,,,,,,,,,,,,,,
2516,"Quail, meat only, raw",quail meat only raw,0,5,Poultry Products,0,"USDA, 2018",0.594,13.0,307.0,237.0,2.7,1.02,,,,,,,,70.03,,,7.2,8.2,,,,25.0,,,,,,,,,,,,17.0,,,,0.47,0.0,21.76,4.53,134.0,0.0,51.0,,,,,0.285,,,,,,0.0,0.03,7.0,70.0,0.93,1.442,2.82,1.814,1.341,0.825,0.341,0.0,0.12,0.0,,0.01,0.01,0.02,,0.0,4.51,0.283,0.53,1.32,1.28,1.17,1.09,1.187,1.866,17.4,0.019,57.0,17.0,,1.062,0.797,1.379,1.18,1.01,0.944,0.38,561.0,,,,,,,,,,,,0.03,7.0,0.78,0.46,0.02,0.24,0.689,1.905,1.32,0.787,7.0,,,,,,,,,,,,,,,,,,,,,,,,,,,,,,,,,,,
32,Queijo Creme para barrar,queijo creme para barrar,0,1,Dairy and Egg Products,1,"TCA, INSA 2015",,299.0,663.0,218.0,1.3,,,0.0,,,,,,57.8,6.9,,0.0,1.6,,,,18.0,,,,,,,,0.0,0.0,,,66.0,,0.0,,0.3,13.0,9.3,22.0,262.164095766758,0.0,977.0,0.0,,7.6,,0.26,,,,,,,,,18.0,,,,,,,0.0022,,,,,,,,,6.9,0.2,0.04,0.05,4.9,4.0,10.4,,,,,,,66.0,,,,,,,,,1096.8945766881154,,,,,,,,,,,,,,,,,,,,4.0,,,,,10.2,,,,,,,,,,,,,,,,,,,,,,,,,,,,,,,,
35,"Queijo Flamengo, 30% gordura",queijo flamengo 30 gordura,0,1,Dairy and Egg Products,1,"TCA, INSA 2015",,850.0,500.0,116.0,5.5,,,0.0,,,,,,50.8,0.2,,0.0,0.4,,,,55.0,,,,,,,,0.0,0.63,,,234.0,,0.05,,1.8,35.0,30.0,14.0,246.716211405216,0.0,1032.0,175000.0,,0.3,,0.39,,,,,,,,,38.0,,,,,,,0.007,,,,,,,,,0.2,0.9,0.05,0.08,7.5,3.6,1.0,,,,,,,234.0,,,,,,,,,1032.2606285194238,,,,,,,,,,,,,,,,,,,,5.0,,,,,0.4,,,,,,,,,,,,,,,,,,,,,,,,,,,,,,,,
36,"Queijo Flamengo, 45% gordura",queijo flamengo 45 gordura,0,1,Dairy and Egg Products,1,"TCA, INSA 2015",,800.0,510.0,100.0,5.3,,,0.0,,,,,,45.3,0.2,,0.0,0.4,,,,40.0,,,,,,,,0.0,1.06,,,268.0,,0.18,,2.0,39.0,26.0,23.4,316.20669445552,0.0,850.0,201000.0,,0.44,,0.4,,,,,,,,,69.0,,,,,,,0.0061,,,,,,,,,0.2,0.8,0.04,0.088,12.6,6.0,0.9,,,,,,,268.0,,,,,,,,,1323.0088096018958,,,,,,,,,,,,,,,,,,,,4.82,,,,,0.7,,,,,,,,,,,,,,,,,,,,,,,,,,,,,,,,
40,Queijo Parmesão,queijo parmes o,0,1,Dairy and Egg Products,1,"TCA, INSA 2015",,1300.0,900.0,152.0,4.0,,,0.0,,,,,,28.2,0.1,,0.0,0.4,,,,51.0,,,,,,,,0.0,1.71,,,248.0,,0.28,,1.5,20.0,37.7,27.8,405.819421698448,0.0,768.0,135000.0,,0.6,,0.4,,,,,,,,,90.0,,,,,,,0.009,,,,,,,,,0.1,1.1,0.02,0.1,14.7,7.2,1.1,,,,,,,248.0,,,,,,,,,1697.9484603863064,,,,,,,,,,,,,,,,,,,,4.7,,,,,0.8,,,,,,,,,,,,,,,,,,,,,,,,,,,,,,,,
208518,Queijo flamengo,queijo flamengo,0,1,Dairy and Egg Products,33,"TCA, INSA 2019",,830.0,510.0,110.0,5.3,,,0.0,,,,,,45.3,0.2,,0.0,0.4,,,,48.0,,,,,,,,0.0,0.9,,,,,0.2,,1.9,,28.0,18.7,282.0,0.0,940.0,188.0,,0.37,,0.4,,,,,,,,,54.0,,,,,,,6.55,,,,,,,,,0.2,0.9,0.05,0.08,10.1,4.8,1.0,,,,,,,251.0,,,,,,,,,1170.0,,,,,,,,,,,,,,,,,,,,4.91,,37.0,,,,,,,,,,,,,,,,,,,,,,,,,,,,,,,,,,,
208522,Queijo fresco de ovelha,queijo fresco de ovelha,0,1,Dairy and Egg Products,33,"TCA, INSA 2019",,580.0,420.0,120.0,2.4,,,0.0,,,,,,52.1,0.1,,0.0,0.45,,,,39.0,,,,,,,,0.0,0.8,,,,,0.3,,1.45,,19.0,22.9,286.0,0.0,1000.0,95.0,,0.48,,0.45,,,,,,,,,89.0,,,,,,,4.9,,,,,,,,,0.1,0.7,0.05,0.1,13.2,5.3,0.7,,,,,,,234.0,,,,,,,,,1190.0,,,,,,,,,,,,,,,,,,,,3.51,,27.0,,,,,,,,,,,,,,,,,,,,,,,,,,,,,,,,,,,
1423,"Queijo minas, frescal",queijo minas frescal,0,1,Dairy and Egg Products,2,"TACO, NEPA",,579.253333333333,123.309666666667,104.846666666667,0.29233333333333,5.14,,,,,,,,56.1246666666667,,,,,,,,6.88366666666667,,,,,,,,,,,,160.506666666667,,,,,,17.41102,20.1806666666667,264.273128,,31.2263333333333,,,,,0.25133333333333,,,,,,,0.41,,61.9963333333333,,,,,,,,,0.02,,,0.04,,,,3.24031333333333,0.931,,,11.4,5.8,0.4,,,,,0.01566666666667,,,,,,,,,,,1105.718767552,,0.04,0.02,0.16,,,0.02,,,,,1.73,,5.78,2.53,,0.39,,,3.04333333333333,,,,,0.28,,,,0.06,,,,,,,,,,,,0.54,,,,,,,,,,,,,,,0.12,
1425,Queijo mozarela,queijo mozarela,0,1,Dairy and Egg Products,2,"TACO, NEPA",0.08266666666667,875.039333333333,469.998333333333,61.8943333333333,3.522,5.22333333333333,,,,,,,,45.3383333333333,,,,,,,,23.5736666666667,,,,,,,,,,,,109.0,,,,,,22.6490004062653,25.183,329.870718420887,,581.357,,,,,0.2,,,,,,,0.61333333333333,,79.579,,0.55249053729282,5.90817248618784,1.76146462707182,0.79407680939227,0.86399095303867,0.38050003453039,,,,,,,,,3.04933292706807,0.306,,,14.2333333333333,5.95,0.49666666666667,1.04898993093923,1.38621029005525,2.38208085635359,,0.02833333333333,,,,1.49798317679558,2.75596767955801,1.12732283149171,1.77007569060773,1.6137517679558,1.27200151933702,0.35808135497238,1380.1790858729912,,,,0.22,,,,,,,,2.37333333333333,,6.65666666666667,3.02,,0.43333333333333,0.85161922651934,2.05898435082873,3.78033333333333,,,,,0.30666666666667,,,,0.077,,,,,,,,,,,,0.85666666666667,,,,,,,,,,,,,,,,
57146,Queso Cottage,queso cottage,0,1,Dairy and Egg Products,5,My foods,,,,,,,,,,,,,,,,,,,,,,,,,,,,,,,,,,,,,,,,11.0,4.3,98.0,,,,,,,,,,,,,,,,,,,,,,,,,,,,,,,,3.4,,,,,,,,,,,,,,,,,,,,,,410.032,,,,,,,,,,,,,,,,,,,,,,,,,,,,,,,,,,,,,,,,,,,,,,,,,,,,,,,,,
18726,Queso mozarella,queso mozarella,0,1,Dairy and Egg Products,8,ULujan,,,,,,,,,,,,,,50.7,,,,,,,,,,,,,,,,,,,,,,,,,,23.6,19.3,282.0,,,,,,,,,,,,,,,,,,,,,,,,,,,,,,,,3.3,,,,,,,,,,,,,,,,,,,,,,1181.0,,,,,,,,,,,,,,,,,,,,3.1,,,,,,,,,,,,,,,,,,,,,,,,,,,,,,,,,,,,,
22680,Quiche Lorraine (eggs and lardoons quiche),quiche lorraine eggs and lardoons quiche,0,21,Fast Foods,11,"CIQUAL, ANSES",0.047,116.0,145.0,164.0,0.8,4.73,,,,,,,,53.2,2.67,,0.71,0.47,,,,17.8,672.0,31.0,,,,,,0.0,,,,52.3,,1.21,,0.3,,8.96,16.8,274.0,1.29,503.0,,,1.55,,0.16,,,0.34,0.19,0.11,0.22,0.25,,95.4,1.3,,,,,,,,0.048,0.013,,,0.0033,,,21.0,0.63,0.12,0.095,8.63,5.78,1.55,,,,0.0,0.097,,,,,,,,,,,1140.0,,,,,,,,,,,,0.91,,5.24,1.38,0.09,,,,1.72,,17.1,,,,,,,,,,,,,,,,,,,,,,,,,,,,0.0,,,,,,,
50201,"Quiche, Lorraine, wholemeal pastry, homemade",quiche lorraine wholemeal pastry homemade,0,22,"Meals, Entrees, and Side Dishes",23,McCance and Widdowson's,0.11,206.0,272.0,255.0,2.0,,0.2,15.8,,,,,,37.8,2.2,,1.0,2.6,,,,35.0,921.0,33.0,0.0,,0.0,8.2,0.1,,0.68,,,215.0,,0.9,,1.5,,15.8,24.9,354.0,2.3,587.0,,,,,0.28,,,,,,,,,129.7,,,,,,,0.0037,,,,,,,,1.9,18.0,1.1,0.25,0.26,13.37,7.42,1.9,,,,9.0,0.47,,232.0,,,,,,,,,1476.0,,,,,,,,,,,,,,,,,,,,,0.9,15.0,,,,,,,,,,,,,,,,,,,,,,,,,,,,,,,,,,,
50202,"Quiche, mushroom, homemade",quiche mushroom homemade,0,22,"Meals, Entrees, and Side Dishes",23,McCance and Widdowson's,0.07,198.0,180.0,176.0,1.3,,0.0,14.2,,,,,,51.9,1.3,,1.0,0.7,,,,15.0,386.0,21.0,0.1,,0.1,7.4,0.2,,0.29,,,94.0,,0.6,,1.1,,9.9,20.0,278.0,1.4,253.0,,,1.54,,0.22,,,,,,,,,84.2,,,,,,,0.0025,,,,,,,,0.9,15.5,0.78,0.06,0.07,8.97,7.33,2.27,,,,10.0,0.13,,98.0,,,,,,,,,1157.0,,,,,,,,,,,,,,,,,,,,,0.81,13.0,,,,,,,,,,,,,,,,,,,,,,,,,,,,,,,,,,,
50203,"Quiche, mushroom, wholemeal, homemade",quiche mushroom wholemeal homemade,0,22,"Meals, Entrees, and Side Dishes",23,McCance and Widdowson's,0.15,177.0,227.0,223.0,1.6,,0.2,15.3,,,,,,51.4,1.3,,1.0,1.5,,,,30.0,414.0,25.0,0.1,,0.0,8.300000000000002,0.1,,0.6,,,201.0,,0.7,,1.1,,10.5,18.1,267.0,2.4,252.0,,,0.7,,0.25,,,,,,,,,107.3,,,,,,,0.0027,,,,,,,,1.0,16.6,0.97,0.12,0.17,10.55,4.83,1.0,,,,10.0,0.47,,217.0,,,,,,,,,1113.0,,,,,,,,,,,,,,,,,,,,,0.93,18.0,1.74,,,,,,,,,,,,,,,,,,,,,,,,,,,,,,,,,,
50204,"Quiche, vegetable, retail",quiche vegetable retail,0,22,"Meals, Entrees, and Side Dishes",23,McCance and Widdowson's,0.04,170.0,151.0,183.0,0.9,,0.2,17.5,,,,,,49.9,3.5,,0.0,0.7,,,,19.0,370.0,18.0,0.4,0.0,0.6,4.0,0.5,,0.84,,,121.0,,0.0,10.0,0.2,,8.1,19.7,289.0,2.8,200.0,190.0,13.0,0.62,,0.17,,,,,,,,,82.6,,,,,,,0.001,,,,,,,,1.8,21.2,0.94,0.09,0.06,8.34,7.75,2.43,,,,4.0,0.2,,155.0,,,,,,,,,1205.0,,,,,,,,,,,,,,,,,,,,,0.41,15.0,,,,,,,,,,,,,,,,,,,,,,,,,,,,,,,,,,,
153860,Quick Oats,quick oats,0,20,Cereal Grains and Pasta,5,My foods,,,,,,,,,,,,,,,,,,,,,,,,,,,,,,,,,,,,,,,,14.2,8.7,392.0,,2.0,,,,,,,,,,,,,,,,,,,,,,,,,,,,,,58.0,,,,,,,,,,,,,,,,,,,,,,1640.128,,,,,,,,,,,,,,,,,,,,,,,,,,,,,,,,,,,,,,,,,,,,,,,,,,,,,,,,,
81345,"Quinoa, boiled/cooked in water, unsalted",quinoa boiled cooked in water unsalted,0,20,Cereal Grains and Pasta,11,"CIQUAL, ANSES",0.19,17.0,152.0,172.0,1.09,,,17.6,,,,,,71.6,0.87,,0.0,0.41,,,,64.0,,,,,,,,0.0,,,,0.0,,0.0,,0.0,,4.1,1.92,116.0,2.8,7.0,3.0,,0.63,,0.11,,,0.0,0.0,0.0,0.0,0.0,,0.0,,,,,,,,,,0.015,,,0.0,,,18.8,1.49,0.11,0.12,0.23,0.53,1.08,,,,,0.63,,,,,,,,,,,488.0,,,,,,,,,,,,0.0,,0.2,0.012,,,,,0.76,,42.0,0.0,,,,,,,,,,,,,,,,,,,,,,,,,,,0.0,,,,,,,
147049,"Quinoa, cocida",quinoa cocida,0,20,Cereal Grains and Pasta,5,My foods,0.192,17.0,152.0,172.0,1.09,0.465,,17.63,1.19,0.11,0.0,0.0,0.0,71.61,0.87,53.0,0.0,0.412,0.03,,,64.0,,,,,,,,0.0,,0.0,0.0,0.0,0.0,0.0,0.0,0.0,0.0,4.4,1.92,120.0,2.8,7.0,3.0,0.0,0.63,0.0,0.11,0.0,0.0,0.0,0.0,0.0,0.0,0.0,42.0,0.0,0.974,0.216,0.58,0.353,0.183,0.127,0.052,0.027,0.003,0.015,0.0,0.031,0.0,0.0,,21.3,1.49,0.107,0.123,0.231,0.528,1.078,0.131,0.157,0.261,2.8,0.631,5.0,0.0,23.0,0.176,0.24,0.34,0.185,0.083,0.185,0.063,502.08,,,,,,,,,,,,0.0,42.0,0.196,0.012,0.085,0.0,0.096,0.239,0.76,,42.0,0.0,0.0,,,,,,,,,,,,,,,,,,,,,,,,,,,,,,,,,
8098,"Quinoa, cooked",quinoa cooked,0,20,Cereal Grains and Pasta,0,"USDA, 2018",0.192,17.0,152.0,172.0,1.09,0.465,,17.63,1.19,0.11,0.0,0.0,0.0,71.61,0.87,53.0,0.0,0.412,0.03,,,64.0,,,,,,,,0.0,,0.0,0.0,0.0,0.0,0.0,0.0,0.0,0.0,4.4,1.92,120.0,2.8,7.0,3.0,0.0,0.63,0.0,0.11,0.0,0.0,0.0,0.0,0.0,0.0,0.0,42.0,0.0,0.974,0.216,0.58,0.353,0.183,0.127,0.052,0.027,0.003,0.015,0.0,0.031,0.0,0.0,,21.3,1.49,0.107,0.123,0.231,0.528,1.078,0.131,0.157,0.261,2.8,0.631,5.0,0.0,23.0,0.176,0.24,0.34,0.185,0.083,0.185,0.063,503.0,,,,,,,,,,,,0.0,42.0,0.196,0.012,0.085,0.0,0.096,0.239,0.76,,42.0,0.0,0.0,,,,,,,,,,,,,,,,,,,,,,,,,,,,,,,,,
21562,"Quinoa, raw",quinoa raw,1,12,Nut and Seed Products,9,"BEDCA, UGR",,79.0,230.0,780.0,3.3,,,43.2727,,,,,,11.5,5.92233,,0.0,2.9,,,,210.0,,,,,,,,0.0,,,,0.0,,0.0,,0.0,,13.8,5.55555,305.08,7.9,61.0,0.0,,0.45,,0.4,,,,,,,,,0.0,,,,,,,,,,,,,,,,49.195,7.8,0.2,0.2,0.5,1.4,2.1,,,,,,,0.0,,,,,,,,,1276.47,,,,,,,,,,,,,,,,,,,,,,30.0,,,,,,,,,,,,,,,,,,,,,,,,,,,,,,,,,,,
50206,"Quinoa, raw",quinoa raw,1,12,Nut and Seed Products,23,McCance and Widdowson's,0.82,79.0,230.0,780.0,3.3,,2.8,47.6,,,,,,11.5,6.1,,0.0,2.9,,,,210.0,,,0.6,,2.7,,0.0,0.0,0.0,,,0.0,,0.0,,0.0,,13.8,5.0,309.0,7.0,61.0,0.0,0.0,,,0.4,,,,,,,,,0.0,,,,,,,0.0019,,,,,,,,0.0,55.7,7.8,0.2,,0.5,1.4,2.1,,,,,,,,,,,,,,,,1311.0,,,,,,,,,,,,,,,,,,,,,,,,,,,,,,,,,,,,,,,,,,,,,,,,,,,,,,,,,
81344,"Quinoa, raw",quinoa raw,1,20,Cereal Grains and Pasta,11,"CIQUAL, ANSES",0.59,47.0,457.0,563.0,3.1,1.53,,52.2,,,,,,13.3,,,,1.52,,,,197.0,,,,,,,,0.0,,,,0.0,,0.0,,0.0,,13.2,6.07,358.0,7.0,5.0,8.0,,2.44,,0.32,,,,,0.0,0.0,0.0,,0.0,2.21,,,,,,,,,0.047,,,0.0,,,58.1,4.57,0.36,0.49,0.71,1.61,3.29,,,,,2.03,,,,,,,,,,,1510.0,,,,,,,,,,,,0.0,,0.6,0.037,0.13,,,,2.38,0.77,184.0,0.0,,,,,,,,,,,,,,,,,,,,,,,,,,,0.0,,,,,,,
50208,"Quorn, pieces, as purchased",quorn pieces as purchased,0,11,Vegetables and Vegetable Products,23,McCance and Widdowson's,0.1,,237.0,120.0,7.0,,0.0,0.7,,,,,,75.2,0.4,,0.0,0.3,,,,37.0,,,0.0,0.0,0.4,5.8999999999999995,0.0,0.0,0.0,,,0.0,,0.0,,0.3,,14.0,1.4,73.0,8.3,300.0,,,0.0,,0.39,,,,,,,,,0.0,,,,,,,0.0027,,,,,,,,0.0,1.1,0.6,0.1,0.08,0.4,,,,,,,2.8,,0.0,,,,,,,,,307.0,,,,,,,,,,,,,,,,,,,,,0.36,21.0,,,,,,,,,,,,,,,,,,,,,,,,,,,,,,,,,,,
22427,"Radish, raw",radish raw,0,11,Vegetables and Vegetable Products,11,"CIQUAL, ANSES",0.019,32.0,24.1,294.0,0.12,0.0,,0.0,,,,,,95.9,1.24,,27.5,0.26,,,,12.6,61.0,1.0,,,,,,0.0,,,,0.0,,0.0,,0.0,,0.76,0.1,11.4,1.1,30.7,4.0,,0.01,,0.035,,,0.0,0.0,0.0,0.0,0.0,,0.0,0.0,,,,,,,,,0.0,,,0.0,,,1.24,0.27,0.021,0.067,0.0,0.015,0.045,,,,0.0,0.044,,,,,,,,,,,47.8,,,,,,,,,,,,0.0,,0.0,0.0,0.0,,,,0.78,0.18,21.8,1.3,,,,,,,,,,,,,,,,,,,,,,,,,,,0.1,,,,,,,
50214,"Radish, red, raw, flesh and skin",radish red raw flesh and skin,0,11,Vegetables and Vegetable Products,23,McCance and Widdowson's,0.01,19.0,20.0,240.0,0.2,,0.0,0.0,,,,,,95.4,1.9,,17.0,0.4,,,,5.0,37.0,1.0,0.7,0.0,1.2,,0.0,0.0,0.0,,,0.0,,0.0,,0.0,,0.7,0.2,12.0,,11.0,0.0,0.0,0.0,,0.0,,,,,,,,,0.0,,,,,,,0.0001,,,,,,,,0.0,1.9,0.6,0.03,0.07,0.1,0.0,0.1,,,,2.0,0.1,,0.0,,,,,,,,,49.0,,,,,,,,,,,,,,,,,,,,,0.18,38.0,,,,,,,,,,,,,,,,,,,,,,,,,,,,,,,,,,,
4742,"Radishes, oriental, raw",radishes oriental raw,0,11,Vegetables and Vegetable Products,0,"USDA, 2018",0.115,27.0,23.0,227.0,0.15,0.016,,,,,,,,94.62,2.5,0.0,22.0,0.2,,,0.1,16.0,,,,,,,,0.0,0.0,0.0,0.0,0.0,0.0,0.0,0.0,0.0,0.0,0.6,0.1,18.0,1.6,21.0,0.0,0.0,0.0,0.0,0.02,0.0,0.0,0.0,0.0,0.0,0.0,0.0,28.0,0.0,0.016,0.019,0.113,0.041,0.019,0.011,0.003,0.0,0.0,0.0,0.0,0.0,0.0,0.0,,4.1,0.4,0.02,0.046,0.03,0.017,0.045,0.025,0.026,0.031,0.7,0.038,0.0,0.0,7.3,0.018,0.015,0.035,0.028,0.011,0.02,0.005,76.0,,,,,,,,,,,,0.0,28.0,0.026,0.004,0.029,0.0,0.006,0.03,0.58,0.138,28.0,0.3,,,,,,,,,,,,,,,,,,,,,,,,,,,,,,,,,,
4741,"Radishes, raw",radishes raw,0,11,Vegetables and Vegetable Products,0,"USDA, 2018",0.05,25.0,20.0,233.0,0.28,0.017,0.1,0.0,0.0,0.0,0.0,0.0,0.0,95.27,1.86,10.0,14.8,0.254,0.0,6.0,0.1,10.0,,,0.71,0.0,1.05,,0.0,0.0,0.0,0.0,0.0,0.0,0.0,0.0,0.0,0.0,0.0,0.68,0.1,16.0,1.6,39.0,4.0,0.0,0.0,0.0,0.039,0.0,0.0,0.0,0.0,0.0,0.0,0.0,25.0,0.0,0.017,0.026,0.157,0.064,0.026,0.013,0.009,0.0,0.0,0.0,0.0,0.0,0.0,0.0,0.0,3.4,0.34,0.012,0.071,0.032,0.017,0.048,0.023,0.02,0.031,0.6,0.069,7.0,0.0,6.5,0.027,0.022,0.038,0.035,0.009,0.036,0.01,66.944,0.0,,,,,,,,,,,0.0,25.0,0.027,0.004,0.031,0.0,0.01,0.033,0.55,0.165,25.0,1.3,0.02,,,,,,,,,,,,,,,7.0,,,,,,,,,,,,,,,,,,
50216,Raisins,raisins,0,9,Fruits and Fruit Juices,23,McCance and Widdowson's,0.39,46.0,76.0,1020.0,0.7,,0.0,0.0,,,,,,13.2,69.3,,1.0,0.6,,,,35.0,9.0,,34.8,,34.5,2.0,0.0,0.0,0.0,,,0.0,,0.0,,0.0,,2.1,0.4,272.0,,60.0,12.0,0.0,,,0.05,,,,,,,,,0.0,,,,,,,0.0002,,,,,,,,0.0,69.3,3.8,0.12,0.25,,,,,,,8.0,0.3,,2.0,,,,,,,,,1159.0,,,,,,,,,,,,,,,,,,,,,0.15,10.0,3.7,,,,,,,,,,,,,,,,,,,,,,,,,,,,,,,,,,
3974,"Raisins, golden, seedless",raisins golden seedless,0,,,0,"USDA, 2018",0.228,64.0,101.0,746.0,0.37,0.014,0.0,,,,,,,14.9,65.7,0.0,3.2,1.142,,,,35.0,,,34.72,,30.98,,0.0,0.0,0.0,0.0,0.0,0.0,0.0,0.0,0.0,0.0,0.0,3.28,0.2,301.0,3.3,24.0,0.0,0.0,0.12,0.0,0.191,0.0,0.0,0.007,0.0,0.001,0.0,0.001,3.0,0.0,0.038,,,,,,,0.0,0.0,0.0,0.0,0.0,0.0,0.0,0.0,80.02,0.98,0.008,0.323,0.065,0.014,0.057,,,,0.7,0.226,0.0,0.0,11.1,,,,,,,,1258.0,,0.002,0.003,0.0,0.001,0.001,0.002,0.0,0.0,0.0,0.0,0.002,3.0,0.037,0.008,0.019,0.0,,,1.61,0.14,3.0,3.5,,0.038,0.014,0.0,0.0,0.019,0.0,0.0,,,,,,,0.0,,0.0,0.0,0.0,0.0,0.0,0.0,0.0,0.0,0.0,0.0,,,,,,0.0,,
3978,"Raspberries, raw",raspberries raw,1,9,Fruits and Fruit Juices,0,"USDA, 2018",0.09,25.0,29.0,151.0,0.42,0.059,0.2,0.0,1.42,1.04,0.0,0.0,0.0,85.75,4.42,136.0,26.2,0.598,0.06,,0.8,22.0,,,2.35,0.0,1.86,,0.0,0.0,0.0,0.0,0.0,0.0,0.0,0.0,0.0,0.0,0.0,1.2,0.65,52.0,6.5,1.0,12.0,16.0,0.87,0.0,0.038,0.0,0.0,0.0,0.0,0.0,0.0,0.0,21.0,0.0,0.249,,,,,,,0.0,0.0,0.0,0.0,0.005,0.0,0.0,0.0,11.94,0.69,0.032,0.055,0.019,0.064,0.375,,,,0.2,0.67,33.0,2.0,12.3,,,,,,,,220.0,0.0,,,,,,,,,,,0.0,21.0,0.016,0.004,0.126,0.0,,,0.46,0.329,21.0,7.8,0.0,,,,,,,,,,,,,,,,,,,,,,,,,,,,,,,,,
50221,"Raspberries, raw",raspberries raw,1,9,Fruits and Fruit Juices,23,McCance and Widdowson's,0.1,25.0,31.0,170.0,0.3,,0.2,0.0,1.5,2.7,,,,87.0,4.6,,32.0,0.5,0.0,,,19.0,22.0,,2.4,,1.9,1.9,0.0,0.0,0.0,,,0.0,,0.0,,0.0,,1.4,0.3,25.0,,3.0,6.0,0.0,0.48,,0.05,,,,,,,,,0.0,,,,,,,0.0003,,,,,,,,0.0,4.6,0.7,0.03,0.06,0.1,0.1,0.1,,,,,0.4,,1.0,,,,,,,,,109.0,,,,,,,,,,,,,,,,,,,,,0.24,33.0,,,,,,,,,,,,,,,,,,,,,,,,,,,,,,,,,,,
50223,"Raspberries, stewed without sugar",raspberries stewed without sugar,0,9,Fruits and Fruit Juices,23,McCance and Widdowson's,0.1,24.0,29.0,160.0,0.3,,0.2,0.0,1.4,2.5,,,,87.4,4.4,,23.0,0.4,0.0,,,18.0,21.0,,2.3,,1.8,1.4,0.0,,,,,0.0,,0.0,,0.0,,1.4,0.3,24.0,,2.0,5.0,0.0,0.46,,0.04,,,,,,,,,0.0,,,,,,,0.0003,,,,,,,,0.0,4.4,0.7,0.02,0.05,0.1,0.1,0.1,,,,,0.4,,1.0,,,,,,,,,105.0,,,,,,,,,,,,,,,,,,,,,0.17,6.0,,,,,,,,,,,,,,,,,,,,,,,,,,,,,,,,,,,
21865,"Raspberry, raw",raspberry raw,0,9,Fruits and Fruit Juices,9,"BEDCA, UGR",0.0001,22.0,29.0,220.0,0.3,,,,,,,,,84.0,7.0,,25.0,0.5,,,,20.0,,,,,,,,,,,,0.0,,0.0,,0.0,,1.2,0.525,37.96,6.7,3.0,10.0,,0.2,,0.04,,,,,,,,,0.0,,,,,,,,,,,,,,,,7.0,0.7,0.03,0.06,,,0.34,,,,,0.4,,1.66667,,,,,,,,,158.825,,,,,,,,,,,,,,,,,,,,,0.24,40.0,,,,,,,,,,,,,,,,,,,,,,,,,,,,,,,,,,,
50224,"Ratatouille, homemade",ratatouille homemade,0,22,"Meals, Entrees, and Side Dishes",23,McCance and Widdowson's,0.03,18.0,30.0,273.0,0.2,,0.4,0.2,,,,,,84.7,3.3,,15.0,0.3,,,,15.0,50.0,,1.4,0.0,1.5,,0.0,0.0,0.0,,,0.0,,0.0,,0.0,,1.2,7.0,82.0,,3.0,,,1.77,,0.01,,,,,,,,,0.0,,,,,,,0.0003,,,,,,,,0.0,3.8,0.49,0.05,0.11,0.88,1.36,4.37,,,,1.0,0.13,,50.0,,,,,,,,,339.0,,,,,,,,,,,,,,,,,,,,,0.12,16.0,,,,,,,,,,,,,,,,,,,,,,,,,,,,,,,,,,,
81846,"Red kuri squash, pulp, raw",red kuri squash pulp raw,0,11,Vegetables and Vegetable Products,11,"CIQUAL, ANSES",0.029,18.5,33.0,243.0,0.11,0.002,,2.26,,,,,,94.6,,,5.0,0.2,,,,7.13,,0.15,,,,,,0.0,,,,0.0,,0.0,,0.0,,0.63,0.1,18.0,1.1,29.7,,,0.1,,0.02,,,,,,,,,0.0,0.018,,,,,,,,0.0,,,,,,,3.1,0.27,0.05,0.05,0.027,0.002,0.051,,,,0.0,0.038,,,,,,,,,,,75.8,,,,,,,,,,,,,,0.027,,0.033,,,,0.5,0.4,36.0,,,,,,,,,,,,,,,,,,,,,,,,,,,,0.63,,,,,,,
235091,"Red onion, raw",red onion raw,0,11,Vegetables and Vegetable Products,37,"Ciqual 2020, ANSES",0.05,22.0,29.0,190.0,0.21,0.13,1.3,0.35,,,,,,90.3,5.2,,4.09,0.18,,,,9.0,20.7,20.0,1.7,,2.2,,0.2,0.0,,,,,,,,,,1.31,0.4,36.3,2.5,5.0,5.0,,0.12,,0.01,,,0.01,0.01,0.01,0.01,0.01,,,0.07,,,,,,,,0.01,0.01,,,0.01,,0.2,5.63,0.19,0.029,0.049,0.14,0.13,0.07,,,,20.0,0.12,,,,,,,,,,,153.0,,,,,,,,,,,,0.01,,0.08,0.04,0.01,,,,0.45,0.15,10.9,,,,,,,,,,,,,,,,,,,,,,,,,,,,,,,,,,,
45,"Requeijão, 13% de proteína",requeij o 13 de prote na,1,1,Dairy and Egg Products,1,"TCA, INSA 2015",,469.0,297.0,207.0,1.1,,,0.0,,,,,,65.4,5.1,,0.0,1.5,,,,24.0,,,,,,,,0.0,0.57,,,139.0,,0.05,,0.8,15.0,13.0,12.7,187.0,0.0,278.0,48000.0,,1.5,,0.28,,,,,,,,,46.0,,,,,,,0.003,,,,,,,,,5.1,0.3,0.03,0.01,6.8,3.3,0.5,,,,,,,139.0,,,,,,,,,782.408,,,,,,,,,,,,,,,,,,,,3.8,,,,,0.4,,,,,,,,,,,,,,,,,,,,,,,,,,,,,,,,
208531,"Requeijão, 13% de proteína",requeij o 13 de prote na,1,1,Dairy and Egg Products,33,"TCA, INSA 2019",,470.0,300.0,210.0,1.1,,,0.0,,,,,,65.4,5.1,,0.0,1.5,,,,24.0,,,,,,,,0.0,0.6,,,,,0.1,,0.8,,13.0,12.7,187.0,0.0,280.0,48.0,,1.5,,0.28,,,,,,,,,46.0,,,,,,,3.0,,,,,,,,,5.1,0.3,0.03,0.01,6.8,3.3,0.5,,,,,,,139.0,,,,,,,,,778.0,,,,,,,,,,,,,,,,,,,,3.8,,15.0,,,,,,,,,,,,,,,,,,,,,,,,,,,,,,,,,,,
9853,"Restaurant, family style, shrimp, breaded and fried",restaurant family style shrimp breaded and fried,0,25,Restaurant Foods,0,"USDA, 2018",0.142,42.0,301.0,108.0,0.79,4.137,0.35,20.0,7.24,3.12,0.05,0.0,0.25,43.02,0.91,10.0,0.0,1.249,0.22,,4393.3,21.0,,,0.14,0.0,0.14,,0.29,0.0,0.138,0.0,0.0,3.0,1.0,0.0,0.0,0.44,28.0,12.67,18.67,308.0,1.5,1125.0,0.0,0.0,2.14,0.0,0.129,0.0,0.0,0.0,0.001,0.007,0.005,0.002,62.0,87.0,8.182,0.579,2.577,1.151,0.656,0.258,0.145,0.0,0.025,0.045,0.0,0.114,0.045,0.003,0.0,22.29,1.16,0.112,0.074,3.361,4.294,9.311,0.451,0.547,0.993,22.6,0.297,11.0,3.0,50.1,0.511,0.691,0.922,0.673,0.386,0.559,0.171,1288.672,0.0,0.064,0.061,0.0,0.005,0.023,0.023,0.011,0.01,0.001,0.0,0.022,15.0,1.956,1.193,0.997,0.033,0.309,0.863,3.34,0.35,43.0,32.2,0.0,8.082,4.077,0.0,0.0,0.914,0.083,0.0,,,,,,,,,0.0,0.06,0.002,0.001,0.001,0.076,0.061,0.031,0.024,0.076,,,,,0.0,0.0,,
50240,"Rhubarb, stems only, stewed with sugar",rhubarb stems only stewed with sugar,0,9,Fruits and Fruit Juices,23,McCance and Widdowson's,0.02,33.0,18.0,210.0,0.0,,9.1,0.0,,,,,,84.6,11.5,,5.0,0.2,,,,6.0,75.0,,1.2,,1.2,,0.0,0.0,0.0,,,0.0,,0.0,,0.0,,0.9,0.1,48.0,,1.0,28.0,0.0,0.17,,0.02,,,,,,,,,0.0,,,,,,,0.0001,,,,,,,,0.0,11.5,0.1,0.03,0.02,0.0,0.0,0.0,,,,0.0,0.3,,5.0,,,,,,,,,203.0,,,,,,,,,,,,,,,,,,,,,0.08,4.0,,,,,,,,,,,,,,,,,,,,,,,,,,,,,,,,,,,
50243,"Rice and black-eye beans, brown rice",rice and black eye beans brown rice,0,22,"Meals, Entrees, and Side Dishes",23,McCance and Widdowson's,0.18,18.0,161.0,260.0,1.0,,0.8,31.0,,,,,,57.8,1.0,,0.0,1.5,,,,57.0,,,0.1,,0.3,,0.0,,0.0,,,,,,,0.0,,5.9,2.4,164.0,,15.0,,,,,0.04,,,,,,,,,0.2,,,,,,,0.0014,,,,,,,,0.0,31.6,1.53,0.18,,0.96,0.74,0.45,,,,4.0,0.97,,,,,,,,,,,694.0,,,,,,,,,,,,,,,,,,,,,,54.0,,,,,,,,,,,,,,,,,,,,,,,,,,,,,,,,,,,
50249,"Rice and split peas, brown rice",rice and split peas brown rice,0,22,"Meals, Entrees, and Side Dishes",23,McCance and Widdowson's,0.11,11.0,151.0,238.0,1.2,,0.7,34.5,,,,,,54.8,0.9,,0.0,1.3,,,,59.0,50.0,,0.1,,0.3,,0.0,,0.0,,,,,,,0.0,,6.2,2.7,179.0,,20.0,,,,,0.04,,,,,,,,,0.2,,,,,,,0.0013,,,,,,,,0.0,34.7,1.3,0.15,,1.01,0.83,0.56,,,,,1.06,,,,,,,,,,,758.0,,,,,,,,,,,,,,,,,,,,,,,,,,,,,,,,,,,,,,,,,,,,,,,,,,,,,,,,,
67653,Rice crackers,rice crackers,0,,,0,"USDA, 2018",0.301,0.0,362.0,243.0,2.2,3.0,,,,,,,,0.11,0.0,0.0,0.0,5.537,,0.0,0.0,156.0,,,,,,,,0.0,0.002,0.0,0.0,0.0,0.0,0.0,0.0,0.0,0.0,10.0,5.0,416.0,0.0,233.0,0.0,0.0,1.26,0.0,0.101,0.0,0.0,0.0,0.0,0.0,0.0,0.0,22.0,0.0,1.582,,,,,,,0.0,0.0,0.0,0.0,0.006,0.0,0.0,,82.64,0.0,0.436,0.554,0.0,3.021,1.641,,,,25.5,4.071,0.0,0.0,33.4,,,,,,,,1739.0,,0.0,0.0,,,,,,,,,0.0,22.0,0.0,0.0,0.059,0.015,,,2.24,1.624,22.0,2.1,,,,,,,,,,,,,,,,8.0,,,,,,,,,,,,,,,,,,
50263,"Rice, Thai fragrant, boiled in unsalted water",rice thai fragrant boiled in unsalted water,0,20,Cereal Grains and Pasta,23,McCance and Widdowson's,0.0,13.0,24.0,12.0,0.5,0.1,0.0,28.7,,,,,,68.0,0.0,,0.0,0.2,,,,5.0,27.0,0.0,0.0,,0.0,0.4,0.0,0.0,0.0,,,0.0,,0.0,,0.0,,2.3,0.4,133.0,0.0,4.0,,,0.01,,0.0,,,,,,,,,0.0,0.11,,,,,,0.0009,,,,,0.0,,,0.0,32.1,0.05,0.0,0.03,0.09,0.1,0.12,,,,2.0,0.27,,0.0,,,,,,,,,568.0,,0.0,0.0,,,0.0,0.0,,,,,0.0,,0.08,0.01,0.0,0.0,,,,0.18,6.0,,,,0.1,,,,,,,,,,,,,,,,,,,,,,,,,,,,,,,
50250,"Rice, brown, basmati, boiled in unsalted water",rice brown basmati boiled in unsalted water,0,20,Cereal Grains and Pasta,23,McCance and Widdowson's,0.14,3.0,114.0,84.0,0.7,0.38,0.3,28.4,0.14,0.01,,,,66.8,0.3,,0.0,1.5,0.03,,,44.0,31.0,0.0,0.0,,0.0,1.1,0.0,0.0,0.0,,,0.0,,0.0,,0.0,,3.3,1.1,131.0,1.2,0.0,,,0.23,,0.0,,,,,,,0.0,,0.1,0.34,,,,,,0.0009,,,,,0.01,,,0.0,28.7,1.12,0.08,0.03,0.21,0.39,0.34,,,,6.0,0.57,,0.0,,,,,,,,,558.0,,0.01,0.0,,0.0,0.0,0.01,,0.0,,,0.01,,0.18,0.01,0.01,0.0,,,,0.25,5.0,,,0.34,0.38,,,0.01,,,,,,,,,,,,,,,,,,,,,,,,,,,,
50252,"Rice, brown, easy cook, boiled in unsalted water",rice brown easy cook boiled in unsalted water,0,20,Cereal Grains and Pasta,23,McCance and Widdowson's,0.11,4.0,141.0,100.0,0.9,,0.3,33.0,0.03,0.0,,,,61.6,0.3,,0.0,1.8,0.03,,,49.0,22.0,1.0,0.0,,0.0,1.0,0.0,,0.0,,,0.0,,0.0,,0.0,,3.2,1.3,157.0,1.5,1.0,,,0.06,,0.01,,,,,,,,,0.0,,,,,,,0.0009,,,,,,,,0.0,35.3,0.44,0.04,0.06,,,,,,,6.0,1.46,,0.0,,,,,,,,,669.0,,,,,,,,,,,,,,,,,,,,,0.21,3.0,,,,,,,,,,,,,,,,,,,,,,,,,,,,,,,,,,,
8012,"Rice, brown, long-grain, cooked",rice brown long grain cooked,0,,,0,"USDA, 2018",0.106,3.0,103.0,86.0,0.71,0.365,0.24,24.79,0.05,0.0,0.06,0.46,0.0,70.27,0.24,0.0,0.0,2.561,0.0,,0.5,39.0,,,0.0,0.0,0.0,,0.0,0.0,0.0,0.0,0.0,0.0,0.0,0.0,0.0,0.0,0.0,2.74,0.97,123.0,1.6,4.0,0.0,0.0,0.17,0.0,0.069,0.0,0.0,0.0,0.0,0.002,0.015,0.002,9.0,0.0,0.355,0.127,0.526,0.242,0.151,0.066,0.033,0.0,0.0,0.0,0.0,0.003,0.0,0.0,0.0,25.58,0.56,0.178,0.123,0.26,0.369,0.366,0.095,0.109,0.214,5.8,0.974,0.0,0.0,9.2,0.134,0.121,0.196,0.151,0.097,0.133,0.031,514.0,0.0,0.004,0.0,0.0,0.002,0.0,0.005,0.0,0.0,0.0,0.0,0.009,9.0,0.198,0.022,0.011,0.001,0.058,0.099,0.44,0.38,9.0,0.2,0.13,0.355,0.365,0.0,0.0,0.011,0.0,0.0,,,,,,,,,0.0,0.0,0.0,0.0,0.0,0.0,0.0,0.001,0.0,0.0,,,,,0.0,0.0,,
50254,"Rice, brown, wholegrain, boiled in unsalted water",rice brown wholegrain boiled in unsalted water,0,20,Cereal Grains and Pasta,23,McCance and Widdowson's,0.08,17.0,125.0,62.0,0.7,0.3,0.1,29.0,,,,,,67.0,0.1,,0.0,2.0,,,,48.0,35.0,0.0,0.0,,0.0,0.9,0.0,,0.0,,,0.0,,0.0,,0.0,,3.6,0.9,132.0,1.5,4.0,,,0.14,,0.0,,,,,,,,,0.1,0.3,,,,,,0.0012,,,,,0.0,,,0.0,29.2,0.53,0.11,0.04,0.17,0.3,0.31,,,,4.0,0.92,,0.0,,,,,,,,,562.0,,0.0,0.0,,,0.0,0.0,,0.0,,,0.0,,0.14,0.01,0.01,0.0,,,,0.15,7.0,,,,0.3,,,,,,,,,6.4,1.9,2.2,,11.9,,,,,,,,,,,,,,,,,,
50255,"Rice, brown, wholegrain, raw",rice brown wholegrain raw,0,20,Cereal Grains and Pasta,23,McCance and Widdowson's,0.22,11.0,323.0,243.0,1.8,0.5,0.7,76.3,0.14,0.0,,,,11.9,0.7,,0.0,4.3,0.03,,,116.0,56.0,0.0,0.0,,0.0,4.2,0.0,0.0,0.0,,,0.0,,0.0,,0.0,,7.7,1.5,333.0,3.0,0.0,,,0.37,,0.06,,,,,,,0.0,,0.2,0.44,,,,,,0.0022,,,,,0.01,,,0.0,77.0,1.05,0.3,0.19,0.28,0.51,0.45,,,,10.0,2.49,,0.0,,,,,,,,,1418.0,,0.01,0.0,,0.0,0.0,0.01,,0.0,,,0.01,,0.23,0.02,0.01,0.0,,,,0.65,22.0,0.82,,,0.5,,,0.01,,,,,,29.2,10.6,8.1,,54.6,,,,,,,,,,,,,,,,,,
50269,"Rice, white, Italian ""Arborio"" risotto, boiled in unsalted water",rice white italian arborio risotto boiled in unsalted water,0,20,Cereal Grains and Pasta,23,McCance and Widdowson's,0.1,12.0,52.0,33.0,0.6,0.1,0.0,32.1,,,,,,67.1,0.0,,0.0,0.5,,,,12.0,54.0,0.0,0.0,,0.0,0.6,0.0,0.0,0.0,,,0.0,,0.0,,0.0,,3.2,0.5,138.0,0.0,4.0,,,0.01,,0.0,,,,,,,0.0,,0.0,0.22,,,,,,0.0013,,,,,0.0,,,0.0,32.2,0.09,0.03,0.05,0.09,0.1,0.22,,,,2.0,0.3,,0.0,,,,,,,,,588.0,,0.0,0.0,,0.0,0.0,0.0,,0.0,,,0.0,,0.08,0.01,0.01,0.0,,,,0.19,7.0,,,,0.1,,,,,,,,,1.1,0.1,0.3,,1.5,,,,,,,,,,,,,,,,,,
50265,"Rice, white, basmati, boiled in unsalted water",rice white basmati boiled in unsalted water,0,20,Cereal Grains and Pasta,23,McCance and Widdowson's,0.1,14.0,30.0,15.0,0.4,0.14,0.0,26.5,0.11,0.0,,,,69.5,0.0,,0.0,0.2,0.11,,,6.0,50.0,0.0,0.0,,0.0,0.5,0.0,,0.0,,,0.0,,0.0,,0.0,,2.8,0.7,117.0,0.6,4.0,,,0.08,,0.0,,,,,,0.0,0.0,,0.0,0.26,,,,,,0.0009,,,,,0.0,,,0.0,26.5,0.08,0.03,0.03,0.16,0.14,0.27,,,,5.0,0.2,,0.0,,,,,,,,,498.0,,0.0,0.0,,0.0,0.0,0.0,,0.0,,,0.01,,0.13,0.02,0.01,0.0,,,,0.16,5.0,,,,0.14,,,0.01,,,,,,0.4,0.0,0.1,,0.7,,,,,,,,,,,,,,,,,,
50268,"Rice, white, basmati, raw",rice white basmati raw,0,20,Cereal Grains and Pasta,23,McCance and Widdowson's,0.27,10.0,101.0,77.0,1.4,0.14,0.1,83.6,0.07,0.0,,,,11.3,0.1,,0.0,1.2,0.0,,,21.0,65.0,0.0,0.0,,0.0,1.1,0.0,0.0,0.0,,,0.0,,0.0,,0.0,,8.1,0.5,351.0,1.1,1.0,,,0.07,,0.0,,,,,,,0.0,,0.0,0.15,,,,,,0.0021,,,,,0.0,,,0.0,83.7,1.73,0.13,0.1,0.14,0.14,0.16,,,,16.0,0.74,,0.0,,,,,,,,,1495.0,,0.0,0.0,,0.0,0.0,0.0,,0.0,,,0.01,,0.11,0.02,0.0,0.0,,,,0.41,12.0,,,0.15,0.14,,,0.0,,,,,,10.0,3.3,1.1,,17.6,,,,,,,,,,,,,,,,,,
50272,"Rice, white, long grain, easy cook, boiled in unsalted water",rice white long grain easy cook boiled in unsalted water,0,20,Cereal Grains and Pasta,23,McCance and Widdowson's,0.09,20.0,39.0,18.0,0.3,,0.0,34.7,,,,,,67.0,0.0,,0.0,0.7,,,,7.0,88.0,0.0,0.0,,0.0,0.4,0.0,0.0,0.0,,,0.0,,0.0,,0.0,,3.0,0.4,146.0,0.7,6.0,,,0.01,,0.0,,,,,,,0.0,,0.0,0.13,,,,,,0.0007,,,,,,,,0.0,34.7,0.06,0.05,0.03,0.08,0.12,0.13,,,,7.0,0.25,,0.0,,,,,,,,,621.0,,0.0,0.0,,,,0.0,,,,,0.0,,0.0,0.0,0.0,,,,,0.09,6.0,,,,,,,0.0,,,,,,,,,,,,,,,,,,,,,,,,,,,,
50276,"Rice, wild, boiled in unsalted water",rice wild boiled in unsalted water,0,20,Cereal Grains and Pasta,23,McCance and Widdowson's,0.24,16.0,141.0,102.0,1.8,0.11,0.3,31.2,,,,,,66.7,0.4,,0.0,2.2,,,,43.0,55.0,0.0,0.0,,0.0,0.6,0.0,0.0,0.0,,,0.0,,0.0,,0.0,,5.3,0.6,145.0,2.5,4.0,,,0.1,,0.08,,,,,,,0.0,,0.0,0.15,,,,,,0.0019,,,,,0.0,,,0.0,31.7,0.54,0.13,0.04,0.12,0.12,0.28,,,,1.0,0.46,,0.0,,,,,,,,,620.0,,0.0,0.0,,0.0,0.0,0.0,,0.0,,,0.0,,0.11,0.01,0.13,0.0,,,,0.16,24.0,,,,0.11,,,,,,,,,4.4,1.2,0.9,,8.2,,,,,,,,,,,,,,,,,,
27039,"Ricotta cheese, german type, light",ricotta cheese german type light,0,1,Dairy and Egg Products,14,"FCDBE, IEO",,92.0,160.0,85.0,0.6,,0.0,0.0,,,,,,81.0,4.1,,1.0,0.2,,,,17.0,,,0.0,0.0,0.0,,0.0,0.0,,,,2.0,,0.03,,0.3,,13.5,0.2,71.175,0.0,40.0,1.0,,0.21,,0.3,,,,,,,,,32.0,,,,,,,,,,,,,,,4.1,4.1,0.4,0.04,0.03,0.117,0.061,0.007,,,,3.9,,,2.0,,,,,,,,,297.8,,,,,,,,,,,,,,,,,,,,,0.21,6.0,,,,,,,,,,,,,,,,,,,,,,,,,,,,,,,,,,,
349505,"Ricotta infornata, oven cooked",ricotta infornata oven cooked,0,4,Fats and Oils,5,My foods,,,,,,,,,,,,,,,0.07,,,,,,,,,,,,,,,,,,,,,,,,,14.6,12.2,180.2,,0.9,,,,,,,,,,,,,,,,,,,,,,,,,,,,,,3.0,,,,9.7,,,,,,,,,,,,,,,,,,753.9567999999999,,,,,,,,,,,,,,,,,,,,,,,,,,,,,,,,,,,,,,,,,,,,,,,,,,,,,,,,,
50279,"Risotto, plain, homemade",risotto plain homemade,0,22,"Meals, Entrees, and Side Dishes",23,McCance and Widdowson's,0.11,9.0,62.0,73.0,0.6,,0.4,34.3,,,,,,56.2,1.0,,0.0,0.4,,,,15.0,670.0,0.0,0.3,0.0,0.3,0.4,0.0,0.0,0.01,,,0.0,,0.0,,0.0,,3.3,4.7,184.0,0.9,447.0,,,2.01,,0.0,,,,,,,,,0.0,,,,,,,0.0009,,,,,,,,0.0,35.6,0.19,0.04,0.04,0.67,1.01,2.71,,,,2.0,0.34,,0.0,,,,,,,,,778.0,,,,,,,,,,,,,,,,,,,,,0.8,3.0,,,,,,,,,,,,,,,,,,,,,,,,,,,,,,,,,,,
50280,"Risotto, vegetable, brown rice",risotto vegetable brown rice,0,22,"Meals, Entrees, and Side Dishes",23,McCance and Widdowson's,0.19,25.0,129.0,274.0,0.8,,0.7,15.1,,,,,,68.2,1.8,,9.0,1.1,,,,40.0,,,0.5,,0.5,,0.0,,0.0,,,0.0,,0.0,,0.0,,4.0,6.2,136.0,,74.0,,,1.11,,0.08,,,,,,,,,0.0,,,,,,,0.0009,,,,,,,,0.0,17.3,1.06,0.13,0.14,0.72,3.45,1.63,,,,8.0,0.55,,14.0,,,,,,,,,573.0,,,,,,,,,,,,,,,,,,,,,0.73,16.0,,,,,,,,,,,,,,,,,,,,,,,,,,,,,,,,,,,
82171,"Risotto, w vegetables",risotto w vegetables,0,25,Restaurant Foods,11,"CIQUAL, ANSES",,,,,,,,,,,,,,74.0,1.72,,,,,,,,,,,,,,,0.0,,,,,,,,,,4.06,5.06,126.0,0.82,216.0,,,,,,,,,,,0.17,,,,,,,,,,,,,,,,,,,15.5,,,,2.5,1.57,0.77,,,,,,,,,,,,,,,,529.0,,,,,,,,,,,,,,,,,,,,0.65,,,,,,,,,,,,,,,,,,,,,,,,,,,,,,0.0,,,,,,,
432,Robalo grelhado,robalo grelhado,0,15,Finfish and Shellfish Products,1,"TCA, INSA 2015",,116.0,438.0,427.0,1.6,,,0.0,,,,,,60.1,0.0,,0.0,3.5,,,,46.0,,,,,,,,0.0,0.0,,,35.0,,6.7,,1.4,9.3,23.0,13.0,208.862408992,0.0,561.0,0.0,,0.21,,0.18,,,,,,,,,59.0,,,,,,,0.0043,,,,,,,,,0.0,0.4,0.21,0.13,2.6,4.2,3.5,,,,,,,35.0,,,,,,,,,873.880319222528,,,,,,,,,,,,,,,,,,,,3.6,,,,,0.8,,,,,,,,,,,,,,,,,,,,,,,,,,,,,,,,
50300,"Rocket, raw",rocket raw,0,11,Vegetables and Vegetable Products,23,McCance and Widdowson's,0.19,216.0,44.0,326.0,0.4,,0.0,0.0,0.0,0.0,,,,93.1,0.0,2117.0,20.0,0.7,0.11,,,28.0,93.0,5.0,0.0,0.0,0.0,1.3,0.0,0.0,0.0,,,0.0,,0.0,17.0,0.0,,3.6,0.4,18.0,1.7,30.0,1132.0,0.0,0.22,0.0,0.18,,,,,,,,,0.0,,,,,,,0.0009,,,,,,,,0.0,0.0,1.26,0.19,0.08,0.07,0.0,0.21,,,,2.0,0.41,,190.0,,,,,,,,,74.0,,,,,,,,,,,,,,,,,,,,,0.29,88.0,,,,,,,,,,,,,,,,,,,,,,,,,,,,,,,,,,,
81238,"Rolls for hamburger/hotdog (buns), prepacked",rolls for hamburger hotdog buns prepacked,0,20,Cereal Grains and Pasta,11,"CIQUAL, ANSES",0.13,89.0,110.0,140.0,0.84,1.42,,42.7,,,,,,30.9,5.88,,0.0,1.0,,,,27.0,757.0,0.0,,,,,,0.0,,,,,,,,0.036,,9.07,5.35,293.0,3.3,453.0,0.0,,0.22,,0.03,,,0.0,0.0,0.0,0.0,0.0,,0.0,0.94,,,,,,,,0.0,0.0,,,0.0,,,49.7,0.85,0.19,0.097,0.88,1.53,1.11,,,,0.0,0.56,,,,,,,,,,,1240.0,,,,,,,,,,,,0.0031,,0.24,0.2,0.17,,,,1.71,0.37,13.5,2.81,,,,,,,,,,,,,,,,,,,,,,,,,,,0.0,,,,,,,
211399,Roman Supplì,roman suppl,0,,,19,My recipes,0.08320216666666667,33.10000000000001,65.93333333333332,145.16666666666669,0.6504166666666668,0.011333333333333334,0.06666666666666668,20.666666666666664,,,,,,62.902,2.2478333333333333,,4.591666666666668,0.49583333333333335,,,,21.608333333333334,,0.07166666666666668,0.0,0.0,0.0,,0.0,0.0,,,,18.133333333333333,,0.017333333333333333,,0.07,,3.715666666666667,5.804500000000001,165.99200000000002,2.2395000000000005,775.1583333333334,152.43333333333334,,1.1928333333333334,,0.046016666666666664,,,0.0,0.0,0.0,0.0,0.0,,5.273666666666667,0.036666666666666674,,,,,,,,0.0,0.0,,,0.0,,0.016666666666666666,25.371000000000002,1.3438333333333334,0.1376,0.08151666666666668,1.791766666666667,3.0340333333333334,0.5092333333333333,,,,0.185,0.4374,,20.383333333333333,,,,,,,,,694.5105279999999,,,,,,,,,,,,0.0,,0.012933333333333335,0.0027500000000000003,0.004000000000000001,,,,2.1286666666666667,0.07066666666666667,11.333333333333334,7.783333333333333,,,,,,,,,,,,,,,,,,,,,,,,,,,0.15333333333333335,,,,,,,
235080,"Roman rocket, raw",roman rocket raw,0,11,Vegetables and Vegetable Products,37,"Ciqual 2020, ANSES",0.076,160.0,52.0,369.0,0.47,,,,,,,,,91.7,2.05,,15.0,0.31,,,,47.0,,,,,,,,0.0,,,,0.0,,0.0,,0.0,,2.58,0.66,,1.6,27.0,1420.0,,0.43,,0.086,,,0.0,0.0,0.0,0.0,0.003,,0.0,,,,,,,,,,0.0,,,0.0,,,2.1,1.46,0.044,0.073,0.086,0.049,0.32,,,,,0.32,,,,,,,,,,,,,,,,,,,,,,,0.0,,0.072,0.004,,,,,1.4,0.44,97.0,,,,,,,,,,,,,,,,,,,,,,,,,,,,,,,,,,,
231928,Roman style Pizza Dough,roman style pizza dough,0,,,19,My recipes,0.23224785714285717,44.45714285714286,125.72857142857144,294.84285714285716,1.0261,1.9477142857142857,0.7314285714285714,32.520714285714284,1.854857142857143,0.9874285714285715,,,,39.36785714285715,1.4235714285714285,,0.0,0.7457142857142856,0.06400000000000002,,,34.01428571428572,864.9714285714286,0.6285714285714286,0.0,0.0,0.0,4.457142857142857,0.0,0.0,0.002285714285714286,,,0.0,,0.0,0.0,0.0,7.150000000000001,10.157142857142857,5.109285714285714,244.01142857142855,3.475,565.55,0.0,0.0,1.025,,0.09907142857142856,,,0.0,0.0,0.0,0.0,0.0,,0.03428571428571429,1.2737857142857143,,,,,,0.0011514285714285715,,0.0,0.0,,0.0034285714285714284,0.0,,0.0,41.24428571428571,2.004657142857143,0.11742857142857142,0.13535714285714287,0.6332857142857143,2.0794285714285716,1.6317142857142857,,,,0.8,0.27778500000000006,,0.0,,,,,,,,,1020.9438171428588,,0.005714285714285714,0.006857142857142857,,0.0,0.002285714285714286,0.002285714285714286,,0.001142857142857143,,,0.001142857142857143,,0.39071428571428574,0.14407142857142857,0.17714285714285716,0.004571428571428572,,,0.00018,0.3617142857142857,94.10000000000001,4.1814285714285715,,,0.42628571428571427,,,,,,,,,5.085714285714286,2.3771428571428572,1.645714285714286,,9.657142857142857,,,,,,,,,,,0.0,,,,,,,
235102,"Romanesco cauliflower or romanesco broccoli, raw",romanesco cauliflower or romanesco broccoli raw,0,11,Vegetables and Vegetable Products,37,"Ciqual 2020, ANSES",0.041,34.5,62.0,300.0,0.64,,,,,,,,,89.8,2.2,,70.6,0.73,,,,20.0,,,,,,,,0.0,,,,0.0,,0.0,,0.0,,2.93,0.4,,2.35,15.5,93.0,,0.04,,0.1,,,0.0,0.0,0.0,0.0,0.0,,0.0,,,,,,,,,,0.0,,,0.0,,,2.2,0.92,0.08,0.22,0.047,0.028,0.13,,,,,0.25,,,,,,,,,,,,,,,,,,,,,,,0.0,,0.038,0.004,,,,,0.88,0.7,57.0,,,,,,,,,,,,,,,,,,,,,,,,,,,,,,,,,,,
1845,"Rosemary, fresh",rosemary fresh,1,2,Spices and Herbs,0,"USDA, 2018",0.301,317.0,66.0,668.0,0.93,1.024,,,,,,,,67.77,,,21.8,0.912,,,,91.0,,,,,,,,,0.0,,,0.0,0.0,0.0,,0.0,0.0,3.31,5.86,131.0,14.1,26.0,,,,,0.152,,,,,,0.019,0.014,109.0,0.0,0.447,0.159,0.361,0.391,0.172,0.066,0.051,,,,,0.048,,,,20.7,6.65,0.036,0.336,2.838,1.16,0.901,0.136,0.136,0.249,,0.96,2924.0,146.0,,0.129,0.136,0.153,0.165,0.1,0.169,0.037,548.104,,,,,,,,,,,,0.121,109.0,1.921,0.231,0.414,0.066,0.047,0.143,2.35,0.804,109.0,,,,,,,,,,,,,,,,,44.0,,,,,,,,,,,,,,,,,,
50306,"Rosemary, fresh",rosemary fresh,1,2,Spices and Herbs,23,McCance and Widdowson's,,370.0,20.0,280.0,0.9,,,,,,,,,73.6,,,18.0,0.3,,,,64.0,,,,0.0,,,0.0,0.0,0.0,,,0.0,,0.0,,0.0,,1.4,4.4,99.0,12.4,15.0,,,,,0.13,,,,,,,,,0.0,,,,,,,,,,,,,,,0.0,13.5,8.5,0.1,0.51,2.15,0.88,0.68,,,,1.0,0.54,,91.0,,,,,,,,,416.0,,,,,,,,,,,,,,,,,,,,,,89.0,,,,,,,,,,,,,,,,,,,,,,,,,,,,,,,,,,,
81137,Rostis or Potatoes cake,rostis or potatoes cake,0,11,Vegetables and Vegetable Products,11,"CIQUAL, ANSES",0.1,31.0,79.0,480.0,0.43,3.61,,20.4,,,,,,63.5,0.68,,0.63,2.3,,,,24.0,704.0,0.0,,,,,,0.0,,,,0.0,,0.0,,,,2.13,9.47,183.0,2.64,419.0,0.0,,2.71,,0.045,,,0.01,0.0,0.01,0.01,0.02,,15.0,2.74,,,,,,,,0.0,0.0,,,0.0,,,21.0,0.65,0.069,0.18,2.53,3.61,2.92,,,,0.0,0.15,,,,,,,,,,,765.0,,,,,,,,,,,,0.06,,0.89,0.29,0.18,,,,2.16,0.46,17.8,0.0,,,,,,,,,,,,,,,,,,,,,,,,,,,0.0,,,,,,,
50309,Rusks,rusks,0,3,Baby Foods,23,McCance and Widdowson's,0.11,336.0,108.0,240.0,0.7,3.78,19.7,49.6,,,,,,5.7,23.4,,0.0,7.4,,,,29.0,150.0,2.0,1.4,0.0,2.3,0.5,0.0,0.0,0.01,,,,,,,,,6.5,10.7,396.0,2.4,88.0,,,1.38,,,,,0.0,0.0,0.01,0.01,0.07,,3.4,1.7,,,,,,,0.0,0.0,0.0,0.0,0.02,0.0,0.0,0.0,73.0,6.46,,0.0,4.59,3.83,1.77,,,,6.0,0.6,,,,,,,,,,,1674.0,,0.04,0.01,0.0,0.01,0.01,0.01,0.0,0.0,0.0,0.0,0.1,,3.86,0.44,0.07,0.01,,,,0.24,22.0,,,1.69,3.77,0.0,0.0,0.07,0.0,0.0,0.0,,,,,,,,,,,0.0,,,,,,,,0.0,,,,,,
23136,"Rye bread, and wheat",rye bread and wheat,0,20,Cereal Grains and Pasta,11,"CIQUAL, ANSES",0.19,22.8,169.0,179.0,0.0,0.26,,36.0,,,,,,36.0,1.9,,0.4,0.5,,,,29.6,1050.0,0.0,,,,,,0.0,,,,0.0,,0.0,,0.13,,5.58,1.24,239.0,8.9,530.0,0.0,,0.0,,0.08,,,0.0,0.0,0.00083,0.00083,0.0091,,0.0,0.34,,,,,,,,,0.0,,,0.0,,,46.3,1.2,0.15,0.12,0.2,0.26,0.37,,,,0.0,0.0,,,,,,,,,,,1010.0,,,,,,,,,,,,0.004,,0.14,0.04,0.037,,,,2.0,0.46,12.0,1.0,,,,,,,,,,,,,,,,,,,,,,,,,,,0.0,,,,,,,
6472,SILK Plain soy yogurt,silk plain soy yogurt,0,16,Legumes and Legume Products,0,"USDA, 2018",,132.0,,,,,,,,,,,,84.67,5.29,,13.2,,,,,,,,,,,,,,0.0,,,,53.0,1.3,,,,2.64,1.76,66.0,0.4,13.0,,,,,,,,,,,,,,0.0,,,,,,,,,,,,,,,,9.69,,,,0.22,,,,,,,,0.0,,,,,,,,,,276.144,,,,,,,,,,,,,,,,,,,,1.24,,,,,,,,,,,,,,,,,,,,,,,,,,,,,,,,,,,,,
50313,"Sage, fresh",sage fresh,0,2,Spices and Herbs,23,McCance and Widdowson's,,600.0,33.0,390.0,1.7,,,,,,,,,66.4,,,0.0,,,,,160.0,,,,0.0,,,0.0,,,,,0.0,,0.0,,0.0,,3.9,4.6,119.0,,4.0,,,,,,,,,,,,,,0.0,,,,,,,,,,,,,,,0.0,15.6,,0.11,,2.6,0.7,0.7,,,,,9.1,,215.0,,,,,,,,,502.0,,,,,,,,,,,,,,,,,,,,,,,,,,,,,,,,,,,,,,,,,,,,,,,,,,,,,,,,,
960,Sal,sal,0,6,"Soups, Sauces, and Gravies",1,"TCA, INSA 2015",,0.0,0.0,0.0,0.0,,,0.0,,,,,,0.0,0.0,,0.0,0.0,,,,300.0,,,,,,,,0.0,0.0,,,0.0,,0.0,,0.0,0.0,0.0,0.0,0.0,0.0,40000.0,0.0,,0.0,,0.0,,,,,,,,,0.0,,,,,,,0.0,,,,,,,,,0.0,0.0,0.0,0.0,0.0,0.0,0.0,,,,,,,0.0,,,,,,,,,0.0,,,,,,,,,,,,,,,,,,,,98.0,,,,,0.0,,,,,,,,,,,,,,,,,,,,,,,,,,,,,,,,
1479,Sal grosso,sal grosso,0,14,Beverages,2,"TACO, NEPA",,,,,,,,,,,,,,0.41333333333333,,,,,,,,,,,,,,,,,,,,,,,,,,,,,,39943.203,,,,,,,,,,,,,,,,,,,,,,,,,,,,,,,,,,,,,,,,,,,,,,,,,,,,,,,,,,,,,,,,,,,,,,,,,,,,,,,,,,,,,,,,,,,,,,,,,,,,,,,,,,,,,
9984,"Salad Dressing, mayonnaise-like, fat-free",salad dressing mayonnaise like fat free,0,4,Fats and Oils,0,"USDA, 2018",0.02,6.0,5.0,49.0,0.05,1.887,,,,,,,,78.7,10.3,0.0,0.0,0.0,,,,2.0,,,,,,,,0.0,,0.0,0.0,0.0,0.0,0.0,0.0,0.0,0.0,0.2,2.7,84.0,1.9,788.0,0.0,0.0,0.04,0.0,0.014,0.0,0.0,0.0,0.0,0.025,0.027,0.25,0.0,9.0,0.043,,,,,,,0.0,0.0,0.0,0.0,0.0,0.0,0.0,,15.5,0.12,0.0,0.0,0.6,1.887,0.063,,,,0.3,0.022,0.0,0.0,0.7,,,,,,,,351.456,,,,,,,,,,,,0.11,0.0,0.069,0.117,0.019,0.0,,,2.6,0.0,0.0,24.7,,,,,,,,,,,,,,,,,,,,,,,,,,,,,,,,,,
10033,"Salad dressing, caesar, low calorie",salad dressing caesar low calorie,0,4,Fats and Oils,0,"USDA, 2018",0.01,24.0,19.0,29.0,0.11,1.009,,,,,,,,73.2,16.32,0.0,0.0,0.04,,,0.5,2.0,,,,,,,,0.0,,0.0,0.0,1.0,0.0,0.0,0.0,0.03,0.0,0.3,4.4,110.0,0.1,1148.0,1.0,0.0,0.71,0.0,0.01,0.0,0.0,0.008,0.003,0.002,0.004,0.006,2.0,2.0,2.06,,,,,,,0.066,0.0,0.008,0.001,0.024,0.005,0.0,,18.6,0.18,0.01,0.0,0.703,1.124,2.368,,,,1.6,0.045,5.0,1.0,17.4,,,,,,,,460.24,,,,,,,,,,,,0.025,2.0,0.469,0.171,0.291,0.014,,,3.5,0.003,2.0,1.0,,,,,,,,,,,,,,,,,,,,,,,,,,,,,,,,,,
10094,"Salad dressing, mayonnaise and mayonnaise-type, low calorie",salad dressing mayonnaise and mayonnaise type low calorie,0,4,Fats and Oils,0,"USDA, 2018",0.001,14.0,30.0,24.0,0.18,4.494,,,,,,,,54.3,4.34,87.0,0.0,0.0,,,,2.0,,,,,,,,0.0,,0.0,0.0,12.0,0.0,0.0,27.0,0.21,0.0,0.9,19.0,263.0,0.0,837.0,94.0,1.0,3.07,0.0,0.02,0.0,0.0,0.0,0.0,0.0,0.0,0.0,6.0,26.0,9.151,,,,,,,0.0,0.019,0.005,0.0,0.039,0.001,0.0,,23.9,0.26,0.01,0.02,2.962,4.628,10.396,,,,1.6,,220.0,21.0,8.5,,,,,,,,1099.0,,,,,,,,,,,,0.022,6.0,2.12,0.777,1.203,0.076,,,2.0,0.066,6.0,24.7,,,,,,,,,,,,,,,,,,,,,,,,,,,,,,,,,,
50317,"Salad, beetroot and onion in French dressing",salad beetroot and onion in french dressing,0,22,"Meals, Entrees, and Side Dishes",23,McCance and Widdowson's,,,,,,,,1.0,,,,,,80.8,8.2,,4.0,0.1,,,,,,,,,,0.1,0.0,,,,,0.0,,0.0,,0.0,,1.9,3.1,71.0,,125.0,,,,,0.01,,,,,,,,,0.0,,,,,,,0.0003,,,,,,,,0.0,9.5,,0.02,0.04,,,,,,,,,,4.0,,,,,,,,,299.0,,,,,,,,,,,,,,,,,,,,,0.08,86.0,,,,,,,,,,,,,,,,,,,,,,,,,,,,,,,,,,,
50319,"Salad, green",salad green,0,22,"Meals, Entrees, and Side Dishes",23,McCance and Widdowson's,0.03,19.0,22.0,172.0,0.1,,0.0,0.0,,,,,,95.4,1.6,,35.0,0.3,,,,9.0,60.0,2.0,0.9,0.0,0.7,,0.0,0.0,0.0,,,0.0,,0.0,,0.0,,1.0,0.4,13.0,,8.0,,,0.42,,0.02,,,,,,,,,0.0,,,,,,,0.0001,,,,,,,,0.0,1.6,0.29,0.05,0.1,0.04,0.0,0.08,,,,0.0,0.11,,20.0,,,,,,,,,57.0,,,,,,,,,,,,,,,,,,,,,0.22,32.0,,,,,,,,,,,,,,,,,,,,,,,,,,,,,,,,,,,
28303,"Salad, mixed",salad mixed,0,22,"Meals, Entrees, and Side Dishes",15,"IFCD, UCC",0.03,28.0,42.0,201.0,0.25,,,0.1,,,,,,93.1,2.6,,31.1,0.5,,,,10.0,,,,,,,,,,,,0.0,,0.0,,0.0,,1.4,0.3,19.0,,5.0,,,0.4,,0.02,,,,,,,,,0.0,,,,,,,,,,,,,,,,2.7,0.61,0.08,0.12,0.1,0.0,0.1,,,,0.3,0.14,,,,,,,,,,,79.5,,,,,,,,,,,,,,,,,,,,,0.27,36.0,,,,,,,,,,,,,,,,,,,,,,,,,,,,,,,,,,,
28888,"Salad, mixed (lettuce, peppers, tomatoes, onion), homemade",salad mixed lettuce peppers tomatoes onion homemade,0,22,"Meals, Entrees, and Side Dishes",15,"IFCD, UCC",0.02,18.0,25.0,189.0,0.15,,,0.0,,,,,,83.4,3.2,,14.3,0.64,,,,6.0,,,,,,,,,,,,0.0,,0.0,,0.0,,0.8,5.2,65.0,,5.0,,,0.88,,0.01,,,,,,,,,0.0,,,,,,,,,,,,,,,,3.8,0.48,0.1,0.12,0.8,3.6,0.6,,,,0.6,0.16,,,,,,,,,,,271.96,,,,,,,,,,,,,,,,,,,,,0.16,29.0,,,,,,,,,,,,,,,,,,,,,,,,,,,,,,,,,,,
28870,"Salad, mixed, 7 vegetables",salad mixed 7 vegetables,0,22,"Meals, Entrees, and Side Dishes",15,"IFCD, UCC",0.02,22.0,27.0,196.0,0.17,,,0.1,,,,,,93.2,2.8,,20.5,0.45,,,,6.0,,,,,,,,,,,,0.0,,0.0,,0.0,,0.9,0.4,19.0,,56.0,,,0.56,,0.02,,,,,,,,,0.0,,,,,,,,,,,,,,,,3.3,0.54,0.09,0.11,0.1,0.0,0.2,,,,1.0,0.18,,,,,,,,,,,79.5,,,,,,,,,,,,,,,,,,,,,0.17,32.0,,,,,,,,,,,,,,,,,,,,,,,,,,,,,,,,,,,
50321,"Salad, potato, with French dressing",salad potato with french dressing,0,22,"Meals, Entrees, and Side Dishes",23,McCance and Widdowson's,,,,,,,,13.7,,,,,,76.0,2.1,,9.0,0.4,,,,,,,,,,0.3,0.0,0.0,,,,0.0,,0.0,,0.0,,1.5,5.0,111.0,1.5,93.0,,,,,0.0,,,,,,,,,0.0,,,,,,,0.0003,,,,,,,,0.0,15.8,,0.17,0.05,,,,,,,,,,8.0,,,,,,,,,467.0,,,,,,,,,,,,,,,,,,,,,0.34,17.0,,,,,,,,,,,,,,,,,,,,,,,,,,,,,,,,,,,
50326,"Salad, tomato and onion",salad tomato and onion,0,22,"Meals, Entrees, and Side Dishes",23,McCance and Widdowson's,,,,,,,,0.4,,,,,,90.1,4.1,,16.0,0.5,,,,,,,,,,1.2,0.0,0.0,,,,0.0,,0.0,,0.0,,0.6,2.7,45.0,1.3,44.0,,,,,0.01,,,,,,,,,0.0,,,,,,,0.0001,,,,,,,,0.0,4.9,,0.05,0.06,,,,,,,,,,40.0,,,,,,,,,190.0,,,,,,,,,,,,,,,,,,,,,0.21,18.0,,,,,,,,,,,,,,,,,,,,,,,,,,,,,,,,,,,
50328,"Salad, wholemeal pasta, with vegetables and mayonnaise",salad wholemeal pasta with vegetables and mayonnaise,0,22,"Meals, Entrees, and Side Dishes",23,McCance and Widdowson's,0.1,16.0,69.0,140.0,0.7,,0.9,11.1,,,,,,73.1,2.6,,21.0,0.8,,,,24.0,120.0,,0.6,0.0,0.7,,0.2,,,,,7.0,,0.0,,0.0,,3.1,7.5,131.0,,73.0,1180.0,370.0,1.95,,0.03,,,,,,,,,6.0,,,,,,,0.0006,,,,,,,,0.0,13.8,1.1,0.14,0.12,1.1,1.6,4.3,,,,,0.5,,235.0,,,,,,,,,519.0,,,,,,,,,,,,,,,,,,,,,,17.0,,,,,,,,,,,,,,,,,,,,,,,,,,,,,,,,,,,
208916,Salada de alface e tomate,salada de alface e tomate,0,22,"Meals, Entrees, and Side Dishes",33,"TCA, INSA 2019",,29.0,26.0,260.0,0.2,,,0.0,,,,,,92.8,2.6,,14.6,0.53,,,,16.0,,,,,,,,0.0,0.0,,,,,0.0,,0.0,,1.1,1.4,30.0,1.3,200.0,556.0,,1.14,,0.03,,,,,,,,,0.0,,,,,,,0.1,,,,,,,,,2.6,0.9,0.05,0.11,0.2,0.9,0.2,,,,,,,93.0,,,,,,,,,125.0,,,,,,,,,,,,,,,,,,,,1.02,,29.0,,,,,,,,,,,,,,,,,,,,,,,,,,,,,,,,,,,
428065,"Salame dolce a staffa, cured meat, Italy",salame dolce a staffa cured meat italy,0,10,Pork Products,5,My foods,,,,,,,,,,,,,,,,,,,,,,,,,,,,,,,,,,,,,,,,25.4,341.0,1608.0,,1.9,,,,,,,,,,,,,,,,,,,,,,,,,,,,,,0.0,,,,7.4,,,,,,,,,,,,,,,,,,6727.872,,,,,,,,,,,,,,,,,,,,,,,,,,,,,,,,,,,,,,,,,,,,,,,,,,,,,,,,,
50329,Salami,salami,0,7,Sausages and Luncheon Meats,23,McCance and Widdowson's,0.12,11.0,170.0,320.0,3.0,16.1,0.0,0.0,,,,,,33.7,0.5,,,5.6,,,,18.0,2780.0,15.0,0.0,0.0,0.1,7.0,0.0,0.0,0.15,,,0.0,,,,2.0,,20.9,39.2,438.0,0.4,1530.0,,,0.23,,0.23,,,0.0,0.0,,,0.0,,83.0,3.9,,,,,,0.0028,0.1,0.0,0.0,0.0,0.4,0.0,0.0,0.4,0.5,1.3,0.6,0.36,14.6,17.7,4.4,,,,7.0,0.04,,0.0,,,,,,,,,1814.0,,0.0,0.1,0.0,0.0,0.2,0.0,,0.1,0.0,0.0,0.5,,8.8,4.9,0.4,1.0,,,,1.66,3.0,1.11,,4.22,16.08,0.15,0.0,0.37,0.0,0.0,0.0,,,,,,,,,,,0.0,,,,,,,,,,0.0,,,,
3213,"Salami, cooked, beef and pork",salami cooked beef and pork,0,7,Sausages and Luncheon Meats,0,"USDA, 2018",0.357,15.0,191.0,316.0,2.93,10.219,0.44,,,,,,,45.19,0.96,0.0,0.0,6.053,,41.2,4.3,19.0,,,0.0,0.0,0.52,,0.0,0.0,0.586,0.0,0.0,0.0,41.0,1.0,0.0,1.52,0.0,21.85,25.9,336.0,0.0,1740.0,0.0,0.0,0.22,0.0,0.357,0.0,0.0,0.0,0.0,0.0,0.0,0.0,3.0,89.0,2.256,1.189,1.929,1.285,0.88,0.359,0.114,0.0,0.062,0.0,0.0,0.137,0.0,0.0,0.0,2.4,1.56,0.367,0.459,9.316,11.127,2.529,0.521,0.675,0.929,31.3,0.978,0.0,0.0,93.5,0.537,0.831,0.855,0.668,0.552,0.481,0.196,1407.0,0.0,0.038,0.0,0.082,0.051,0.133,0.0,0.084,0.0,0.0,0.0,0.466,3.0,5.619,3.008,0.126,0.69,0.301,1.107,4.66,1.201,3.0,3.2,,2.104,9.785,0.0,,0.126,0.0,,,,,,,,,0.0,,0.434,,,,0.152,0.434,,,,,,0.318,,28.0,,0.152,
3214,"Salami, cooked, turkey",salami cooked turkey,0,7,Sausages and Luncheon Meats,0,"USDA, 2018",0.19,40.0,266.0,216.0,2.32,2.878,,,0.0,0.0,0.0,0.0,0.0,68.8,1.12,0.0,0.0,3.979,0.0,41.2,3.9,22.0,,,,,,,,0.0,0.0,0.0,0.0,2.0,24.0,0.6,0.0,0.99,0.0,19.2,9.21,172.0,0.1,1107.0,0.0,0.0,0.24,0.0,0.303,0.0,0.0,0.0,0.0,0.0,0.0,0.017,10.0,76.0,2.291,0.759,2.497,1.486,0.947,0.477,0.174,0.0,0.087,0.022,0.0,0.026,0.0,0.014,,1.55,1.25,0.426,0.427,2.783,3.172,2.466,0.681,0.796,1.219,26.4,0.02,6.0,2.0,53.1,0.681,0.637,1.067,0.813,0.605,0.607,0.159,718.0,0.0,,,,,,,,,,,0.121,10.0,1.988,0.657,0.052,0.268,0.443,1.442,1.68,1.074,10.0,1.3,0.0,,,,,,,,,,,,,,,0.0,,,,,,,,,,,,,0.0,,,,,
28348,Salmon with vegetables in stock,salmon with vegetables in stock,0,22,"Meals, Entrees, and Side Dishes",15,"IFCD, UCC",0.02,14.0,87.0,225.0,0.26,,,0.5,,,,,,83.7,2.0,,20.7,2.51,,,,15.0,,,,,,,,,,,,4.0,,1.64,,1.11,,6.4,4.5,76.0,,210.0,,,1.16,,0.05,,,,,,,,,15.0,,,,,,,,,,,,,,,,2.6,0.6,0.1,0.3,0.6,1.6,1.0,,,,7.3,0.07,,,,,,,,,,,317.98,,,,,,,,,,,,,,,,,,,,,0.37,17.0,,,,,,,,,,,,,,,,,,,,,,,,,,,,,,,,,,,
50333,"Salmon, farmed, flesh only, baked",salmon farmed flesh only baked,0,15,Finfish and Shellfish Products,23,McCance and Widdowson's,0.05,11.0,262.0,412.0,0.6,2.11,0.0,0.0,,,,,,59.7,0.0,,0.0,8.6,,,,30.0,86.0,14.0,0.0,,0.0,3.0,0.0,0.0,0.0,,,17.0,,7.3,,2.5,,25.2,14.6,232.0,0.0,49.0,,,3.7,,0.09,,,,,,,,,67.2,0.59,,,,,,0.0042,1.39,0.26,1.4,0.23,1.4,0.73,0.32,0.0,0.0,0.45,0.26,0.14,2.76,5.78,3.89,,,,20.0,0.05,,17.0,,,,,,,,,969.0,,0.02,,,0.07,0.05,,0.06,,0.07,,,,1.67,0.35,0.16,0.8,,,,1.5,8.0,,,0.59,2.11,1.39,0.07,0.16,,0.07,0.06,,,,,,,,,,,0.01,,,,,,,,,,,,,,
50334,"Salmon, farmed, flesh only, grilled",salmon farmed flesh only grilled,0,15,Finfish and Shellfish Products,23,McCance and Widdowson's,0.05,11.0,262.0,412.0,0.6,16.07,0.0,0.0,0.0,0.0,,,,60.4,0.0,,0.0,8.6,0.0,,,30.0,86.0,14.0,0.0,,0.0,2.4,0.0,0.0,0.0,,,18.0,,7.8,,3.4,,24.6,15.6,239.0,0.0,49.0,,,3.94,,0.1,,,,,,,,,71.8,0.63,,,,,,0.0042,10.7,0.28,1.5,0.25,10.74,0.78,0.34,0.0,0.0,0.45,0.21,0.16,2.95,6.18,4.16,,,,20.0,0.05,,18.0,,,,,,,,,995.0,,0.02,,,0.07,0.05,,0.06,,0.08,,0.67,,1.78,0.37,0.17,6.07,,,,1.5,9.0,,,0.63,16.07,10.7,0.56,0.17,,0.03,0.06,,,0.0,0.0,0.0,7.83,0.0,,,,0.01,,,,,,,,,,,,,,
50338,"Salmon, farmed, flesh only, steamed, fillets weighed with bones and skin",salmon farmed flesh only steamed fillets weighed with bones and skin,0,15,Finfish and Shellfish Products,23,McCance and Widdowson's,0.05,10.0,234.0,370.0,0.5,,0.0,0.0,,,,,,51.2,0.0,,0.0,7.7,,,,27.0,61.0,12.0,0.0,,0.0,2.3,0.0,0.0,0.0,,,21.0,,9.3,,2.1,,20.5,16.1,227.0,0.0,45.0,,,4.7,,0.08,,,,,,,,,74.1,,,,,,,0.0045,,,,,,,,0.0,0.0,0.34,0.21,0.17,3.04,6.38,4.29,,,,18.0,0.09,,21.0,,,,,,,,,944.0,,,,,,,,,,,,,,,,,,,,,1.3,6.0,,,,,,,,,,,,,,,,,,,,,,,,,,,,,,,,,,,
50339,"Salmon, pink, canned in brine, drained",salmon pink canned in brine drained,0,15,Finfish and Shellfish Products,23,McCance and Widdowson's,0.07,109.0,234.0,326.0,0.7,0.51,0.0,0.0,,,,,,71.4,0.0,,0.0,7.4,,,,25.0,500.0,18.0,0.0,,0.0,4.8999999999999995,0.0,0.0,0.01,,,12.0,,13.6,,4.7,,23.6,4.8,138.0,0.0,352.0,,,0.76,,0.21,,,0.0,0.0,0.0,0.0,0.0,,61.0,0.07,,,,,,0.006,0.56,0.09,0.63,0.15,0.42,0.35,0.09,0.0,0.0,0.83,0.02,0.19,0.92,1.72,1.45,,,,34.0,0.01,,12.0,,,,,,,,,579.0,,0.01,0.0,0.03,0.01,0.05,0.0,0.0,0.0,0.01,0.0,0.17,,0.55,0.11,0.06,0.16,,,,0.68,19.0,,,0.07,0.5,0.56,0.05,0.05,0.0,0.0,0.02,,,,,,12.09,,,,,0.0,,,,,,,,0.0,,,,,,
9803,"Salmon, red (sockeye), filets with skin, smoked (Alaska Native)",salmon red sockeye filets with skin smoked alaska native,0,24,American Indian/Alaska Native Foods,0,"USDA, 2018",0.148,58.0,650.0,960.0,1.14,2.175,0.0,0.0,0.03,0.03,0.0,0.0,0.0,23.93,0.0,0.0,0.0,22.75,0.03,,6.8,58.0,,,0.0,0.0,0.0,,0.0,0.0,,0.0,0.0,31.0,,,0.0,18.1,0.0,60.62,11.43,345.0,0.0,51.0,0.0,0.0,1.2,0.0,0.543,0.0,0.0,,,0.0,0.0,0.004,9.0,155.0,0.185,,,,,,,0.54,0.185,1.52,0.145,0.86,0.905,0.31,0.0,0.0,1.06,0.494,0.816,2.593,4.025,3.469,,,,76.0,0.051,103.0,31.0,223.8,,,,,,,,1445.0,0.0,0.005,0.0,0.0,0.05,0.07,0.0,0.03,0.045,0.03,0.0,0.375,9.0,1.76,0.33,0.13,0.37,,,6.19,2.745,9.0,0.0,0.01,,,,0.035,,,,,,,,,,,,,,,0.005,,,,,,,,,,0.025,0.9,,,
27600,"Salmon, smoked",salmon smoked,0,15,Finfish and Shellfish Products,14,"FCDBE, IEO",0.09,19.0,250.0,420.0,0.4,,0.0,0.0,,,,,,64.9,0.0,,,8.8,,,,32.0,,,0.0,0.0,0.0,,0.0,0.0,,,,13.0,,,,3.0,,25.4,4.5,142.1,0.0,1880.0,,,1.35,,0.17,,,,,,,,,35.0,,,,,,,,,,,,,,,0.0,0.0,0.6,0.16,0.28,0.777,1.8,1.268,,,,24.0,0.02,,13.0,,,,,,,,,594.55,,,,,,,,,,,,,,,,,,,,,0.87,2.0,,,,,,,,,,,,,,,,,,,,,,,,,,,,,,,,,,,
50342,"Salmon, smoked (cold-smoked)",salmon smoked cold smoked,0,15,Finfish and Shellfish Products,23,McCance and Widdowson's,0.02,8.0,266.0,442.0,0.4,1.82,0.0,0.0,,,,,,64.5,0.5,,0.0,8.3,,,,31.0,1480.0,9.0,0.0,0.0,0.0,5.2,0.5,0.0,0.01,,,28.0,,8.9,,3.2,,22.8,10.1,184.0,0.0,1184.0,,,2.03,,0.12,,,0.0,0.0,0.0,0.0,0.01,,45.0,0.56,,,,,,0.0054,0.06,0.19,0.76,0.19,0.56,,0.27,0.0,0.5,0.23,0.43,0.73,2.15,3.11,2.84,,,,19.0,0.01,,28.0,,,,,,,,,769.0,,0.04,0.01,0.03,0.02,0.08,0.01,0.0,0.0,0.04,0.0,0.49,,1.2,0.28,0.18,0.57,,,,1.22,15.0,,,0.56,1.82,0.06,0.06,0.17,0.01,0.02,0.05,,,,,,7.4,,,,,0.01,,,,,,,,0.0,,,,,,
50343,"Salmon, smoked (hot-smoked)",salmon smoked hot smoked,0,15,Finfish and Shellfish Products,23,McCance and Widdowson's,0.05,8.0,293.0,460.0,0.5,1.71,0.8,0.0,,,,,,60.1,1.3,,0.0,9.5,,,,32.0,1200.0,9.0,0.0,0.0,0.0,4.0,0.4,0.0,0.01,,,28.0,,11.0,,4.2,,25.4,8.8,186.0,0.0,848.0,,,2.29,,0.16,,,0.0,0.0,0.0,0.0,0.01,,72.0,0.51,,,,,,0.0065,0.14,0.17,0.73,0.14,0.17,0.79,0.33,0.0,1.3,0.34,0.41,0.51,1.94,2.63,2.92,,,,24.0,0.01,,28.0,,,,,,,,,778.0,,0.05,0.01,0.03,0.02,0.07,0.01,0.0,0.0,0.04,0.0,0.41,,1.1,0.26,0.17,0.54,,,,1.35,14.0,,,0.51,1.71,0.14,0.04,0.16,0.01,0.02,0.06,,,,,,9.75,,,,,0.01,,,,,,,,0.0,,,,,,
22818,"Salmon, steamed",salmon steamed,0,15,Finfish and Shellfish Products,11,"CIQUAL, ANSES",0.026,9.23,270.0,390.0,0.39,1.29,,,,,,,,63.5,0.0,,0.0,7.0,,,,21.4,63.0,17.0,,,,,,0.0,,,,5.0,,8.7,,3.05,,23.0,11.5,195.0,0.0,51.5,0.0,,2.05,,0.11,,,,,,,0.0074,,36.3,0.39,,,,,,,,0.052,1.11,,,0.64,,,0.0,0.4,0.22,0.49,2.39,4.7,3.3,,,,19.0,0.007,,,,,,,,,,,816.0,,,,,,,,,,,,0.32,,0.87,0.3,0.18,,,,1.1,1.09,11.7,,,,,,,,,,,,,,,,,,,,,,,,,,,,0.0,,,,,,,
50346,"Salmon, wild, grilled",salmon wild grilled,0,15,Finfish and Shellfish Products,23,McCance and Widdowson's,0.08,18.0,293.0,448.0,0.6,,0.0,0.0,,,,,,61.9,0.0,,0.0,10.3,,,,34.0,97.0,14.0,0.0,,0.0,2.5,0.0,0.0,0.0,,,32.0,,10.1,,7.6,,25.9,11.8,210.0,0.0,56.0,,,1.3,,0.12,,,,,,,,,59.7,,,,,,,0.0034,,,,,,,,0.0,0.0,0.6,0.2,0.17,2.47,4.75,2.93,,,,32.0,0.0,,32.0,,,,,,,,,877.0,,,,,,,,,,,,,,,,,,,,,1.45,1.0,,,,,,,,,,,,,,,,,,,,,,,,,,,,,,,,,,,
436,Salmão grelhado,salm o grelhado,1,15,Finfish and Shellfish Products,1,"TCA, INSA 2015",,68.0,322.0,408.0,0.9,,,0.0,,,,,,49.4,0.0,,0.0,4.4,,,,40.0,,,,,,,,0.0,0.0,,,70.00000000000001,,9.2,,1.2,10.0,23.8,23.7,308.0,0.0,783.0,0.0,,4.3,,0.12,,,,,,,,,52.0,,,,,,,0.0044,,,,,,,,,0.0,0.4,0.19,0.21,4.5,8.7,7.3,,,,,,,70.0,,,,,,,,,1288.672,,,,,,,,,,,,,,,,,,,,2.9,,,,,0.7,,,,,,,,,,,,,,,,,,,,,,,,,,,,,,,,
208694,Salmão grelhado,salm o grelhado,1,15,Finfish and Shellfish Products,33,"TCA, INSA 2019",,68.0,320.0,410.0,0.9,,,0.0,,,,,,49.4,0.0,,0.0,4.4,,,,40.0,,,,,,,,0.0,0.0,,,,,9.2,,1.2,,23.8,23.7,309.0,0.0,780.0,0.0,,4.3,,0.12,,,,,,,,,52.0,,,,,,,4.4,,,,,,,,,0.0,0.4,0.19,0.21,4.5,8.7,7.3,,,,,,,70.0,,,,,,,,,1280.0,,,,,,,,,,,,,,,,,,,,2.9,,10.0,,,,,,,,,,,,,,,,,,,,,,,,,,,,,,,,,,,
699,Salsa crua,salsa crua,0,11,Vegetables and Vegetable Products,1,"TCA, INSA 2015",,200.0,91.0,746.0,0.9,,,0.0,,,,,,91.7,0.4,,220.0,0.6,,,,34.0,,,,,,,,0.0,0.0,,,558.0000000000001,,0.0,,0.0,167.0,3.1,0.0,13.860434464,2.9,34.0,3350000.0,,1.9,,0.06,,,,,,,,,0.0,,,,,,,0.0005,,,,,,,,,0.4,3.2,0.28,0.09,0.0,0.0,0.0,,,,,,,558.0,,,,,,,,,57.992057797376,,,,,,,,,,,,,,,,,,,,1.7,,,,,0.0,,,,,,,,,,,,,,,,,,,,,,,,,,,,,,,,
274,Salsicha fresca crua,salsicha fresca crua,0,17,"Lamb, Veal, and Game Products",1,"TCA, INSA 2015",,18.0,175.0,148.0,1.1,,,0.0,,,,,,65.7,0.0,,0.0,3.0,,,,10.0,,,,,,,,0.0,0.1,,,0.0,,0.0,,0.9,1.0,15.5,16.4,209.579328016,0.0,702.0,0.0,,0.3,,0.08,,,,,,,,,45.0,,,,,,,0.0024,,,,,,,,,0.0,3.2,0.2,0.06,5.4,5.4,1.1,,,,,,,0.0,,,,,,,,,876.879908418944,,,,,,,,,,,,,,,,,,,,2.4,,,,,0.8,,,,,,,,,,,,,,,,,,,,,,,,,,,,,,,,
1836,"Salt, table",salt table,0,2,Spices and Herbs,0,"USDA, 2018",0.03,24.0,0.0,8.0,0.1,0.0,,,,,,,,0.2,0.0,0.0,0.0,0.0,,2.0,,1.0,,,,,,,,0.0,0.0,0.0,0.0,0.0,0.0,0.0,0.0,0.0,0.0,0.0,0.0,0.0,0.0,38758.0,0.0,0.0,0.0,0.0,0.0,0.0,0.0,0.0,0.0,0.0,0.0,0.0,0.0,0.0,0.0,0.0,0.0,0.0,0.0,0.0,0.0,0.0,0.0,0.0,0.0,0.0,0.0,0.0,,0.0,0.33,0.0,0.0,0.0,0.0,0.0,0.0,0.0,0.0,0.1,0.1,0.0,0.0,0.0,0.0,0.0,0.0,0.0,0.0,0.0,0.0,0.0,,,,,,,,,,,,0.0,0.0,0.0,0.0,0.0,0.0,0.0,0.0,99.8,0.0,0.0,0.0,,,,,,,,,,,,,,,,0.0,,,,,,,,,,,,,,,,,,
82212,"Sandwich made with French bread, tuna, sweet corn and raw vegetables",sandwich made with french bread tuna sweet corn and raw vegetables,0,23,Snacks,11,"CIQUAL, ANSES",,,,,,2.67,,,,,,,,54.6,2.83,,,,,,,,,,,,,,,0.0,,,,,,,,,,8.87,6.03,198.0,3.93,410.0,,,,,,,,0.014,0.011,0.011,0.014,0.014,,,1.14,,,,,,,,,0.03,,,,,,25.0,,,,1.02,3.25,1.57,,,,,,,,,,,,,,,,831.0,,,,,,,,,,,,0.041,,0.44,0.23,0.39,,,,1.61,,,,,,,,,,,,,,,,,,,,,,,,,,,,,,0.0,,,,,,,
22692,"Sandwich made with pita bread, kebab and raw vegetables",sandwich made with pita bread kebab and raw vegetables,0,23,Snacks,11,"CIQUAL, ANSES",0.2,33.6,,316.0,1.8,3.04,,15.9,,,,,,51.8,1.1,,,,,,,21.5,607.0,3.0,,,,,,0.0,,,,,,,,,,15.2,10.9,233.0,2.3,492.0,,,,,,,,0.014,0.0096,0.0096,0.029,0.13,,47.3,0.66,,,,,,,,0.013,,,,,,,17.4,0.95,,,4.29,3.9,0.74,,,,,0.2,,,,,,,,,,,977.0,,,,,,,,,,,,0.34,,2.03,0.81,0.066,,,,2.42,,,,,,,,,,,,,,,,,,,,,,,,,,,,,,0.0,,,,,,,
50358,"Sandwich, white bread, chicken salad",sandwich white bread chicken salad,0,22,"Meals, Entrees, and Side Dishes",23,McCance and Widdowson's,0.1,91.0,105.0,196.0,0.8,,0.0,20.4,,,,,,58.7,2.1,,3.0,3.2,,,,20.0,414.0,4.0,0.4,,0.2,1.3,1.5,,0.03,,,26.0,,0.3,,0.0,,10.7,4.9,172.0,1.4,235.0,,,1.15,,0.08,,,,,,,,,26.0,,,,,,,0.0023,,,,,,,,0.0,22.5,0.99,0.15,0.14,1.16,1.66,1.58,,,,7.0,0.27,,37.0,,,,,,,,,725.0,,,,,,,,,,,,,,,,,,,,,0.61,22.0,,,,,,,,,,,,,,,,,,,,,,,,,,,,,,,,,,,
50359,"Sandwich, white bread, egg mayonnaise",sandwich white bread egg mayonnaise,0,22,"Meals, Entrees, and Side Dishes",23,McCance and Widdowson's,0.11,124.0,115.0,124.0,0.9,,0.1,26.2,,,,,,47.5,2.2,,0.0,1.0,,,,18.0,553.0,17.0,0.1,0.0,0.0,5.0,2.0,0.0,0.02,,,66.0,,1.1,,0.6,,8.8,11.2,243.0,1.5,323.0,,,3.1,,0.18,,,,,,,,,102.6,,,,,,,0.0022,,,,,,,,0.0,28.5,1.54,0.17,0.08,1.89,5.0,3.19,,,,11.0,0.31,,69.0,,,,,,,,,1020.0,,,,,,,,,,,,,,,,,,,,,0.61,24.0,,,,,,,,,,,,,,,,,,,,,,,,,,,,,,,,,,,
50360,"Sandwich, white bread, ham salad",sandwich white bread ham salad,0,22,"Meals, Entrees, and Side Dishes",23,McCance and Widdowson's,0.11,98.0,126.0,190.0,0.8,,0.2,22.5,,,,,,58.5,2.5,,2.0,2.3,,,,19.0,639.0,4.0,0.4,0.0,0.2,1.2,1.7,0.0,0.01,,,25.0,,0.2,,0.2,,8.2,4.1,163.0,1.6,405.0,,,1.21,,0.08,,,,,,,,,12.2,,,,,,,0.0017,,,,,,,,0.0,25.0,1.04,0.31,0.18,0.94,1.2,1.45,,,,6.0,0.29,,36.0,,,,,,,,,690.0,,,,,,,,,,,,,,,,,,,,,0.5,24.0,,,,,,,,,,,,,,,,,,,,,,,,,,,,,,,,,,,
50361,"Sandwich, white bread, tuna mayonnaise",sandwich white bread tuna mayonnaise,0,22,"Meals, Entrees, and Side Dishes",23,McCance and Widdowson's,0.1,100.0,108.0,151.0,0.7,,0.1,23.2,,,,,,48.7,2.1,,0.0,4.2,,,,21.0,617.0,7.0,0.1,0.0,0.0,1.3,1.7,,0.01,,,40.0,,0.6,,1.1,,12.5,10.2,237.0,1.4,350.0,,,3.15,,0.09,,,,,,,,,20.4,,,,,,,0.0031,,,,,,,,0.0,25.3,1.38,0.13,0.15,1.29,4.95,3.19,,,,26.0,0.27,,43.0,,,,,,,,,994.0,,,,,,,,,,,,,,,,,,,,,0.3,15.0,,,,,,,,,,,,,,,,,,,,,,,,,,,,,,,,,,,
132986,Sanitarium Natural Peanut Butter,sanitarium natural peanut butter,0,4,Fats and Oils,5,My foods,,,,,,,,,,,,,,,,,,,,,,,,,,,,,,,,,,,,,,,,30.0,50.0,600.0,,,,,,,,,,,,,,,,,,,,,,,,,,,,,,,,10.0,,,,,,,,,,,,,,,,,,,,,,2510.4,,,,,,,,,,,,,,,,,,,,,,,,,,,,,,,,,,,,,,,,,,,,,,,,,,,,,,,,,
428066,"Santorella - mortadella della Valle d’Itria, cured meat, Italy",santorella mortadella della valle d itria cured meat italy,0,10,Pork Products,5,My foods,,,,,,,,,,,,,,,,,,,,,,,,,,,,,,,,,,,,,,,,14.0,25.0,1301.22,,1.24,,,,,,,,,,,,,,,,,,,,,,,,,,,,,,3.1,,,,11.0,,,,,,,,,,,,,,,,,,5444.304480000001,,,,,,,,,,,,,,,,,,,,,,,,,,,,,,,,,,,,,,,,,,,,,,,,,,,,,,,,,
2834,"Sauce, barbecue",sauce barbecue,0,6,"Soups, Sauces, and Gravies",0,"USDA, 2018",0.072,33.0,20.0,232.0,0.17,0.045,2.68,0.35,0.19,0.02,0.0,0.0,0.0,54.71,33.24,88.0,0.6,0.597,0.03,,0.4,13.0,,,14.17,0.0,16.39,,0.0,0.0,0.0,0.0,0.0,0.0,0.0,0.0,2.0,0.0,0.0,0.82,0.63,172.0,0.9,1027.0,133.0,0.0,0.8,4550.0,0.056,0.0,0.0,0.002,0.0,0.0,0.0,0.0,2.0,0.0,0.08,,,,,,,0.023,0.0,0.0,0.0,0.012,0.0,0.0,0.0,40.77,0.64,0.023,0.075,0.045,0.082,0.101,,,,1.3,0.126,224.0,11.0,7.1,,,,,,,,720.0,,0.002,0.001,0.0,0.001,0.003,0.001,0.001,0.0,0.0,0.0,0.002,2.0,0.025,0.008,0.021,0.0,,,3.07,0.164,2.0,1.8,0.13,0.08,0.045,0.023,0.001,0.021,0.0,0.0,,,,,,,,,0.0,0.0,0.0,0.0,0.0,0.0,0.0,0.0,0.0,0.0,,,,,,,,
2849,"Sauce, oyster, ready-to-serve",sauce oyster ready to serve,0,6,"Soups, Sauces, and Gravies",0,"USDA, 2018",0.147,32.0,22.0,54.0,0.09,0.067,,,,,,,,80.0,0.0,0.0,0.1,1.474,,,,4.0,,,,,,,,0.0,,0.0,0.0,0.0,0.0,0.0,0.0,0.41,0.0,1.35,0.25,51.0,0.3,2733.0,0.0,0.0,0.0,0.0,0.124,0.0,0.0,0.0,0.0,0.0,0.0,0.001,15.0,0.0,0.062,,,,,,,0.0,0.0,0.001,0.0,0.001,0.001,0.0,,10.92,0.18,0.01,0.016,0.043,0.073,0.066,,,,4.4,0.053,0.0,0.0,3.5,,,,,,,,213.384,,,,,,,,,,,,0.001,15.0,0.029,0.01,0.002,0.005,,,7.49,0.016,15.0,0.0,,,,,,,,,,,,,,,,,,,,,,,,,,,,,,,,,,
50381,"Sauce, pasta, carbonara type",sauce pasta carbonara type,0,6,"Soups, Sauces, and Gravies",23,McCance and Widdowson's,0.0,100.0,126.0,80.0,0.6,3.37,0.0,3.0,0.42,0.07,,,,76.3,0.8,,0.0,0.6,0.08,,,7.0,470.0,11.0,0.0,,0.0,1.0,0.0,0.0,0.43,,,87.0,,0.0,,0.0,,4.9,13.0,151.0,1.3,340.0,49.0,0.0,0.55,,0.09,,,0.44,0.25,0.15,0.32,0.37,,30.9,0.55,,,,,,0.0009,,,,,0.05,0.01,,0.8,3.8,0.24,,0.12,7.67,3.75,0.75,,,,3.0,0.03,,95.0,,,,,,,,,625.0,,0.02,0.03,0.1,0.2,0.17,,,0.02,0.01,,1.16,,3.31,1.22,0.18,0.18,,,,0.2,5.0,,,0.42,3.02,,,0.17,,0.01,,,,,,,,,,,,,,,,,,,,0.02,,,,,,
50384,"Sauce, pasta, tomato based, napoletana",sauce pasta tomato based napoletana,0,6,"Soups, Sauces, and Gravies",23,McCance and Widdowson's,0.12,33.0,32.0,356.0,0.2,1.77,0.7,0.2,0.43,0.25,,,,85.9,6.3,246.0,0.0,1.0,0.27,,,18.0,500.0,0.0,2.7,,2.9,3.0,0.0,,0.01,,,0.0,,0.0,,0.0,,1.5,3.8,65.0,2.3,290.0,592.0,0.0,3.6,10687.0,0.02,,,,,,0.0,0.0,,0.0,1.26,,,,,,0.0002,,0.01,,,0.01,,,0.0,6.5,0.62,0.06,0.23,0.54,1.81,1.3,,,,1.0,0.15,,99.0,,,,,,,,,270.0,,0.01,0.02,0.0,,0.01,,,0.0,,,0.01,,0.34,0.14,0.03,0.02,,,,0.3,8.0,,,,1.77,,0.01,0.03,,,0.01,,,,,,,,,,,,,,,,,,,,,,,,,
50385,"Sauce, pasta, tomato based, reduced fat",sauce pasta tomato based reduced fat,0,6,"Soups, Sauces, and Gravies",23,McCance and Widdowson's,0.12,31.0,33.0,387.0,0.2,0.03,1.1,1.1,,,,,,86.5,5.6,326.0,0.0,1.0,,,,19.0,400.0,0.0,2.4,,2.1,3.0,0.0,,0.0,,,0.0,,0.0,,0.0,,1.4,0.3,33.0,2.0,230.0,577.0,0.0,,12740.0,0.02,,,,,,0.0,0.0,,0.0,0.1,,,,,,0.0002,,0.0,,,0.0,,,0.0,6.7,0.65,0.06,0.27,0.06,0.03,0.11,,,,1.0,0.15,,96.0,,,,,,,,,142.0,,0.0,0.0,,0.0,0.0,0.0,0.0,0.0,,,0.0,,,0.01,0.02,0.0,,,,0.4,2.0,,,0.1,0.03,,0.0,0.02,,,0.0,,,,,,,,,,,,,,,,,,,0.0,,,,,,
50388,"Sauce, sweet and sour, take-away",sauce sweet and sour take away,0,6,"Soups, Sauces, and Gravies",23,McCance and Widdowson's,0.0,6.0,4.0,16.0,0.0,,8.3,5.3,,,,,,65.3,27.5,,,0.0,,,,2.0,240.0,,9.7,0.0,9.5,,0.0,0.0,,,,0.0,,0.0,,0.0,,0.2,3.4,157.0,,150.0,,,,,0.0,,,,,,,,,0.0,,,,,,,0.0,,,,,,,,0.0,32.8,6.0,0.11,,,,,,,,,0.04,,,,,,,,,,,666.0,,,,,,,,,,,,,,,,,,,,,,,,,,,,,,,,,,,,,,,,,,,,,,,,,,,,,,,,,
2812,"Sauce, teriyaki, ready-to-serve",sauce teriyaki ready to serve,0,6,"Soups, Sauces, and Gravies",0,"USDA, 2018",0.1,25.0,154.0,225.0,0.1,0.0,,,,,,,,67.69,14.1,0.0,0.0,1.27,0.0,,,61.0,,,,,,,,0.0,0.0,0.0,0.0,0.0,0.0,0.0,0.0,0.0,0.0,5.93,0.02,89.0,0.1,3833.0,0.0,0.0,0.0,0.0,0.07,0.0,0.0,0.0,0.0,0.0,0.0,0.0,8.0,0.0,0.0,,,,,,,0.0,0.0,0.0,0.0,0.0,0.0,0.0,,15.56,1.7,0.03,0.1,0.0,0.0,0.0,,,,1.1,0.0,0.0,0.0,19.5,,,,,,,,371.0,,,,,,,,,,,,0.0,8.0,0.0,0.0,0.0,0.0,,,10.43,0.2,8.0,0.0,,,,,,,,,,,,,,,,,,,,,,,,,,,,,,,,,,
50390,"Sauce, tomato based, homemade",sauce tomato based homemade,0,6,"Soups, Sauces, and Gravies",23,McCance and Widdowson's,0.1,20.0,26.0,286.0,0.2,,1.2,0.1,,,,,,84.8,5.1,,7.0,0.9,,,,14.0,92.0,3.0,1.9,,1.9,1.5,0.0,,0.0,,,0.0,,0.0,,0.0,,1.5,4.5,70.0,1.3,8.0,,,1.79,,0.04,,,,,,,,,0.0,,,,,,,0.0002,,,,,,,,0.0,6.5,0.75,0.15,0.12,0.63,3.17,0.41,,,,0.0,0.13,,72.0,,,,,,,,,291.0,,,,,,,,,,,,,,,,,,,,,0.21,11.0,,,,,,,,,,,,,,,,,,,,,,,,,,,,,,,,,,,
28534,"Sauce, tomato sauce with cream, homemade",sauce tomato sauce with cream homemade,0,6,"Soups, Sauces, and Gravies",15,"IFCD, UCC",0.07,43.0,51.0,263.0,0.3,,,2.4,,,,,,55.3,7.7,,0.8,0.62,,,,12.0,,,,,,,,,,,,365.9,,0.14,,0.28,,2.0,30.4,319.0,,517.0,,,1.28,,0.12,,,,,,,,,64.0,,,,,,,,,,,,,,,,10.0,0.5,0.05,0.01,15.8,6.7,1.6,,,,1.5,0.07,,,,,,,,,,,1334.7,,,,,,,,,,,,,,,,,,,,,0.11,3.0,,,,,,,,,,,,,,,,,,,,,,,,,,,,,,,,,,,
50394,Sauerkraut,sauerkraut,0,22,"Meals, Entrees, and Side Dishes",23,McCance and Widdowson's,0.05,50.0,23.0,180.0,0.3,,0.1,0.0,,,,,,91.0,1.1,,10.0,0.2,,,,10.0,860.0,1.0,0.3,0.0,0.7,,0.0,0.0,0.0,,,0.0,,0.0,,0.0,,1.1,0.0,9.0,,590.0,18.0,0.0,,,0.01,,,,,,,,,0.0,,,,,,,0.0002,,,,,,,,0.0,1.1,1.2,0.04,0.15,0.0,0.0,0.0,,,,0.0,0.2,,3.0,,,,,,,,,36.0,,,,,,,,,,,,,,,,,,,,,0.23,16.0,,,,,,,,,,,,,,,,,,,,,,,,,,,,,,,,,,,
50395,"Sausage roll, flaky pastry, ready-to-eat, retail",sausage roll flaky pastry ready to eat retail,0,7,Sausages and Luncheon Meats,23,McCance and Widdowson's,0.0,61.0,89.0,129.0,0.7,9.02,0.2,25.6,,,,,,36.5,1.3,,2.0,1.7,,,,14.0,880.0,2.0,0.0,0.0,0.2,0.7,1.0,,0.03,,,0.0,,0.0,,0.2,,8.4,24.1,352.0,3.4,577.0,,,2.11,,0.11,,,0.0,0.0,0.01,0.01,0.05,,,2.65,,,,,,0.0017,0.01,0.03,0.0,0.0,0.13,0.0,0.01,0.0,27.0,1.16,0.08,0.18,10.36,9.42,3.07,,,,5.0,0.31,,0.0,,,,,,,,,1467.0,,0.07,0.02,0.0,0.01,0.05,0.01,0.05,0.0,0.02,0.0,0.28,,8.07,1.75,0.3,0.25,,,,0.24,2.0,,,2.64,8.98,0.01,0.0,0.3,0.0,0.01,0.03,,,,,,,,,,,0.0,,,,,,,,0.0,,,,,,
3183,"Sausage, Italian, pork, mild, raw",sausage italian pork mild raw,0,,,0,"USDA, 2018",0.064,12.0,126.0,211.0,1.91,10.132,,,,,,,,56.44,1.19,0.0,0.0,5.8,,,,16.0,,,,,1.19,,,0.0,0.115,0.0,0.0,0.0,,,0.0,1.0,0.0,13.9,24.26,290.0,0.0,563.0,0.0,0.0,,0.0,0.23,,,0.006,0.0,0.002,0.014,0.016,8.0,69.0,3.82,0.865,1.97,1.186,0.798,0.411,0.114,0.01,0.093,0.003,0.0,0.282,0.002,0.021,,2.97,1.77,0.568,0.3,8.615,11.024,4.386,0.563,0.52,0.956,11.3,0.032,0.0,0.0,,0.552,0.663,0.842,0.572,0.411,0.477,0.144,1212.0,,0.061,0.011,0.006,0.012,0.068,0.004,0.192,0.051,0.057,0.0,0.31,8.0,5.373,2.738,0.158,0.541,0.346,1.083,2.42,0.51,8.0,,,3.769,10.047,0.01,0.003,0.152,0.005,0.031,,,,,,,,0.0,0.0,0.085,0.007,0.038,0.027,0.024,0.091,0.534,0.028,0.023,,,0.007,,,0.001,,
67446,"Sausage, chicken or turkey, Italian style, lower sodium",sausage chicken or turkey italian style lower sodium,0,,,0,"USDA, 2018",0.449,0.0,286.0,1062.0,2.41,1.51,0.81,,0.06,0.0,0.0,0.02,0.0,56.01,0.81,0.0,0.0,12.857,0.0,22.4,5.9,43.0,,,0.0,0.0,0.0,,0.0,0.0,0.018,0.0,0.0,0.0,5.0,0.1,0.0,0.15,0.0,21.43,4.46,183.0,0.0,446.0,0.0,0.0,1.35,0.0,0.469,0.0,0.0,0.0,0.0,0.0,0.001,0.002,71.0,36.0,1.339,0.635,2.268,1.703,0.79,0.393,0.176,0.001,0.05,0.003,0.001,0.022,0.002,0.005,0.0,14.25,1.29,0.396,0.536,0.893,1.797,1.526,0.648,0.628,1.092,31.3,0.576,0.0,0.0,39.8,0.614,0.618,0.922,0.689,0.469,0.546,0.214,765.0,0.0,0.002,0.002,0.008,0.002,0.003,0.001,0.007,0.003,0.014,0.0,0.017,71.0,0.672,0.188,0.092,0.251,0.337,1.136,3.85,0.708,71.0,34.8,0.0,,,,0.001,,,,,,,,,,0.1,0.0,,,,0.013,,,,,,,,,,,4.6,,,
50401,"Sausages, pork, chilled, grilled",sausages pork chilled grilled,0,7,Sausages and Luncheon Meats,23,McCance and Widdowson's,0.11,110.0,220.0,190.0,1.4,,0.2,8.3,,,,,,45.9,1.5,,5.0,3.1,,,,15.0,980.0,8.0,0.0,0.0,0.4,5.0,0.8,0.0,0.1,,,0.0,,1.1,,1.0,,14.5,22.1,294.0,2.3,640.0,,,0.92,,0.13,,,,,,,,,53.0,,,,,,,0.002,,,,,,,,0.1,9.8,1.1,0.0,0.12,8.0,9.6,3.0,,,,6.0,0.2,,0.0,,,,,,,,,1221.0,,,,,,,,,,,,,,,,,,,,,0.93,4.0,,,,,,,,,,,,,,,,,,,,,,,,,,,,,,,,,,,
50405,"Sausages, pork, reduced fat, fried in vegetable oil",sausages pork reduced fat fried in vegetable oil,0,7,Sausages and Luncheon Meats,23,McCance and Widdowson's,0.08,110.0,200.0,210.0,1.4,,0.1,6.2,,,,,,68.0,2.6,,,2.2,,,,16.0,800.0,8.0,0.0,0.0,0.9,3.0,0.5,0.0,0.05,,,0.0,,,,1.0,,14.9,5.7,144.0,2.3,560.0,,,0.12,,0.12,,,,,,,,,21.0,,,,,,,0.0018,,,,,,,,0.1,8.8,1.2,0.0,0.12,1.92,2.27,1.26,,,,6.0,0.21,,0.0,,,,,,,,,607.0,,,,,,,,,,,,,,,,,,,,,0.96,5.0,,,,,,,,,,,,,,,,,,,,,,,,,,,,,,,,,,,
50406,"Sausages, pork, reduced fat, grilled",sausages pork reduced fat grilled,0,7,Sausages and Luncheon Meats,23,McCance and Widdowson's,0.08,130.0,230.0,260.0,1.7,,0.1,7.3,,,,,,63.2,3.4,,,2.8,,,,19.0,911.0,9.0,0.0,0.0,1.2,3.0,2.0,0.0,0.05,,,0.0,,,,1.0,,16.2,6.1,160.0,2.5,680.0,,,0.13,,0.13,,,,,,,,,24.0,,,,,,,0.002,,,,,,,,0.1,10.7,1.3,0.0,0.11,2.24,2.39,1.15,,,,7.0,0.24,,0.0,,,,,,,,,672.0,,,,,,,,,,,,,,,,,,,,,1.04,32.0,,,,,,,,,,,,,,,,,,,,,,,,,,,,,,,,,,,
50407,"Sausages, pork, reduced fat, raw",sausages pork reduced fat raw,0,7,Sausages and Luncheon Meats,23,McCance and Widdowson's,0.12,101.0,188.0,188.0,1.3,,0.1,5.2,,,,,,68.6,3.5,,,2.3,,,,16.0,670.0,7.0,0.0,0.0,1.2,3.3,2.0,0.0,0.05,,,0.0,,,,0.0,,14.4,5.6,141.0,2.3,500.0,,,0.13,,0.12,,,,,,,,,23.2,,,,,,,0.0017,,,,,,,,0.2,8.7,1.0,0.03,0.23,2.09,2.26,1.02,,,,6.0,0.21,,0.0,,,,,,,,,591.0,,,,,,,,,,,,,,,,,,,,,0.82,6.0,,,,,,,,,,,,,,,,,,,,,,,,,,,,,,,,,,,
50409,"Sausages, premium, grilled",sausages premium grilled,0,7,Sausages and Luncheon Meats,23,McCance and Widdowson's,0.07,180.0,180.0,220.0,1.4,,0.1,1.4,,,,,,54.8,0.9,,8.0,2.7,,,,16.0,660.0,,0.0,0.0,0.7,3.0,0.0,0.0,0.16,,,0.0,,,,1.0,,19.0,21.1,275.0,0.6,570.0,,,0.8,,0.1,,,,,,,,,72.0,,,,,,,0.0015,,,,,,,,0.1,2.3,1.2,0.05,0.14,8.03,8.36,3.62,,,,,0.16,,0.0,,,,,,,,,1141.0,,,,,,,,,,,,,,,,,,,,,0.76,8.0,,,,,,,,,,,,,,,,,,,,,,,,,,,,,,,,,,,
428378,"Seasoned Pecorino ""Del Fiorini"", Cheese, Italy",seasoned pecorino del fiorini cheese italy,0,4,Fats and Oils,5,My foods,,840.0,,,,,,,,,,,,,1.5,,,,,,,,,,,,,,,,,,,,,,,,,28.0,33.0,411.0,,,,,,,,,,,,,,,,,,,,,,,,,,,,,,,,0.5,,,,22.0,,,,,,,,,,,,,,,,,,1719.624,,,,,,,,,,,,,,,,,,,,,,,,,,,,,,,,,,,,,,,,,,,,,,,,,,,,,,,,,
50433,"Seaweed, nori, dried, raw",seaweed nori dried raw,0,11,Vegetables and Vegetable Products,23,McCance and Widdowson's,1.6,430.0,350.0,2840.0,6.4,,0.0,0.0,,,,,,8.7,0.0,,14.0,5.5,,,,12.0,,1470.0,0.0,0.0,0.0,,0.0,,,,,0.0,,0.0,,27.5,,30.7,1.5,136.0,,790.0,0.0,0.0,,,1.34,,,,,,,,,0.0,,,,,,,,,,,,,,,0.0,0.0,19.6,0.24,0.07,0.4,0.1,0.7,,,,,6.0,,2480.0,,,,,,,,,577.0,,,,,,,,,,,,,,,,,,,,,,,,,,,,,,,,,,,,,,,,,,,,,,,,,,,,,,,,,
5202,"Seeds, chia seeds, dried",seeds chia seeds dried,0,12,Nut and Seed Products,0,"USDA, 2018",0.924,631.0,860.0,407.0,4.58,2.203,,,,,,,,5.8,,,1.6,8.83,,,,335.0,,,,,,,,,0.14,,,,,,,0.0,,16.54,30.74,486.0,34.4,16.0,,,0.5,,0.17,,,,,,,,,0.0,5.835,0.943,3.5,1.689,1.044,0.531,0.436,,,,,0.046,,,,42.12,7.72,0.62,,3.33,2.309,23.665,0.709,0.801,1.371,55.2,2.723,54.0,,,1.049,0.776,2.143,0.95,0.563,1.016,0.407,2034.0,,0.093,0.032,0.03,0.03,0.063,,,0.0,,,0.03,49.0,2.17,0.912,17.83,0.029,0.588,0.97,4.8,,49.0,,,5.835,,,,17.83,,,,,,,,,,,,,,,,,,,,,,,,,,,,
5304,"Seeds, flaxseed",seeds flaxseed,0,12,Nut and Seed Products,0,"USDA, 2018",1.22,255.0,642.0,813.0,4.34,7.359,1.15,,19.95,0.35,0.0,0.0,0.0,6.96,1.55,651.0,0.6,3.08,0.0,,3.1,392.0,,,0.0,0.0,0.4,,0.0,0.0,,0.0,0.0,0.0,0.0,0.0,0.0,0.0,0.0,18.29,42.16,534.0,27.3,30.0,0.0,0.0,0.31,0.0,0.161,0.0,0.0,0.0,0.0,0.0,0.0,0.0,87.0,0.0,5.903,1.248,4.039,2.046,0.925,0.472,0.297,0.013,0.0,0.0,0.0,0.067,0.0,0.0,0.0,28.88,5.73,1.644,0.473,3.663,7.527,28.73,0.766,0.896,1.235,25.4,2.482,0.0,0.0,78.7,0.97,0.806,1.925,1.072,0.493,0.957,0.34,2234.256,0.0,0.052,0.052,,0.005,0.018,0.031,0.007,,,,0.008,87.0,2.165,1.33,22.813,0.024,0.37,0.862,3.72,0.985,87.0,4.3,0.0,,,,0.064,,,,,,,90.0,45.0,11.0,,,,,,,,,,,,,,,0.175,,,,,
67479,"Seeds, hemp seed, hulled",seeds hemp seed hulled,0,,,0,"USDA, 2018",1.6,70.0,1650.0,1200.0,9.9,5.276,0.85,,,,,,,4.96,1.5,,0.5,9.2,,,,700.0,,,0.31,,0.2,,0.07,,0.0,,,,,,,,0.0,31.56,48.75,553.0,4.0,5.0,7.0,,0.8,,0.285,,,,,,,,110.0,0.0,27.459,1.611,6.269,3.662,1.528,0.969,0.369,,,,0.617,0.124,,,0.07,8.67,7.95,1.275,0.6,4.6,5.4,38.1,1.269,1.286,2.163,,7.6,11.0,1.0,,1.713,1.597,4.55,1.777,1.263,1.447,0.672,2313.0,,0.312,0.121,,,,0.056,,,,,,110.0,2.866,1.244,10.024,,0.933,1.276,6.06,,110.0,,,27.358,5.023,,,8.684,1.34,,,,,,,,,,,,,,,,,,0.202,,,,,,,,,
5286,"Seeds, sesame butter, paste",seeds sesame butter paste,0,12,Nut and Seed Products,0,"USDA, 2018",4.214,960.0,659.0,582.0,7.29,18.966,,,,,,,,1.6,,,0.0,6.7,,,,362.0,,,,,,,,0.0,,,,0.0,0.0,0.0,,0.0,0.0,18.08,50.87,586.0,5.5,12.0,,,,,0.2,,,0.0,0.0,0.0,0.0,0.0,100.0,0.0,21.888,1.239,4.033,1.679,0.945,0.532,0.396,0.0,0.0,0.0,0.0,0.071,0.0,0.0,,24.05,19.2,0.24,0.816,7.124,19.209,22.296,0.751,0.778,1.385,35.5,2.54,50.0,3.0,,0.986,0.826,2.682,1.01,0.757,0.959,0.365,2454.0,,,,,,,,,,,,0.127,100.0,4.548,2.14,0.385,0.153,0.597,0.58,5.4,0.052,100.0,,,,,,,,,,,,,,,,,,,,,,,,,,,,,,,,,,,
5284,"Seeds, sesame butter, tahini, from roasted and toasted kernels (most common type)",seeds sesame butter tahini from roasted and toasted kernels most common type,0,12,Nut and Seed Products,0,"USDA, 2018",1.61,426.0,732.0,414.0,4.62,20.045,,,,,,,,3.05,0.49,0.0,0.0,5.45,,,,95.0,,,,,,,,0.0,,0.0,0.0,0.0,0.0,0.0,0.0,0.0,0.0,17.0,53.76,595.0,9.3,115.0,40.0,0.0,0.25,0.0,0.473,0.0,0.0,0.0,0.0,0.0,0.0,0.0,98.0,0.0,23.133,1.165,3.792,1.578,0.889,0.5,0.372,0.0,0.0,0.0,0.0,0.075,0.0,0.0,,21.19,8.95,1.22,0.149,7.529,20.302,23.564,0.706,0.731,1.302,34.4,1.456,67.0,3.0,25.8,0.927,0.776,2.521,0.95,0.712,0.901,0.343,2489.48,,,,,,,,,,,,0.134,98.0,4.807,2.262,0.407,0.161,0.561,0.545,5.0,0.693,98.0,0.0,,,,,,,,,,,,,,,,,,,,,,,,,,,,,,,,,,
5212,"Seeds, sesame seeds, whole, roasted and toasted",seeds sesame seeds whole roasted and toasted,0,12,Nut and Seed Products,0,"USDA, 2018",2.47,989.0,638.0,475.0,7.16,17.897,,,,,,,,3.3,,,0.0,4.581,,,,356.0,,,,,,,,,,,,0.0,0.0,0.0,,0.0,0.0,16.96,48.0,565.0,14.0,11.0,,,,,0.251,,,,,,,,98.0,0.0,20.654,1.162,3.782,1.574,0.886,0.499,0.371,,,,,0.067,,,,25.74,14.76,0.803,0.802,6.722,18.127,21.039,0.704,0.73,1.299,34.4,2.496,9.0,0.0,,0.925,0.774,2.515,0.947,0.71,0.899,0.342,2364.0,,,,,,,,,,,,0.12,98.0,4.292,2.019,0.363,0.144,0.56,0.544,6.0,0.051,98.0,,,,,,,,,,,,,,,,,,,,,,,,,,,,,,,,,,,
36860,Semente de linhaça,semente de linha a,0,20,Cereal Grains and Pasta,20,"TCNA, IBGE",1.22,255.0,642.0,813.0,4.34,,,,,,,,,,1.55,,0.6,3.08,,,,392.0,,,,,,,,,,,,,,,,,,18.29,42.16,534.0,27.3,30.0,,,0.31,,0.16,,,,,,,,,,5.9,,,,,,,,,,,,,,,28.88,5.73,1.64,0.47,3.66,7.53,28.73,,,,25.4,2.48,,,,,,,,,,,2234.256,,,,,,,,,,,,,,,,22.81,,,,,,87.0,,,,,,,,,,,,,,,,,,,,,,,,,,,,,,,,,,,
208416,Sementes de chia,sementes de chia,0,16,Legumes and Legume Products,33,"TCA, INSA 2019",,630.0,860.0,410.0,4.6,,,6.0,,,,,,5.8,0.4,,1.6,8.83,,,,340.0,,,,,,,,0.0,0.1,,,,,0.0,,0.0,,16.5,30.7,443.0,34.4,16.0,0.0,,0.5,,0.17,,,,,,,,,0.0,,,,,,,7.27,,,,,,,,,7.7,7.7,0.62,0.45,3.3,2.3,23.7,,,,,,,0.0,,,,,,,,,1830.0,,,,,,,,,,,,,,,,,,,,4.8,,49.0,,,,,,,,,,,,,,,,,,,,,,,,,,,,,,,,,,,
60074,Semillas lino,semillas lino,0,12,Nut and Seed Products,5,My foods,,255.0,642.0,813.0,4.34,,,,,,,,,,,,0.6,,,,,392.0,,,,,,,,,,,,,,,,,,18.0,42.0,514.0,27.0,30.0,,,0.31,,0.16,,,,,,,,,,,,,,,,,,,,,,,,,1.6,5.73,1.64,0.473,3.7,7.5,29.0,,,,25.4,,,,,,,,,,,,2150.576,,,,,,,,,,,,,,,,,,,,,,87.0,,,,,,,,,,,,,,,,,,,,,,,,,,,,,,,,,,,
50437,Sesame seeds,sesame seeds,0,12,Nut and Seed Products,23,McCance and Widdowson's,1.46,670.0,720.0,570.0,5.3,,0.2,0.5,22.81,0.29,,,,4.6,0.4,,0.0,5.0,0.0,,,370.0,10.0,,0.1,,0.1,11.0,0.0,0.0,0.0,,,0.0,,0.0,,0.0,,18.2,58.0,598.0,,20.0,6.0,0.0,2.53,,0.17,,,0.0,0.0,0.0,0.0,,,0.0,,,,,,,0.0054,,0.0,0.0,0.0,,,0.0,0.0,0.9,10.4,0.93,0.75,10.48,22.07,25.5,,,,,1.5,,1.0,,,,,,,,,2470.0,,,,,,,,,,,,,,,,25.35,,,,,2.14,97.0,,,,21.61,0.0,0.0,,0.15,,,,,,,,,,,,,,,,,,,,,,,,,,,
4908,"Shallots, raw",shallots raw,1,11,Vegetables and Vegetable Products,0,"USDA, 2018",0.088,37.0,60.0,334.0,0.4,0.014,,,,,,,,79.8,7.87,8.0,8.0,0.2,,,,21.0,,,,,,,,0.0,0.0,0.0,0.0,0.0,0.0,0.0,0.0,0.0,0.0,2.5,0.1,72.0,3.2,12.0,3.0,0.0,0.04,0.0,0.02,,,0.0,0.0,0.0,0.0,0.0,34.0,0.0,0.037,0.124,0.517,0.231,0.113,0.043,0.028,0.0,0.0,0.0,0.0,0.0,0.0,0.0,,16.8,1.2,0.06,0.345,0.017,0.014,0.039,0.098,0.106,0.149,1.2,0.292,4.0,0.0,11.3,0.113,0.165,0.181,0.11,0.072,0.081,,301.248,,,,,,,,,,,,0.0,34.0,0.015,0.001,0.002,0.0,0.027,0.125,0.8,0.29,34.0,0.8,,,,,,,,,,,,,,,,5.0,,,,,,,,,,,,,,,,,,
50440,"Shallots, raw",shallots raw,1,11,Vegetables and Vegetable Products,23,McCance and Widdowson's,0.05,24.0,50.0,180.0,0.4,,1.1,0.0,,,,,,92.8,3.3,,13.0,0.6,,,,4.0,25.0,3.0,1.0,0.0,1.2,0.9,0.0,0.0,,,,0.0,,0.0,,0.0,,1.5,0.2,20.0,,10.0,0.0,0.0,0.31,,0.06,,,,,,,,,0.0,,,,,,,0.0004,,,,,,,,0.0,3.3,0.8,0.04,0.2,0.0,0.0,0.1,,,,1.0,0.1,,,,,,,,,,,86.0,,,,,,,,,,,,,,,,,,,,,0.11,17.0,,,,,,,,,,,,,,,,,,,,,,,,,,,,,,,,,,,
50445,"Shepherd's pie, homemade",shepherd s pie homemade,0,22,"Meals, Entrees, and Side Dishes",23,McCance and Widdowson's,0.05,16.0,69.0,263.0,1.0,,0.2,8.5,,,,,,77.5,0.9,,4.0,1.2,,,,15.0,78.0,4.0,0.2,,0.2,0.7,0.0,,0.27,,,2.0,,0.2,,0.4,,5.9,5.4,107.0,0.9,233.0,,,0.19,,0.05,,,,,,,,,19.0,,,,,,,0.0011,,,,,,,,0.2,9.5,0.61,0.13,0.08,2.04,2.23,0.53,,,,1.0,0.08,,4.0,,,,,,,,,450.0,,,,,,,,,,,,,,,,,,,,,0.4,9.0,,,,,,,,,,,,,,,,,,,,,,,,,,,,,,,,,,,
50446,"Shepherd's pie, vegetable",shepherd s pie vegetable,0,22,"Meals, Entrees, and Side Dishes",23,McCance and Widdowson's,0.19,17.0,76.0,375.0,0.7,,0.6,14.0,,,,,,71.1,1.5,,6.0,0.7,,,,25.0,73.0,,0.4,,0.5,,0.0,,0.0,,,0.0,,0.0,,0.0,,4.5,3.9,114.0,,5.0,,,,,0.05,,,,,,,,,0.0,,,,,,,0.0007,,,,,,,,0.0,16.1,1.63,0.17,0.29,0.3,2.17,1.19,,,,17.0,0.28,,,,,,,,,,,479.0,,,,,,,,,,,,,,,,,,,,,,24.0,,,,,,,,,,,,,,,,,,,,,,,,,,,,,,,,,,,
50454,"Shrimps, boiled",shrimps boiled,0,15,Finfish and Shellfish Products,23,McCance and Widdowson's,1.92,320.0,270.0,400.0,2.3,0.3,0.0,0.0,,,,,,62.5,0.0,,0.0,1.0,,,,110.0,5850.0,100.0,0.0,,0.0,1.0,0.0,,,,,,,0.0,,3.0,,23.8,2.4,117.0,,3840.0,,,,,0.01,,,,,,,0.0,,130.0,0.0,,,,,,0.0044,0.0,0.0,,0.0,0.0,,,0.0,0.0,1.8,0.01,0.08,0.4,0.5,0.8,,,,46.0,0.03,,,,,,,,,,,493.0,,,,0.0,0.0,0.0,,,0.0,0.0,,0.0,,0.3,0.0,0.0,0.1,,,,0.24,9.0,,,,,,,,,,,,,,,,,,,,,0.0,,,,,,,,,,0.0,,,,
50458,"Shrimps, frozen",shrimps frozen,0,15,Finfish and Shellfish Products,23,McCance and Widdowson's,0.15,130.0,150.0,75.0,1.1,,0.0,0.0,,,,,,81.2,0.0,,0.0,0.5,,,,47.0,520.0,100.0,0.0,,0.0,1.0,0.0,0.0,0.0,,,2.0,,0.0,,3.0,,16.5,0.8,73.0,,380.0,,,,,0.02,,,,,,,,,130.0,,,,,,,0.0031,,,,,,,,0.0,0.0,2.6,0.0,0.08,0.1,0.2,0.3,,,,43.0,0.15,,2.0,,,,,,,,,310.0,,,,,,,,,,,,,,,,,,,,,0.24,14.0,,,,,,,,,,,,,,,,,,,,,,,,,,,,,,,,,,,
28224,"Smoothie, raspberry and banana (low-fat yoghurt and orange juice)",smoothie raspberry and banana low fat yoghurt and orange juice,0,14,Beverages,15,"IFCD, UCC",0.18,60.0,59.0,208.0,0.32,,,0.3,,,,,,75.8,10.6,,19.5,0.36,,,,18.0,,,,,,,,,,,,2.0,,0.0,,0.05,,2.1,0.4,52.0,,23.0,,,0.24,,0.09,,,,,,,,,1.0,,,,,,,,,,,,,,,,10.9,0.38,0.04,0.09,0.2,0.1,0.1,,,,0.6,0.23,,,,,,,,,,,217.57,,,,,,,,,,,,,,,,,,,,,0.27,22.0,,,,,,,,,,,,,,,,,,,,,,,,,,,,,,,,,,,
50463,Smoothies,smoothies,0,14,Beverages,23,McCance and Widdowson's,,,,,,,,0.6,,,,,,86.2,11.6,,,,,,,,,0.0,,0.0,,,0.0,0.0,0.0,,,0.0,,0.0,,0.0,,0.5,0.1,49.0,1.0,0.0,,,,,,,,,,,,,,0.0,,,,,,,,,,,,,,,0.0,12.2,,,,0.0,0.0,0.0,,,,,,,,,,,,,,,,207.0,,,,,,,,,,,,,,,,,,,,,,,,,,,,,,,,,,,,,,,,,,,,,,,,,,,,,,,,,
7565,"Snacks, beef jerky, chopped and formed",snacks beef jerky chopped and formed,0,23,Snacks,0,"USDA, 2018",0.227,20.0,407.0,597.0,8.11,10.099,,,,,,,,23.36,9.0,0.0,0.0,1.732,,,,51.0,,,,,,,,0.0,,0.0,0.0,0.0,11.0,0.3,0.0,0.99,0.0,33.2,25.6,410.0,1.8,1785.0,0.0,0.0,0.49,0.0,0.142,0.0,0.0,0.0,0.0,0.0,0.015,0.162,134.0,48.0,0.81,,,,,,,0.0,0.016,0.0,0.0,0.071,0.0,0.0,,11.0,5.42,0.154,0.179,10.85,11.305,1.011,,,,10.7,0.111,0.0,0.0,109.1,,,,,,,,1715.44,,,,,,,,,,,,0.819,134.0,5.72,3.897,0.185,1.135,,,6.8,0.163,134.0,2.3,,,,,,,,,,,,,,,0.3,,,,,,,,,,,,,,,,,,,
9202,"Snacks, popcorn, microwave, low fat",snacks popcorn microwave low fat,0,23,Snacks,0,"USDA, 2018",0.545,11.0,264.0,241.0,3.83,4.037,,,,,,,,2.8,0.92,1762.0,0.0,2.07,,,,151.0,,,,,,,,0.0,,0.0,0.0,0.0,0.0,0.0,0.0,0.0,0.0,12.6,9.5,424.0,14.2,629.0,108.0,70.0,0.5,0.0,0.11,0.0,0.0,0.0,0.0,0.0,0.0,0.0,17.0,0.0,3.315,,,,,,,0.0,0.0,0.0,0.0,0.0,0.0,0.0,,72.0,2.28,0.35,0.17,1.415,4.085,3.572,,,,8.6,,238.0,12.0,16.5,,,,,,,,1774.016,,,,,,,,,,,,0.01,17.0,0.931,0.475,0.247,0.038,,,3.1,,17.0,1.5,,,,,,,,,,,,,,,,,,,,,,,,,,,,,,,,,,
7912,"Snacks, popcorn, oil-popped, white popcorn, salt added",snacks popcorn oil popped white popcorn salt added,0,23,Snacks,0,"USDA, 2018",0.221,10.0,250.0,225.0,2.64,8.12,,,,,,,,2.8,,,0.3,1.55,,,,108.0,,,,,,,,,,,,0.0,,,,0.0,0.0,9.0,28.1,500.0,10.0,884.0,,,,,0.136,,,,,,,,17.0,0.0,12.68,0.369,1.689,0.626,0.674,0.275,0.063,,,,,,,,,57.2,2.78,0.134,0.209,4.89,8.17,13.42,0.338,0.323,1.103,7.3,0.879,11.0,1.0,,0.428,0.785,0.448,0.455,0.366,0.442,0.163,2092.0,,,,,,,,,,,,0.07,17.0,3.86,0.96,0.73,0.05,0.189,0.253,2.9,0.305,17.0,,,,,,,,,,,,,,,,,,,,,,,,,,,,,,,,,,,
7597,"Snacks, pretzels, hard, plain, salted",snacks pretzels hard plain salted,0,23,Snacks,0,"USDA, 2018",0.156,27.0,128.0,223.0,1.04,0.706,0.1,72.58,0.62,0.02,1.1,0.0,0.32,3.13,2.21,9.0,2.1,5.27,0.26,,50.0,29.0,,,0.31,0.0,0.69,,1.11,0.0,0.004,0.0,0.0,0.0,0.0,0.0,0.0,0.0,0.0,10.04,2.93,384.0,3.4,1240.0,0.0,0.0,0.47,0.0,0.332,0.0,0.0,0.0,0.0,0.0,0.002,0.001,166.0,0.0,1.227,0.417,3.647,0.597,0.34,0.22,0.097,0.001,0.0,0.0,0.0,0.016,0.0,0.0,0.0,80.39,4.58,0.424,0.074,0.391,0.727,1.291,0.25,0.407,0.757,4.4,1.015,0.0,0.0,29.5,,1.199,0.363,0.48,0.324,0.52,0.17,1608.0,5.2,0.01,0.003,0.0,0.001,0.001,0.004,0.0,0.001,0.0,0.0,0.001,166.0,0.32,0.05,0.064,0.003,0.177,0.257,3.51,0.322,166.0,2.8,0.03,1.223,0.705,0.001,0.0,0.063,0.001,0.0,,,,,,,,,0.0,0.0,0.0,0.0,0.0,0.004,0.0,0.003,0.0,0.004,,0.0,,,,0.0,,
7920,"Snacks, rice cakes, brown rice, buckwheat, unsalted",snacks rice cakes brown rice buckwheat unsalted,0,23,Snacks,0,"USDA, 2018",0.38,11.0,380.0,299.0,2.5,1.09,,,,,,,,5.9,,,0.0,8.096,,,,151.0,,,,,,,,,,,,0.0,,,,0.0,0.0,9.0,3.5,380.0,,4.0,,,,,0.103,,,,,0.02,0.01,0.01,21.0,0.0,1.05,0.603,1.568,0.8,0.517,0.218,0.125,0.01,,,,,,,,80.1,1.14,0.056,0.13,0.64,1.11,1.11,0.34,0.358,0.638,16.4,6.18,0.0,0.0,,0.467,0.376,0.677,0.489,0.233,0.399,0.137,1590.0,,,,,,,,,,,,0.02,21.0,0.51,0.05,0.07,0.02,0.152,0.414,1.6,1.16,21.0,,,,,,,,,,,,,,,,,,,,,,,,,,,,,,,,,,,
7874,"Snacks, rice cakes, brown rice, corn",snacks rice cakes brown rice corn,0,23,Snacks,0,"USDA, 2018",0.42,9.0,320.0,275.0,2.22,1.13,,,,,,,,5.9,,,0.0,6.435,,,,114.0,,,,,,,,,,,,0.0,,,,0.0,0.0,8.4,3.2,385.0,2.9,167.0,,,,,0.104,,,,,,,0.0,19.0,0.0,1.09,0.39,1.655,0.721,0.524,0.223,0.092,,,,,,,,,81.2,1.17,0.08,0.14,0.63,1.14,1.13,0.306,0.337,0.781,,5.08,0.0,0.0,,0.42,0.485,0.569,0.469,0.319,0.423,0.114,1611.0,,,,,,,,,,,,0.01,19.0,0.54,0.06,0.05,0.01,0.183,0.293,1.4,0.93,19.0,,,,,,,,,,,,,,,,,,,,,,,,,,,,,,,,,,,
7922,"Snacks, rice cakes, brown rice, sesame seed, unsalted",snacks rice cakes brown rice sesame seed unsalted,0,23,Snacks,0,"USDA, 2018",0.39,12.0,375.0,290.0,3.0,1.09,,,,,,,,5.9,,,3.0,7.205,,,,136.0,,,,,,,,,,,,0.0,,,,0.0,0.0,7.6,3.8,392.0,,4.0,,,,,0.085,,,,,,,0.0,18.0,0.0,1.11,0.38,1.55,0.71,0.44,0.193,0.1,,,,,0.0,,,,81.5,1.58,0.048,0.155,0.54,1.1,1.15,0.279,0.321,0.625,24.1,4.299,0.0,0.0,,0.394,0.355,0.595,0.444,0.286,0.391,0.094,1640.128,,,,,,,,,,,,0.01,18.0,0.43,0.08,0.04,0.01,0.174,0.288,1.2,1.461,18.0,,,,,,,,,,,,,,,,,,,,,,,,,,,,,,,,,,,
7601,"Snacks, rice cracker brown rice, plain",snacks rice cracker brown rice plain,0,,,0,"USDA, 2018",0.445,11.0,360.0,290.0,3.0,1.02,,,,,,,,5.8,0.89,0.0,0.0,7.806,,0.0,0.0,131.0,,,,,,,,0.0,,0.0,0.0,0.0,0.0,0.0,0.0,0.0,0.0,8.2,2.8,387.0,4.2,166.0,0.0,0.0,0.62,0.0,0.165,0.0,0.0,0.0,0.0,0.0,0.0,0.0,21.0,0.0,0.97,0.402,1.662,0.764,0.476,0.207,0.104,0.0,0.0,0.0,0.0,0.0,0.0,0.0,,81.5,1.49,0.061,0.15,0.57,1.03,0.99,0.299,0.346,0.675,24.6,3.73,0.0,0.0,32.1,0.422,0.383,0.618,0.479,0.306,0.421,0.099,1620.0,,,,,,,,,,,,0.01,21.0,0.48,0.05,0.01,0.01,0.184,0.311,1.7,1.0,21.0,1.9,,,,,,,,,,,,,,,,,,,,,,,,,,,,,,,,,,
237783,Sodium bicarbonate,sodium bicarbonate,0,11,Vegetables and Vegetable Products,37,"Ciqual 2020, ANSES",0.0,0.0,0.0,0.0,0.0,,,,,,,,,0.2,0.0,,0.0,0.0,,,,0.0,,,,,,,,0.0,,,,0.0,,0.0,,0.0,,0.1,0.0,0.4,0.0,27400.0,0.0,,0.0,,0.0,,,0.0,0.0,0.0,0.0,0.0,,0.0,,,,,,,,,,0.0,,,0.0,,,0.0,0.0,0.0,0.0,0.0,0.0,0.0,,,,,0.0,,,,,,,,,,,1.7,,,,,,,,,,,,0.0,,0.0,0.0,,,,,,0.0,0.0,,,,,,,,,,,,,,,,,,,,,,,,,,,,,,,,,,,
21898,"Soft cheese, ""philadelphia"" type, plain, light",soft cheese philadelphia type plain light,0,1,Dairy and Egg Products,9,"BEDCA, UGR",,110.0,150.0,190.0,,,,,,,,,,74.1,,,,,,,,,,,,,,,,,,,,,,0.18,,0.4,,14.2,7.5,141.09,,480.0,,,,,0.15,,,,,,,,,,,,,,,,,,,,,,,,,4.2,,,,,,,,,,,,,62.2,,,,,,,,,590.3,,,,,,,,,,,,,,,,,,,,,,,,,,,,,,,,,,,,,,,,,,,,,,,,,,,,,,,,,
22045,"Soft-ripened cheese, triple cream, around 40% fat",soft ripened cheese triple cream around 40 fat,0,1,Dairy and Egg Products,11,"CIQUAL, ANSES",0.07,230.0,140.0,119.0,0.54,7.94,,,,,,,,49.4,0.0,,0.0,0.1,,,,6.0,,13.8,,,,,,0.0,,,,314.0,,0.36,,0.22,,9.89,37.5,376.0,0.0,436.0,,,0.94,,0.2,,,1.26,0.8,0.52,1.15,1.37,,122.0,0.54,,,,,,,,0.0,0.0,,,0.0,,,0.0,0.3,0.035,0.055,25.1,10.6,0.91,,,,3.2,0.035,,,,,,,,,,,1550.0,,,,,,,,,,,,4.13,,10.5,3.73,0.25,,,,1.6,0.27,13.0,0.0,,,,,,,,,,,,,,,,,,,,,,,,,,,0.0,,,,,,,
81520,"Soft-ripened round cheese with bloomy rind, around 5% fat, Camembert-type cheese, reduced fat",soft ripened round cheese with bloomy rind around 5 fat camembert type cheese reduced fat,0,1,Dairy and Egg Products,11,"CIQUAL, ANSES",,570.0,440.0,,,,,,,,,,,,,,,,,,,,,,,,,,,0.0,,,,,,,,,,25.7,5.5,150.0,0.0,,,,,,,,,,,,,,,,,,,,,,,,,,,,,,,0.0,,,,,,,,,,,,,,,,,,,,,,632.0,,,,,,,,,,,,,,,,,,,,,,,,,,,,,,,,,,,,,,,,,,,,,,,,,,0.0,,,,,,,
208424,Soja cozida sem sal,soja cozida sem sal,0,16,Legumes and Legume Products,33,"TCA, INSA 2019",,82.0,240.0,510.0,1.4,,,2.0,,,,,,67.0,2.4,,0.0,0.5,,,,84.0,,,,,,,,0.0,0.0,,,,,0.0,,0.0,,12.5,7.5,151.0,5.6,1.0,40.0,,1.0,,0.14,,,,,,,,,0.0,,,,,,,2.0,,,,,,,,,5.6,2.6,0.3,0.16,1.0,1.7,4.5,,,,,,,7.0,,,,,,,,,630.0,,,,,,,,,,,,,,,,,,,,1.5,,64.0,,,,,,,,,,,,,,,,,,,,,,,,,,,,,,,,,,,
74027,Soja texturizada,soja texturizada,0,16,Legumes and Legume Products,5,My foods,,,,,,,,,,,,,,,12.0,,,,,,,,,,,,,,,,,,,,,,,,,56.0,0.89,342.0,3.5,,,,,,,,,,,,,,,,,,,,,,,,,,,,,,,35.0,,,,,,,,,,,,,,,,,,,,,,1430.928,,,,,,,,,,,,,,,,,,,,,,,,,,,,,,,,,,,,,,,,,,,,,,,,,,,,,,,,,
907,Sopa de abóbora,sopa de ab bora,0,6,"Soups, Sauces, and Gravies",1,"TCA, INSA 2015",,10.0,10.0,133.0,0.1,,,3.4,,,,,,93.0,0.6,,3.0,0.4,,,,6.0,,,,,,,,0.0,0.0,,,28.0,,0.0,,0.0,4.4,0.6,1.5,32.0,0.5,232.0,165000.0,,0.4,,0.01,,,,,,,,,0.0,,,,,,,0.0001,,,,,,,,,4.0,0.1,0.03,0.06,0.2,1.0,0.1,,,,,,,28.0,,,,,,,,,133.888,,,,,,,,,,,,,,,,,,,,0.8,,,,,0.1,,,,,,,,,,,,,,,,,,,,,,,,,,,,,,,,
908,Sopa de agrião,sopa de agri o,0,6,"Soups, Sauces, and Gravies",1,"TCA, INSA 2015",,35.0,18.0,141.0,0.1,,,3.6,,,,,,92.4,0.5,,8.0,0.4,,,,7.0,,,,,,,,0.0,0.0,,,69.00000000000001,,0.0,,0.0,19.0,1.0,1.6,35.368005184,0.9,241.0,416000.0,,0.4,,0.02,,,,,,,,,0.0,,,,,,,0.0002,,,,,,,,,4.1,0.3,0.04,0.08,0.2,1.1,0.2,,,,,,,69.0,,,,,,,,,147.979733689856,,,,,,,,,,,,,,,,,,,,0.9,,,,,0.1,,,,,,,,,,,,,,,,,,,,,,,,,,,,,,,,
208931,Sopa de cenoura,sopa de cenoura,0,22,"Meals, Entrees, and Side Dishes",33,"TCA, INSA 2019",,26.0,25.0,210.0,0.2,,,2.4,,,,,,92.0,1.9,,8.0,0.61,,,,6.9,,,,,,,,0.0,0.0,,,,,0.1,,0.01,,0.9,0.6,29.0,1.3,140.0,1850.0,,0.29,,0.02,,,,,,,,,4.0,,,,,,,0.18,,,,,,,,,4.4,0.4,0.07,0.12,0.3,0.2,0.1,,,,,,,316.0,,,,,,,,,123.0,,,,,,,,,,,,,,,,,,,,0.761,,20.0,,,,,,,,,,,,,,,,,,,,,,,,,,,,,,,,,,,
913,Sopa de couve branca,sopa de couve branca,0,6,"Soups, Sauces, and Gravies",1,"TCA, INSA 2015",,16.0,19.0,175.0,0.1,,,4.2,,,,,,91.4,1.2,,5.0,0.5,,,,7.0,,,,,,,,0.0,0.0,,,110.0,,0.0,,0.0,8.0,0.8,1.5,38.713627296,1.0,241.0,644000.0,,0.3,,0.01,,,,,,,,,0.0,,,,,,,0.0002,,,,,,,,,5.4,0.2,0.05,0.09,0.2,1.1,0.1,,,,,,,110.0,,,,,,,,,161.977816606464,,,,,,,,,,,,,,,,,,,,0.9,,,,,0.1,,,,,,,,,,,,,,,,,,,,,,,,,,,,,,,,
914,Sopa de couve lombarda,sopa de couve lombarda,0,6,"Soups, Sauces, and Gravies",1,"TCA, INSA 2015",,16.0,22.0,177.0,0.1,,,4.1,,,,,,91.4,1.1,,7.0,0.4,,,,7.0,,,,,,,,0.0,0.0,,,121.0,,0.0,,0.0,15.0,0.9,1.5,38.474654288,1.1,241.0,731000.0,,0.3,,0.01,,,,,,,,,0.0,,,,,,,0.0002,,,,,,,,,5.2,0.2,0.04,0.08,0.2,1.1,0.1,,,,,,,121.0,,,,,,,,,160.977953540992,,,,,,,,,,,,,,,,,,,,0.93,,,,,0.1,,,,,,,,,,,,,,,,,,,,,,,,,,,,,,,,
208935,Sopa de ervilhas,sopa de ervilhas,0,22,"Meals, Entrees, and Side Dishes",33,"TCA, INSA 2019",,12.0,30.0,140.0,0.2,,,5.3,,,,,,88.1,0.9,,4.2,0.42,,,,7.3,,,,,,,,0.0,0.0,,,,,0.0,,0.0,,1.6,1.5,48.0,1.3,240.0,427.0,,0.28,,0.01,,,,,,,,,0.0,,,,,,,0.31,,,,,,,,,6.4,0.3,0.12,0.1,0.2,1.1,0.1,,,,,,,71.0,,,,,,,,,202.0,,,,,,,,,,,,,,,,,,,,0.977,,11.0,,,,,,,,,,,,,,,,,,,,,,,,,,,,,,,,,,,
920,Sopa de feijão verde,sopa de feij o verde,0,6,"Soups, Sauces, and Gravies",1,"TCA, INSA 2015",,11.0,16.0,154.0,0.1,,,4.6,,,,,,91.3,0.8,,4.0,0.5,,,,8.0,,,,,,,,0.0,0.0,,,14.0,,0.0,,0.0,9.0,0.9,1.5,39.191573312,0.8,233.0,86000.0,,0.3,,0.01,,,,,,,,,0.0,,,,,,,0.0002,,,,,,,,,5.4,0.2,0.04,0.08,0.2,1.1,0.1,,,,,,,14.0,,,,,,,,,163.977542737408,,,,,,,,,,,,,,,,,,,,0.9,,,,,0.1,,,,,,,,,,,,,,,,,,,,,,,,,,,,,,,,
208953,Sopa de tomate,sopa de tomate,0,22,"Meals, Entrees, and Side Dishes",33,"TCA, INSA 2019",,18.0,22.0,170.0,0.2,,,2.1,,,,,,91.9,2.3,,8.7,0.42,,,,9.0,,,,,,,,0.0,0.0,,,,,0.0,,0.02,,1.1,0.8,31.0,0.7,250.0,161.0,,0.46,,0.03,,,,,,,,,8.0,,,,,,,0.22,,,,,,,,,4.4,0.3,0.06,0.12,0.3,0.2,0.1,,,,,,,34.0,,,,,,,,,129.0,,,,,,,,,,,,,,,,,,,,1.02,,12.0,,,,,,,,,,,,,,,,,,,,,,,,,,,,,,,,,,,
922,Sopa juliana,sopa juliana,0,6,"Soups, Sauces, and Gravies",1,"TCA, INSA 2015",,15.0,20.0,153.0,0.2,,,3.4,,,,,,93.1,0.9,,8.0,0.4,,,,7.0,,,,,,,,0.0,0.0,,,71.99999999999999,,0.0,,0.0,15.0,0.9,0.8,28.437787952,1.0,238.0,434000.0,,0.2,,0.01,,,,,,,,,0.0,,,,,,,0.0002,,,,,,,,,4.3,0.2,0.05,0.07,0.1,0.6,0.1,,,,,,,72.0,,,,,,,,,118.983704791168,,,,,,,,,,,,,,,,,,,,0.92,,,,,0.1,,,,,,,,,,,,,,,,,,,,,,,,,,,,,,,,
50465,"Sorbet, fruit",sorbet fruit,0,19,Sweets,23,McCance and Widdowson's,0.04,8.0,4.0,41.0,0.0,,17.2,0.0,,,,,,68.9,23.3,,12.0,0.2,,,,4.0,16.0,0.0,1.6,0.0,3.6,0.4,0.8,0.0,,,,0.0,,0.0,,0.0,,0.2,0.3,97.0,1.0,10.0,,,0.0,,0.0,,,,,,,,,0.0,,,,,,,0.0002,,,,,,,,0.0,24.8,0.09,0.04,0.0,,,,,,,1.0,0.15,,16.0,,,,,,,,,411.0,,,,,,,,,,,,,,,,,,,,,0.08,5.0,,,,,,,,,,,,,,,,,,,,,,,,,,,,,,,,,,,
2915,"Soup, HEALTHY CHOICE Garden Vegetable Soup, canned",soup healthy choice garden vegetable soup canned,0,6,"Soups, Sauces, and Gravies",0,"USDA, 2018",,16.0,,,,,,,,,,,,86.82,2.13,,1.0,,,,,,,,,,,,,,,,,,,,,,,2.13,0.21,51.0,1.9,195.0,,,,,,,,,,,,,,1.0,,,,,,,,,,,,,,,,10.04,0.0,,,0.05,0.07,0.08,,,,,,618.0,,,,,,,,,,212.0,,,,,,,,,,,,,,,,,,,,0.8,,,,,,,,,,,,,,,,,,,,,,,,,,,,,,,,,,,,,
2803,"Soup, beef broth, cubed, dry",soup beef broth cubed dry,0,6,"Soups, Sauces, and Gravies",0,"USDA, 2018",0.0,60.0,225.0,403.0,0.21,1.44,,,,,,,,3.3,14.51,0.0,0.0,3.3,,,,50.0,,,,,,,,0.0,,0.0,0.0,0.0,0.0,0.0,0.0,1.0,0.0,17.3,4.0,170.0,0.0,24000.0,0.0,0.0,0.0,0.0,0.24,0.0,0.0,0.0,0.0,0.0,0.0,0.04,32.0,4.0,0.12,,,,,,,0.0,0.0,0.0,0.0,0.01,0.0,0.0,,16.1,2.23,0.2,0.2,1.99,1.67,0.16,,,,27.6,0.386,1.0,0.0,113.4,,,,,,,,711.28,,,,,,,,,,,,0.15,32.0,1.0,0.76,0.02,0.17,,,59.3,0.3,32.0,0.0,,,,,,,,,,,,,,,,,,,,,,,,,,,,,,,,,,
2860,"Soup, chicken broth, ready-to-serve",soup chicken broth ready to serve,0,6,"Soups, Sauces, and Gravies",0,"USDA, 2018",0.015,4.0,4.0,18.0,0.07,0.016,,,0.0,0.0,0.0,0.0,0.0,97.81,0.43,0.0,0.0,0.219,0.0,,1.2,1.0,,,,,,,,0.0,,0.0,0.0,0.0,0.0,0.0,0.0,0.02,0.0,0.64,0.21,6.0,0.0,371.0,1.0,0.0,0.04,0.0,0.059,0.0,0.0,0.0,0.0,0.0,0.0,0.0,0.0,2.0,0.008,,,,,,,0.0,0.0,0.0,0.0,0.0,0.0,0.0,,0.44,0.07,0.021,0.0,0.013,0.019,0.009,,,,0.4,0.015,2.0,0.0,1.0,,,,,,,,26.0,,,,,,,,,,,,0.0,0.0,0.009,0.003,0.0,0.002,,,0.9,0.0,0.0,0.0,0.0,,,,,,,,,,,,,,,,,,,,,,,,,,,,,,,,,
2862,"Soup, cream of asparagus, canned, prepared with equal volume milk",soup cream of asparagus canned prepared with equal volume milk,0,6,"Soups, Sauces, and Gravies",0,"USDA, 2018",0.056,70.0,62.0,145.0,0.37,0.76,,,,,,,,86.0,,,1.6,0.355,,,,8.0,,,,,,,,0.0,,,,16.0,,,,0.2,0.0,2.55,3.3,65.0,0.3,420.0,,,,,0.111,,,0.07,0.04,0.03,0.05,0.06,12.0,9.0,0.86,0.062,0.576,0.193,0.093,0.064,0.034,0.0,0.0,0.0,0.0,0.0,0.0,0.0,,6.61,0.35,0.041,0.026,1.34,0.84,0.9,0.105,0.137,0.225,,0.153,242.0,25.0,,0.131,0.241,0.093,0.155,0.109,0.117,0.027,272.0,,,,,,,,,,,,0.21,12.0,0.57,0.26,0.04,0.05,0.058,0.174,1.55,0.21,12.0,,,,,,,,,,,,,,,,,,,,,,,,,,,,,,,,,,,
2976,"Soup, cream of asparagus, canned, prepared with equal volume water",soup cream of asparagus canned prepared with equal volume water,0,6,"Soups, Sauces, and Gravies",0,"USDA, 2018",0.051,12.0,16.0,71.0,0.36,0.36,,,,,,,,91.8,,,1.1,0.319,,,,2.0,,,,,,,,0.0,,,,7.0,,,,0.02,0.0,0.94,1.68,35.0,0.2,402.0,,,,,0.032,,,0.02,0.02,0.01,0.02,0.02,9.0,2.0,0.73,0.028,0.24,0.07,0.038,0.02,0.012,0.0,0.0,0.0,0.0,0.0,0.0,0.0,,4.38,0.33,0.022,0.005,0.43,0.39,0.76,0.032,0.04,0.067,,0.154,182.0,15.0,,0.043,0.084,0.035,0.047,0.031,0.039,0.012,146.44,,,,,,,,,,,,0.06,9.0,0.17,0.09,0.02,0.02,0.017,0.046,1.21,0.05,9.0,,,,,,,,,,,,,,,,,,,,,,,,,,,,,,,,,,,
50475,"Soup, cream of tomato, canned",soup cream of tomato canned,0,6,"Soups, Sauces, and Gravies",23,McCance and Widdowson's,0.04,14.0,19.0,179.0,0.1,1.1,2.2,2.4,,,,,,89.0,5.5,,1.0,0.6,,,,8.0,420.0,2.0,1.5,0.0,1.3,1.2,0.0,,0.01,,,0.0,,0.0,,0.0,,0.9,2.0,51.0,0.6,245.0,147.0,,1.42,,0.11,,,0.0,0.0,0.0,0.01,0.01,,3.0,0.34,,,,,,0.0001,0.01,0.0,0.0,0.0,0.03,0.0,0.0,0.5,7.8,0.23,0.0,0.06,0.27,1.16,0.5,,,,0.0,0.05,,25.0,,,,,,,,,215.0,,0.01,0.01,0.0,0.0,0.0,0.0,0.0,0.0,0.0,0.0,0.02,,0.14,0.05,0.15,0.01,,,,0.04,14.0,,,0.34,1.1,0.01,0.0,0.15,0.0,0.0,0.0,,,,,,,,,,,0.0,,,,,,,,0.0,,,,,,
28513,"Soup, cream of vegetable, homemade",soup cream of vegetable homemade,0,6,"Soups, Sauces, and Gravies",15,"IFCD, UCC",0.05,24.0,30.0,145.0,0.17,,,0.1,,,,,,84.2,2.0,,12.1,0.42,,,,5.0,,,,,,,,,,,,88.0,,0.03,,0.07,,1.2,10.5,109.0,,214.0,,,0.46,,0.05,,,,,,,,,15.0,,,,,,,,,,,,,,,,2.4,0.39,0.05,0.07,5.2,3.6,1.0,,,,1.0,0.06,,,,,,,,,,,456.06,,,,,,,,,,,,,,,,,,,,,0.23,19.0,,,,,,,,,,,,,,,,,,,,,,,,,,,,,,,,,,,
50477,"Soup, gazpacho, homemade",soup gazpacho homemade,0,6,"Soups, Sauces, and Gravies",23,McCance and Widdowson's,0.04,12.0,17.0,169.0,0.1,,0.2,0.1,,,,,,90.4,2.5,,11.0,0.5,,,,8.0,171.0,,1.2,,1.1,1.0,0.0,,0.0,,,0.0,,0.0,,0.0,,0.8,3.6,46.0,,128.0,,,0.88,,0.01,,,,,,,,,0.0,,,,,,,0.0001,,,,,,,,0.0,2.9,0.4,0.04,0.07,0.5,2.53,0.31,,,,0.0,0.09,,29.0,,,,,,,,,192.0,,,,,,,,,,,,,,,,,,,,,0.16,12.0,,,,,,,,,,,,,,,,,,,,,,,,,,,,,,,,,,,
50478,"Soup, goulash, homemade",soup goulash homemade,0,6,"Soups, Sauces, and Gravies",23,McCance and Widdowson's,0.08,15.0,78.0,317.0,1.6,,0.4,4.7,,,,,,74.5,1.9,,8.0,1.3,,,,17.0,825.0,6.0,0.7,,0.8,0.6,0.0,,0.06,,,0.0,,0.2,,0.6,,7.7,5.8,106.0,1.2,545.0,,,1.22,,0.13,,,,,,,,,18.8,,,,,,,0.0014,,,,,,,,0.0,7.2,0.99,0.09,0.25,1.1,3.07,1.29,,,,2.0,0.1,,32.0,,,,,,,,,444.0,,,,,,,,,,,,,,,,,,,,,0.27,10.0,,,,,,,,,,,,,,,,,,,,,,,,,,,,,,,,,,,
50481,"Soup, lentil, canned",soup lentil canned,0,6,"Soups, Sauces, and Gravies",23,McCance and Widdowson's,0.08,11.0,40.0,97.0,0.3,,0.0,7.3,,,,,,88.2,1.2,,0.0,3.2,,,,9.0,300.0,,0.7,0.0,0.5,,0.0,0.0,0.0,,,0.0,,0.0,,0.0,,3.1,0.2,46.0,,200.0,,,,,0.02,,,,,,,,,0.0,,,,,,,0.0006,,,,,,,,0.0,8.5,0.8,0.0,0.01,,,,,,,,0.11,,,,,,,,,,,196.0,,,,,,,,,,,,,,,,,,,,,,,,,,,,,,,,,,,,,,,,,,,,,,,,,,,,,,,,,
50482,"Soup, lentil, homemade",soup lentil homemade,0,6,"Soups, Sauces, and Gravies",23,McCance and Widdowson's,0.16,37.0,86.0,278.0,0.8,,0.8,11.5,,,,,,71.8,1.7,,1.0,0.6,,,,31.0,100.0,,0.5,,0.5,,0.0,,0.15,,,51.0,,0.0,,0.0,,5.9,4.8,121.0,,58.0,,,,,0.07,,,,,,,,,11.3,,,,,,,0.0008,,,,,,,,0.0,14.6,1.93,0.14,0.13,2.81,1.16,0.29,,,,1.0,29.0,,89.0,,,,,,,,,510.0,,,,,,,,,,,,,,,,,,,,,0.28,6.0,,,,,,,,,,,,,,,,,,,,,,,,,,,,,,,,,,,
28529,"Soup, lentil, onion and carrot, homemade",soup lentil onion and carrot homemade,0,6,"Soups, Sauces, and Gravies",15,"IFCD, UCC",0.13,24.0,77.0,235.0,0.7,,,10.4,,,,,,76.0,4.1,,3.0,0.61,,,,19.0,,,,,,,,,,,,0.0,,0.0,,0.0,,5.3,0.5,84.0,,82.0,,,0.25,,0.04,,,,,,,,,0.0,,,,,,,,,,,,,,,,15.7,1.72,0.16,0.21,0.1,0.0,0.2,,,,1.8,0.06,,,,,,,,,,,351.46,,,,,,,,,,,,,,,,,,,,,0.38,15.0,,,,,,,,,,,,,,,,,,,,,,,,,,,,,,,,,,,
22767,"Soup, lentils, prepacked, to be reheated",soup lentils prepacked to be reheated,0,6,"Soups, Sauces, and Gravies",11,"CIQUAL, ANSES",0.17,25.0,74.0,144.0,0.61,,,,,,,,,85.8,0.7,,1.7,0.55,,,,19.0,,4.0,,,,,,0.0,,,,0.0,,,,0.12,,3.28,1.12,53.2,1.8,143.0,430.0,,0.0,,0.045,,,,,,0.0,0.0,,3.0,,,,,,,,,,,,,,,,6.6,1.07,0.07,0.09,0.45,0.52,0.13,,,,16.1,0.24,,,,,,,,,,,224.0,,,,,,,,,,,,0.02,,0.27,0.16,,,,,1.24,0.14,20.0,,,,,,,,,,,,,,,,,,,,,,,,,,,,0.0,,,,,,,
28533,"Soup, minestrone (tomato-based), home prepared",soup minestrone tomato based home prepared,0,6,"Soups, Sauces, and Gravies",15,"IFCD, UCC",0.1,17.0,43.0,264.0,0.28,,,7.5,,,,,,83.1,3.9,,41.6,1.06,,,,15.0,,,,,,,,,,,,0.0,,0.0,,0.0,,2.3,0.4,57.0,,84.0,,,0.94,,0.03,,,,,,,,,0.0,,,,,,,,,,,,,,,,11.6,0.61,0.09,0.17,0.0,0.0,0.2,,,,2.2,0.18,,,,,,,,,,,238.49,,,,,,,,,,,,,,,,,,,,,0.22,19.0,,,,,,,,,,,,,,,,,,,,,,,,,,,,,,,,,,,
50484,"Soup, minestrone, canned",soup minestrone canned,0,6,"Soups, Sauces, and Gravies",23,McCance and Widdowson's,0.04,18.0,24.0,101.0,0.2,,,4.8,,,,,,91.2,1.8,,2.0,0.2,,,,9.0,310.0,1.0,,0.0,,0.2,,,0.0,,,4.0,,0.0,,0.0,,1.1,0.2,31.0,0.9,200.0,,,0.27,,0.01,,,,,,,,,0.3,,,,,,,0.0002,,,,,,,,0.0,6.6,0.3,0.02,0.04,0.1,0.03,0.03,,,,0.0,0.1,,61.0,,,,,,,,,132.0,,,,,,,,,,,,,,,,,,,,,0.05,5.0,,,,,,,,,,,,,,,,,,,,,,,,,,,,,,,,,,,
50485,"Soup, minestrone, homemade",soup minestrone homemade,0,6,"Soups, Sauces, and Gravies",23,McCance and Widdowson's,0.04,16.0,31.0,140.0,0.2,,0.4,6.0,,,,,,85.3,1.4,,6.0,0.4,,,,9.0,111.0,1.0,0.5,,0.5,0.3,0.1,,0.01,,,,,,,0.0,,2.1,2.3,60.0,,389.0,,,,,0.01,,,,,,,,,1.9,,,,,,,0.0004,,,,,,,,0.0,7.6,0.5,0.07,0.08,0.64,0.8,0.35,,,,2.0,0.11,,,,,,,,,,,250.0,,,,,,,,,,,,,,,,,,,,,0.11,11.0,,,,,,,,,,,,,,,,,,,,,,,,,,,,,,,,,,,
50486,"Soup, mulligatawny, homemade",soup mulligatawny homemade,0,6,"Soups, Sauces, and Gravies",23,McCance and Widdowson's,0.06,19.0,31.0,103.0,0.2,,0.6,4.8,,,,,,80.9,2.9,,1.0,0.5,,,,9.0,685.0,,1.1,,1.1,0.4,0.0,,0.19,,,63.0,,0.1,,0.0,,1.9,6.4,90.0,0.8,464.0,,,0.24,,0.02,,,,,,,,,15.7,,,,,,,0.0003,,,,,,,,0.1,8.1,0.89,0.07,0.06,3.68,1.73,0.34,,,,1.0,0.13,,272.0,,,,,,,,,374.0,,,,,,,,,,,,,,,,,,,,,0.1,4.0,,,,,,,,,,,,,,,,,,,,,,,,,,,,,,,,,,,
28479,"Soup, mushroom, homemade",soup mushroom homemade,0,6,"Soups, Sauces, and Gravies",15,"IFCD, UCC",0.34,7.0,45.0,211.0,0.25,,,1.9,,,,,,115.7,1.0,,2.4,1.63,,,,7.0,,,,,,,,,,,,0.0,,0.0,,0.0,,1.3,0.4,21.0,,80.0,,,0.11,,0.14,,,,,,,,,0.0,,,,,,,,,,,,,,,,3.3,0.37,0.08,0.16,0.0,0.0,0.2,,,,4.0,0.07,,,,,,,,,,,87.86,,,,,,,,,,,,,,,,,,,,,0.97,26.0,,,,,,,,,,,,,,,,,,,,,,,,,,,,,,,,,,,
50489,"Soup, oxtail, canned",soup oxtail canned,0,6,"Soups, Sauces, and Gravies",23,McCance and Widdowson's,0.04,40.0,37.0,93.0,0.4,,0.5,4.2,,,,,,88.5,0.9,,0.0,0.7,,,,6.0,330.0,1.0,0.2,0.0,0.2,0.0,0.0,0.0,,,,0.0,,0.0,,0.0,,2.4,1.7,44.0,,220.0,,,0.2,,0.03,,,,,,,,,7.0,,,,,,,0.0005,,,,,,,,0.0,5.1,1.0,0.02,0.03,0.6,0.6,0.2,,,,0.0,0.0,,0.0,,,,,,,,,185.0,,,,,,,,,,,,,,,,,,,,,0.05,1.0,,,,,,,,,,,,,,,,,,,,,,,,,,,,,,,,,,,
50490,"Soup, pea and ham, homemade",soup pea and ham homemade,0,6,"Soups, Sauces, and Gravies",23,McCance and Widdowson's,0.04,14.0,56.0,194.0,0.6,,0.7,7.8,,,,,,81.8,1.5,,2.0,0.6,,,,21.0,79.0,,0.3,,0.4,,0.0,,0.05,,,18.0,,0.0,,0.0,,4.1,2.2,73.0,,235.0,,,0.27,,0.03,,,,,,,,,5.8,,,,,,,0.0006,,,,,,,,0.0,9.8,0.99,0.13,0.07,1.07,0.48,0.27,,,,,0.23,,183.0,,,,,,,,,308.0,,,,,,,,,,,,,,,,,,,,,0.29,,,,,,,,,,,,,,,,,,,,,,,,,,,,,,,,,,,,
50491,"Soup, potato and leek, homemade",soup potato and leek homemade,0,6,"Soups, Sauces, and Gravies",23,McCance and Widdowson's,0.02,30.0,36.0,180.0,0.2,,0.2,4.7,,,,,,88.3,1.5,,3.0,0.2,,,,7.0,71.0,,0.2,,0.2,0.7,0.0,0.0,0.07,,,23.0,,0.0,,0.2,,1.5,2.2,56.0,,47.0,,,0.25,,0.05,,,,,,,,,5.5,,,,,,,0.0003,,,,,,,,0.8,6.2,0.34,0.09,0.18,1.32,0.52,0.13,,,,0.0,0.09,,32.0,,,,,,,,,235.0,,,,,,,,,,,,,,,,,,,,,0.19,11.0,,,,,,,,,,,,,,,,,,,,,,,,,,,,,,,,,,,
28524,"Soup, potato and sweetcorn, homemade",soup potato and sweetcorn homemade,0,6,"Soups, Sauces, and Gravies",15,"IFCD, UCC",0.02,33.0,49.0,198.0,0.28,,,6.2,,,,,,84.5,4.9,,4.1,0.6,,,,11.0,,,,,,,,,,,,3.0,,0.0,,0.15,,2.0,1.3,63.0,,188.0,,,0.25,,0.06,,,,,,,,,1.0,,,,,,,,,,,,,,,,11.6,0.3,0.08,0.15,0.3,0.4,0.3,,,,1.0,0.07,,,,,,,,,,,263.59,,,,,,,,,,,,,,,,,,,,,0.28,16.0,,,,,,,,,,,,,,,,,,,,,,,,,,,,,,,,,,,
28523,"Soup, tomato and lentil, homemade",soup tomato and lentil homemade,0,6,"Soups, Sauces, and Gravies",15,"IFCD, UCC",0.49,50.0,171.0,662.0,1.73,,,18.7,,,,,,54.7,3.6,,10.9,1.65,,,,59.0,,,,,,,,,,,,0.0,,0.0,,0.0,,11.3,1.2,146.0,,277.0,,,1.07,,0.14,,,,,,,,,0.0,,,,,,,,,,,,,,,,24.1,4.99,0.24,0.5,0.1,0.1,0.3,,,,42.0,0.69,,,,,,,,,,,610.86,,,,,,,,,,,,,,,,,,,,,0.18,61.0,,,,,,,,,,,,,,,,,,,,,,,,,,,,,,,,,,,
28488,"Soup, vegetable (carrot, celery, tomato, onion), homemade",soup vegetable carrot celery tomato onion homemade,0,6,"Soups, Sauces, and Gravies",15,"IFCD, UCC",0.02,20.0,20.0,170.0,0.13,,,0.1,,,,,,106.1,3.5,,5.8,0.42,,,,5.0,,,,,,,,,,,,0.0,,0.0,,0.0,,0.7,0.3,21.0,,62.0,,,0.45,,0.01,,,,,,,,,0.0,,,,,,,,,,,,,,,,4.2,0.31,0.06,0.1,0.0,0.0,0.1,,,,1.0,0.08,,,,,,,,,,,87.86,,,,,,,,,,,,,,,,,,,,,0.16,17.0,,,,,,,,,,,,,,,,,,,,,,,,,,,,,,,,,,,
28507,"Soup, vegetable (carrot, onion, celery, parsnip, turnip), homemade",soup vegetable carrot onion celery parsnip turnip homemade,0,6,"Soups, Sauces, and Gravies",15,"IFCD, UCC",0.01,21.0,19.0,159.0,0.09,,,0.7,,,,,,93.3,3.0,,6.0,0.26,,,,5.0,,,,,,,,,,,,0.0,,0.0,,0.0,,0.6,0.3,20.0,,96.0,,,0.25,,0.01,,,,,,,,,0.0,,,,,,,,,,,,,,,,4.0,0.22,0.06,0.06,0.0,0.0,0.1,,,,0.9,0.1,,,,,,,,,,,83.68,,,,,,,,,,,,,,,,,,,,,0.18,15.0,,,,,,,,,,,,,,,,,,,,,,,,,,,,,,,,,,,
67444,"Soup, vegetable broth, ready to serve",soup vegetable broth ready to serve,0,,,0,"USDA, 2018",0.009,3.0,3.0,19.0,0.03,0.005,0.38,0.0,0.0,0.0,0.0,0.0,0.0,98.05,0.55,1.0,0.4,0.11,0.0,,,1.0,,,0.03,0.0,0.13,,0.0,0.0,0.0,0.0,0.0,0.0,0.0,0.0,0.0,0.0,0.0,0.24,0.07,5.0,0.0,296.0,111.0,64.0,0.0,7.0,0.022,0.0,0.0,0.0,0.0,0.0,0.003,0.0,0.0,0.0,0.004,,,,,,,0.0,0.0,0.0,0.0,0.0,0.0,0.0,0.0,0.93,0.06,0.023,0.007,0.028,0.005,0.004,,,,0.0,0.006,238.0,12.0,0.3,,,,,,,,22.0,,0.0,0.0,0.0,0.001,0.0,0.0,0.0,0.0,0.0,0.0,0.002,0.0,0.012,0.01,0.0,0.0,,,0.71,0.06,0.0,0.7,0.0,0.004,0.005,0.0,0.0,0.0,0.0,0.0,,,,,,,,,0.0,0.0,0.0,0.0,0.0,0.0,0.0,0.0,0.0,0.0,,,,,,0.0,,
28514,"Soup, vegetable with tinned tomatoes, homemade",soup vegetable with tinned tomatoes homemade,0,6,"Soups, Sauces, and Gravies",15,"IFCD, UCC",0.03,9.0,18.0,152.0,0.11,,,3.1,,,,,,92.3,1.9,,5.5,0.33,,,,7.0,,,,,,,,,,,,0.0,,0.0,,0.0,,0.8,0.3,25.0,,98.0,,,0.33,,0.01,,,,,,,,,0.0,,,,,,,,,,,,,,,,5.2,0.22,0.07,0.12,0.0,0.0,0.1,,,,0.0,0.08,,,,,,,,,,,104.6,,,,,,,,,,,,,,,,,,,,,0.15,16.0,,,,,,,,,,,,,,,,,,,,,,,,,,,,,,,,,,,
2872,"Soup, vegetable, canned, low sodium, condensed",soup vegetable canned low sodium condensed,0,6,"Soups, Sauces, and Gravies",0,"USDA, 2018",0.232,20.0,45.0,433.0,0.4,0.201,,,,,,,,82.79,4.31,45.0,0.8,1.54,,,,25.0,,,,,,,,0.0,,0.0,0.0,0.0,0.0,0.0,2.0,0.0,1.0,2.2,0.9,65.0,2.1,385.0,875.0,314.0,1.43,13848.0,0.092,0.0,0.0,0.0,0.0,0.0,0.0,0.0,13.0,0.0,0.38,,,,,,,0.0,0.0,0.0,0.0,0.0,0.0,0.0,,12.11,0.66,0.109,0.167,0.147,0.203,0.403,,,,4.0,0.25,1721.0,86.0,9.0,,,,,,,,273.0,,,,,,,,,,,,0.002,12.0,0.114,0.03,0.023,0.002,,,2.0,0.346,12.0,4.2,,,,,,,,,,,,,,,,,,,,,,,,,,,,,,,,,,
50494,"Soup, vegetable, homemade",soup vegetable homemade,0,6,"Soups, Sauces, and Gravies",23,McCance and Widdowson's,0.02,14.0,20.0,120.0,0.1,,0.8,1.5,,,,,,89.0,1.8,,2.0,0.2,,,,6.0,241.0,,0.5,0.0,0.5,0.2,0.0,0.0,0.13,,,44.0,,0.0,,0.0,,1.0,4.2,55.0,,315.0,,,0.24,,0.01,,,,,,,,,9.7,,,,,,,0.0001,,,,,,,,0.0,3.7,0.33,0.07,0.07,2.41,0.98,0.18,,,,0.0,0.07,,245.0,,,,,,,,,230.0,,,,,,,,,,,,,,,,,,,,,0.08,6.0,,,,,,,,,,,,,,,,,,,,,,,,,,,,,,,,,,,
1715,"Sour cream, light",sour cream light,0,1,Dairy and Egg Products,0,"USDA, 2018",0.016,141.0,71.0,212.0,0.5,2.66,,,,,,,,78.1,0.22,0.0,0.9,0.07,,,,10.0,,,,,,,,0.0,,0.0,0.0,88.0,8.0,0.2,0.0,0.42,0.0,3.5,10.6,136.0,0.0,83.0,21.0,0.0,0.3,0.0,0.12,0.0,0.0,0.34,0.2,0.11,0.26,0.3,11.0,35.0,0.24,,,,,,,0.0,0.0,0.0,0.0,0.0,0.0,0.0,,7.1,0.07,0.04,0.02,6.6,3.1,0.4,,,,3.1,,328.0,90.0,19.2,,,,,,,,569.024,,,,,,,,,,,,1.06,11.0,2.78,1.28,0.16,0.24,,,0.7,,11.0,0.5,,,,,,,,,,,,,,,0.2,,,,,,,,,,,,,,,,,,,
259243,Sourdough,sourdough,0,4,Fats and Oils,5,My foods,,,,,,,,,,,,,,,,,,,,,,,,,,,,,,,,,,,,,,,,6.0,0.53,226.0,,,,,,,,,,,,,,,,,,,,,,,,,,,,,,,,48.67,,,,,,,,,,,,,,,,,,,,,,945.584,,,,,,,,,,,,,,,,,,,,,,,,,,,,,,,,,,,,,,,,,,,,,,,,,,,,,,,,,
6395,Soy sauce made from soy (tamari),soy sauce made from soy tamari,0,16,Legumes and Legume Products,0,"USDA, 2018",0.135,20.0,130.0,212.0,0.43,0.017,,,,,,,,66.0,1.7,0.0,0.0,3.951,,,,40.0,,,,,,,,0.0,0.0,0.0,0.0,0.0,0.0,0.0,0.0,0.0,0.0,10.51,0.1,60.0,0.8,5586.0,0.0,0.0,0.0,0.0,0.152,0.0,0.0,0.0,0.0,0.0,0.0,0.0,18.0,0.0,0.039,0.435,2.411,0.882,0.536,0.215,0.181,0.0,0.0,0.0,0.0,0.0,0.0,0.0,,5.57,2.38,0.059,0.2,0.011,0.017,0.044,0.407,0.487,0.735,0.8,0.499,0.0,0.0,38.4,0.483,0.806,0.405,0.524,0.342,0.534,0.107,251.04,,,,,,,,,,,,0.0,18.0,0.008,0.003,0.005,0.0,0.167,0.731,17.82,0.376,18.0,0.0,,,,,,,,,,,,,,,,,,,,,,,,,,,,,,,,,,
50495,"Soy sauce, light and dark varieties",soy sauce light and dark varieties,0,6,"Soups, Sauces, and Gravies",23,McCance and Widdowson's,0.01,17.0,47.0,180.0,0.2,,9.6,1.5,,,,,,65.4,16.4,,0.0,3.4,,,,37.0,8200.0,,2.0,0.0,4.8,,0.0,0.0,0.0,,,0.0,,0.0,,0.0,,3.0,0.0,79.0,0.0,5500.0,,,,,0.13,,,,,,,,,0.0,,,,,,,0.0014,,,,,,,,0.0,17.9,2.4,0.05,,0.0,0.0,0.0,,,,,0.18,,0.0,,,,,,,,,337.0,,,,,,,,,,,,,,,,,,,,,,11.0,,,,,,,,,,,,,,,,,,,,,,,,,,,,,,,,,,,
22012,"Soy sauce, prepacked",soy sauce prepacked,0,6,"Soups, Sauces, and Gravies",11,"CIQUAL, ANSES",0.044,27.3,128.0,547.0,0.4,0.007,,0.5,,,,,,68.8,1.32,,0.0,3.08,,,,83.7,,1.0,,,,,,0.0,,,,0.0,,0.0,,0.0,,7.08,0.1,46.2,0.86,7440.0,0.0,,0.0,,0.16,,,0.0,0.0,0.0,0.0,0.0,,0.0,0.018,,,,,,,,0.0,0.0,,,0.0,,,3.83,1.72,0.046,0.17,0.0085,0.012,0.032,,,,0.0,0.46,,,,,,,,,,,196.0,,,,,,,,,,,,0.0,,0.006,0.002,0.002,,,,19.4,0.34,16.0,0.0,,,,,,,,,,,,,,,,,,,,,,,,,,,0.0016,,,,,,,
28190,"Soya, alternative to yoghurt (Provamel Dairy Free (Yofu) with added calcium)",soya alternative to yoghurt provamel dairy free yofu with added calcium,0,14,Beverages,15,"IFCD, UCC",0.0,120.0,114.0,66.0,0.33,,,1.0,,,,,,81.1,10.9,,0.0,0.0,,,,15.0,,,,,,,,,,,,23.0,,0.0,,0.0,,3.8,2.2,85.0,,65.0,,,1.91,,0.0,,,,,,,,,0.0,,,,,,,,,,,,,,,,11.9,0.31,0.11,0.0,0.4,0.5,1.3,,,,2.0,0.18,,,,,,,,,,,355.64,,,,,,,,,,,,,,,,,,,,,0.12,0.0,,,,,,,,,,,,,,,,,,,,,,,,,,,,,,,,,,,
172889,Spaghetti Hoops (No Added Sugar),spaghetti hoops no added sugar,0,20,Cereal Grains and Pasta,5,My foods,,,,,,,,,,,,,,,1.3,,,,,,,,,,,,,,,,,,,,,0.37,,,,1.7,0.2,40.0,0.0,160.0,,,,,,,,,,,,,,,,,,,,,,,,,,,,,,7.5,1.0,,,,,,,,,,,,,,,,,,,,,167.36,,,,,,,,,,,,,,,,,,,,,,,,,,,,,,,,,,,,,,,,,,,,,,,,,,,,,,,,,
50498,"Spaghetti bolognese, retail, reheated, with spaghetti",spaghetti bolognese retail reheated with spaghetti,0,22,"Meals, Entrees, and Side Dishes",23,McCance and Widdowson's,0.04,24.0,74.0,151.0,0.9,,0.3,18.1,,,,,,70.2,1.9,,0.0,,,,,20.0,308.0,,0.6,,0.5,,0.5,0.0,0.11,,,0.0,,,,,,6.6,2.8,126.0,,182.0,,,,,,,,,,,,,,,,,,,,,,,,,,,,,0.0,20.0,0.92,,,1.06,1.14,0.36,,,,5.0,0.25,,,,,,,,,,,536.0,,,,,,,,,,,,,,,,,,,,,,,,,,,,,,,,,,,,,,,,,,,,,,,,,,,,,,,,,
8141,"Spaghetti, protein-fortified, cooked, enriched (n x 6.25)",spaghetti protein fortified cooked enriched n x 6 25,0,20,Cereal Grains and Pasta,0,"USDA, 2018",0.084,10.0,50.0,42.0,0.5,0.026,,,,,,,,59.73,,,0.0,1.837,,,,30.0,,,,,,,,,,,,0.0,0.0,0.0,,0.0,71.0,8.86,0.21,164.0,2.0,5.0,,,,,0.161,,,,,,,,132.0,0.0,0.086,0.269,2.782,0.367,0.259,0.169,0.103,,,,,,,,,30.88,0.72,0.298,0.064,0.032,0.026,0.095,0.228,0.319,0.557,25.2,0.417,0.0,0.0,,0.383,0.848,0.315,0.354,0.22,0.391,0.22,686.176,,,,,,,,,,,,0.0,11.0,0.028,0.003,0.009,0.0,0.129,0.191,0.31,0.286,82.0,,,,,,,,,,,,,,,,,,,,,,,,,,,,,,,,,,,
1848,"Spearmint, dried",spearmint dried,0,2,Spices and Herbs,0,"USDA, 2018",1.542,1488.0,276.0,1924.0,2.41,0.183,,,,,,,,11.3,,,0.0,6.561,,,,602.0,,,,,,,,,0.0,,,0.0,0.0,0.0,,0.0,0.0,19.93,6.03,285.0,29.8,344.0,,,,,1.421,,,,,,,,530.0,0.0,0.446,0.957,2.172,2.353,1.036,0.399,0.306,,,,,,,,,52.04,87.47,0.288,2.579,1.577,0.21,3.257,0.816,0.816,1.496,,11.482,10579.0,529.0,,0.778,0.816,0.918,0.995,0.6,1.017,0.22,1192.44,,,,,,,,,,,,0.037,530.0,1.131,0.163,2.792,0.016,0.281,0.858,10.7,1.399,530.0,,,,,,,,,,,,,,,,,82.0,,,,,,,,,,,,,,,,,,
82093,Speculoos biscuit,speculoos biscuit,0,19,Sweets,11,"CIQUAL, ANSES",,,,,,6.34,,,,,,,,2.4,32.6,,,,,,,,,,,,,,,0.0,,,,,,,,,,5.94,19.7,481.0,1.93,343.0,,,,,,,,0.0,0.0,0.01,0.01,0.05,,,1.9,,,,,,,,0.0,0.0,,,0.0,,,69.0,,,,9.35,6.47,2.07,,,,,,,,,,,,,,,,2020.0,,,,,,,,,,,,0.18,,7.31,0.73,0.17,,,,1.03,,,,,,,,,,,,,,,,,,,,,,,,,,,,,,0.0,,,,,,,
1794,"Spices, bay leaf",spices bay leaf,0,2,Spices and Herbs,0,"USDA, 2018",0.416,834.0,113.0,529.0,3.7,1.5,,,,,,,,5.44,,,46.5,2.005,,,,120.0,,,,,,,,0.0,0.0,,,0.0,0.0,0.0,,0.0,0.0,7.61,8.36,313.0,26.3,23.0,,,,,0.421,,,0.0,0.0,0.01,0.01,0.53,180.0,0.0,1.24,,,,,,,0.0,0.0,0.0,0.0,0.0,0.0,0.0,,74.97,43.0,0.009,1.74,2.28,1.64,2.29,,,,2.8,8.167,6185.0,309.0,,,,,,,,,1312.0,,,,,,,,,,,,0.21,180.0,1.27,0.16,1.05,0.14,,,3.62,,180.0,,,,,,,,,,,,,,,,,,,,,,,,,,,,,,,,,,,
1800,"Spices, cinnamon, ground",spices cinnamon ground,0,2,Spices and Herbs,0,"USDA, 2018",0.339,1002.0,64.0,431.0,1.83,0.246,0.02,,10.44,0.26,0.0,0.0,0.0,10.58,2.17,222.0,3.8,1.332,0.0,,3.9,60.0,,,1.11,0.0,1.04,,0.0,0.0,0.0,0.0,0.0,0.0,0.0,0.0,129.0,0.0,0.0,3.99,1.24,247.0,53.1,10.0,112.0,1.0,2.32,15.0,0.041,0.0,0.0,0.0,0.0,0.0,0.003,0.006,6.0,0.0,0.044,0.195,0.37,0.438,0.166,0.117,0.049,0.0,0.0,0.0,0.0,0.0,0.0,0.0,0.0,80.59,8.32,0.022,0.158,0.345,0.246,0.068,0.136,0.146,0.253,3.1,17.466,295.0,15.0,11.0,0.195,0.419,0.166,0.224,0.136,0.146,0.058,1035.0,0.0,0.0,0.0,0.0,0.0,0.136,0.0,0.0,0.0,0.0,0.0,0.009,6.0,0.104,0.082,0.011,0.001,0.078,0.243,3.6,0.358,6.0,31.2,0.0,,0.246,,0.0,0.011,0.0,,,,,,,,,26.0,,0.0,,,,,0.0,,,,,0.0,0.0,,,,,
1801,"Spices, cloves, ground",spices cloves ground,0,2,Spices and Herbs,0,"USDA, 2018",0.368,632.0,104.0,1020.0,2.32,0.99,0.02,,0.0,0.0,0.0,0.0,0.0,9.87,2.38,0.0,0.2,1.56,0.0,,1.4,259.0,,,1.07,0.15,1.14,,0.0,0.0,0.254,0.0,0.0,0.0,0.0,0.0,103.0,0.0,0.0,5.97,13.0,274.0,33.9,277.0,45.0,0.0,8.82,0.0,0.22,0.0,0.0,0.0,0.009,0.026,0.131,0.035,25.0,0.0,2.657,0.28,0.56,0.6,0.29,0.13,0.03,0.018,0.104,0.0,0.0,0.359,0.008,0.184,0.0,65.53,11.83,0.158,0.391,3.952,1.393,3.606,0.18,0.24,0.4,7.2,60.127,160.0,8.0,37.4,0.24,0.39,0.32,0.34,0.19,0.23,0.07,1145.0,0.0,0.193,0.175,,0.018,0.044,0.491,0.017,,0.008,,0.263,25.0,1.858,0.683,0.585,0.026,0.08,0.37,5.63,0.509,25.0,141.8,0.0,2.557,0.78,0.018,0.0,0.585,,0.008,,,,,,,,256.0,,0.21,,0.058,,0.044,0.21,0.026,0.058,0.042,,,0.0,,,,,
1804,"Spices, cumin seed",spices cumin seed,0,2,Spices and Herbs,0,"USDA, 2018",0.867,931.0,499.0,1788.0,4.8,13.618,,,,,,,,8.06,2.25,448.0,7.7,4.579,,,,366.0,,,,,,,,0.0,,0.0,0.0,0.0,0.0,0.0,0.0,0.0,0.0,17.81,22.27,375.0,10.5,168.0,762.0,0.0,3.33,0.0,0.327,0.0,0.0,0.0,0.0,0.0,0.018,0.018,10.0,0.0,3.103,,,,,,,0.0,0.0,0.0,0.0,0.212,0.0,0.0,,44.24,66.36,0.628,0.435,1.535,14.04,3.279,,,,5.2,3.333,1270.0,64.0,24.7,,,,,,,,1567.0,,,,,,,,,,,,0.018,10.0,1.137,0.344,0.176,0.212,,,7.62,,10.0,5.4,,,,,,,,,,,,,,,,68.0,,,,,,,,,,,,,,,,,,
1810,"Spices, garlic powder",spices garlic powder,0,2,Spices and Herbs,0,"USDA, 2018",0.533,79.0,414.0,1193.0,2.99,0.106,2.05,,0.0,0.0,0.0,0.0,0.0,6.45,2.43,0.0,1.2,0.796,0.0,,6.1,77.0,,,0.31,0.0,0.07,,0.0,0.0,0.0,0.0,0.0,0.0,0.0,0.0,0.0,0.0,0.0,16.55,0.73,331.0,9.0,60.0,0.0,0.0,0.67,0.0,0.141,0.0,0.0,0.0,0.0,0.0,0.0,0.0,47.0,0.0,0.143,0.525,3.658,1.89,0.485,0.263,0.121,0.0,0.0,0.0,0.0,0.0,0.0,0.0,0.0,72.73,5.65,0.435,1.654,0.249,0.115,0.178,0.374,0.414,0.728,23.9,0.979,0.0,0.0,67.5,0.505,1.354,3.365,0.667,0.445,0.525,0.253,1386.0,0.0,0.0,0.028,0.0,0.0,0.0,0.0,0.022,0.0,0.0,0.0,0.015,47.0,0.101,0.105,0.012,0.0,0.111,0.768,3.54,0.743,47.0,0.4,0.0,,0.106,,0.009,0.012,0.0,,,,,,,,,8.0,,0.0,,,,,0.0,,,,,0.0,0.0,,,,,
1814,"Spices, mustard seed, ground",spices mustard seed ground,0,2,Spices and Herbs,0,"USDA, 2018",0.645,266.0,828.0,738.0,6.08,8.463,3.69,,19.82,0.81,0.0,0.07,0.0,5.27,6.79,568.0,7.1,4.733,0.0,,1.9,370.0,,,0.02,0.2,2.88,,0.0,0.0,0.0,0.0,0.0,0.0,0.0,0.0,0.0,0.0,0.0,26.08,36.24,508.0,12.2,13.0,18.0,0.0,5.07,0.0,0.261,0.0,0.0,0.0,0.0,0.0,0.0,0.0,162.0,0.0,5.921,1.587,5.265,2.435,1.173,0.878,0.256,9.355,0.0,0.0,0.0,3.994,0.0,0.0,0.0,28.09,9.21,0.805,0.397,1.989,22.518,10.088,0.838,1.183,2.08,208.1,2.448,31.0,2.0,122.7,0.759,2.81,1.933,1.509,0.809,1.173,0.68,2126.0,0.0,0.275,0.175,0.0,0.0,0.0,0.105,0.25,0.0,,0.0,0.0,162.0,0.977,0.458,3.792,0.062,0.483,1.844,4.33,0.81,162.0,5.4,0.0,,,,0.644,,0.0,,,,,,,,,118.0,,0.0,,,,,0.0,,,,,0.0,0.0,,,,,
1816,"Spices, onion powder",spices onion powder,0,2,Spices and Herbs,0,"USDA, 2018",0.59,384.0,322.0,985.0,4.05,0.202,3.87,,0.05,0.0,0.0,0.0,0.0,5.39,6.63,0.0,23.4,0.321,0.0,,0.4,113.0,,,1.67,0.36,0.73,,0.0,0.0,0.0,0.0,0.0,0.0,0.0,0.0,0.0,0.0,0.0,10.41,1.04,341.0,15.2,73.0,0.0,0.0,0.27,0.0,0.08,0.0,0.0,0.0,0.0,0.0,0.0,0.0,64.0,0.0,0.254,0.27,2.09,0.66,0.18,0.16,0.06,0.0,0.042,0.0,0.0,0.0,0.0,0.0,0.0,79.12,3.9,0.457,0.718,0.219,0.202,0.31,0.14,0.14,0.22,14.3,1.3,0.0,0.0,39.0,0.14,0.69,1.95,0.17,0.13,0.28,0.08,1429.0,0.0,0.036,0.052,0.0,0.0,0.0,0.0,0.0,0.0,0.0,0.0,0.0,64.0,0.109,0.023,0.015,0.0,0.09,0.49,4.04,0.732,64.0,4.1,0.04,,0.202,,0.0,0.015,0.0,,,,,,,,,87.0,,0.0,,,,,,,,,,0.0,,,,,,
1817,"Spices, oregano, dried",spices oregano dried,0,2,Spices and Herbs,0,"USDA, 2018",0.633,1597.0,148.0,1260.0,2.69,0.712,0.91,,24.42,0.92,,,,9.93,4.09,1895.0,2.3,4.64,0.0,,9.8,270.0,,,1.13,0.15,1.9,,0.0,0.0,0.0,0.0,0.0,0.0,0.0,0.0,7.0,0.0,0.0,9.0,4.28,265.0,42.5,25.0,1007.0,20.0,18.26,0.0,0.528,0.0,0.0,0.0,0.0,0.0,0.004,0.246,237.0,0.0,0.748,0.517,0.975,1.009,0.5,0.144,0.203,0.0,0.0,0.0,0.0,0.0,0.0,0.0,0.0,68.92,36.8,0.177,1.044,1.551,0.716,1.369,0.322,0.441,0.78,4.5,4.99,1701.0,85.0,32.3,0.314,1.712,0.449,0.585,0.297,0.449,0.11,1107.0,0.0,0.0,0.0,0.0,0.0,0.0,0.0,0.0,0.0,0.0,0.0,0.004,237.0,0.792,0.505,0.621,0.004,0.127,0.5,7.87,0.921,237.0,621.7,,,0.712,,0.0,0.621,0.0,,,,,,,,,203.0,,0.0,,,,,0.0,,,,,0.0,0.0,,,,,
1818,"Spices, paprika",spices paprika,0,2,Spices and Herbs,0,"USDA, 2018",0.713,229.0,314.0,2280.0,4.33,1.603,0.81,,3.54,0.25,0.0,0.09,0.0,11.24,10.34,18944.0,0.9,10.06,0.35,,7.1,178.0,,,6.71,0.19,2.63,,0.0,0.0,0.0,0.0,0.0,0.0,0.0,0.0,6186.0,0.0,0.0,14.14,12.89,282.0,34.9,68.0,26162.0,595.0,29.1,0.0,1.23,0.0,0.0,0.0,0.0,0.0,0.0,0.068,49.0,0.0,7.314,0.78,2.26,2.85,0.64,0.25,0.07,0.0,0.0,0.0,0.0,0.023,0.0,0.0,0.0,53.99,21.14,0.33,2.141,2.14,1.695,7.766,0.49,0.57,0.92,6.3,1.59,49254.0,2463.0,51.5,0.61,2.31,0.89,0.75,0.38,0.61,0.23,1181.0,0.0,0.047,0.047,0.0,0.0,0.0,0.0,0.0,0.0,0.0,0.0,0.172,49.0,1.468,0.337,0.453,0.069,0.2,0.69,7.74,2.51,49.0,80.3,3.95,,1.603,,0.0,0.453,0.0,,,,,,,,,175.0,,0.0,,,,,0.0,,,,,0.0,0.0,,,,,
1819,"Spices, parsley, dried",spices parsley dried,0,2,Spices and Herbs,0,"USDA, 2018",0.78,1140.0,436.0,2683.0,5.44,0.761,4.09,,1.53,0.0,0.0,0.0,0.0,5.89,7.27,2428.0,125.0,9.943,0.02,,1.7,400.0,,,0.42,0.0,2.76,,0.0,0.0,0.0,0.0,0.0,0.0,0.0,0.0,4.0,0.0,0.0,26.63,5.48,292.0,26.7,452.0,1152.0,17.0,8.96,0.0,2.383,0.0,0.0,0.0,0.0,0.0,0.0,0.0,180.0,0.0,1.248,1.756,3.688,3.169,1.778,0.718,0.475,0.0,0.0,0.0,0.0,0.0,0.0,0.0,0.0,50.64,22.04,0.196,0.9,1.378,0.761,3.124,1.193,1.546,2.794,14.1,9.81,1939.0,97.0,97.1,1.159,2.01,1.756,2.021,1.159,1.712,0.298,1220.0,0.0,0.005,0.028,0.0,0.0,0.0,0.063,0.0,0.0,0.0,0.0,0.0,180.0,1.223,0.058,1.876,0.0,0.596,2.098,11.36,1.062,180.0,1359.5,0.0,1.248,0.761,0.0,0.0,1.86,0.016,0.0,,,,,,,,,0.0,0.0,0.0,0.0,0.0,,0.0,0.0,0.0,,,0.0,0.0,,,,,
1820,"Spices, pepper, black",spices pepper black,0,2,Spices and Herbs,0,"USDA, 2018",1.33,443.0,158.0,1329.0,1.19,0.647,0.02,,6.56,0.0,0.0,0.0,0.0,12.46,0.64,454.0,0.0,1.143,0.0,34.2,8.9,171.0,,,0.23,0.15,0.24,,0.0,0.0,0.0,0.0,0.0,0.0,0.0,0.0,25.0,0.0,0.0,10.39,3.26,251.0,25.3,20.0,310.0,12.0,1.04,20.0,0.18,0.0,0.0,0.0,0.012,0.102,0.036,0.093,17.0,0.0,0.694,0.441,1.413,1.413,0.616,0.159,0.058,0.0,0.0,0.0,0.0,0.0,0.0,0.0,0.0,63.95,9.71,0.108,0.291,1.392,0.739,0.998,0.244,0.366,1.014,4.9,12.753,547.0,27.0,11.3,0.409,1.413,0.308,0.547,0.483,0.446,0.138,1050.184,0.0,0.0,0.0,0.016,0.0,0.0,0.0,0.0,0.0,0.152,0.0,0.03,17.0,0.533,0.327,0.152,0.077,0.096,0.244,4.49,1.399,17.0,163.7,0.85,,0.647,,0.0,0.152,0.0,,,,,,,,,92.0,,0.0,,,,,0.0,,,,,0.0,0.0,,,,,
1822,"Spices, pepper, white",spices pepper white,0,2,Spices and Herbs,0,"USDA, 2018",0.91,265.0,176.0,73.0,1.13,,,,,,,,,11.42,,,21.0,0.212,,,,90.0,,,,,,,,0.0,0.0,,,0.0,0.0,0.0,,0.0,0.0,10.4,2.12,296.0,26.2,5.0,,,,,0.126,,,,,,,,10.0,0.0,,,,,,,,,,,,,,,,68.61,14.31,0.022,0.1,0.626,0.789,0.616,,,,3.1,4.3,0.0,0.0,,,,,,,,,1238.464,,,,,,,,,,,,,10.0,,,,,,,1.59,,10.0,,,,,,,,,,,,,,,,,55.0,,,,,,,,,,,,,,,,,,
1824,"Spices, poultry seasoning",spices poultry seasoning,0,2,Spices and Herbs,0,"USDA, 2018",0.843,996.0,171.0,684.0,3.14,1.113,,,,,,,,9.31,1.8,1107.0,12.0,2.97,,,,224.0,,,,,,,,0.0,0.0,0.0,0.0,0.0,0.0,0.0,23.0,0.0,0.0,9.59,7.53,307.0,11.3,27.0,1568.0,0.0,1.32,7.0,0.191,0.0,0.0,0.0,0.0,0.128,0.135,0.125,138.0,0.0,0.992,,,,,,,0.0,0.0,0.0,0.0,0.0,0.0,0.0,,65.59,35.3,0.264,1.32,3.29,1.206,1.936,,,,7.2,6.857,2632.0,132.0,30.3,,,,,,,,1284.488,,,,,,,,,,,,1.221,138.0,1.281,0.36,0.944,0.082,,,5.92,,138.0,805.4,,,,,,,,,,,,,,,,96.0,,,,,,,,,,,,,,,,,,
1832,"Spices, turmeric, ground",spices turmeric ground,0,2,Spices and Herbs,0,"USDA, 2018",1.3,168.0,299.0,2080.0,4.5,0.131,2.38,,0.72,0.0,0.0,0.05,0.0,12.85,3.21,0.0,0.7,1.35,0.01,,9.7,208.0,,,0.45,0.0,0.38,,0.0,0.0,0.056,0.0,0.0,0.0,0.0,0.0,0.0,0.0,0.0,9.68,3.25,312.0,22.7,27.0,0.0,0.0,4.43,0.0,0.15,0.0,0.0,0.0,0.0,0.003,0.848,0.003,20.0,0.0,0.672,0.47,1.14,1.86,0.33,0.15,0.17,0.0,0.0,0.0,0.0,0.0,0.0,0.0,0.0,67.14,55.0,0.058,0.107,1.838,0.449,0.756,0.33,0.47,0.81,6.2,19.8,0.0,0.0,49.2,0.28,0.48,0.54,0.66,0.32,0.53,0.15,1305.408,0.0,0.097,0.0,0.154,0.0,0.335,0.0,0.0,0.164,0.0,0.0,0.394,20.0,0.155,0.003,0.084,0.0,0.14,0.38,7.08,0.542,20.0,13.4,0.12,,0.075,,0.0,0.003,0.081,,,,,,,,,,,0.056,,,,,0.056,,,,,0.0,0.0,,,,,
173743,Spinach & Ricotta Tortelloni Fresh,spinach ricotta tortelloni fresh,0,20,Cereal Grains and Pasta,5,My foods,,,,,,,,23.9,,,,,,,0.9,,,,,,,,,,,,,,,,,,,,,,,,,6.5,5.7,181.0,2.4,332.0,,,,,,,,,,,,,,,,,,,,,,,,,,,,,,24.8,,,,3.6,1.7,0.4,,,,,,,,,,,,,,,,757.304,,,,,,,,,,,,,,,,,,,,,,,,,,,,,,,,,,,,,,,,,,,,,,,,,,,,,,,,,
50499,"Spinach, baby, boiled in unsalted water",spinach baby boiled in unsalted water,0,11,Vegetables and Vegetable Products,23,McCance and Widdowson's,0.22,166.0,61.0,950.0,1.3,,0.0,0.2,,,,,,91.9,0.0,0.0,22.0,0.9,,,,112.0,156.0,5.0,0.0,0.0,0.0,0.1,0.0,0.0,0.0,,,0.0,,0.0,0.0,0.0,,3.2,0.7,20.0,1.2,42.0,2172.0,0.0,0.67,8057.0,0.2,,,,,,,,,0.0,,,,,,,0.001,,,,,,,,0.0,0.2,2.63,0.08,0.1,0.19,0.09,0.32,,,,7.0,1.2,,362.0,,,,,,,,,86.0,,,,,,,,,,,,,,,,,,,,,0.31,135.0,,,,,,,,,,,,,,,,,,,,,,,,,,,,,,,,,,,
50500,"Spinach, baby, raw",spinach baby raw,0,11,Vegetables and Vegetable Products,23,McCance and Widdowson's,0.16,119.0,44.0,682.0,0.9,,0.0,0.2,0.18,0.0,,,,93.5,0.0,5782.0,29.0,1.0,0.0,,,80.0,112.0,4.0,0.0,0.0,0.0,0.1,0.0,,0.0,,,0.0,,0.0,0.0,0.0,,2.6,0.6,16.0,1.0,30.0,1559.0,0.0,0.48,0.0,0.18,,,,,,,,,0.0,,,,,,,0.0007,,,,,,,,0.0,0.2,1.89,0.09,0.12,0.08,0.08,0.38,,,,5.0,0.86,,260.0,,,,,,,,,69.0,,,,,,,,,,,,,,,,,,,,,0.28,161.0,,,,,,,,,,,,,,,,,,,,,,,,,,,,,,,,,,,
22409,"Spinach, cooked",spinach cooked,0,11,Vegetables and Vegetable Products,11,"CIQUAL, ANSES",0.1,140.0,40.0,396.0,0.65,,,0.0,,,,,,92.8,0.47,,2.1,0.24,,,,54.4,,0.0,,,,,,0.0,,,,0.0,,0.0,,0.0,,3.2,0.14,21.5,2.7,27.6,1610.0,,2.4,,0.1,,,0.0,0.0,0.0,0.0,0.0,,0.0,,,,,,,,,,0.0,,,0.0,,,0.5,2.14,0.0,0.06,0.043,0.0036,0.065,,,,0.0,0.43,,,,,,,,,,,89.7,,,,,,,,,,,,0.006,,0.033,0.003,,,,,1.2,0.0,125.0,494.0,,,,,,,,,,,,,,,,,,,,,,,,,,,3.2,,,,,,,
50502,"Spinach, frozen, boiled in unsalted water",spinach frozen boiled in unsalted water,0,11,Vegetables and Vegetable Products,23,McCance and Widdowson's,0.09,150.0,48.0,340.0,0.6,,0.1,0.2,,,,,,91.6,0.3,,6.0,0.9,,,,31.0,31.0,2.0,0.0,0.0,0.1,0.1,0.0,0.0,0.0,,,0.0,,0.0,39.0,0.0,,3.1,0.8,21.0,,16.0,3820.0,0.0,1.71,,0.05,,,,,,,,,0.0,,,,,,,0.0008,,,,,,,,0.0,0.5,1.7,0.06,0.09,0.1,0.1,0.5,,,,1.0,0.2,,1101.0,,,,,,,,,90.0,,,,,,,,,,,,,,,,,,,,,0.21,52.0,840.0,,,,,,,,,,,,,,,,,,,,,,,,,,,,,,,,,,
4766,"Spinach, frozen, chopped or leaf, cooked, boiled, drained, without salt",spinach frozen chopped or leaf cooked boiled drained without salt,0,11,Vegetables and Vegetable Products,0,"USDA, 2018",0.161,153.0,50.0,302.0,0.49,0.0,0.21,0.0,0.17,0.0,0.0,0.0,0.0,88.94,0.51,15690.0,2.2,0.439,0.01,,112.0,82.0,,,0.09,0.0,0.2,,0.0,0.0,0.0,0.0,0.0,0.0,0.0,0.0,0.0,0.0,0.0,4.01,0.87,34.0,3.7,97.0,7237.0,0.0,3.54,0.0,0.176,0.0,0.0,0.0,0.0,0.0,0.0,0.0,121.0,0.0,0.0,0.225,0.516,0.436,0.222,0.049,0.101,0.0,0.0,0.0,0.0,0.0,0.0,0.0,0.0,4.8,1.96,0.078,0.136,0.157,0.0,0.371,0.22,0.128,0.205,5.5,0.717,12061.0,603.0,24.8,0.173,0.201,0.489,0.181,0.219,0.211,0.029,143.0,0.0,0.0,0.0,0.0,0.0,0.0,0.0,,,,,0.0,121.0,0.157,0.0,0.371,0.0,0.053,0.256,1.39,0.075,121.0,540.7,0.0,,,,,,,,,,,,,,,,,,,,,,,,,,,,,,,,,
21818,"Spinach, frozen, raw",spinach frozen raw,0,11,Vegetables and Vegetable Products,9,"BEDCA, UGR",,147.33,43.0,380.0,0.54,,,0.1,,,,,,90.7,0.9,,26.28,0.765,,,,53.585,,,,,,,,,,,,0.0,,0.0,,0.0,,2.7125,0.8,22.16,2.9,56.0,4420.0,,1.715,,0.175,,,,,,,,,0.0,,,,,,,,,,,,,,,,1.0,2.27,0.075,0.205,0.24,0.08,0.32,,,,,,,736.667,,,,,,,,,92.7125,,,,,,,,,,,,,,,,,,,,,,143.015,,,,,,,,,,,,,,,,,,,,,,,,,,,,,,,,,,,
50503,"Spinach, mature, boiled in unsalted water",spinach mature boiled in unsalted water,0,11,Vegetables and Vegetable Products,23,McCance and Widdowson's,0.01,160.0,28.0,230.0,0.5,,0.3,0.0,,,,,,91.8,0.8,10214.0,8.0,0.9,,,,34.0,56.0,2.0,0.3,0.0,0.3,0.1,0.0,0.0,0.0,,,0.0,,0.0,,0.0,,2.2,0.8,19.0,,120.0,6604.0,0.0,1.71,,0.05,,,,,,,,,0.0,,,,,,,0.0006,,,,,,,,0.0,0.8,1.6,0.06,0.09,0.1,0.1,0.5,,,,1.0,0.5,,640.0,,,,,,,,,79.0,,,,,,,,,,,,,,,,,,,,,0.21,81.0,575.0,,,,,,,,,,,,,,,,,,,,,,,,,,,,,,,,,,
50504,"Spinach, mature, raw",spinach mature raw,0,11,Vegetables and Vegetable Products,23,McCance and Widdowson's,0.04,170.0,45.0,500.0,0.7,,0.5,0.1,,,,,,89.7,1.5,,26.0,1.2,,,,54.0,98.0,2.0,0.5,0.0,0.5,0.1,0.0,0.0,0.0,,,0.0,,0.0,,0.0,,2.8,0.8,25.0,,140.0,8295.0,0.0,1.71,,0.09,,,,,,,,,0.0,,,,,,,0.0007,,,,,,,,0.0,1.6,2.1,0.07,0.17,0.1,0.1,0.5,,,,1.0,0.6,,589.0,,,,,,,,,103.0,,,,,,,,,,,,,,,,,,,,,0.27,114.0,394.0,,,,,,,,,,,,,,,,,,,,,,,,,,,,,,,,,,
4761,"Spinach, raw",spinach raw,0,11,Vegetables and Vegetable Products,0,"USDA, 2018",0.13,99.0,49.0,558.0,0.53,0.005,0.07,,0.18,0.0,0.0,0.0,0.0,91.4,0.42,12198.0,28.1,0.724,0.0,,102.6,79.0,,,0.15,0.1,0.11,,0.0,0.0,0.0,0.0,0.0,0.0,0.0,0.0,0.0,0.0,0.0,2.86,0.39,23.0,2.2,79.0,5626.0,0.0,2.03,0.0,0.189,0.0,0.0,0.0,0.0,0.0,0.0,0.0,194.0,0.0,0.026,0.134,0.343,0.24,0.142,0.064,0.039,0.0,0.0,0.0,0.0,0.0,0.0,0.0,0.0,3.63,2.71,0.078,0.195,0.063,0.01,0.165,0.122,0.147,0.223,1.0,0.897,9377.0,469.0,19.3,0.104,0.112,0.162,0.161,0.108,0.129,0.035,97.0,,,,,,,,,,,,0.01,194.0,0.049,0.004,0.138,0.005,0.053,0.174,1.72,0.065,194.0,482.9,0.0,,,,,,,,,,,,,,,9.0,,,,,,,,,,,,,,,,,,
81460,"Spirulina, (spirulina sp.), dried",spirulina spirulina sp dried,0,11,Vegetables and Vegetable Products,11,"CIQUAL, ANSES",6.1,120.0,118.0,1360.0,2.0,,,,,,,,,4.68,3.1,,10.1,12.8,,,,195.0,,,,,,,,0.0,,,,0.0,,0.0,,0.0,,57.5,7.72,388.0,3.6,1050.0,342.0,,5.0,,3.67,,,0.0,0.0,0.0,0.0,0.0,,0.0,,,,,,,,,,0.0,,,0.0,,,20.3,28.5,2.38,0.36,2.65,0.68,2.08,,,,,1.9,,,,,,,,,,,1640.0,,,,,,,,,,,,0.075,,2.5,0.077,,,,,6.23,3.48,94.0,25.5,,,,,,,,,,,,,,,,,,,,,,,,,,,57.5,,,,,,,
50509,"Spring greens, boiled in unsalted water",spring greens boiled in unsalted water,0,11,Vegetables and Vegetable Products,23,McCance and Widdowson's,0.02,75.0,29.0,160.0,0.3,,0.1,0.2,,,,,,92.2,1.4,,77.0,1.2,,,,8.0,16.0,,0.6,0.0,0.7,0.4,0.0,0.0,0.0,,,0.0,,0.0,23.0,0.0,,1.9,0.7,20.0,,10.0,2255.0,0.0,,,0.06,,,,,,,,,0.0,,,,,,,0.0003,,,,,,,,0.0,1.6,1.4,0.05,0.18,0.1,0.1,0.4,,,,,,,378.0,,,,,,,,,82.0,,,,,,,,,,,,,,,,,,,,,0.3,66.0,893.0,,,,,,,,,,,,,,,,,,,,,,,,,,,,,,,,,,
21811,"Spring onion, raw",spring onion raw,0,11,Vegetables and Vegetable Products,9,"BEDCA, UGR",,86.0,54.0,275.0,0.4,,,,,,,,,91.3,1.9,,60.0,0.65,,,,40.0,,,,,,,,,,,,0.0,,0.0,,0.0,,3.0,0.525,24.55,2.3,3.0,3000.0,,0.9,,0.11,,,,,,,,,0.0,,,,,,,,,,,,,,,,1.9,1.5,0.08,0.13,0.12,0.08,0.22,,,,,,,500.0,,,,,,,,,102.725,,,,,,,,,,,,,,,,,,,,,,130.0,,,,,,,,,,,,,,,,,,,,,,,,,,,,,,,,,,,
50511,"Spring onions, bulbs and tops, raw",spring onions bulbs and tops raw,0,11,Vegetables and Vegetable Products,23,McCance and Widdowson's,0.06,39.0,29.0,260.0,0.4,,0.2,0.2,,,,,,92.2,2.8,,26.0,0.5,,,,12.0,31.0,,1.4,0.0,1.2,,0.0,0.0,0.0,,,0.0,,0.0,,0.0,,2.0,0.5,23.0,,7.0,620.0,0.0,,,0.03,,,,,,,,,0.0,,,,,,,0.0005,,,,,,,,0.0,3.0,1.9,0.05,0.13,0.1,0.1,0.2,,,,,0.2,,105.0,,,,,,,,,98.0,,,,,,,,,,,,,,,,,,,,,0.07,54.0,,,,,,,,,,,,,,,,,,,,,,,,,,,,,,,,,,,
50512,"Spring onions, bulbs only, raw",spring onions bulbs only raw,0,11,Vegetables and Vegetable Products,23,McCance and Widdowson's,,140.0,24.0,230.0,,,,0.0,,,,,,86.8,8.5,,25.0,0.7,,,,11.0,36.0,,,0.0,,0.9,0.0,,,,,0.0,,0.0,,0.0,,0.9,0.0,35.0,,13.0,0.0,0.0,,,0.0,,,,,,,,,0.0,,,,,,,0.0002,,,,,,,,0.0,8.5,1.2,0.13,0.2,0.0,0.0,0.0,,,,,,,0.0,,,,,,,,,151.0,,,,,,,,,,,,,,,,,,,,,0.11,17.0,,,,,,,,,,,,,,,,,,,,,,,,,,,,,,,,,,,
81929,"Spring vegetables, frozen, raw (French beans, carrots, potatoes, green peas, onions)",spring vegetables frozen raw french beans carrots potatoes green peas onions,0,11,Vegetables and Vegetable Products,11,"CIQUAL, ANSES",,,,,,,,,,,,,,85.7,2.62,,16.0,,,,,,,,,,,,,0.0,,,,,,,,,,2.4,0.078,51.5,3.62,16.7,,,,,,,,,,,,,,,,,,,,,,,,,,,,,,8.48,,,,0.0,,,,,,,,,,,,,,,,,,217.0,,,,,,,,,,,,,,,,,,,,0.54,,,,,,,,,,,,,,,,,,,,,,,,,,,,,,2.4,,,,,,,
50516,"Squash, butternut, baked",squash butternut baked,0,11,Vegetables and Vegetable Products,23,McCance and Widdowson's,0.07,41.0,27.0,280.0,0.1,,1.3,3.0,,,,,,87.8,3.9,,15.0,0.6,,,,29.0,37.0,,1.3,0.0,1.3,0.4,0.0,0.0,0.0,,,0.0,,0.0,0.0,0.0,,0.9,0.1,32.0,,4.0,2350.0,1805.0,1.83,,0.02,,,,,,,,,0.0,,,,,,,0.0002,,,,,,,,0.0,7.4,0.6,0.07,0.12,0.0,0.0,0.0,,,,,0.1,,545.0,,,,,,,,,137.0,,,,,,,,,,,,,,,,,,,,,0.36,19.0,,,,,,,,,,,,,,,,,,,,,,,,,,,,,,,,,,,
50518,"Squash, spaghetti, baked",squash spaghetti baked,0,11,Vegetables and Vegetable Products,23,McCance and Widdowson's,0.03,21.0,14.0,120.0,0.2,,0.8,0.6,,,,,,92.3,3.4,,3.0,0.8,,,,11.0,,,1.2,0.0,1.4,0.4,0.0,,,,,0.0,,0.0,,0.0,,0.7,0.3,23.0,,18.0,0.0,0.0,,,0.02,,,,,,,,,0.0,,,,,,,0.0002,,,,,,,,0.0,4.3,0.3,0.04,0.1,0.1,0.0,0.1,,,,,,,11.0,,,,,,,,,96.0,,,,,,,,,,,,,,,,,,,,,0.35,8.0,,,,,,,,,,,,,,,,,,,,,,,,,,,,,,,,,,,
83515,Stevia,stevia,0,21,Fast Foods,5,My foods,,,,,,,,,,,,,,,,,,,,,,,,,,,,,,,,,,,,,,,,18.0,24.0,292.0,,400.0,,,,,,,,,,,,,,,,,,,,,,,,,,,,,,0.0,,,,3.8,,,,,,,,,,,,,,,,,,1221.728,,,,,,,,,,,,,,,,,,,,,,,,,,,,,,,,,,,,,,,,,,,,,,,,,,,,,,,,,
50530,"Stock cubes, beef",stock cubes beef,0,6,"Soups, Sauces, and Gravies",23,McCance and Widdowson's,0.7,40.0,240.0,490.0,0.8,,,,,,,,,6.1,,,0.0,,,,,32.0,21010.0,,,0.0,,,0.0,0.0,0.26,,,,,0.0,,,,16.8,9.2,,0.0,14560.0,,,,,,,,0.0,0.07,0.05,0.1,0.13,,0.0,,,,,,,,,,0.0,,,0.0,0.0,0.0,,1.2,,,3.51,3.28,1.39,,,,,0.2,,,,,,,,,,,,,0.03,0.01,,0.05,0.05,0.01,,,,,0.42,,1.87,0.74,,,,,,,,,,1.04,2.92,0.0,0.01,0.21,0.0,0.0,0.0,,,,,,,,,,,,,,,,,,,,,,,,,
50531,"Stock cubes, chicken",stock cubes chicken,0,6,"Soups, Sauces, and Gravies",23,McCance and Widdowson's,0.1,120.0,200.0,400.0,1.2,,,,,,,,,5.8,,,0.0,,,,,47.0,,,,0.0,,,0.0,0.0,,,,,,0.0,,,,15.4,15.4,,0.6,16300.0,,,,,,,,,,,,,,0.0,,,,,,,,,,,,,,,0.0,,4.9,,,,,,,,,,0.27,,,,,,,,,,,,,,,,,,,,,,,,,,,,,,,,,,,,,,,,,,,,,,,,,,,,,,,,,,,,,,,,,,,,
50532,"Stock cubes, chicken, made up with water",stock cubes chicken made up with water,0,6,"Soups, Sauces, and Gravies",23,McCance and Widdowson's,0.0,4.0,7.0,14.0,0.0,,,,,,,,,96.7,,,0.0,,,,,2.0,,,,0.0,,,0.0,0.0,,,,,,0.0,,,,0.5,0.5,,0.0,579.0,,,,,,,,,,,,,,0.0,,,,,,,,,,,,,,,0.0,,0.17,,,,,,,,,,0.01,,,,,,,,,,,,,,,,,,,,,,,,,,,,,,,,,,,,,,,,,,,,,,,,,,,,,,,,,,,,,,,,,,,,
50533,"Stock cubes, vegetable",stock cubes vegetable,0,6,"Soups, Sauces, and Gravies",23,McCance and Widdowson's,0.05,47.0,120.0,390.0,0.4,,,,,,,,,5.7,,,0.0,,,,,44.0,,,,0.0,,,0.0,0.0,,,,0.0,,0.0,,0.0,,13.5,17.3,,1.8,16800.0,,,,,,,,,,,,,,0.0,,,,,,,,,,,,,,,,,2.8,,,,,,,,,,0.26,,,,,,,,,,,,,,,,,,,,,,,,,,,,,,,,,,,,,,,,,,,,,,,,,,,,,,,,,,,,,,,,,,,,
3989,"Strawberries, raw",strawberries raw,1,9,Fruits and Fruit Juices,0,"USDA, 2018",0.048,16.0,24.0,153.0,0.14,0.042,0.47,0.04,0.08,0.01,0.0,0.0,0.0,90.95,4.89,26.0,58.8,0.386,0.01,4.4,0.2,13.0,,,2.44,0.0,1.99,,0.0,0.0,0.0,0.0,0.0,0.0,0.0,0.0,0.0,0.0,0.0,0.67,0.3,32.0,2.0,1.0,7.0,0.0,0.29,0.0,0.022,0.0,0.0,0.0,0.0,0.0,0.0,0.0,24.0,0.0,0.09,0.026,0.098,0.149,0.033,0.012,0.008,0.0,0.0,0.0,0.0,0.0,0.0,0.0,0.0,7.68,0.41,0.024,0.047,0.015,0.043,0.155,0.02,0.016,0.034,0.4,0.386,12.0,1.0,5.7,0.025,0.02,0.028,0.019,0.022,0.019,0.006,136.0,0.0,,,,,,,,,,,0.0,24.0,0.012,0.003,0.065,0.001,0.002,0.026,0.4,0.125,24.0,2.2,0.01,,,,,,,,,,,,,,,12.0,,,,,,,,,,,,,,,,,,
50537,"Strawberries, raw",strawberries raw,1,9,Fruits and Fruit Juices,23,McCance and Widdowson's,0.03,17.0,26.0,170.0,0.1,,0.0,0.0,0.14,0.01,,,,91.6,6.1,38.0,57.0,0.6,0.0,,,12.0,62.0,1.0,3.1,0.0,3.0,1.2,0.0,0.0,0.0,,,0.0,,0.0,0.0,0.0,,0.6,0.5,30.0,3.8,1.0,0.0,0.0,0.39,86.0,0.02,,,,,,,,,0.0,,,,,,,0.0001,,,,,,,,0.0,6.1,0.25,0.02,0.03,0.04,0.07,0.29,,,,0.0,0.31,,0.0,,,,,,,,,126.0,,,,,,,,,,,,,,,,,,,,,0.37,61.0,3.0,,,,,,,,,,,,,,,,,,,,,,,,,,,,,,,,,,
21744,"Sugar, brown",sugar brown,1,19,Sweets,9,"BEDCA, UGR",,85.0,24.0,320.0,0.1,,,0.0,,,,,,1.1,97.6,,0.0,,,,,22.0,,,,,,,,,,,,0.0,,0.0,,0.0,,0.0,,396.56,0.0,40.0,0.0,,0.0,,,,,,,,,,,0.0,,,,,,,,,,,,,,,,97.6,1.9,,0.02,,,,,,,,,,0.0,,,,,,,,,1659.2,,,,,,,,,,,,,,,,,,,,,,,,,,,,,,,,,,,,,,,,,,,,,,,,,,,,,,,,,
50545,"Sugar, brown",sugar brown,1,19,Sweets,23,McCance and Widdowson's,0.06,56.0,4.0,140.0,0.1,,101.3,0.0,,,,,,0.0,101.3,,0.0,0.0,,,,17.0,,0.0,0.0,0.0,0.0,0.0,0.0,0.0,0.0,,,0.0,,0.0,,0.0,,0.1,0.0,380.0,0.0,31.0,,,0.0,,0.0,,,,,,,,,0.0,,,,,,,0.0,,,,,,,,0.0,101.3,1.7,0.0,0.0,0.0,0.0,0.0,,,,0.0,0.0,,0.0,,,,,,,,,1623.0,,,,,,,,,,,,,,,,,,,,,0.0,0.0,,,,,,,,,,,,,,,,,,,,,,,,,,,,,,,,,,,
237183,"Sugar, vanilla flavoured",sugar vanilla flavoured,0,19,Sweets,37,"Ciqual 2020, ANSES",,,,2.0,,0.01,,,,,,,,0.13,97.2,,,,,,,,,,0.2,,0.2,,0.2,0.0,,,,,,,,,,0.1,0.33,,0.37,3.86,,,,,,,,0.01,0.01,0.01,0.01,0.01,,,0.01,,,,,,,,0.01,0.01,,,0.01,,0.2,99.0,,,,0.053,0.01,0.01,,,,,,,,,,,,,,,,,,,,,,,,,,,,0.01,,0.01,0.01,0.01,,,,0.25,,,,,,,,,,,,,,,,,,,,,,,,,,,,,,,,,,,,,
7828,"Sugars, brown",sugars brown,0,19,Sweets,0,"USDA, 2018",0.047,83.0,4.0,133.0,0.03,0.0,94.56,,,,,,,1.34,97.02,0.0,0.0,0.11,,,0.1,9.0,,,1.11,0.0,1.35,,0.0,0.0,,0.0,0.0,0.0,0.0,0.0,0.0,0.0,0.0,0.12,0.0,380.0,0.0,28.0,0.0,0.0,0.0,0.0,0.0,0.0,0.0,0.0,0.0,0.0,0.0,0.0,1.0,0.0,0.0,,,,,,,0.0,0.0,0.0,0.0,0.0,0.0,0.0,0.0,98.09,0.71,0.0,0.041,0.0,0.0,0.0,,,,1.2,0.064,0.0,0.0,2.3,,,,,,,,1590.0,,,,,,,,,,,,0.0,1.0,0.0,0.0,0.0,0.0,,,0.45,0.132,1.0,0.0,,,,,,,,,,,,,,,,,,,,,,,,,,,,,,,,,,
7829,"Sugars, granulated",sugars granulated,0,19,Sweets,0,"USDA, 2018",0.007,1.0,0.0,2.0,0.01,0.0,99.8,,,,,,,0.02,99.8,0.0,0.0,0.0,,0.0,,0.0,,,0.0,0.0,0.0,,0.0,0.0,,0.0,0.0,0.0,0.0,0.0,0.0,0.0,0.0,0.0,0.0,387.0,0.0,1.0,0.0,0.0,0.0,0.0,0.019,0.0,0.0,0.0,0.0,0.0,0.0,0.0,0.0,0.0,0.0,,,,,,,0.0,0.0,0.0,0.0,0.0,0.0,0.0,0.0,99.98,0.05,0.0,0.0,0.0,0.0,0.0,,,,0.6,0.004,0.0,0.0,0.0,,,,,,,,1618.0,,,,,,,,,,,,0.0,0.0,0.0,0.0,0.0,0.0,,,0.01,0.0,0.0,0.0,,,,,,,,,,,,,,,,,,,,,,,,,,,,,,,,,,
7830,"Sugars, powdered",sugars powdered,0,19,Sweets,0,"USDA, 2018",0.007,1.0,0.0,2.0,0.01,0.0,,1.26,,,,,,0.23,97.81,0.0,0.0,0.0,,,,0.0,,,0.0,0.0,0.0,,0.0,0.0,,0.0,0.0,0.0,0.0,0.0,0.0,0.0,0.0,0.0,0.0,389.0,0.0,2.0,0.0,0.0,0.0,0.0,0.019,0.0,0.0,0.0,0.0,0.0,0.0,0.0,0.0,0.0,0.0,,,,,,,0.0,0.0,0.0,0.0,0.0,0.0,0.0,0.0,99.77,0.06,0.0,0.0,0.0,0.0,0.0,,,,0.6,0.004,0.0,0.0,0.0,,,,,,,,1627.576,,,,,,,,,,,,0.0,0.0,0.0,0.0,0.0,0.0,,,0.01,0.0,0.0,0.0,,,,,,,,,,,,,,,,,,,,,,,,,,,,,,,,,,
900,Sumo de laranja (100%),sumo de laranja 100,1,14,Beverages,1,"TCA, INSA 2015",,6.0,10.0,131.0,0.05,,,0.0,,,,,,88.8,9.5,,41.0,0.2,,,,5.0,,,,,,,,0.0,0.0,,,8.0,,0.0,,0.0,28.0,0.3,0.1,40.62541136,0.0,4.0,50000.0,,0.2,,0.02,,,,,,,,,0.0,,,,,,,0.0001,,,,,,,,,9.5,0.4,0.07,0.07,0.0,0.0,0.1,,,,,,,8.0,,,,,,,,,169.97672113024,,,,,,,,,,,,,,,,,,,,0.36,,,,,0.1,,,,,,,,,,,,,,,,,,,,,,,,,,,,,,,,
209101,Sumo de laranja (100%),sumo de laranja 100,1,14,Beverages,33,"TCA, INSA 2019",,6.0,10.0,130.0,0.1,,,0.0,,,,,,88.8,9.5,,41.0,0.2,,,,5.0,,,,,,,,0.0,0.0,,,,,0.0,,0.0,,0.3,0.1,42.0,0.0,4.0,50.0,,0.2,,0.02,,,,,,,,,0.0,,,,,,,0.1,,,,,,,,,9.5,0.4,0.07,0.07,0.0,0.0,0.1,,,,,,,8.0,,,,,,,,,179.0,,,,,,,,,,,,,,,,,,,,0.36,,28.0,,,,,,,,,,,,,,,,,,,,,,,,,,,,,,,,,,,
22238,Sunflower oil,sunflower oil,1,4,Fats and Oils,11,"CIQUAL, ANSES",0.0042,0.0,0.0,0.0,0.0,29.4,,0.0,,,,,,0.0,0.0,,0.0,0.0,,,,0.0,0.0,0.0,,,,,,0.0,,,,0.0,,0.0,,0.0,,0.0,100.0,900.0,0.0,0.0,0.0,,58.3,,0.0,,,0.0,0.0,0.0,0.0,0.0,,0.0,54.4,,,,,,,,0.0,0.0,,,0.0,,,0.0,0.019,0.0,0.0,10.9,30.8,54.5,,,,0.0,0.0022,,,,,,,,,,,3700.0,,,,,,,,,,,,0.057,,6.04,3.57,0.075,,,,2.6e-05,0.0,0.0,5.4,,,,,,,,,,,,,,,,,,,,,,,,,,,0.0,,,,,,,
50550,Sunflower seeds,sunflower seeds,0,12,Nut and Seed Products,23,McCance and Widdowson's,2.27,110.0,640.0,710.0,5.1,,1.7,16.3,0.92,0.34,,,,4.4,1.7,,0.0,4.1,1.2,,,390.0,,,0.0,,0.0,,0.0,0.0,0.0,,,0.0,,0.0,,0.0,,19.8,47.5,576.0,,3.0,15.0,0.0,37.77,,0.19,,,0.0,0.0,0.0,0.0,,,0.0,,,,,,,0.005,0.09,,0.0,,0.32,0.0,0.0,0.0,18.6,6.4,1.6,,6.58,10.67,28.15,,,,49.0,2.2,,3.0,,,,,,,,,2392.0,,,,,,,,,,,,,,,,,,,,,,,,,28.06,10.58,,,0.09,0.0,0.0,0.0,,,140.4,20.9,15.8,,222.5,,,,,,,,,,,,,,,,,,
50552,"Sushi, salmon nigiri",sushi salmon nigiri,0,22,"Meals, Entrees, and Side Dishes",23,McCance and Widdowson's,0.07,10.0,90.0,132.0,0.4,0.92,1.5,21.9,0.0,0.0,,,,59.8,3.2,,0.0,2.7,0.0,,,13.0,564.0,4.0,0.5,0.0,0.5,0.4,0.7,0.0,0.03,,,2.0,,2.5,0.0,0.5,,8.7,2.5,152.0,1.2,360.0,0.0,0.0,0.17,,0.05,,,,,,,,,21.0,0.28,,,,,,0.0012,0.5,0.1,0.53,0.09,0.5,0.29,0.12,0.0,25.2,0.2,0.04,0.15,0.48,1.0,0.68,,,,8.0,0.18,,2.0,,,,,,,,,644.0,,0.01,,,0.03,0.02,,0.02,,0.03,,0.24,,0.65,0.15,0.08,0.31,,,,0.46,6.0,,,0.28,0.86,0.5,0.03,0.07,,0.01,0.02,,,3.4,1.1,0.0,5.6,4.5,,,,0.01,,,,,,,,,,,,,,
50555,"Swede, boiled in unsalted water, flesh only",swede boiled in unsalted water flesh only,0,11,Vegetables and Vegetable Products,23,McCance and Widdowson's,0.0,26.0,11.0,86.0,0.1,,0.1,0.1,,,,,,95.8,2.2,,15.0,1.0,,,,4.0,9.0,,0.9,0.0,1.2,0.0,0.0,0.0,0.0,,,0.0,,0.0,,0.0,,0.3,0.1,11.0,,14.0,165.0,0.0,0.0,,0.01,,,,,,,,,0.0,,,,,,,0.0001,,,,,,,,0.0,2.3,0.1,0.13,0.04,0.0,0.0,0.1,,,,1.0,0.1,,28.0,,,,,,,,,46.0,,,,,,,,,,,,,,,,,,,,,0.07,18.0,,,,,,,,,,,,,,,,,,,,,,,,,,,,,,,,,,,
81899,"Sweet corn, frozen, raw",sweet corn frozen raw,0,11,Vegetables and Vegetable Products,11,"CIQUAL, ANSES",0.051,4.0,87.0,294.0,0.7,,,,,,,,,71.8,3.78,,7.2,1.68,,,,32.0,,,,,,,,0.0,,,,0.0,,0.0,,0.0,,3.28,0.78,105.0,2.8,5.0,61.0,,0.09,,0.088,,,,,,,,,0.0,,,,,,,,,,,,,,,,19.8,0.68,0.1,0.18,0.12,0.23,0.37,,,,,0.16,,,,,,,,,,,444.0,,,,,,,,,,,,,,0.11,0.007,,,,,0.65,0.29,40.0,0.4,,,,,,,,,,,,,,,,,,,,,,,,,,,3.28,,,,,,,
22424,"Sweet pepper, green, yellow or red, raw",sweet pepper green yellow or red raw,0,11,Vegetables and Vegetable Products,11,"CIQUAL, ANSES",0.0,7.7,22.5,155.0,0.13,0.011,,0.0,,,,,,92.1,2.7,,121.0,0.74,,,,11.9,61.0,0.0,,,,,,0.0,,,,0.0,,0.0,,,,0.8,0.27,26.8,1.5,8.4,834.0,,1.44,,0.041,,,,,,,0.0011,,0.0,0.091,,,,,,,,,,,,,,,4.55,0.4,0.041,0.38,0.071,0.02,0.16,,,,0.1,0.1,,,,,,,,,,,113.0,,,,,,,,,,,,0.0043,,0.043,0.014,0.026,,,,0.58,0.12,40.7,,,,,,,,,,,,,,,,,,,,,,,,,,,,0.8,,,,,,,
50561,"Sweet potato, baked",sweet potato baked,0,11,Vegetables and Vegetable Products,23,McCance and Widdowson's,0.18,31.0,65.0,480.0,0.4,,,13.4,,,,,,65.6,14.5,,23.0,0.5,,,,23.0,85.0,3.0,,0.0,,,,,,,,0.0,,0.0,,0.0,,1.6,0.4,115.0,,52.0,5140.0,0.0,5.96,,0.0,,,,,,,,,0.0,,,,,,,0.0003,,,,,,,,0.0,27.9,0.9,0.09,0.07,0.2,0.0,0.1,,,,1.0,0.5,,855.0,,,,,,,,,488.0,,,,,,,,,,,,,,,,,,,,,0.59,9.0,,,,,,,,,,,,,,,,,,,,,,,,,,,,,,,,,,,
50562,"Sweet potato, boiled in unsalted water, flesh only",sweet potato boiled in unsalted water flesh only,0,11,Vegetables and Vegetable Products,23,McCance and Widdowson's,0.14,23.0,50.0,300.0,0.3,,,8.9,,,,,,74.7,11.6,,17.0,0.5,,,,45.0,65.0,2.0,,0.0,,,,0.0,0.0,,,0.0,,0.0,,0.0,,1.1,0.3,84.0,,40.0,3960.0,0.0,0.28,,0.01,,,,,,,,,0.0,,,,,,,0.0003,,,,,,,,0.0,20.5,0.7,0.07,0.05,0.1,0.0,0.1,,,,1.0,0.4,,660.0,,,,,,,,,358.0,,,,,,,,,,,,,,,,,,,,,0.53,8.0,,,,,,,,,,,,,,,,,,,,,,,,,,,,,,,,,,,
5084,"Sweet potato, cooked, baked in skin, flesh, with salt",sweet potato cooked baked in skin flesh with salt,0,11,Vegetables and Vegetable Products,0,"USDA, 2018",0.161,38.0,54.0,475.0,0.32,0.002,2.28,7.05,0.01,0.0,0.0,0.0,0.0,75.78,6.48,,19.6,1.487,0.0,,34.6,27.0,,,0.5,0.0,0.57,,3.12,0.0,0.0,0.0,0.0,0.0,0.0,0.0,,0.0,0.0,2.01,0.15,90.0,3.3,246.0,,,0.71,,0.106,0.0,0.0,,,0.0,0.0,0.0,6.0,0.0,0.09,0.081,0.198,0.488,0.099,0.039,0.04,0.0,0.0,0.0,0.0,0.0,0.0,0.0,0.0,20.71,0.69,0.107,0.286,0.052,0.002,0.092,0.107,0.07,0.118,0.2,0.497,,,13.1,0.113,0.067,0.07,0.11,0.044,0.114,0.028,378.0,0.0,0.0,0.0,0.0,0.0,0.0,0.0,0.0,0.0,0.0,0.0,0.0,6.0,0.05,0.002,0.006,0.0,0.037,0.084,1.35,0.884,6.0,2.3,0.02,,,,,,,,,,,,,,,,,,,,,,,,,,,,,,,,,
4803,"Sweet potato, cooked, boiled, without skin",sweet potato cooked boiled without skin,0,11,Vegetables and Vegetable Products,0,"USDA, 2018",0.094,27.0,32.0,230.0,0.2,0.0,1.43,5.22,0.0,0.0,0.0,0.0,0.0,80.13,5.74,0.0,12.8,0.538,0.01,,,18.0,,,0.43,0.0,0.54,,3.34,0.0,0.0,0.0,0.0,0.0,0.0,0.0,0.0,0.0,0.0,1.37,0.14,76.0,2.5,27.0,9444.0,0.0,0.94,0.0,0.047,0.0,0.0,0.0,0.0,0.0,0.0,0.0,6.0,0.0,0.061,0.055,0.135,0.335,0.067,0.027,0.028,0.0,0.0,0.0,0.0,0.0,0.0,0.0,0.0,17.72,0.72,0.056,0.165,0.031,0.0,0.061,0.073,0.048,0.081,0.2,0.266,15740.0,787.0,10.8,0.077,0.046,0.048,0.075,0.03,0.078,0.019,320.0,0.0,0.0,0.0,0.0,0.0,0.0,0.0,0.0,0.0,0.0,0.0,0.0,6.0,0.031,0.0,0.0,0.0,0.025,0.058,0.63,0.581,6.0,2.1,0.0,,,,,,,,,,,,,,,,,,,,,,,,,,,,,,,,,
50563,"Sweet potato, raw, flesh only",sweet potato raw flesh only,0,11,Vegetables and Vegetable Products,23,McCance and Widdowson's,0.14,24.0,50.0,370.0,0.3,,4.4,15.6,,,,,,73.7,5.7,,23.0,0.5,,,,18.0,65.0,2.0,0.6,0.0,0.7,,0.0,0.0,0.0,,,0.0,,0.0,,0.0,,1.2,0.3,87.0,,40.0,3960.0,0.0,0.28,,0.0,,,,,,,,,0.0,,,,,,,0.0003,,,,,,,,0.0,21.3,0.7,0.17,0.09,0.1,0.0,0.1,,,,1.0,0.4,,655.0,,,,,,,,,372.0,,,,,,,,,,,,,,,,,,,,,0.59,17.0,,,,,,,,,,,,,,,,,,,,,,,,,,,,,,,,,,,
4801,"Sweet potato, raw, unprepared",sweet potato raw unprepared,0,,,0,"USDA, 2018",0.151,30.0,47.0,337.0,0.3,0.001,2.52,12.65,0.0,0.0,0.0,0.0,0.0,77.28,4.18,0.0,2.4,0.557,0.01,,,25.0,,,0.7,0.0,0.96,,0.0,0.0,0.0,0.0,0.0,0.0,0.0,0.0,0.0,0.0,0.0,1.57,0.05,86.0,3.0,55.0,8509.0,7.0,0.26,0.0,0.061,0.0,0.0,0.0,0.0,0.0,0.0,0.0,11.0,0.0,0.013,0.063,0.155,0.382,0.077,0.031,0.031,0.0,0.0,0.0,0.0,0.0,0.0,0.0,0.0,20.12,0.61,0.078,0.209,0.018,0.001,0.014,0.083,0.055,0.092,0.6,0.258,14187.0,709.0,12.3,0.088,0.052,0.055,0.086,0.034,0.089,0.022,359.824,0.0,0.0,0.0,0.0,0.0,0.0,0.0,0.0,0.0,0.0,0.0,0.0,11.0,0.018,0.001,0.001,0.0,0.029,0.066,0.99,0.8,11.0,1.8,0.01,,,,,,,,,,,,,,,12.0,,,,,,,,,,,,,,,,,,
50567,"Sweetcorn kernels, canned in water, drained",sweetcorn kernels canned in water drained,0,11,Vegetables and Vegetable Products,23,McCance and Widdowson's,0.04,3.0,52.0,158.0,0.4,,7.1,6.2,1.36,0.27,,,,78.7,7.5,,24.0,1.9,0.37,,,16.0,84.0,0.0,0.1,0.0,0.3,1.1,0.0,,0.0,,,0.0,,0.0,22.0,0.0,,2.6,1.7,78.0,3.1,1.0,23.0,13.0,0.63,0.0,0.06,,,,,,,,,0.0,,,,,,,0.0004,,,,,,,,0.0,13.9,0.34,0.26,0.13,0.27,0.41,0.68,,,,0.0,0.1,,7.0,,,,,,,,,330.0,,,,,,,,,,,,,,,,,,,,,0.12,45.0,,,,,,,,,,,,,,,,,,,,,,,,,,,,,,,,,,,
50568,"Sweetcorn, baby, fresh and frozen, boiled in unsalted water",sweetcorn baby fresh and frozen boiled in unsalted water,0,11,Vegetables and Vegetable Products,23,McCance and Widdowson's,0.04,16.0,57.0,170.0,0.6,,0.0,0.8,,,,,,89.8,1.9,,39.0,0.6,,,,21.0,,,0.5,0.0,1.4,,0.0,0.0,0.0,,,0.0,,0.0,,0.0,,2.5,0.4,24.0,,0.0,140.0,0.0,,,0.17,,,,,,,,,0.0,,,,,,,0.0003,,,,,,,,0.0,2.7,0.5,0.07,0.21,,,,,,,,0.4,,23.0,,,,,,,,,101.0,,,,,,,,,,,,,,,,,,,,,,,,,,,,,,,,,,,,,,,,,,,,,,,,,,,,,,,,,
50572,"Sweetcorn, kernels, 'on-the-cob', raw, weighed with core",sweetcorn kernels on the cob raw weighed with core,0,11,Vegetables and Vegetable Products,23,McCance and Widdowson's,0.02,2.0,54.0,213.0,0.2,,0.0,3.5,,,,,,44.8,1.2,,5.0,1.1,,,,22.0,30.0,,0.1,0.0,1.1,,0.0,,0.0,,,0.0,,0.0,,0.0,,2.0,1.1,36.0,,0.0,,,0.19,,0.03,,,,,,,,,0.0,,,,,,,0.0002,,,,,,,,0.0,4.8,0.41,0.09,0.01,0.12,0.3,0.3,,,,0.0,0.1,,2.0,,,,,,,,,150.0,,,,,,,,,,,,,,,,,,,,,0.43,24.0,,,,,,,,,,,,,,,,,,,,,,,,,,,,,,,,,,,
50571,"Sweetcorn, kernels, boiled 'on the cob' in unsalted water, weighed with core",sweetcorn kernels boiled on the cob in unsalted water weighed with core,0,11,Vegetables and Vegetable Products,23,McCance and Widdowson's,0.05,2.0,63.0,196.0,0.5,,0.0,4.0,,,,,,44.8,1.5,,4.0,1.3,,,,25.0,37.0,0.0,0.1,0.0,1.4,0.6,0.0,0.0,0.0,,,0.0,,0.0,,0.0,,2.1,1.1,39.0,3.0,0.0,,,0.25,,0.05,,,,,,,,,0.0,,,,,,,0.0004,,,,,,,,0.0,5.6,0.38,0.15,0.01,0.15,0.3,0.45,,,,0.0,0.19,,3.0,,,,,,,,,166.0,,,,,,,,,,,,,,,,,,,,,0.24,16.0,0.22,,,,,,,,,,,,,,,,,,,,,,,,,,,,,,,,,,
50581,"Syrup, golden",syrup golden,0,19,Sweets,23,McCance and Widdowson's,0.06,16.0,1.0,58.0,0.1,,32.8,0.0,,,,,,20.0,79.0,,0.0,0.0,,,,3.0,42.0,0.0,23.0,0.0,23.1,0.0,0.0,0.0,0.0,,,0.0,,0.0,,0.0,,0.3,0.0,298.0,0.0,270.0,,,0.0,,0.0,,,,,,,,,0.0,,,,,,,0.0,,,,,,,,0.0,79.0,0.4,0.0,0.0,0.0,0.0,0.0,,,,0.0,0.01,,0.0,,,,,,,,,1269.0,,,,,,,,,,,,,,,,,,,,,0.0,0.0,,,,,,,,,,,,,,,,,,,,,,,,,,,,,,,,,,,
7839,"Syrups, maple",syrups maple,0,19,Sweets,0,"USDA, 2018",0.018,102.0,2.0,212.0,1.47,0.011,58.32,,,,,,,32.39,60.46,0.0,0.0,0.081,,,,21.0,,,0.52,0.0,1.6,,0.0,0.0,,0.0,0.0,0.0,0.0,0.0,0.0,0.0,0.0,0.04,0.06,260.0,0.0,12.0,0.0,0.0,0.0,0.0,1.27,0.0,0.0,0.0,0.0,0.0,0.0,0.0,0.0,0.0,0.017,,,,,,,0.0,0.0,0.0,0.0,0.0,0.0,0.0,0.0,67.04,0.11,0.066,0.002,0.007,0.011,0.017,,,,0.6,2.908,0.0,0.0,1.6,,,,,,,,1088.0,,,,,,,,,,,,0.0,0.0,0.006,0.001,0.0,0.0,,,0.47,0.036,0.0,0.0,,,,,,,,,,,,,,,,,,,,,,,,,,,,,,,,,,
50582,"Szechuan prawns with vegetables, takeaway",szechuan prawns with vegetables takeaway,0,22,"Meals, Entrees, and Side Dishes",23,McCance and Widdowson's,0.11,40.0,65.0,102.0,0.4,,0.0,1.2,1.27,0.08,,,,81.1,0.8,219.0,2.0,0.4,0.0,,,15.0,827.0,,0.4,,0.4,,0.0,0.0,0.0,,,0.0,,,17.0,,,7.8,4.7,83.0,1.2,536.0,510.0,100.0,1.99,407.0,,,,0.0,0.0,0.0,0.0,0.0,,55.6,,,,,,,,,,0.0,,,0.02,0.01,0.0,2.5,1.13,0.02,0.06,0.66,2.42,1.39,,,,,0.0,,95.0,,,,,,,,,347.0,,0.02,0.01,,0.01,0.01,0.05,,,,,0.01,,0.39,0.14,,,,,,,12.0,,,1.02,2.29,0.01,0.0,0.31,0.0,0.0,0.02,,,14.2,8.4,1.1,,,,,,,,,,,,,,,,,,,,
341828,"TAGLIOLINI WITH CUTTLEFISH INK, PECORINO OCTOPUS RAGU AND SAFFRON",tagliolini with cuttlefish ink pecorino octopus ragu and saffron,0,,,19,My recipes,0.17603537862175367,116.35249522745688,164.0372281252718,220.82985025430673,1.1849256307310576,0.5199345806800131,0.38235326432792976,31.702046814413308,0.6546509977705243,0.007691004729052314,0.0,0.001281834121508719,0.0,47.32341292912831,1.1685332613064636,64.47625631188855,5.304783530262731,1.2484139591735832,0.07608601106955323,0.14100175336595908,0.03848706949829928,23.35275159428119,193.41183041334574,0.3870681249055792,0.25011490727303526,1.2589442264817773e-05,0.2727271478732998,0.708671150034106,0.039370619446339225,0.0,0.004876783695069974,0.0,0.0,75.17041526847558,10.511039796371493,0.30214661435562656,1.156008368545622,4.499787123976249,0.0,11.3525494765081,6.825606467768739,229.9563260802886,1.7103901811506292,356.6690853655745,60.51321433639906,0.0,1.1218616809423312,0.0,0.134557332320074,0.0,0.0,0.0005127336486034876,2.0600905524247265e-07,0.0005133287858741881,0.0007720990491537606,8.011463259429493e-07,6.025192618466653,68.63690675114564,0.28993844907227256,0.0553816432197842,0.21446366686962376,0.17036948868552487,0.09422144600044864,0.039611650040972925,0.022194728914973202,4.120181104849453e-07,0.024100862033446715,0.02647903056716582,0.0,0.011343293489656056,0.01785430124017451,0.0009014956257410605,0.01831191602155313,33.50040354884933,2.3648111354761325,0.13177753768821218,0.19336996479534144,2.482212995051205,2.6738398943402446,0.5974758397157991,0.07127409733698964,0.08601656312804151,0.13921634155385768,5.727930707709774,0.43958274010355386,69.22270494467513,64.64376456369571,37.661142572000166,0.12447158677330307,0.06563883408030692,0.10511772273012356,0.10998915018975723,0.06396787174334019,0.08716998493844909,0.03486749039768905,962.1372683199291,0.01281834121508719,0.0003889679861928154,0.004453801324867124,0.0008972838850561033,0.00102587931531746,0.002821042222700367,0.00394830088309215,0.002307690546931152,0.0015382009458104627,0.002948401598630269,0.0,0.010187445350375624,6.025192618466653,0.4813103549307123,0.12451285725403664,0.006166194371832611,0.025765460979595953,0.04871152780893347,0.11691174114275513,0.6314321749520458,0.5402085956133805,18.304568365249477,0.34841167018408054,0.007691004729052314,0.2868597581911489,0.5169815553225873,4.120181104849453e-07,0.0,0.0046279934260221485,0.0015382009458104627,0.0028202181864793972,,,,8.267830083731235,2.559090264012049,0.1574824777853569,0.2563668243017438,12.525716797062767,0.0,0.002953025357425711,0.0003845502364526157,0.0016677119718728972,0.0001281834121508719,0.0015392081011916482,0.0033375755938783265,0.025380910743143338,0.0015395285597220255,0.0015391623214015943,,,0.0,,,,,
7363,"Taco shells, baked",taco shells baked,0,18,Baked Products,0,"USDA, 2018",0.113,100.0,233.0,231.0,1.61,6.854,1.0,54.94,,,,,,6.4,1.5,106.0,0.0,1.867,,,0.4,83.0,,,0.1,0.1,0.1,,0.1,0.0,0.172,0.0,0.0,0.0,0.0,0.0,13.0,0.0,24.0,6.41,21.79,476.0,6.7,324.0,3.0,3.0,0.69,3.0,0.08,0.0,0.0,0.006,0.004,0.057,0.053,0.342,85.0,0.0,5.182,0.25,1.257,0.54,0.457,0.167,0.04,0.002,0.0,0.0,0.0,0.043,0.0,0.0,0.1,63.49,1.64,0.216,0.203,7.105,6.935,5.495,0.227,0.22,0.837,4.8,0.56,17.0,1.0,29.9,0.367,0.77,0.287,0.287,0.223,0.29,0.14,1991.584,,0.067,0.0,0.0,0.008,0.012,0.019,0.005,0.007,0.0,0.0,0.251,46.0,5.53,0.757,0.284,0.028,0.18,0.197,1.9,,69.0,8.6,,5.097,6.759,0.001,0.0,0.27,0.014,0.0,,,,,,,,,0.001,0.095,0.0,0.0,0.0,0.076,0.096,0.028,0.009,0.076,,,0.0,,,,,
7428,"Taco shells, baked, without added salt",taco shells baked without added salt,0,18,Baked Products,0,"USDA, 2018",0.12,160.0,248.0,179.0,1.4,8.837,,,,,,,,6.0,,,0.0,1.35,,,,105.0,,,,,,,,,,,,0.0,,,,0.0,99.0,7.2,22.6,468.0,7.5,15.0,,,,,0.053,,,,,,,,174.0,0.0,7.941,0.297,1.354,0.502,0.54,0.221,0.052,,,,,,,,,62.4,2.5,0.228,0.296,3.245,8.934,8.494,0.271,0.259,0.886,,0.435,0.0,0.0,,0.343,0.63,0.36,0.366,0.294,0.354,0.13,1958.112,,,,,,,,,,,,0.019,6.0,2.217,0.994,0.534,0.078,0.151,0.203,1.8,0.47,105.0,,,,,,,,,,,,,,,,,,,,,,,,,,,,,,,,,,,
426871,"Tagliolini with squid, artichokes and mint",tagliolini with squid artichokes and mint,0,,,19,My recipes,0.1579225736095965,74.46837513631405,86.79525627044711,325.8287895310796,0.7922164667393675,0.040224918211559435,0.06270447110141766,10.47928026172301,0.18811341330425302,0.0,,,,72.98278353326063,1.3790212649945475,0.5725190839694656,8.221101417666302,1.0246087786259541,0.023827699018538713,,,8.011177753544166,426.3222464558342,3.026172300981461,0.0005452562704471102,0.0005452562704471102,0.00770174482006543,0.2257360959651036,0.012540894220283535,0.0,0.0,0.0,0.0,2.044711014176663,0.0,0.0,0.0,0.4098009814612868,0.0,5.406215921483097,1.6441384950926936,81.3992639040349,4.319247546346783,378.7077426390403,75.84514721919301,0.0,0.6364776444929117,0.0,0.1038345147219193,0.0,0.0,0.0,0.0,0.0,0.0,0.0,0.2862595419847328,30.672955288985822,0.04258996728462377,0.011192748091603054,0.04236641221374045,0.03317748091603053,0.01883587786259542,0.0075286259541984734,0.005738822246455833,0.0,0.0,0.0,0.0,0.01613958560523446,0.0,0.0,0.0,12.050081788440568,1.0362868047982552,0.09076199563794983,0.13801117775354413,0.3048364231188659,0.8667243729552889,0.25104143947655394,0.012967557251908396,0.016001908396946565,0.026793893129770992,9.649945474372956,0.12738140676117776,0.0,14.630588876772082,0.0715648854961832,0.022814885496183202,0.01170801526717557,0.0178912213740458,0.020896946564885496,0.012767175572519083,0.01883587786259542,0.008244274809160304,340.574520174482,,0.0,0.0012540894220283531,0.0,0.0,0.0,0.0012540894220283531,0.0,0.0,0.0,0.0,0.0,0.2862595419847328,0.09122955288985823,0.002594056706652126,0.0,0.0,0.011335877862595418,0.02175572519083969,0.01717557251908397,0.1558983097055616,50.607960741548524,0.5416030534351145,,0.028844056706652126,0.02633587786259542,0.0,,0.0,0.0,,,0.0,,2.633587786259542,0.8151581243184297,0.05016357688113414,0.0,3.9880043620501633,,,,0.0,,0.0,0.0,,,,,,,0.0,,0.0,0.0,
235600,Tahini (sesame paste),tahini sesame paste,1,12,Nut and Seed Products,37,"Ciqual 2020, ANSES",1.61,284.0,761.0,437.0,4.62,,,,,,,,,3.03,0.49,,4.2,5.55,,,,95.0,,,,,,,,0.0,,,,0.0,,0.0,,0.0,,20.3,53.4,,7.0,75.0,40.0,,0.25,,0.3,,,0.0,0.0,0.0,0.0,0.0,,0.0,,,,,,,,,,0.0,,,0.0,,,13.8,6.69,1.41,0.15,7.48,20.2,23.4,,,,,1.46,,,,,,,,,,,,,,,,,,,,,,,0.13,,4.77,2.25,,,,,5.05,0.69,98.0,,,,,,,,,,,,,,,,,,,,,,,,,,,,,,,,,,,
50584,Tahini paste,tahini paste,0,12,Nut and Seed Products,23,McCance and Widdowson's,1.48,680.0,730.0,580.0,5.4,,0.2,0.5,23.17,0.29,,,,3.1,0.4,,0.0,5.1,0.0,,,380.0,10.0,,0.1,,0.1,11.0,0.0,0.0,,,,0.0,,0.0,,0.0,,18.5,58.9,607.0,,20.0,6.0,0.0,2.57,,0.17,,,,,,,,,0.0,,,,,,,0.0041,,,,,,,,0.0,0.9,10.6,0.94,0.76,8.4,22.0,25.8,,,,,1.5,,1.0,,,,,,,,,2508.0,,,,,,,,,,,,,,,,,,,,,2.17,99.0,,,,,,,,,,,,,,,,,,,,,,,,,,,,,,,,,,,
27487,Tangerines,tangerines,0,9,Fruits and Fruit Juices,14,"FCDBE, IEO",,30.0,19.0,160.0,0.1,,,0.0,,,,,,85.3,12.8,,37.0,0.3,,,,,,,,,,,,0.0,,,,0.0,,0.0,,,,0.8,0.2,53.0,2.2,2.0,150.0,,0.24,,0.07,,,,,,,,,0.0,,,,,,,,,,,,,,,,12.8,0.3,0.08,0.07,0.02,0.04,0.04,,,,,,,25.0,,,,,,,,,221.75,,,,,,,,,,,,,,,,,,,,,,33.0,,,,,,,,,,,,,,,,,,,,,,,,,,,,,,,,,,,
3904,"Tangerines, (mandarin oranges), raw",tangerines mandarin oranges raw,0,9,Fruits and Fruit Juices,0,"USDA, 2018",0.042,37.0,20.0,166.0,0.07,0.053,6.05,0.0,0.0,0.0,0.0,0.0,0.0,85.17,10.58,138.0,26.7,0.376,0.0,,0.1,12.0,,,2.4,0.0,2.13,,0.0,0.0,0.0,0.0,0.0,0.0,0.0,0.0,407.0,0.0,0.0,0.81,0.31,53.0,1.8,2.0,155.0,101.0,0.2,0.0,0.036,0.0,0.0,0.0,0.0,0.0,0.0,0.0,16.0,0.0,0.048,0.019,0.061,0.129,0.028,0.011,0.002,0.0,0.0,0.0,0.0,0.0,0.0,0.0,0.0,13.34,0.15,0.058,0.078,0.039,0.06,0.065,0.016,0.017,0.028,0.1,0.039,681.0,34.0,10.2,0.033,0.074,0.068,0.021,0.015,0.018,0.002,223.0,0.0,,,,,,,,,,,0.002,16.0,0.035,0.002,0.018,0.007,0.002,0.032,0.38,0.216,16.0,0.0,0.05,,,,,,,,,,,,,,,,,,,,,,,,,,,,,,,,,
961,Tapioca,tapioca,0,6,"Soups, Sauces, and Gravies",1,"TCA, INSA 2015",,12.0,6.0,20.0,0.0,,,86.6,,,,,,10.6,0.9,,0.0,0.3,,,,2.0,,,,,,,,0.0,0.0,,,0.0,,0.0,,0.0,10.0,0.3,0.2,363.716918176,1.7,4.0,0.0,,0.0,,0.0,,,,,,,,,0.0,,,,,,,0.0001,,,,,,,,,87.5,0.9,0.02,0.0,0.1,0.0,0.1,,,,,,,0.0,,,,,,,,,1521.791585648384,,,,,,,,,,,,,,,,,,,,0.1,,,,,0.1,,,,,,,,,,,,,,,,,,,,,,,,,,,,,,,,
53415,Tarrina de queso tipo Burgos 0%,tarrina de queso tipo burgos 0,0,1,Dairy and Egg Products,5,My foods,,,,,,,,,,,,,,,,,,,,,,,,,,,,,,,,,,,,,,,,18.3,0.2,68.0,,,,,,,,,,,,,,,,,,,,,,,,,,,,,,,,4.4,,,,,,,,,,,,,,,,,,,,,,284.512,,,,,,,,,,,,,,,,,,,,,,,,,,,,,,,,,,,,,,,,,,,,,,,,,,,,,,,,,
50614,"Tea, herbal, infusion",tea herbal infusion,0,14,Beverages,23,McCance and Widdowson's,0.02,2.0,0.0,9.0,0.0,,0.0,0.0,,,,,,99.7,0.0,,0.0,0.0,,,,1.0,0.0,0.0,0.0,0.0,0.0,0.0,0.0,0.0,0.0,,,0.0,,0.0,,0.0,,0.0,0.0,1.0,0.0,0.0,,,0.0,,0.0,,,,,,,,,0.0,,,,,,,0.0,,,,,,,,0.0,0.2,0.1,0.01,0.0,0.0,0.0,0.0,,,,0.0,0.04,,0.0,,,,,,,,,3.0,,,,,,,,,,,,,,,,,,,,,0.01,1.0,,,,,,,,,,,,,,,,,,,,,,,,,,,,,,,,,,,
50615,"Tea, infusion, average, with semi-skimmed milk",tea infusion average with semi skimmed milk,0,14,Beverages,23,McCance and Widdowson's,0.01,16.0,15.0,44.0,0.1,,0.0,0.0,,,,,,98.2,0.7,,0.0,0.0,,,,3.0,14.0,2.0,0.0,0.0,0.0,1.0,0.0,0.0,,,,3.0,,0.0,,0.0,,0.5,0.2,7.0,,7.0,,,0.0,,0.04,,,,,,,,,1.0,,,,,,,0.0001,,,,,,,,0.7,0.7,0.0,0.01,0.01,0.1,0.1,0.0,,,,0.0,0.13,,3.0,,,,,,,,,28.0,,,,,,,,,,,,,,,,,,,,,0.08,3.0,,,,,,,,,,,,,,,,,,,,,,,,,,,,,,,,,,,
50617,Tempeh,tempeh,0,16,Legumes and Legume Products,23,McCance and Widdowson's,0.67,120.0,200.0,370.0,1.8,,0.9,4.6,,,,,,61.0,0.9,,0.0,3.2,,,,70.0,,,0.0,0.0,0.0,53.0,0.0,,,,,0.0,,0.0,,0.1,,20.7,6.4,166.0,,6.0,30.0,0.0,,,0.48,,,,,,,,,0.0,,,,,,,0.0047,,,,,,,,0.0,6.4,3.6,0.19,1.86,,,,,,,,1.4,,5.0,,,,,,,,,697.0,,,,,,,,,,,,,,,,,,,,,1.06,76.0,,,,,,,,,,,,,,,,,,,,,,,,,,,,,,,,,,,
6433,"Tempeh, cooked",tempeh cooked,0,16,Legumes and Legume Products,0,"USDA, 2018",0.54,96.0,253.0,401.0,1.57,3.475,,,,,,,,59.56,,,,2.135,,,,77.0,,,,,,,,,0.0,,,,0.0,0.0,,0.14,0.0,19.91,11.38,195.0,,14.0,,,,,0.357,,,,,0.0,0.0,0.0,21.0,,2.518,,,,,,,0.0,0.0,,,0.1,,,,7.62,2.13,0.054,0.199,3.4,3.745,2.638,,,,0.0,1.285,,,,,,,,,,,817.0,,0.1,0.2,0.0,0.0,0.05,0.0,,0.07,0.0,,0.05,21.0,2.2,0.8,0.12,0.1,,,1.53,0.453,21.0,,,,,,,,,,,,,,,,,,,,,,,,,,,,,,,,,,,
65069,Thai Chilli Pepper,thai chilli pepper,0,2,Spices and Herbs,5,My foods,,,,9.7,,,,,,,,,,,,,,,,,,,,,,,,,,,,,,,,,,,,0.1,0.0,1.2,,0.3,,,,,,,,,,,,,,,,,,,,,,,,,,,,,,0.3,,,,,,,,,,,,,,,,,,,,,,5.0207999999999995,,,,,,,,,,,,,,,,,,,,,,,,,,,,,,,,,,,,,,,,,,,,,,,,,,,,,,,,,
1838,"Thyme, fresh",thyme fresh,1,2,Spices and Herbs,0,"USDA, 2018",0.555,405.0,106.0,609.0,1.81,0.081,,,,,,,,65.11,,,160.1,1.824,,,,160.0,,,,,,,,,0.0,,,0.0,0.0,0.0,,0.0,0.0,5.56,1.68,101.0,14.0,9.0,2851.0,,,,0.471,,,,,0.041,0.021,0.039,45.0,0.0,0.085,,,,,,0.114,,,,,,,,,24.45,17.45,0.048,0.348,0.467,0.081,0.532,0.154,0.285,0.262,,1.719,4751.0,238.0,,,,,0.307,,,,423.0,,,,,,,,,,,,0.026,45.0,0.293,0.047,0.447,,,0.126,3.2,0.409,45.0,,,,,,,,,,,,,,,,,,,,,,,,,,,,,,,,,,,
50620,"Thyme, fresh",thyme fresh,1,2,Spices and Herbs,23,McCance and Widdowson's,,630.0,67.0,270.0,2.1,,,,,,,,,69.3,0.6,,17.0,1.6,,,,73.0,,,,0.0,,,0.0,0.0,0.0,,,0.0,,0.0,,0.0,,3.0,2.5,95.0,12.3,18.0,,,,,0.13,,,,,,,,,0.0,,,,,,,0.001,,,,,,,,0.0,15.1,,0.16,0.18,1.2,0.2,0.5,,,,2.0,2.62,,125.0,,,,,,,,,401.0,,,,,,,,,,,,,,,,,,,,,,91.0,,,,,,,,,,,,,,,,,,,,,,,,,,,,,,,,,,,
50622,"Tilapia, raw",tilapia raw,0,15,Finfish and Shellfish Products,23,McCance and Widdowson's,,120.0,350.0,450.0,,,0.0,0.0,,,,,,79.3,0.0,,0.0,3.1,,,,,,,0.0,,0.0,,0.0,,,,,,,0.0,,2.0,,17.8,1.5,85.0,,52.0,,,,,0.09,,,,,,,,,,,,,,,,0.0033,,,,,,,,0.0,0.0,1.9,0.03,0.32,0.3,0.4,0.3,,,,,,,,,,,,,,,,358.0,,,,,,,,,,,,,,,,,,,,,,,,,,,,,,,,,,,,,,,,,,,,,,,,,,,,,,,,,
205483,Tiramisù,tiramis,0,,,19,My recipes,0.14453781512605043,50.99663865546218,100.57983193277312,96.58823529411765,0.9485714285714286,1.281764705882353,0.5899159663865546,2.9823529411764707,0.008067226890756302,0.0,,,,37.288067226890746,22.85789915966387,48.2016806722689,0.20588235294117646,0.0870672268907563,0.012100840336134453,,,20.18151260504202,11.929411764705883,11.764705882352942,0.08991596638655462,0.0,0.09798319327731092,0.2823529411764706,0.0,0.9865546218487394,0.004941176470588235,0.0,0.0,221.35798319327728,12.0,0.5814285714285714,1.6134453781512605,0.46941176470588236,0.0,5.866554621848739,26.755630252100843,380.0955882352941,0.13899159663865548,53.98151260504202,136.45378151260505,1.8151260504201683,1.059495798319328,0.0,0.17170588235294115,0.0,0.0,0.0,0.0,0.0006050420168067227,0.0006050420168067227,0.0006050420168067227,7.613445378151261,174.79831932773112,0.49229411764705877,0.024,0.09791596638655463,0.07578151260504201,0.04089075630252101,0.02011764705882353,0.011442857142857142,0.0,0.051193277310924365,0.025932773109243697,0.0018151260504201678,0.0029243697478991597,0.0006722689075630252,0.0011092436974789914,0.6378151260504202,27.222100840336136,0.7341176470588235,0.034126050420168065,0.06327731092436975,15.079991596638656,8.430613445378151,1.3249831932773108,0.035596638655462184,0.03932773109243698,0.06811764705882352,9.078991596638655,0.010319327731092436,74.0672268907563,219.9495798319328,32.23361344537815,0.06559663865546218,0.031008403361344535,0.05500840336134453,0.04578151260504202,0.034386554621848746,0.03473949579831932,0.013815126050420169,1590.31994117647,,0.00015126050420168066,0.0,0.0011092436974789914,0.0011092436974789914,0.0025714285714285713,0.0,0.002369747899159664,0.0,0.0,0.0,0.011230252100840337,7.613445378151261,0.7758067226890757,0.24384033613445377,0.019991596638655462,0.027478991596638656,0.018907563025210083,0.059596638655462185,0.27025210084033613,0.5561092436974789,25.098319327731097,0.12016806722689075,,0.200672268907563,0.4669411764705882,0.0,,0.0046890756302521005,0.0015630252100840335,,,0.0,,,,,0.3670588235294117,,,0.003478991596638656,,,,0.0014621848739495799,0.003478991596638656,,,,0.0,,,,,0.0,0.0014621848739495799,
50625,"Toad in the hole, homemade",toad in the hole homemade,0,22,"Meals, Entrees, and Side Dishes",23,McCance and Widdowson's,0.08,126.0,186.0,201.0,1.0,,0.1,16.9,,,,,,47.3,3.3,,3.0,1.9,,,,17.0,503.0,22.0,0.0,,0.7,7.1000000000000005,1.0,,0.12,,,26.0,,1.1,,1.2,,12.0,17.9,285.0,2.4,334.0,,,0.77,,0.19,,,,,,,,,94.6,,,,,,,0.002,,,,,,,,1.5,20.2,1.15,0.07,0.11,6.56,7.71,2.4,,,,8.0,0.22,,26.0,,,,,,,,,1190.0,,,,,,,,,,,,,,,,,,,,,0.77,10.0,,,,,,,,,,,,,,,,,,,,,,,,,,,,,,,,,,,
23132,"Toasted bread, home-made",toasted bread home made,0,20,Cereal Grains and Pasta,11,"CIQUAL, ANSES",0.11,78.3,122.0,222.0,0.63,0.12,,63.3,,,,,,13.2,3.1,,0.0,1.68,,,,29.1,1.9,0.0,,,,,,0.0,,,,0.0,,0.0,,,,9.56,1.16,338.0,4.2,848.0,0.0,,0.28,,0.058,,,,,,,,,,0.38,,,,,,,,,,,,,,,69.4,1.16,0.18,0.14,0.57,0.24,,,,,0.0,0.62,,,,,,,,,,,1430.0,,,,,,,,,,,,0.0021,,0.24,0.012,0.019,,,,2.57,0.25,42.1,,,,,,,,,,,,,,,,,,,,,,,,,,,,0.0,,,,,,,
50628,"Tofu burger, baked",tofu burger baked,0,22,"Meals, Entrees, and Side Dishes",23,McCance and Widdowson's,0.17,330.0,124.0,142.0,1.0,,1.5,11.1,,,,,,73.5,2.6,,0.0,0.4,,,,34.0,404.0,,0.5,,0.6,,0.0,,0.0,,,0.0,,0.0,,0.0,,7.3,4.0,115.0,,211.0,,,0.8,,0.04,,,,,,,,,0.0,,,,,,,0.0015,,,,,,,,0.0,13.2,1.64,0.2,0.24,0.51,0.95,1.75,,,,,0.86,,164.0,,,,,,,,,483.0,,,,,,,,,,,,,,,,,,,,,0.25,16.0,,,,,,,,,,,,,,,,,,,,,,,,,,,,,,,,,,,
50629,Tofu spread,tofu spread,0,22,"Meals, Entrees, and Side Dishes",23,McCance and Widdowson's,0.1,248.0,55.0,110.0,0.4,,1.2,0.3,,,,,,69.6,2.3,,3.0,0.3,,,,15.0,,,0.5,,0.6,,0.0,,0.01,,,19.0,,0.0,,0.1,,4.4,20.1,208.0,,246.0,,,5.86,,0.05,,,,,,,,,13.8,,,,,,,0.0008,,,,,,,,0.0,2.4,0.96,0.05,0.07,1.61,11.39,5.81,,,,,0.23,,54.0,,,,,,,,,858.0,,,,,,,,,,,,,,,,,,,,,0.08,15.0,,,,,,,,,,,,,,,,,,,,,,,,,,,,,,,,,,,
6420,"Tofu, extra firm, prepared with nigari",tofu extra firm prepared with nigari,0,16,Legumes and Legume Products,0,"USDA, 2018",0.2,282.0,111.0,130.0,1.07,1.246,,,,,,,,82.31,0.71,0.0,0.5,0.241,,,,35.0,,,,,,,,0.0,0.0,0.0,0.0,0.0,0.0,0.0,0.0,0.0,0.0,9.98,5.26,83.0,1.0,4.0,0.0,0.0,0.01,0.0,0.048,0.0,0.0,0.0,0.0,0.0,0.0,0.0,9.0,0.0,2.386,0.423,1.899,1.176,0.447,0.249,0.135,0.0,0.0,0.0,0.0,0.018,0.0,0.0,,1.18,2.04,0.048,0.083,0.919,1.318,2.657,0.453,0.49,0.804,13.0,0.666,0.0,0.0,33.0,0.586,0.626,0.79,0.503,0.405,0.482,0.033,349.0,,0.0,0.0,0.0,0.0,0.009,0.0,0.0,0.018,0.0,0.036,0.009,9.0,0.631,0.27,0.261,0.0,0.122,0.51,1.28,0.844,9.0,2.8,,,,,,,,,,,,,,,,,,,,,,,,,,,,0.0,,,,,,
6400,"Tofu, fried",tofu fried,0,16,Legumes and Legume Products,0,"USDA, 2018",0.398,372.0,287.0,146.0,1.99,4.4,,,,,,,,50.52,2.72,0.0,0.0,0.1,,,,60.0,,,,,,,,0.0,0.0,0.0,0.0,0.0,0.0,0.0,0.0,0.0,0.0,18.82,20.18,270.0,3.9,16.0,16.0,0.0,0.04,0.0,0.05,0.0,0.0,0.0,0.0,0.0,0.0,0.0,27.0,0.0,10.044,0.671,2.97,1.899,0.704,0.499,0.268,0.0,0.0,0.0,0.0,0.0,0.0,0.0,,8.86,4.87,0.17,0.099,2.918,4.456,11.39,0.701,0.852,1.306,28.5,1.495,27.0,1.0,106.3,0.809,0.927,1.143,0.867,0.575,0.837,0.238,1131.0,,,,,,,,,,,,0.056,27.0,2.141,0.72,1.346,0.056,0.22,1.131,1.62,0.14,27.0,7.8,,,,,,,,,,,,,,,,,,,,,,,,,,,,,,,,,,
22517,"Tofu, plain",tofu plain,0,25,Restaurant Foods,11,"CIQUAL, ANSES",0.23,80.2,143.0,170.0,1.66,,,0.0,,,,,,81.4,1.6,,0.1,0.22,,,,134.0,,2.0,,,,,,0.0,,,,0.0,,0.0,,0.0,,9.91,5.32,99.8,0.65,139.0,25.0,,0.6,,0.063,,,0.0,0.0,0.0,0.0,0.0,,0.0,,,,,,,,,,0.0,,,0.0,,,1.78,2.9,0.071,0.059,0.66,1.01,2.58,,,,0.0,0.89,,,,,,,,,,,417.0,,,,,,,,,,,,0.012,,0.49,0.16,0.82,,,,0.98,0.092,18.5,4.6,,,,,,,,,,,,,,,,,,,,,,,,,,,0.0,,,,,,,
50630,"Tofu, soya bean, steamed",tofu soya bean steamed,0,16,Legumes and Legume Products,23,McCance and Widdowson's,0.2,,95.0,63.0,0.7,,0.2,0.3,,,,,,85.0,0.3,,0.0,0.1,,,,23.0,,,0.0,0.0,0.0,,0.0,0.0,0.0,,,0.0,,0.0,,0.0,,8.1,4.2,73.0,,4.0,2.0,0.0,0.95,,0.02,,,,,,,,,0.0,,,,,,,0.0013,,,,,,,,0.0,0.7,1.2,0.06,0.07,0.5,0.8,2.0,,,,,0.4,,0.0,,,,,,,,,304.0,,,,,,,,,,,,,,,,,,,,,0.05,15.0,,,,,,,,,,,,,,,,,,,,,,,,,,,,,,,,,,,
50631,"Tofu, soya bean, steamed, fried",tofu soya bean steamed fried,0,16,Legumes and Legume Products,23,McCance and Widdowson's,0.58,,270.0,180.0,2.0,,0.6,0.9,,,,,,51.0,0.9,,0.0,0.1,,,,67.0,,,0.1,0.0,0.1,,0.0,0.0,0.0,,,0.0,,0.0,,0.0,,23.5,17.7,261.0,,12.0,2.0,0.0,,,0.02,,,,,,,,,0.0,,,,,,,0.0038,,,,,,,,0.0,2.0,3.5,0.09,0.1,,,,,,,,1.2,,0.0,,,,,,,,,1086.0,,,,,,,,,,,,,,,,,,,,,0.14,27.0,,,,,,,,,,,,,,,,,,,,,,,,,,,,,,,,,,,
428057,"Toma Paesana, cheese, Italy",toma paesana cheese italy,0,4,Fats and Oils,5,My foods,,,,,,,,,,,,,,,3.5,,,,,,,,,,,,,,,,,,,,,,,,,23.0,24.0,340.0,,1.2,,,,,,,,,,,,,,,,,,,,,,,,,,,,,,0.5,,,,19.5,,,,,,,,,,,,,,,,,,1422.56,,,,,,,,,,,,,,,,,,,,,,,,,,,,,,,,,,,,,,,,,,,,,,,,,,,,,,,,,
209067,Tomate cherry cru,tomate cherry cru,0,11,Vegetables and Vegetable Products,33,"TCA, INSA 2019",,8.5,32.0,310.0,0.1,,,0.0,,,,,,91.7,4.0,,19.5,0.7,,,,12.0,,,,,,,,0.0,0.0,,,,,0.0,,0.0,,1.0,0.8,30.0,1.6,3.5,479.0,,0.71,,0.02,,,,,,,,,0.0,,,,,,,0.1,,,,,,,,,4.0,0.3,0.05,0.08,0.1,0.1,0.4,,,,,,,105.0,,,,,,,,,127.0,,,,,,,,,,,,,,,,,,,,0.5,,22.0,,,,,,,,,,,,,,,,,,,,,,,,,,,,,,,,,,,
1119,Tomate com semente cru,tomate com semente cru,0,11,Vegetables and Vegetable Products,2,"TACO, NEPA",0.03666666666667,6.94,20.1933333333333,222.386666666667,0.13666666666667,,,,,,,,,95.1266666666667,,,21.2133333333333,,,,,10.54,,,,,,,,,,,,,,,,,,1.09782608695652,0.17333333333333,15.3351565217392,1.17333333333333,1.02,,,,,,,,,,,,,,,,,,,,,,,,,,,,,,3.13884057971015,0.23666666666667,0.11666666666667,0.02333333333333,,,,,,,,0.06666666666667,,27.0,,,,,,,,,64.16229488695681,,,,,,,,,,,,,,,,,,,,0.46333333333333,,,,,,,,,,,,,,,,,,,,,,,,,,,,,,,,,,,,,
700,Tomate cru,tomate cru,0,11,Vegetables and Vegetable Products,1,"TCA, INSA 2015",,11.0,17.0,253.0,0.1,,,0.0,,,,,,93.5,3.5,,20.0,0.6,,,,11.0,,,,,,,,0.0,0.0,,,85.00000000000001,,0.0,,0.0,17.0,0.8,0.3,19.11784064,1.3,13.0,510000.0,,1.2,,0.03,,,,,,,,,0.0,,,,,,,0.0001,,,,,,,,,3.5,0.7,0.05,0.14,0.0,0.1,0.2,,,,,,,85.0,,,,,,,,,79.98904523776,,,,,,,,,,,,,,,,,,,,0.54,,,,,0.2,,,,,,,,,,,,,,,,,,,,,,,,,,,,,,,,
172720,Tomate frito estilo casero HIDA,tomate frito estilo casero hida,0,6,"Soups, Sauces, and Gravies",5,My foods,,,,,,,,,,,,,,,7.8,,,,,,,,,,,,,,,,,,,,,,,,,0.3,5.1,93.0,0.9,,,,,,,,,,,,,,,,,,,,,,,,,,,,,,,10.5,,,,8.7,,,,,,,,,,,,,,,,,,389.112,,,,,,,,,,,,,,,,,,,,,,,,,,,,,,,,,,,,,,,,,,,,,,,,,,,,,,,,,
50632,Tomato juice,tomato juice,0,14,Beverages,23,McCance and Widdowson's,0.06,10.0,19.0,230.0,0.1,,0.0,0.0,,,,,,93.8,3.0,,8.0,0.7,,,,10.0,400.0,2.0,1.6,0.0,1.4,1.5,0.0,0.0,0.0,,,0.0,,0.0,,0.0,,0.8,0.0,14.0,,230.0,200.0,0.0,1.01,,0.02,,,,,,,,,0.0,,,,,,,0.0001,,,,,,,,0.0,3.0,0.4,0.02,0.06,0.0,0.0,0.0,,,,0.0,0.1,,33.0,,,,,,,,,62.0,,,,,,,,,,,,,,,,,,,,,0.2,10.0,,,,,,,,,,,,,,,,,,,,,,,,,,,,,,,,,,,
50633,Tomato ketchup,tomato ketchup,0,6,"Soups, Sauces, and Gravies",23,McCance and Widdowson's,0.05,13.0,31.0,350.0,0.1,,15.2,1.1,,,,,,68.0,27.5,106.0,2.0,2.1,,,,19.0,880.0,,6.4,0.0,5.9,,0.0,0.0,0.0,,,0.0,,0.0,,0.0,,1.6,0.1,115.0,0.9,800.0,473.0,0.0,,8541.0,0.09,,,,,,,,,0.0,,,,,,,0.0002,,,,,,,,0.0,28.6,0.3,1.0,0.03,0.0,0.0,0.0,,,,,0.1,,79.0,,,,,,,,,489.0,,,,,,,,,,,,,,,,,,,,,,1.0,,,,,,,,,,,,,,,,,,,,,,,,,,,,,,,,,,,
22443,"Tomato paste, concentrated, canned",tomato paste concentrated canned,1,11,Vegetables and Vegetable Products,11,"CIQUAL, ANSES",0.0,45.6,103.0,1010.0,0.0,0.053,,0.22,,,,,,72.0,13.3,,2.6,2.2,,,,63.3,0.0,4.4,,,,,,0.0,,,,0.0,,0.0,,0.0,,4.4,0.53,99.2,4.2,108.0,784.0,,5.7,,0.1,,,0.0,0.0,0.0,0.0,0.0,,0.0,0.18,,,,,,,,0.0,0.0,,,0.0,,,17.1,1.2,0.08,0.09,0.093,0.062,0.2,,,,0.4,0.0,,,,,,,,,,,419.0,,,,,,,,,,,,0.00099,,0.078,0.014,0.018,,,,3.6,0.2,58.0,11.4,,,,,,,,,,,,,,,,,,,,,,,,,,,4.4,,,,,,,
235146,"Tomato paste, concentrated, canned",tomato paste concentrated canned,1,11,Vegetables and Vegetable Products,37,"Ciqual 2020, ANSES",0.1,45.6,103.0,1010.0,0.1,0.053,0.5,0.22,,,,,,72.0,13.3,,2.6,2.2,,,,63.3,,4.4,6.6,0.0,6.7,,0.5,0.0,,,,0.0,,0.0,,0.0,,4.4,0.53,99.2,4.2,108.0,784.0,,5.7,,0.1,,,0.0,0.0,0.0,0.0,0.0,,0.0,0.18,,,,,,,,0.0,0.0,,,0.0,,0.5,17.1,1.2,0.08,0.09,0.093,0.062,0.2,,,,0.4,0.1,,,,,,,,,,,419.0,,,,,,,,,,,,0.00099,,0.078,0.014,0.018,,,,3.6,0.2,58.0,,,,,,,,,,,,,,,,,,,,,,,,,,,,,,,,,,,
81930,"Tomato paste, double concentrate, canned",tomato paste double concentrate canned,1,11,Vegetables and Vegetable Products,11,"CIQUAL, ANSES",,,,,,,,,,,,,,74.3,16.5,,,,,,,,,,,,,,,0.0,,,,,,,,,,3.73,0.29,92.8,3.62,329.0,,,,,,,,,,,,,,,,,,,,,,,,,,,,,,17.0,,,,0.0,,0.0,,,,,,,,,,,,,,,,392.0,,,,,,,,,,,,,,,,,,,,3.22,,,,,,,,,,,,,,,,,,,,,,,,,,,,,,3.73,,,,,,,
235195,"Tomato paste, double concentrate, canned",tomato paste double concentrate canned,1,11,Vegetables and Vegetable Products,37,"Ciqual 2020, ANSES",,,,,,,0.3,,,,,,,74.3,16.5,,,,,,,,,,7.14,,6.56,,0.3,0.0,,,,,,,,,,3.73,0.29,92.8,3.62,329.0,,,,,,,,,,,,,,,,,,,,,,,,,,,,,,17.0,,,,0.0,,0.0,,,,,,,,,,,,,,,,392.0,,,,,,,,,,,,,,,,,,,,3.22,,,,,,,,,,,,,,,,,,,,,,,,,,,,,,,,,,,,,
4823,"Tomato products, canned, paste, without salt added",tomato products canned paste without salt added,0,,,0,"USDA, 2018",0.365,36.0,83.0,1014.0,0.63,0.064,0.3,0.22,0.52,0.0,,,,73.5,12.18,0.0,21.9,3.076,0.0,,0.4,42.0,,,5.85,0.0,5.75,,0.28,0.0,0.0,0.0,0.0,0.0,0.0,0.0,0.0,0.0,0.0,4.32,0.47,82.0,4.1,59.0,901.0,29.0,4.3,28764.0,0.153,0.0,0.0,0.0,0.0,0.0,0.0,0.0,12.0,0.0,0.152,0.095,2.11,0.661,0.133,0.071,0.031,0.0,0.0,0.0,0.0,0.001,0.0,0.0,0.0,18.91,2.98,0.06,0.216,0.1,0.067,0.16,0.133,0.089,0.124,5.3,0.302,1525.0,76.0,38.5,0.126,0.075,0.102,0.088,0.066,0.13,0.046,343.088,0.0,,,,,,,,,,,0.001,12.0,0.083,0.016,0.007,0.002,0.027,0.134,2.8,0.142,12.0,11.4,,,,,,,,,,,,,,,,,,,,,,,,,,,,,,,,,,
4826,"Tomato products, canned, sauce",tomato products canned sauce,0,11,Vegetables and Vegetable Products,0,"USDA, 2018",0.115,14.0,27.0,297.0,0.22,0.043,0.07,,0.1,0.0,,,,91.28,3.56,24.0,7.0,0.991,0.02,34.9,0.8,15.0,,,1.67,0.0,1.82,,0.0,0.0,0.0,0.0,0.0,0.0,0.0,0.0,3.0,0.0,0.0,1.2,0.3,24.0,1.5,474.0,259.0,0.0,1.44,13895.0,0.065,0.0,0.0,0.0,0.0,0.0,0.0,0.0,9.0,0.0,0.115,0.029,0.645,0.202,0.041,0.022,0.01,0.0,0.0,0.0,0.0,0.0,0.0,0.0,0.0,5.31,0.96,0.024,0.098,0.041,0.045,0.121,0.041,0.027,0.038,0.6,0.113,435.0,22.0,9.9,0.039,0.023,0.031,0.027,0.02,0.04,0.014,102.0,0.0,,,,,,,,,,,0.0,9.0,0.031,0.011,0.005,0.002,0.008,0.041,1.92,0.309,9.0,2.8,,,,,,,,,,,,,,,,,,,,,,,,,,,,,,,,,,
50634,Tomato puree,tomato puree,0,11,Vegetables and Vegetable Products,23,McCance and Widdowson's,0.41,45.0,94.0,1257.0,0.6,0.02,0.0,0.0,0.51,0.0,,,,72.5,12.9,903.0,43.0,3.6,0.21,,,57.0,297.0,,7.4,0.0,5.5,6.3,0.0,,0.0,,,0.0,,0.0,242.0,0.0,,4.4,0.2,67.0,4.7,49.0,1633.0,0.0,5.22,5842.0,0.12,,,0.0,0.0,0.0,0.0,0.0,,0.0,0.05,,,,,,0.0004,0.0,0.0,0.0,0.0,0.0,0.0,0.0,0.0,12.9,1.45,0.98,0.28,0.04,0.02,0.07,,,,1.0,0.34,,292.0,,,,,,,,,287.0,,0.0,0.0,0.0,0.0,0.0,0.0,0.0,0.0,0.0,0.0,0.0,,0.03,0.01,0.02,0.0,,,,0.11,39.0,,,0.05,0.02,0.0,0.0,0.02,0.0,0.0,0.0,,,,,,,,,,,0.0,,,,,,,,0.0,,,,,,
22015,"Tomato sauce, with onions, prepacked",tomato sauce with onions prepacked,0,6,"Soups, Sauces, and Gravies",11,"CIQUAL, ANSES",0.098,24.4,26.0,553.0,0.17,0.75,,,,,,,,84.7,5.44,,5.45,0.86,,,,24.7,551.0,18.2,,,,,,0.0,,,,0.0,,0.0,,0.0,,1.52,4.18,78.8,2.17,467.0,259.0,,1.44,,0.093,,,0.0,0.0,0.0065,0.023,0.0017,,0.0,0.63,,,,,,,,,0.0,,,0.0,,,7.69,0.58,0.027,0.079,0.49,1.88,1.62,,,,0.0,0.1,,,,,,,,,,,328.0,,,,,,,,,,,,0.0017,,0.12,0.092,0.038,,,,1.88,0.31,9.0,2.8,,,,,,,,,,,,,,,,,,,,,,,,,,,0.0,,,,,,,
22483,"Tomato, cherry, raw",tomato cherry raw,0,11,Vegetables and Vegetable Products,11,"CIQUAL, ANSES",0.06,11.0,30.0,290.0,0.2,,,0.03,,,,,,92.0,2.96,,28.0,1.0,,,,11.0,16.0,2.0,,,,,,0.0,,,,0.0,,0.0,,0.0,,0.8,0.4,21.4,1.3,13.0,792.0,,1.22,,0.04,,,,,,,,,0.0,,,,,,,,,,,,,,,,3.0,0.4,0.06,0.14,0.054,0.06,0.16,,,,0.0,0.1,,,,,,,,,,,89.7,,,,,,,,,,,,,,,,,,,,0.5,0.25,17.0,,,,,,,,,,,,,,,,,,,,,,,,,,,,0.013,,,,,,,
235138,"Tomato, peeled, canned, drained",tomato peeled canned drained,1,11,Vegetables and Vegetable Products,37,"Ciqual 2020, ANSES",0.06,21.1,18.0,190.0,0.11,0.034,0.13,,,,,,,94.4,1.88,,12.0,0.64,,,,9.2,,0.2,1.01,0.0,0.87,,0.1,0.0,,,,0.0,,0.0,,0.0,,1.07,0.28,18.3,1.27,112.0,245.0,,0.67,,0.055,,,0.0,0.0,0.0,0.0,0.0,,0.0,0.11,,,,,,,,0.0,0.0,,,0.0,,0.0,1.89,0.77,0.31,0.11,0.045,0.038,0.13,,,,2.2,0.073,,,,,,,,,,,76.9,,,,,,,,,,,,0.0,,0.037,0.008,0.012,,,,0.66,0.17,16.0,,,,,,,,,,,,,,,,,,,,,,,,,,,,,,,,,,,
235186,"Tomato, pulp and peel, boiled/cooked in water",tomato pulp and peel boiled cooked in water,0,11,Vegetables and Vegetable Products,37,"Ciqual 2020, ANSES",0.075,11.0,28.0,218.0,0.14,,0.0,0.0,,,,,,94.3,2.49,,22.8,0.53,,,,9.0,,1.5,1.31,0.0,1.18,,0.0,0.0,,,,0.0,,0.0,,0.0,,0.95,0.11,,0.7,11.0,293.0,,0.56,,0.022,,,0.0,0.0,0.0,0.0,0.0,,0.0,,,,,,,,,,0.0,,,0.0,,0.0,2.8,0.68,0.036,0.079,0.015,0.016,0.044,,,,0.18,0.11,,,,,,,,,,,,,,,,,,,,,,,0.0,,0.011,0.004,,,,,0.6,0.13,13.0,,,,,,,,,,,,,,,,,,,,,,,,,,,,,,,,,,,
21696,"Tomato, ripe, peeled and ground, canned",tomato ripe peeled and ground canned,0,11,Vegetables and Vegetable Products,9,"BEDCA, UGR",0.00067,16.0,20.0,239.0,0.31,,,0.1,,,,,,93.8,2.9,,13.0,0.71,,,,12.0,,,,,,,,,,,,,,0.0,,,,0.9,0.075,16.51,1.0,101.0,300.0,,1.0,,0.03,,,,,,,,,0.0,,,,,,,,,,,,,,,,3.0,0.7,,0.06,,,,,,,,0.1,,,,,,,,,,,69.075,,,,,,,,,,,,,,,,,,,,,0.2,11.0,,,,,,,,,,,,,,,,,,,,,,,,,,,,,,,,,,,
50636,"Tomatoes, canned, whole contents",tomatoes canned whole contents,0,11,Vegetables and Vegetable Products,23,McCance and Widdowson's,0.07,11.0,17.0,212.0,0.1,,0.0,0.0,0.0,0.11,,,,92.9,3.8,175.0,11.0,1.0,0.04,,,10.0,74.0,3.0,1.9,0.0,1.9,1.4,0.0,0.0,0.0,,,0.0,,0.0,55.0,0.0,,1.1,0.1,19.0,0.8,5.0,300.0,0.0,1.36,1451.0,0.04,,,,,,,,,0.0,,,,,,,0.0001,,,,,,,,0.0,3.8,0.57,0.13,0.12,0.01,0.01,0.04,,,,0.0,0.09,,55.0,,,,,,,,,80.0,,,,,,,,,,,,,,,,,,,,,0.11,11.0,6.0,,,,,,,,,,,,,,,,,,,,,,,,,,,,,,,,,,
50637,"Tomatoes, cherry, raw",tomatoes cherry raw,0,11,Vegetables and Vegetable Products,23,McCance and Widdowson's,0.05,10.0,31.0,274.0,0.2,,0.0,0.0,0.69,0.03,,,,91.4,3.6,117.0,15.0,0.4,0.02,,,12.0,95.0,2.0,2.0,0.0,1.6,1.8,0.0,0.0,0.0,,,0.0,,0.0,32.0,0.0,,1.1,0.5,22.0,1.3,4.0,463.0,0.0,0.89,,0.02,,,,,,,,,0.0,,,,,,,0.0001,,,,,,,,0.0,3.6,0.34,0.05,0.06,0.1,0.1,0.2,,,,0.0,0.12,,80.0,,,,,,,,,94.0,,,,,,,,,,,,,,,,,,,,,0.19,24.0,,,,,,,,,,,,,,,,,,,,,,,,,,,,,,,,,,,
27595,"Tomatoes, dried",tomatoes dried,0,11,Vegetables and Vegetable Products,14,"FCDBE, IEO",,110.0,356.0,3.0,1.99,,,0.0,,,,,,14.6,43.5,,39.0,9.1,,,,,,,,,,,,0.0,,,,0.0,,0.0,,,,14.1,3.0,246.525,12.3,2.0,522.0,,0.01,,0.49,,,,,,,,,0.0,,,,,,,,,,,,,,,,43.5,9.1,0.53,0.33,0.43,0.49,1.12,,,,,,,87.0,,,,,,,,,1031.46,,,,,,,,,,,,,,,,,,,,,,68.0,,,,,,,,,,,,,,,,,,,,,,,,,,,,,,,,,,,
4911,"Tomatoes, orange, raw",tomatoes orange raw,0,11,Vegetables and Vegetable Products,0,"USDA, 2018",0.062,5.0,29.0,212.0,0.14,0.028,,,,,,,,94.78,,,16.0,0.593,,,,8.0,,,,,,,,,0.0,,,0.0,0.0,0.0,,0.0,0.0,1.16,0.19,16.0,0.9,42.0,,,,,0.034,,,0.0,0.0,0.0,0.0,0.0,29.0,0.0,0.073,0.029,0.427,0.161,0.033,0.018,0.008,0.0,0.0,0.0,0.0,0.0,0.0,0.0,,3.18,0.47,0.046,0.06,0.025,0.028,0.076,0.029,0.027,0.042,0.4,0.088,1496.0,75.0,,0.031,0.022,0.029,0.03,0.02,0.03,0.015,67.0,,,,,,,,,,,,0.0,29.0,0.019,0.007,0.003,0.001,0.01,0.042,0.69,0.186,29.0,,,,,,,,,,,,,,,,,4.0,,,,,,,,,,,,,,,,,,
5092,"Tomatoes, red, ripe, canned, packed in tomato juice, no salt added",tomatoes red ripe canned packed in tomato juice no salt added,0,11,Vegetables and Vegetable Products,0,"USDA, 2018",0.052,33.0,17.0,191.0,0.12,0.038,0.0,,0.06,0.0,0.0,0.0,0.0,94.75,2.55,85.0,12.6,0.712,0.01,5.1,,10.0,,,1.31,0.0,1.24,,0.0,0.0,0.0,0.0,0.0,0.0,0.0,0.0,0.0,0.0,0.0,0.79,0.25,16.0,1.9,10.0,265.0,0.0,0.59,2745.0,0.055,0.0,0.0,0.0,0.0,0.0,0.0,0.0,8.0,0.0,0.097,0.019,0.451,0.153,0.032,0.015,0.008,0.0,0.0,0.0,0.0,0.0,0.0,0.0,0.0,3.47,0.57,0.575,0.111,0.034,0.04,0.101,0.042,0.022,0.027,0.7,0.068,441.0,22.0,7.0,0.024,0.015,0.023,0.016,0.018,0.027,0.008,69.0,,,,,,,,,,,,0.0,8.0,0.025,0.009,0.004,0.002,0.008,0.028,0.74,0.117,8.0,2.9,0.0,,,,,,,,,,,,,,,,,,,,,,,,,,,,,,,,,
4818,"Tomatoes, red, ripe, cooked",tomatoes red ripe cooked,0,11,Vegetables and Vegetable Products,0,"USDA, 2018",0.075,11.0,28.0,218.0,0.14,0.016,0.0,,0.21,0.01,0.0,0.0,0.0,94.34,2.49,94.0,22.8,0.532,0.01,,,9.0,,,1.31,0.0,1.18,,0.0,0.0,0.0,0.0,0.0,0.0,0.0,0.0,0.0,0.0,0.0,0.95,0.11,18.0,0.7,11.0,293.0,0.0,0.56,3041.0,0.022,0.0,0.0,0.0,0.0,0.0,0.0,0.0,13.0,0.0,0.042,0.026,0.393,0.148,0.03,0.016,0.008,0.0,0.0,0.0,0.0,0.0,0.0,0.0,0.0,4.01,0.68,0.036,0.079,0.015,0.016,0.044,0.027,0.026,0.039,0.5,0.105,489.0,24.0,6.9,0.028,0.02,0.026,0.027,0.018,0.028,0.014,73.0,0.0,,,,,,,,,,,0.0,13.0,0.011,0.004,0.002,0.001,0.009,0.039,0.6,0.129,13.0,2.8,0.0,,,,,,,,,,,,,,,9.0,,,,,,,,,,,,,,,,,,
4817,"Tomatoes, red, ripe, raw, year round average",tomatoes red ripe raw year round average,0,11,Vegetables and Vegetable Products,0,"USDA, 2018",0.059,10.0,24.0,237.0,0.17,0.03,0.0,0.0,0.12,0.0,0.0,0.0,0.0,94.52,2.63,123.0,13.7,0.594,0.01,2.3,0.1,11.0,,,1.37,0.0,1.25,,0.0,0.0,0.0,0.0,0.0,0.0,0.0,0.0,0.0,0.0,0.0,0.88,0.2,18.0,1.2,5.0,449.0,101.0,0.54,2573.0,0.019,0.0,0.0,0.0,0.0,0.0,0.0,0.0,15.0,0.0,0.08,0.019,0.431,0.135,0.027,0.014,0.006,0.0,0.0,0.0,0.0,0.0,0.0,0.0,0.0,3.89,0.27,0.037,0.08,0.028,0.031,0.083,0.027,0.018,0.025,0.0,0.114,833.0,42.0,6.7,0.026,0.015,0.021,0.018,0.014,0.027,0.009,74.0,0.0,,,,,,,,,,,0.0,15.0,0.02,0.008,0.003,0.001,0.006,0.027,0.5,0.089,15.0,7.9,0.01,,,,,,,,,,,,,,,7.0,,,,,,,,,,,,,,,,,,
50639,"Tomatoes, standard, fried in rapeseed oil",tomatoes standard fried in rapeseed oil,0,11,Vegetables and Vegetable Products,23,McCance and Widdowson's,0.04,11.0,33.0,332.0,0.1,,0.0,0.0,,,,,,84.4,4.5,,23.0,0.9,,,,12.0,125.0,3.0,2.4,0.0,2.1,2.1,0.0,0.0,0.0,,,0.0,,0.0,,0.0,,0.8,7.7,89.0,1.5,3.0,,,2.2,,0.01,,,,,,,,,0.0,,,,,,,0.0001,,,,,,,,0.0,4.5,0.37,0.05,0.07,0.53,4.52,2.27,,,,0.0,0.18,,87.0,,,,,,,,,371.0,,,,,,,,,,,,,,,,,,,,,0.43,15.0,7.69,,,,,,,,,,,,,,,,,,,,,,,,,,,,,,,,,,
50640,"Tomatoes, standard, grilled, flesh and seeds only",tomatoes standard grilled flesh and seeds only,0,11,Vegetables and Vegetable Products,23,McCance and Widdowson's,0.04,10.0,21.0,209.0,0.1,,0.0,0.0,0.23,0.0,,,,93.3,3.4,120.0,30.0,0.6,0.03,,,9.0,93.0,2.0,1.8,0.0,1.6,1.3,0.0,0.0,0.0,,,0.0,,0.0,23.0,0.0,,0.6,0.2,17.0,0.0,2.0,343.0,0.0,0.89,353.0,0.01,,,,,,,,,0.0,,,,,,,0.0001,,,,,,,,0.0,3.4,0.26,0.05,0.15,0.04,0.04,0.08,,,,0.0,0.14,,59.0,,,,,,,,,72.0,,,,,,,,,,,,,,,,,,,,,0.19,14.0,12.5,,,,,,,,,,,,,,,,,,,,,,,,,,,,,,,,,,
50641,"Tomatoes, standard, raw",tomatoes standard raw,0,11,Vegetables and Vegetable Products,23,McCance and Widdowson's,0.03,8.0,22.0,223.0,0.1,,0.0,0.0,0.22,0.0,,,,94.6,3.0,108.0,22.0,0.6,0.26,,,8.0,84.0,2.0,1.6,0.0,1.4,1.4,0.0,0.0,0.0,,,0.0,,0.0,31.0,0.0,,0.5,0.1,14.0,1.0,2.0,333.0,0.0,0.52,507.0,0.01,,,,,,,,,0.0,,,,,,,0.0001,,,,,,,,0.0,3.0,0.24,0.04,0.06,0.03,0.03,0.05,,,,0.0,0.12,,58.0,,,,,,,,,61.0,,,,,,,,,,,,,,,,,,,,,0.29,23.0,6.0,,,,,,,,,,,,,,,,,,,,,,,,,,,,,,,,,,
5158,"Tomatoes, sun-dried",tomatoes sun dried,0,11,Vegetables and Vegetable Products,0,"USDA, 2018",1.423,110.0,356.0,3427.0,1.99,0.476,,,,,,,,14.56,37.59,1419.0,39.2,9.05,,,,194.0,,,,,,,,0.0,0.0,0.0,0.0,0.0,0.0,0.0,0.0,0.0,0.0,14.11,2.97,258.0,12.3,107.0,524.0,0.0,0.01,45902.0,0.489,0.0,0.0,0.0,0.0,0.0,0.0,0.0,68.0,0.0,1.104,0.348,5.202,1.957,0.402,0.214,0.104,0.0,0.0,0.0,0.0,0.0,0.0,0.0,,55.76,9.09,0.528,0.332,0.426,0.487,1.115,0.357,0.339,0.517,5.5,1.846,874.0,44.0,104.6,0.375,0.266,0.343,0.361,0.242,0.366,0.183,1079.472,,,,,,,,,,,,0.004,68.0,0.326,0.096,0.011,0.011,0.122,0.519,12.6,2.087,68.0,43.0,,,,,,,,,,,,,,,,,,,,,,,,,,,,,,,,,,
5159,"Tomatoes, sun-dried, packed in oil, drained",tomatoes sun dried packed in oil drained,0,11,Vegetables and Vegetable Products,0,"USDA, 2018",0.473,47.0,139.0,1565.0,0.78,8.53,,,,,,,,53.83,,,101.8,3.63,,,,81.0,,,,,,,,,0.0,,,0.0,0.0,0.0,,0.0,0.0,5.06,14.08,213.0,5.8,266.0,,,,,0.383,,,,,,,,23.0,0.0,1.982,0.125,1.865,0.702,0.144,0.077,0.037,,,,,0.033,,,,23.33,2.68,0.193,0.319,1.893,8.663,2.06,0.128,0.121,0.185,3.0,0.466,1286.0,64.0,,0.134,0.096,0.123,0.13,0.087,0.131,0.066,891.192,,,,,,,,,,,,0.005,23.0,1.548,0.34,0.078,0.1,0.044,0.186,3.7,0.479,23.0,,,,,,,,,,,,,,,,,,,,,,,,,,,,,,,,,,,
4912,"Tomatoes, yellow, raw",tomatoes yellow raw,0,11,Vegetables and Vegetable Products,0,"USDA, 2018",0.101,11.0,36.0,258.0,0.28,0.039,,,,,,,,95.28,,,9.0,1.179,,,,12.0,,,,,,,,,0.0,,,0.0,0.0,0.0,,0.0,0.0,0.98,0.26,15.0,0.7,23.0,,,,,0.047,,,,,,,,30.0,0.0,0.104,0.024,0.359,0.135,0.028,0.015,0.007,,,,,,,,,2.98,0.49,0.041,0.056,0.036,0.04,0.108,0.024,0.023,0.036,0.4,0.12,0.0,0.0,,0.026,0.018,0.024,0.025,0.017,0.025,0.013,63.0,,,,,,,,,,,,,30.0,0.027,0.01,0.004,0.002,0.008,0.036,0.5,0.11,30.0,,,,,,,,,,,,,,,,,6.0,,,,,,,,,,,,,,,,,,
428385,"Tomino, cheese",tomino cheese,0,4,Fats and Oils,5,My foods,,,,,,,,,,,,,,,,,,,,,,,,,,,,,,,,,,,,,,,,14.7,20.0,247.0,,,,,,,,,,,,,,,,,,,,,,,,,,,,,,,,,,,,176.0,,,,,,,,,,,,,,,,,,1033.448,,,,,,,,,,,,,,,,,,,,,,,,,,,,,,,,,,,,,,,,,,,,,,,,,,,,,,,,,
426875,"Tonnarelli in black cabbage sauce, prawns and baked cherry tomatoes",tonnarelli in black cabbage sauce prawns and baked cherry tomatoes,0,,,19,My recipes,0.0890719562243502,51.339808481532145,78.13926128590971,135.45034199726402,0.5357017783857729,0.32356361149110807,1.518467852257182,0.0,0.018878248974008204,0.0008207934336525308,,0.0,,64.9913023255814,2.941824897400821,24.28809849521204,8.224350205198357,0.4884599179206567,0.0005471956224350205,,,19.766621067031462,938.6421340629275,21.004103967168263,0.6303693570451436,0.001094391244870041,0.7149794801641588,1.977127222982216,0.0,0.0,0.0013543091655266759,0.0,0.0,12.435841313269494,0.0,0.346703146374829,0.8755129958960328,0.7161997264021887,0.0,6.624207934336526,3.750331053351573,145.95157318741448,1.6969083447332423,613.6560875512996,17.783857729138166,0.0,0.7858686730506156,0.0,0.05857209302325581,0.0,0.0,0.0,0.0,0.0,2.735978112175103e-05,0.0,6.66922024623803,55.33896032831738,0.20136908344733243,0.1106984952120383,0.9055633378932968,0.17103502051983582,0.11502544459644323,0.06958714090287277,0.04076093023255814,0.0,0.012188782489740084,0.005688098495212038,0.0010834473324213406,0.0021668946648426813,0.0,0.0008125854993160054,0.0,21.228246238030096,1.0768153214774283,0.08050642954856362,0.07383009575923392,0.657919562243502,2.196053351573187,0.5003545827633379,0.09237400820793434,0.11670725034199725,0.22094445964432283,17.313761969904238,0.3246678522571819,0.12311901504787962,14.925581395348836,2.887797537619699,0.16640355677154584,0.3039838577291381,0.14002106703146372,0.14051983584131325,0.09821723666210669,0.15975266757865936,0.0677017783857729,610.6613822161402,,0.0,0.0,0.0005417236662106703,0.0005417236662106703,0.007854993160054719,0.0,0.0,0.0,0.0008125854993160054,0.0,0.0024377564979480163,6.66922024623803,0.20681805745554036,0.058682079343365265,0.010301504787961695,0.020585499316005472,0.06524213406292749,0.0980952120383037,0.1629329685362517,0.35106894664842686,27.385499316005475,17.901723666210668,0.004062927496580027,0.10563611491108071,0.3011983584131327,0.0,0.0,0.0043337893296853626,0.0005417236662106703,0.0008125854993160054,0.012188782489740084,0.0,,,,,0.29794801641586866,,,,,0.0010834473324213406,,0.0,0.0,,,,,0.0,,,,0.0,0.0,
201647,Tonnarello Cacio e Pepe,tonnarello cacio e pepe,0,,,19,My recipes,0.012011570060344362,240.10247467198133,251.47312185129832,121.9983945081105,1.4105884958201869,,0.0,33.12645739910314,,,,,,37.34005425455351,0.9466423074793777,,0.3755190167746221,0.591485356806732,,,,14.807174887892378,,,0.0,,0.0,,0.0,0.0,,,,148.53346620162765,,0.30561922161324273,,0.2935282068316448,,14.923384819797382,11.408752698887213,292.7710618391186,2.018263854287771,523.4485965786415,10.473343298455404,,0.4150744616065991,,0.17813873664396845,,,,,,0.037646016719260274,,,76.7203676022809,,,,,,,,,,,,,,,0.05336876487848087,34.752772518407795,1.3231788739412058,0.12835796932956872,0.09935226706527155,5.9168953108564315,2.9617040358744395,0.6117267342080496,,,,1.7365498532912578,0.10601173669933012,,151.02125892708844,,,,,,,,,1224.9541227348739,,,,,,,,,,,,0.0,,0.0,0.0,,,,,0.20461717322703857,0.11207440624480969,16.39705475280961,,,,,,,,,,,,,,,,,,,,,,,,,,,,0.0,,,,,,,
259262,"Tonnarello Cacio, Pepe, Chestnut Honey and toasted hazelnut",tonnarello cacio pepe chestnut honey and toasted hazelnut,0,,,19,My recipes,0.012453197227281937,223.86414693381903,241.37502529852264,127.95754907913376,1.3527099777373017,0.0,0.03647540983606558,31.53688524590164,,,,,,35.47963974903866,4.309021453147137,0.0,0.46205221615057673,0.6348821088848411,,0.2868852459016394,0.06967213114754099,13.614754098360656,,,1.6778688524590166,0.12704918032786888,1.4651639344262297,,0.059016393442622946,0.0,,0.0,0.0,136.52853673345476,0.0,0.2858733049989882,0.0,0.26826553329285574,0.0,14.21215088038859,12.031360048573148,301.73989463165344,2.0763231127302166,479.38539769277486,14.305555555555554,0.0,1.0016049382716048,0.0,0.1686677798016597,0.0,0.0,0.0,0.0,0.0,0.03440599069014361,0.0,0.0819672131147541,71.9821392430682,0.0,0.0002868852459016394,0.0007377049180327869,0.0011065573770491805,0.00024590163934426235,4.098360655737705e-05,0.0001639344262295082,0.0,0.0,0.0,0.0,0.0,0.0,0.0,0.04877555150779194,36.47835357215139,1.3320446265938068,0.13435994737907306,0.10916211293260472,5.524170714430263,3.6572131147540987,0.6996518923294879,0.0001639344262295082,0.0003278688524590164,0.0004098360655737705,1.6198795790325837,0.10016646427848613,0.0,139.60139647844557,0.09016393442622953,0.00024590163934426235,0.003688524590163934,0.00020491803278688525,0.00036885245901639344,0.0003278688524590164,0.0004508196721311476,0.00012295081967213117,1262.4797191388361,,,,,,,,,,,,0.0,0.0819672131147541,0.0,0.0,0.0,0.0,4.098360655737705e-05,0.0003278688524590164,0.19520340012143278,0.1052155434122646,17.391570532280916,0.0,,,,,,,,,,,,,,,,,,,,,,,,,,,0.0,,,,,,,
50654,"Tortilla, wheat, soft",tortilla wheat soft,0,20,Cereal Grains and Pasta,23,McCance and Widdowson's,0.09,148.0,212.0,126.0,0.6,3.92,0.0,51.9,,,,,,30.6,2.0,,0.0,1.4,,,,18.0,,0.0,0.4,,0.0,0.5,1.6,0.0,0.0,,,0.0,,0.0,,0.0,,7.8,5.7,285.0,3.6,622.0,,,,,0.01,,,,,,0.0,0.01,,0.1,1.64,,,,,,0.0015,0.0,,0.0,,0.08,,,0.0,53.9,1.6,0.27,0.07,2.5,2.0,0.8,,,,3.0,0.38,,0.0,,,,,,,,,1206.0,,0.04,0.02,0.0,0.0,0.01,0.01,0.01,0.0,0.0,,0.02,,1.35,0.31,0.55,0.03,,,,0.14,8.0,,,1.61,3.79,0.0,0.01,0.49,,0.0,,,,35.0,19.4,0.6,,63.2,,,,,,,,,,,,,,,,,,
7535,"Tortillas, ready-to-bake or -fry, flour, shelf stable",tortillas ready to bake or fry flour shelf stable,0,18,Baked Products,0,"USDA, 2018",0.115,163.0,213.0,133.0,0.57,3.748,0.48,40.2,2.32,0.58,0.05,0.0,0.0,32.43,2.66,12.0,0.0,4.191,0.06,20.0,45.4,21.0,,,0.03,0.0,0.09,,2.06,0.0,0.014,0.0,0.0,0.0,0.0,0.0,0.0,0.0,100.0,8.01,7.58,297.0,2.4,742.0,0.0,0.0,0.86,0.0,0.124,0.0,0.0,0.0,0.0,0.0,0.0,0.0,188.0,0.0,1.764,0.24,2.249,0.281,0.215,0.149,0.082,0.0,0.0,0.0,0.0,0.046,0.0,0.0,0.0,49.27,3.32,0.487,0.028,1.225,3.801,2.152,0.182,0.231,0.459,21.9,0.516,0.0,0.0,6.8,0.333,0.774,0.27,0.268,0.202,0.336,0.142,1244.0,0.0,0.023,0.011,0.0,0.0,0.0,,0.0,0.0,0.0,0.0,0.014,19.0,0.735,0.445,0.387,0.007,0.118,0.147,2.71,0.283,118.0,4.2,0.01,,,,,,,,,,,,,,,,,,,,,,,,,,,,,,0.0,,,
9589,"Tortillas, ready-to-bake or -fry, whole wheat",tortillas ready to bake or fry whole wheat,0,18,Baked Products,0,"USDA, 2018",0.266,244.0,346.0,262.0,1.92,2.986,,,,,,,,30.15,2.44,130.0,0.0,4.858,,,,85.0,,,,,,,,0.0,0.0,0.0,0.0,0.0,0.0,0.0,0.0,0.0,0.0,9.76,9.76,310.0,9.8,617.0,3.0,0.0,0.9,0.0,0.289,0.0,0.0,0.0,0.0,0.0,0.0,0.021,138.0,0.0,0.959,0.429,2.871,0.626,0.4,0.255,0.129,0.0,0.0,0.0,0.0,0.005,0.0,0.0,,45.89,2.63,0.823,0.312,4.878,3.062,0.992,0.312,0.353,0.671,37.0,,5.0,0.0,20.0,0.462,1.307,0.48,0.444,0.217,0.488,0.187,1299.0,,0.0,0.0,0.0,0.0,0.0,0.0,0.0,0.0,0.0,0.0,0.023,138.0,2.556,2.197,0.033,0.068,0.163,0.37,4.45,,138.0,4.5,,,,,0.0,,,,,,,,,,,,,,,0.0,,,,,,,,,,0.0,,,,
208252,Tosta de trigo simples,tosta de trigo simples,0,20,Cereal Grains and Pasta,33,"TCA, INSA 2019",,78.0,180.0,150.0,1.3,,,70.1,,,,,,7.0,2.6,,0.0,5.0,,,,39.0,,,,,,,,0.0,0.0,,,,,0.0,,0.0,,11.3,3.8,379.0,4.5,430.0,0.0,,0.0,,0.32,,,,,,,,,0.0,,,,,,,2.4,,,,,,,,,72.7,2.1,0.13,0.11,0.9,0.5,1.4,,,,,,,0.0,,,,,,,,,1600.0,,,,,,,,,,,,,,,,,,,,0.9,,26.0,,,,,,,,,,,,,,,,,,,,,,,,,,,,,,,,,,,
208429,"Tremoço cozido, sem sal",tremo o cozido sem sal,0,16,Legumes and Legume Products,33,"TCA, INSA 2019",,48.0,110.0,250.0,1.4,,,6.7,,,,,,68.6,0.5,,1.1,0.5,,,,54.0,,,,,,,,0.0,0.0,,,,,0.0,,0.0,,16.0,2.4,124.0,4.8,4.0,0.0,,0.1,,0.03,,,,,,,,,0.0,,,,,,,2.2,,,,,,,,,7.2,3.4,0.12,0.06,0.3,1.0,0.6,,,,,,,0.0,,,,,,,,,521.0,,,,,,,,,,,,,,,,,,,,0.55,,84.5,,,,,,,,,,,,,,,,,,,,,,,,,,,,,,,,,,,
50667,"Trout, rainbow, baked, flesh only, fillets weighed with bones and skin",trout rainbow baked flesh only fillets weighed with bones and skin,0,15,Finfish and Shellfish Products,23,McCance and Widdowson's,0.04,16.0,221.0,378.0,0.5,,0.0,0.0,,,,,,61.0,0.0,,0.0,5.6,,,,25.0,139.0,7.0,0.0,,0.0,3.3,0.0,0.0,0.01,,,38.0,,7.1,,2.7,,20.7,5.3,131.0,0.0,81.0,,,0.77,,0.11,,,,,,,,,60.0,,,,,,,0.0046,,,,,,,,0.0,0.0,0.35,0.11,0.17,1.25,1.35,1.88,,,,20.0,0.01,,38.0,,,,,,,,,548.0,,,,,,,,,,,,,,,,,,,,,0.97,10.0,,,,,,,,,,,,,,,,,,,,,,,,,,,,,,,,,,,
50668,"Trout, rainbow, flesh only, baked",trout rainbow flesh only baked,0,15,Finfish and Shellfish Products,23,McCance and Widdowson's,0.05,19.0,254.0,434.0,0.6,0.94,0.0,0.0,,,,,,70.1,0.0,,0.0,6.4,,,,29.0,160.0,8.0,0.0,,0.0,3.8,0.0,0.0,0.01,,,44.0,,8.2,,3.1,,23.8,6.1,150.0,0.0,93.0,,,0.89,,0.13,,,0.0,0.0,0.0,0.0,0.0,,69.0,0.32,,,,,,0.0053,0.08,0.11,0.74,0.08,0.1,0.57,0.19,0.0,0.0,0.4,0.13,0.19,1.44,1.55,2.16,,,,23.0,0.01,,44.0,,,,,,,,,630.0,,0.03,0.01,0.0,0.04,0.06,0.0,0.02,0.0,0.02,0.0,0.29,,0.84,0.17,0.07,0.42,,,,1.11,11.0,,,0.32,0.93,0.08,0.02,0.06,0.01,0.02,0.05,,,,,,7.19,,,,,0.01,,,,,,,,0.0,,,,,,
50672,"Tuna, canned in brine, drained",tuna canned in brine drained,0,15,Finfish and Shellfish Products,23,McCance and Widdowson's,0.07,10.0,171.0,230.0,0.9,0.13,0.0,0.0,,,,,,74.3,0.0,,0.0,10.3,,,,27.0,490.0,12.0,0.0,,0.0,2.7,0.0,0.0,0.0,,,26.0,,1.1,,3.4,,24.9,1.0,109.0,0.0,293.0,,,0.42,,0.11,,,0.0,0.0,0.0,0.0,0.0,,47.0,0.01,,,,,,0.0062,0.0,0.03,0.25,0.01,0.0,0.04,0.01,0.0,0.0,1.51,0.0,0.31,0.3,0.17,0.39,,,,69.0,0.01,,26.0,,,,,,,,,460.0,,0.0,0.0,0.01,0.0,0.02,0.0,0.0,0.0,0.0,0.0,0.02,,0.18,0.06,0.0,0.03,,,,0.19,3.0,0.25,,0.01,13.0,0.0,0.0,0.0,0.0,0.0,0.03,,,,,,1.1,,,,,0.0,,,,,,,,0.0,,,,,,
50673,"Tuna, canned in sunflower oil, drained",tuna canned in sunflower oil drained,0,15,Finfish and Shellfish Products,23,McCance and Widdowson's,0.05,11.0,204.0,267.0,0.8,1.61,0.0,0.0,,,,,,67.1,0.0,,0.0,10.3,,,,35.0,610.0,12.0,0.0,,0.0,2.7,0.0,0.0,0.0,,,26.0,,1.1,,3.4,,25.4,6.4,159.0,0.0,368.0,,,2.84,,0.11,,,0.0,0.0,0.0,0.0,0.0,,47.0,3.4,,,,,,0.0062,0.0,0.02,0.14,0.0,0.01,0.02,0.0,0.0,0.0,1.19,0.0,0.31,0.78,1.64,3.62,,,,87.0,0.01,,26.0,,,,,,,,,669.0,,0.02,0.04,0.0,0.0,0.01,0.01,0.0,0.01,0.0,0.0,0.01,,0.44,0.24,0.01,0.02,,,,0.19,3.0,,,3.4,1.61,0.0,0.0,0.01,0.0,0.0,0.02,,,,,,,,,,,0.0,,,,,,,,0.0,,,,,,
50674,"Tuna, flesh only, baked",tuna flesh only baked,0,15,Finfish and Shellfish Products,23,McCance and Widdowson's,0.03,11.0,290.0,450.0,0.5,0.18,0.0,0.0,,,,,,68.2,0.0,,0.0,17.4,,,,41.0,130.0,23.0,0.0,,0.0,2.9,0.0,0.0,0.0,,,78.0,,3.1,,2.2,,32.3,0.8,136.0,0.0,63.0,,,0.13,,0.07,,,0.0,0.0,0.0,0.0,0.0,,40.1,0.01,,,,,,0.0075,0.01,0.02,0.08,0.0,0.01,0.01,0.0,0.0,0.0,0.93,0.12,0.23,0.29,0.24,0.16,,,,92.0,0.01,,78.0,,,,,,,,,579.0,,0.0,0.0,0.01,0.0,0.02,0.0,0.0,0.0,0.0,0.0,0.02,,0.18,0.06,0.0,0.03,,,,0.21,5.0,,,0.01,0.18,0.01,0.01,0.0,0.0,0.0,0.02,,,,,,3.1,,,,,0.0,,,,,,,,0.0,,,,,,
22821,"Tuna, roasted/baked",tuna roasted baked,0,15,Finfish and Shellfish Products,11,"CIQUAL, ANSES",0.047,18.7,273.0,445.0,0.44,0.23,,,,,,,,66.9,0.0,,,16.4,,,,46.0,0.1,150.0,,,,,,0.0,,,,8.0,,1.83,,2.57,,29.9,1.83,136.0,0.0,56.0,0.0,,0.32,,0.062,,,,,,,,,43.5,0.037,,,,,,,,0.015,0.36,,,0.099,,,0.0,1.8,0.052,0.47,0.9,0.23,0.52,,,,81.2,0.0076,,,,,,,,,,,576.0,,,,,,,,,,,,0.1,,0.71,0.086,0.006,,,,1.32,0.13,40.6,,,,,,,,,,,,,,,,,,,,,,,,,,,,0.0,,,,,,,
176465,Turkey Burger (Sainsbury's),turkey burger sainsbury s,0,5,Poultry Products,5,My foods,,,,,,,,,,,,,,,0.5,,,,,,,,,,,,,,,,,,,,,,,,,24.6,6.7,176.0,0.5,316.0,,,,,,,,,,,,,,,,,,,,,,,,,,,,,,4.1,,,,2.0,2.9,1.5,,,,,,,,,,,,,,,,736.384,,,,,,,,,,,,,,,,,,,,,,,,,,,,,,,,,,,,,,,,,,,,,,,,,,,,,,,,,
50680,Turkey slices,turkey slices,0,7,Sausages and Luncheon Meats,23,McCance and Widdowson's,0.13,6.0,310.0,330.0,1.1,,,0.4,,,,,,72.6,0.4,,0.0,9.6,,,,25.0,810.0,5.0,,0.0,,2.0,0.0,0.0,0.0,,,0.0,,0.2,,0.0,,23.0,1.9,114.0,0.0,590.0,,,0.24,,0.18,,,,,,,,,62.0,,,,,,,0.0042,,,,,,,,0.0,1.2,0.4,0.05,0.41,0.6,0.7,0.4,,,,11.0,0.01,,0.0,,,,,,,,,481.0,,,,,,,,,,,,,,,,,,,,,1.05,8.0,,,,,,,,,,,,,,,,,,,,,,,,,,,,,,,,,,,
2575,"Turkey, Ground, raw",turkey ground raw,0,,,0,"USDA, 2018",0.096,19.0,200.0,237.0,2.35,2.345,,,0.1,0.02,0.0,0.02,0.0,72.36,0.0,0.0,0.0,6.733,0.0,,6.3,23.0,,,,,,,,0.0,0.103,0.0,0.0,20.0,14.0,0.4,0.0,1.0,0.0,19.66,7.66,148.0,0.0,58.0,0.0,0.0,0.09,0.0,0.156,0.0,0.0,0.003,0.0,0.001,0.004,0.01,7.0,69.0,1.932,1.075,3.144,1.897,1.223,0.582,0.223,0.001,0.098,0.008,0.001,0.027,0.006,0.01,,0.0,1.09,0.066,0.564,2.024,2.635,2.205,0.901,0.88,1.622,21.9,0.008,66.0,20.0,50.8,0.835,0.869,1.426,0.91,0.696,0.765,0.208,618.0,0.0,0.007,0.002,0.011,0.01,0.02,0.001,0.014,0.015,0.01,0.0,0.067,7.0,1.353,0.546,0.108,0.23,0.578,1.757,1.0,0.993,7.0,0.0,0.02,1.894,2.272,0.001,0.006,0.103,0.006,0.009,,,,,,,,,0.0,0.073,0.005,0.018,0.001,0.025,0.078,0.224,0.013,0.025,,,0.163,,,0.0,,
50681,"Turkey, breast, fillet, grilled, meat only",turkey breast fillet grilled meat only,0,7,Sausages and Luncheon Meats,23,McCance and Widdowson's,0.08,5.0,380.0,550.0,1.7,0.5,0.0,0.0,,,,,,63.0,0.0,,0.0,14.0,,,,42.0,85.0,8.0,0.0,0.0,0.0,2.0,0.0,0.0,0.02,,,0.0,,0.4,,1.0,,35.0,1.7,155.0,0.0,90.0,,,0.02,,0.15,,,0.0,0.0,0.0,0.0,0.0,,74.0,0.3,,,,,,0.0068,0.0,0.0,0.01,0.0,0.0,0.0,0.01,0.0,0.0,0.6,0.07,0.63,0.6,0.6,0.3,,,,17.0,0.01,,0.0,,,,,,,,,658.0,,0.0,0.0,0.0,0.0,0.0,0.0,,0.0,0.0,0.0,0.0,,0.4,0.2,0.0,0.1,,,,0.95,7.0,,,0.27,0.47,0.01,0.0,0.01,0.0,0.0,0.03,,,0.1,0.4,0.0,,0.7,,,,0.0,,,,,,,,,,0.0,,,,
50682,"Turkey, dark meat, raw",turkey dark meat raw,0,7,Sausages and Luncheon Meats,23,McCance and Widdowson's,0.04,7.0,200.0,310.0,3.1,,0.0,0.0,,,,,,75.8,0.0,,0.0,4.6,,,,22.0,73.0,5.0,0.0,0.0,0.0,2.0,0.0,0.0,0.0,,,0.0,,0.4,,2.0,,20.4,2.5,104.0,0.0,90.0,,,0.0,,0.31,,,,,,,,,86.0,,,,,,,0.004,,,,,,,,0.0,0.0,1.0,0.08,0.35,0.8,1.0,0.6,,,,15.0,0.0,,0.0,,,,,,,,,439.0,,,,,,,,,,,,,,,,,,,,,0.75,28.0,,,,,,,,,,,,,,,,,,,,,,,,,,,,,,,,,,,
50688,"Turkey, light meat, roasted",turkey light meat roasted,0,7,Sausages and Luncheon Meats,23,McCance and Widdowson's,0.05,6.0,260.0,400.0,1.4,0.6,0.0,0.0,,,,,,65.1,0.0,,0.0,12.9,,,,30.0,52.0,8.0,0.0,0.0,0.0,2.0,0.0,0.0,0.0,,,0.0,,0.1,,1.0,,33.7,2.0,153.0,0.0,50.0,,,0.02,,0.16,,,,,,0.0,0.0,,82.0,0.4,,,,,,0.0068,0.0,0.0,,0.0,0.0,,,0.0,0.0,0.5,0.05,0.47,0.7,0.7,0.5,,,,14.0,0.01,,0.0,,,,,,,,,648.0,,0.0,0.0,0.0,0.0,0.0,0.0,,0.0,0.0,0.0,0.0,,0.4,0.2,0.0,0.1,,,,0.97,18.0,,,,,,,,,,,,,0.1,5.0,0.0,0.1,0.8,,,,0.0,,,,,,,,,,0.0,,,,
50690,"Turkey, meat, average, roasted",turkey meat average roasted,0,7,Sausages and Luncheon Meats,23,McCance and Widdowson's,0.09,11.0,260.0,350.0,2.5,1.34,0.0,0.0,,,,,,64.6,0.0,,0.0,10.3,,,,27.0,85.0,8.0,0.0,0.0,0.0,2.0,0.0,0.0,0.1,,,0.0,,0.3,,1.0,,31.2,4.6,166.0,0.0,90.0,,,0.06,,0.19,,,,,,0.0,0.0,,100.0,0.84,,,,,,0.0062,0.0,0.1,,0.0,0.0,,,0.0,0.0,0.8,0.06,0.49,1.4,1.7,1.1,,,,17.0,0.01,,0.0,,,,,,,,,701.0,,,,0.0,0.0,0.0,,,0.0,0.0,0.0,0.0,,0.8,0.4,0.1,0.15,,,,0.98,17.0,,,,,,,,,,,,,0.1,0.7,0.0,,1.3,,,,0.0,,,,,,,,,,0.0,,,,
50691,"Turkey, mince, stewed",turkey mince stewed,0,7,Sausages and Luncheon Meats,23,McCance and Widdowson's,0.19,15.0,180.0,210.0,3.8,1.9,0.0,0.0,,,,,,65.3,0.0,,0.0,4.7,,,,21.0,85.0,8.0,0.0,0.0,0.0,3.0,0.0,0.0,0.07,,,0.0,,0.5,,2.0,,28.6,6.8,176.0,,45.0,,,0.0,,0.2,,,0.0,0.0,0.0,0.0,0.0,,120.0,1.8,,,,,,0.0056,0.0,0.1,0.04,0.0,0.0,0.02,0.02,0.0,0.0,1.4,0.05,0.32,2.0,2.2,2.1,,,,19.0,0.02,,0.0,,,,,,,,,739.0,,0.0,0.0,0.0,0.0,0.0,0.0,0.01,0.0,0.0,0.0,0.1,,1.3,0.5,0.1,0.2,,,,1.05,4.0,,,1.81,1.9,0.01,0.0,0.12,0.0,0.01,0.08,,,,,,,,,,,0.0,,,,,,,,,,0.0,,,,
50698,"Turkey, thighs, diced, casseroled, meat only",turkey thighs diced casseroled meat only,0,7,Sausages and Luncheon Meats,23,McCance and Widdowson's,0.2,12.0,210.0,230.0,5.4,2.3,0.0,0.0,,,,,,64.5,0.0,,0.0,6.0,,,,23.0,84.0,8.0,0.0,0.0,0.0,3.0,0.0,0.0,0.08,,,0.0,,0.5,,2.0,,28.3,7.5,181.0,0.0,65.0,,,0.0,,0.22,,,0.0,0.0,0.0,0.0,0.0,,120.0,1.5,,,,,,0.0055,0.0,0.1,0.02,0.0,0.0,0.01,0.02,0.0,0.0,2.0,0.07,0.41,2.5,2.7,1.8,,,,19.0,0.02,,0.0,,,,,,,,,760.0,,0.0,0.0,0.0,0.0,0.0,0.0,0.01,0.0,0.0,0.0,0.1,,1.7,0.7,0.1,0.3,,,,1.04,21.0,,,1.53,2.19,0.01,0.0,0.11,0.0,0.01,0.08,,,3.3,2.0,0.3,,6.4,,,,0.0,,,,,,,,,,0.0,,,,
81462,"Turmeric, powder",turmeric powder,0,2,Spices and Herbs,11,"CIQUAL, ANSES",1.3,168.0,299.0,2080.0,4.5,0.075,,,,,,,,12.9,3.21,,0.7,1.35,,,,208.0,,,,,,,,0.0,,,,0.0,,0.0,,0.0,,9.68,3.25,291.0,22.7,27.0,,,4.43,,0.15,,,0.0,0.0,0.003,0.85,0.003,,0.0,,,,,,,,,,0.0,,,0.0,,,44.4,55.0,0.058,0.11,1.84,0.45,0.76,,,,,19.8,,,,,,,,,,,1220.0,,,,,,,,,,,,0.39,,0.16,0.003,0.003,,,,7.08,0.54,20.0,13.4,,,,,,,,,,,,,,,,,,,,,,,,,,,0.0,,,,,,,
5098,"Turnip greens, cooked, boiled, drained, with salt",turnip greens cooked boiled drained with salt,0,11,Vegetables and Vegetable Products,0,"USDA, 2018",0.253,137.0,29.0,203.0,0.14,0.004,,,,,,,,93.2,0.53,8440.0,27.4,0.411,,,,22.0,,,,,,,,,0.0,0.0,0.0,0.0,0.0,0.0,0.0,0.0,0.0,1.14,0.23,20.0,3.5,265.0,4575.0,0.0,1.88,0.0,0.072,0.0,0.0,,,0.001,0.001,0.001,118.0,0.0,0.028,0.069,0.156,0.121,0.078,0.028,0.02,,,,,,,,,4.36,0.8,0.045,0.18,0.053,0.015,0.091,0.063,0.059,0.105,0.9,0.337,7625.0,381.0,,0.047,0.054,0.072,0.078,0.044,0.07,0.013,85.0,,,,,,,,,,,,0.002,118.0,0.041,0.007,0.064,0.011,0.026,0.074,1.07,0.274,118.0,367.6,,,,,,,,,,,,,,,,,,,,,,,,,,,,,,,,,,
4838,"Turnip greens, cooked, boiled, drained, without salt",turnip greens cooked boiled drained without salt,0,11,Vegetables and Vegetable Products,0,"USDA, 2018",0.253,137.0,29.0,203.0,0.14,0.004,,,,,,,,93.2,0.53,8440.0,27.4,0.411,,,,22.0,,,,,,,,0.0,0.0,0.0,0.0,0.0,0.0,0.0,0.0,0.0,0.0,1.14,0.23,20.0,3.5,29.0,4575.0,0.0,1.88,0.0,0.072,0.0,0.0,0.0,0.0,0.001,0.001,0.001,118.0,0.0,0.028,0.069,0.156,0.121,0.078,0.028,0.02,0.0,0.0,0.0,0.0,0.0,0.0,0.0,,4.36,0.8,0.045,0.18,0.053,0.015,0.091,0.063,0.059,0.105,0.9,0.337,7625.0,381.0,0.3,0.047,0.054,0.072,0.078,0.044,0.07,0.013,84.0,,,,,,,,,,,,0.002,118.0,0.041,0.007,0.064,0.011,0.026,0.074,1.07,0.274,118.0,367.6,,,,,,,,,,,,,,,,,,,,,,,,,,,,,,,,,,
4833,"Turnips, raw",turnips raw,0,11,Vegetables and Vegetable Products,0,"USDA, 2018",0.085,30.0,27.0,191.0,0.27,0.006,,,,,,,,91.87,3.8,0.0,21.0,0.4,,,,11.0,,,,,,,,0.0,0.0,0.0,0.0,0.0,0.0,0.0,0.0,0.0,0.0,0.9,0.1,28.0,1.8,67.0,0.0,0.0,0.03,0.0,0.03,0.0,0.0,0.0,0.0,0.0,0.0,0.0,15.0,0.0,0.012,0.025,0.13,0.063,0.035,0.014,0.009,0.0,0.0,0.0,0.0,0.0,0.0,0.0,,6.43,0.3,0.04,0.09,0.011,0.006,0.053,0.025,0.036,0.033,0.7,0.134,0.0,0.0,11.1,0.029,0.026,0.024,0.03,0.013,0.017,0.005,117.152,,,,,,,,,,,,0.0,15.0,0.01,0.001,0.04,0.001,0.011,0.036,0.7,0.2,15.0,0.1,,,,,,,,,,,,,,,,7.0,,,,,,,,,,,,,,,,,,
176474,Uncle Bens Mexican Style Rice (Microwave),uncle bens mexican style rice microwave,0,20,Cereal Grains and Pasta,5,My foods,,,,,,,,,,,,,,,1.1,,,,,,,,,,,,,,,,,,,,,,,,,3.4,2.2,157.0,,172.0,,,,,,,,,,,,,,,,,,,,,,,,,,,,,,30.0,,,,0.2,,,,,,,,,,,,,,,,,,656.888,,,,,,,,,,,,,,,,,,,,,,,,,,,,,,,,,,,,,,,,,,,,,,,,,,,,,,,,,
759,Uva branca,uva branca,0,9,Fruits and Fruit Juices,1,"TCA, INSA 2015",,10.0,14.0,215.0,0.1,,,0.0,,,,,,80.6,17.3,,1.0,0.3,,,,8.0,,,,,,,,0.0,0.0,,,0.0,,0.0,,0.0,2.0,0.3,0.5,71.6919024,0.8,2.0,0.0,,0.4,,0.02,,,,,,,,,0.0,,,,,,,0.0,,,,,,,,,17.3,1.2,0.02,0.09,0.1,0.0,0.1,,,,,,,0.0,,,,,,,,,299.9589196416,,,,,,,,,,,,,,,,,,,,0.38,,,,,0.1,,,,,,,,,,,,,,,,,,,,,,,,,,,,,,,,
761,Uva seca (passas),uva seca passas,0,9,Fruits and Fruit Juices,1,"TCA, INSA 2015",,49.0,36.0,875.0,0.1,,,0.0,,,,,,20.1,67.0,,1.0,0.5,,,,43.0,,,,,,,,0.0,0.0,,,2.0,,0.0,,0.0,10.0,1.8,0.7,264.782092864,6.1,53.0,12000.0,,0.0,,0.04,,,,,,,,,0.0,,,,,,,0.0001,,,,,,,,,67.0,2.4,0.12,0.25,0.2,0.0,0.2,,,,,,,2.0,,,,,,,,,1107.848276542976,,,,,,,,,,,,,,,,,,,,1.36,,,,,0.2,,,,,,,,,,,,,,,,,,,,,,,,,,,,,,,,
760,Uva tinta,uva tinta,0,9,Fruits and Fruit Juices,1,"TCA, INSA 2015",,10.0,11.0,215.0,0.1,,,0.0,,,,,,78.9,18.6,,1.0,0.2,,,,8.0,,,,,,,,0.0,0.0,,,15.0,,0.0,,0.0,2.0,0.3,0.5,76.710335568,0.9,2.0,60000.0,,0.4,,0.02,,,,,,,,,0.0,,,,,,,0.0,,,,,,,,,18.6,0.3,0.03,0.09,0.1,0.0,0.1,,,,,,,15.0,,,,,,,,,320.956044016512,,,,,,,,,,,,,,,,,,,,0.41,,,,,0.1,,,,,,,,,,,,,,,,,,,,,,,,,,,,,,,,
45139,Vainilla natural,vainilla natural,0,2,Spices and Herbs,5,My foods,,11.0,,9.0,,,,,,,,,,,13.0,,,,,,,12.0,,,,,,,,,,,,,,,,,,0.1,0.1,288.0,,9.0,,,,,,,,,,,,,,0.0,,,,,,,,,,,,,,,,13.0,0.1,,,,,,,,,,,,,,,,,,,,,1204.992,,,,,,,,,,,,,,,,,,,,,,,,,,,,,,,,,,,,,,,,,,,,,,,,,,,,,,,,,
1839,Vanilla extract,vanilla extract,0,2,Spices and Herbs,0,"USDA, 2018",0.072,11.0,6.0,148.0,0.11,0.008,,,,,,,,52.58,12.65,0.0,0.0,0.425,,,,12.0,,,,,,,,34.4,0.0,0.0,0.0,0.0,0.0,0.0,0.0,0.0,0.0,0.06,0.06,288.0,0.0,9.0,0.0,0.0,0.0,0.0,0.095,0.0,0.0,0.0,0.0,0.0,0.0,0.0,0.0,0.0,0.003,,,,,,,0.0,0.0,0.0,0.0,0.0,0.0,0.0,,12.65,0.12,0.011,0.026,0.01,0.01,0.004,,,,0.0,0.23,0.0,0.0,,,,,,,,,1205.0,,,,,,,,,,,,0.0,0.0,0.005,0.001,0.001,0.0,,,0.26,0.035,0.0,0.0,,,,,,,,,,,,,,,,,,,,,,,,,,,,,,,,,,
23123,"Veal, escalope, cooked",veal escalope cooked,0,13,Beef Products,11,"CIQUAL, ANSES",0.067,10.8,,,3.21,0.69,,,,,,,,65.0,0.0,,,10.0,,,,29.5,,6.0,,,,,,0.0,,,,,,,,2.0,,31.0,2.5,147.0,0.0,58.9,,,0.11,,,,,,,0.03,0.0099,0.014,,75.0,0.16,,,,,,,,0.051,0.0023,,,0.011,,,0.0,1.0,0.2,0.72,0.82,0.69,0.46,,,,6.22,0.012,,,,,,,,,,,620.0,,,,,,,,,,,,0.099,,0.46,0.21,0.01,,,,1.0,0.38,,,,,,,,,,,,,,,,,,,,,,,,,,,,,0.0,,,,,,,
7073,"Veal, foreshank, osso buco, separable lean and fat, cooked, braised",veal foreshank osso buco separable lean and fat cooked braised,0,17,"Lamb, Veal, and Game Products",0,"USDA, 2018",0.116,22.0,214.0,201.0,5.08,3.155,,,0.01,0.0,,,,61.3,0.0,0.0,0.0,3.731,0.0,,26.1,34.0,,,,,,,,0.0,0.276,0.0,0.0,0.0,42.0,1.1,0.0,1.86,0.0,27.94,7.77,182.0,0.0,90.0,0.0,0.0,0.39,0.0,0.337,0.0,0.0,0.0,0.0,0.0,0.004,0.004,4.0,92.0,0.369,1.436,4.42,2.411,1.662,1.015,0.283,0.0,0.074,0.0,0.0,0.002,0.0,0.001,,0.11,2.0,0.081,0.179,2.712,3.547,0.455,1.221,1.376,2.224,19.9,0.013,0.0,0.0,140.0,1.047,1.167,1.644,1.545,0.891,1.127,0.315,762.0,,0.003,,0.048,,0.075,0.012,0.0,0.07,,,0.167,4.0,1.586,0.861,0.011,0.273,0.652,2.303,0.94,0.476,4.0,1.5,,,,,,,,,,,,,,,1.1,,,,,,,,,,,,,,0.141,,,,,
7062,"Veal, leg, top round, cap off, cutlet, boneless, cooked, grilled",veal leg top round cap off cutlet boneless cooked grilled,0,17,"Lamb, Veal, and Game Products",0,"USDA, 2018",0.112,6.0,277.0,323.0,3.29,1.135,,,0.04,0.0,,,,65.32,0.0,0.0,0.0,10.1,0.0,,29.2,38.0,,,,,,,,0.0,0.114,0.0,0.0,0.0,23.0,0.6,0.0,2.72,0.0,31.89,2.63,151.0,0.0,88.0,0.0,0.0,0.43,0.0,0.47,0.0,0.0,0.0,0.0,0.0,0.001,0.002,8.0,72.0,0.107,1.639,5.044,2.752,1.897,1.158,0.323,0.0,0.015,0.0,0.0,0.005,0.001,0.0,,0.0,1.39,0.093,0.761,1.012,1.274,0.127,1.393,1.571,2.538,21.6,0.017,0.0,0.0,159.9,1.195,1.332,1.876,1.763,1.017,1.287,0.36,633.0,,0.001,,0.017,,0.029,0.003,0.0,0.024,,,0.067,8.0,0.572,0.337,0.004,0.093,0.744,2.628,1.45,0.65,8.0,1.3,,0.098,1.022,,,,,,,,,,,,0.6,,,0.114,,,,,0.114,0.093,0.009,,,,0.161,,,,,
81195,"Veal, tenderloin, roasted",veal tenderloin roasted,0,13,Beef Products,11,"CIQUAL, ANSES",,,,,3.52,0.93,,,,,,,,67.2,0.0,,,6.91,,,,,,,,,,,,0.0,,,,,,,,2.08,,29.1,3.44,147.0,0.0,,,,,,,,,,,,,0.018,,,0.33,,,,,,,,0.076,0.0011,,,,,,0.0,0.73,,0.42,1.06,1.23,0.48,,,,9.26,,,,,,,,,,,,622.0,,,,,,,,,,,,0.12,,0.6,0.3,0.0084,,,,,,,,,,,,,,,,,,,,,,,,,,,,,,,,,,0.0,,,,,,,
81685,"Vegetable fat (margarine type), 50-63% fat, light, lightly salted",vegetable fat margarine type 50 63 fat light lightly salted,0,4,Fats and Oils,11,"CIQUAL, ANSES",0.0,13.9,18.0,35.0,0.0,17.4,,0.0,,,,,,36.9,0.0,,0.0,0.0,,,,0.0,1050.0,0.0,,,,,,0.0,,,,45.0,,7.5,,0.0,,0.2,58.0,523.0,0.0,500.0,507.0,,15.4,,0.0,,,0.3,0.26,0.85,0.79,4.71,,22.0,7.18,,,,,,,,0.0,,,,0.0,,,0.0,0.0,0.0,0.0,25.0,19.0,8.46,,,,8.4,0.0,,,,,,,,,,,2150.0,,,,,,,,,,,,2.86,,9.01,2.79,1.28,,,,1.8,0.26,0.0,,,,,,,,,,,,,,,,,,,,,,,,,,,,0.0,,,,,,,
81682,"Vegetable fat (margarine type), spreadable, 30-40% fat, light, unsalted, with plant sterols esters",vegetable fat margarine type spreadable 30 40 fat light unsalted with plant sterols esters,0,4,Fats and Oils,11,"CIQUAL, ANSES",0.0,3.8,5.2,49.0,0.0,,,,,,,,,52.6,0.1,,0.0,0.0,,,,0.0,483.0,0.0,,,,,,0.0,,,,197.0,,7.5,,0.0,,0.09,35.1,333.0,0.0,294.0,0.0,,20.0,,0.0,,,,,,,,,2.8,14.2,,,,,,,,,,,,,,,4.0,0.0,0.0,0.0,7.67,8.9,17.0,,,,0.0,0.0,,,,,,,,,,,1370.0,,,,,,,,,,,,,,,,2.82,,,,0.84,0.0,10.0,,,,,,,,,,,,,,,,,,,,,,,,,,,,0.0,,,,,,,
28300,"Vegetable stir fry (peppers, broccoli, carrots, sweetcorn, water chesnuts), homemade",vegetable stir fry peppers broccoli carrots sweetcorn water chesnuts homemade,0,22,"Meals, Entrees, and Side Dishes",15,"IFCD, UCC",0.03,23.0,54.0,203.0,0.37,,,3.7,,,,,,83.3,3.8,,42.7,0.48,,,,15.0,,,,,,,,,,,,0.0,,0.0,,0.0,,2.6,1.2,50.0,,599.0,,,0.82,,0.04,,,,,,,,,0.0,,,,,,,,,,,,,,,,7.7,0.81,0.04,0.19,0.2,0.1,0.4,,,,0.2,0.15,,,,,,,,,,,209.2,,,,,,,,,,,,,,,,,,,,,0.09,33.0,,,,,,,,,,,,,,,,,,,,,,,,,,,,,,,,,,,
50720,"Vegetable stir fry mix, fried in rapeseed oil",vegetable stir fry mix fried in rapeseed oil,0,22,"Meals, Entrees, and Side Dishes",23,McCance and Widdowson's,0.11,30.0,46.0,230.0,0.3,,1.1,2.5,,,,,,83.8,3.9,,8.0,1.0,,,,16.0,27.0,,1.2,0.0,1.4,,0.2,0.0,0.0,,,0.0,,0.0,,0.0,,2.0,3.6,64.0,,11.0,,0.0,,,0.13,,,,,,,,,0.0,,,,,,,0.0003,,,,,,,,0.0,6.4,0.5,0.07,0.25,0.24,2.14,1.06,,,,0.0,0.1,,,,,,,,,,,270.0,,,,,,,,,,,,,,,,,,,,,,16.0,,,,,,,,,,,,,,,,,,,,,,,,,,,,,,,,,,,
50721,"Vegetable stir fry mix, fried in sunflower oil",vegetable stir fry mix fried in sunflower oil,0,22,"Meals, Entrees, and Side Dishes",23,McCance and Widdowson's,0.11,30.0,46.0,230.0,0.3,,1.1,2.5,,,,,,83.8,3.9,,8.0,1.0,,,,16.0,27.0,,1.2,0.0,1.4,,0.2,,,,,0.0,,0.0,,0.0,,2.0,3.6,64.0,,11.0,,0.0,,,0.13,,,,,,,,,0.0,,,,,,,0.0003,,,,,,,,0.0,6.4,0.5,0.07,0.25,0.4,0.7,2.3,,,,0.0,0.1,,,,,,,,,,,270.0,,,,,,,,,,,,,,,,,,,,,,16.0,,,,,,,,,,,,,,,,,,,,,,,,,,,,,,,,,,,
21756,Vegetable stock,vegetable stock,0,6,"Soups, Sauces, and Gravies",9,"BEDCA, UGR",,20.0,115.5,74.3,1.3,,,,,,,,,77.2,,,0.0,,,,,50.3,,,,,,,,,,,,,,,,0.84,,11.3,2.4,104.11,,278.3,,,1.94,,,,,,,,,,,,,,,,,,,,,,,,,,,9.1,2.5,,,1.3,1.1,,,,,,,,62.45,,,,,,,,,435.6,,,,,,,,,,,,,,,,,,,,,,,,,,,,,,,,,,,,,,,,,,,,,,,,,,,,,,,,,
22670,Vegetables au gratin (oven grilled),vegetables au gratin oven grilled,0,25,Restaurant Foods,11,"CIQUAL, ANSES",0.087,83.1,65.5,175.0,0.49,,,1.18,,,,,,82.2,1.89,,12.6,0.46,,,,16.6,,4.03,,,,,,0.0,,,,26.9,,0.084,,0.12,,3.56,7.92,102.0,2.14,248.0,567.0,,1.84,,0.072,,,,,,,,,19.7,0.16,,,,,,,,,,,,,,,3.08,0.51,0.051,0.11,4.04,2.51,0.93,,,,1.8,0.13,,,,,,,,,,,423.0,,,,,,,,,,,,,,,,0.025,,,,1.08,0.27,41.0,,,,,,,,,,,,,,,,,,,,,,,,,,,,0.0,,,,,,,
81935,"Vegetables pan-fried or stir-fried, Asian-style, frozen, raw",vegetables pan fried or stir fried asian style frozen raw,0,25,Restaurant Foods,11,"CIQUAL, ANSES",,,,,,,,,,,,,,,3.1,,,,,,,,,,,,,,,0.0,,,,,,,,,,3.13,3.93,76.2,2.55,73.0,,,,,,,,,,,,,,,,,,,,,,,,,,,,,,5.83,,,,0.48,,,,,,,,,,,,,,,,,,318.0,,,,,,,,,,,,,,,,,,,,0.44,,,,,,,,,,,,,,,,,,,,,,,,,,,,,,0.0,,,,,,,
28863,"Vegetables roasted in olive oil (carrot, parsnip, onion, peppers,celery)",vegetables roasted in olive oil carrot parsnip onion peppers celery,0,22,"Meals, Entrees, and Side Dishes",15,"IFCD, UCC",0.04,34.0,37.0,272.0,0.2,,,1.5,,,,,,84.4,7.5,,18.9,0.58,,,,9.0,,,,,,,,,,,,0.0,,0.0,,0.0,,1.2,1.5,56.0,,21.0,,,0.76,,0.01,,,,,,,,,0.0,,,,,,,,,,,,,,,,10.0,0.45,0.15,0.19,0.3,0.8,0.3,,,,1.0,0.21,,,,,,,,,,,234.3,,,,,,,,,,,,,,,,,,,,,0.31,35.0,,,,,,,,,,,,,,,,,,,,,,,,,,,,,,,,,,,
50722,"Vegetables, mixed, cooked with onion, spice and tomatoes, homemade",vegetables mixed cooked with onion spice and tomatoes homemade,0,22,"Meals, Entrees, and Side Dishes",23,McCance and Widdowson's,0.13,40.0,58.0,377.0,0.3,,0.6,3.1,,,,,,80.3,3.4,377.0,6.0,0.3,,,,24.0,576.0,,1.4,0.0,1.4,,0.0,0.0,0.02,,,0.0,,0.0,,0.0,,2.4,5.3,82.0,3.3,374.0,792.0,,,289.0,0.09,,,,,,,,,2.2,,,,,,,,,,,,,,,0.0,6.6,0.94,0.08,,0.73,2.33,1.95,,,,,,,132.0,,,,,,,,,342.0,,,,,,,,,,,,,,,,,,,,,,6.0,,,,,,,,,,,,,,,,,,,,,,,,,,,,,,,,,,,
50723,"Vegetables, mixed, frozen, boiled in unsalted water",vegetables mixed frozen boiled in unsalted water,0,11,Vegetables and Vegetable Products,23,McCance and Widdowson's,0.02,35.0,57.0,130.0,0.4,,2.8,3.0,,,,,,85.8,3.6,,13.0,0.8,,,,16.0,30.0,,0.4,0.0,0.4,,0.0,0.0,0.0,,,0.0,,0.0,26.0,0.0,,3.3,0.5,42.0,,15.0,2155.0,705.0,,,0.09,,,,,,,,,0.0,,,,,,,0.0005,,,,,,,,0.0,6.6,0.8,0.12,0.11,,,,,,,,0.2,,420.0,,,,,,,,,180.0,,,,,,,,,,,,,,,,,,,,,,52.0,,,,,,,,,,,,,,,,,,,,,,,,,,,,,,,,,,,
4848,"Vegetables, mixed, frozen, cooked, boiled, drained, without salt",vegetables mixed frozen cooked boiled drained without salt,0,11,Vegetables and Vegetable Products,0,"USDA, 2018",0.083,25.0,51.0,169.0,0.49,0.009,,,,,,,,83.23,3.12,637.0,3.2,0.851,,,,22.0,,,,,,,,0.0,0.0,0.0,0.0,0.0,0.0,0.0,0.0,0.0,0.0,2.86,0.15,65.0,4.4,35.0,2082.0,968.0,0.38,0.0,0.12,0.0,0.0,0.0,0.0,0.0,0.0,0.0,19.0,0.0,0.053,0.104,0.39,0.303,0.123,0.073,0.029,0.0,0.0,0.0,0.0,0.0,0.0,0.0,,13.09,0.82,0.071,0.074,0.031,0.01,0.072,0.115,0.139,0.19,0.3,0.379,4277.0,214.0,24.1,0.136,0.07,0.193,0.149,0.074,0.12,0.026,273.0,,,,,,,,,,,,0.0,19.0,0.027,0.003,0.019,0.0,0.034,0.17,0.67,0.151,19.0,23.5,,,,,,,,,,,,,,,,,,,,,,,,,,,,,,,,,,
50724,"Vegetables, mixed, stir-fry type, frozen, fried in rapeseed oil",vegetables mixed stir fry type frozen fried in rapeseed oil,0,11,Vegetables and Vegetable Products,23,McCance and Widdowson's,0.11,30.0,46.0,230.0,0.3,,1.1,2.5,,,,,,83.8,3.9,,8.0,1.0,,,,16.0,28.0,,1.2,0.0,1.4,,0.2,,0.0,,,0.0,,0.0,,0.0,,2.0,3.6,64.0,,14.0,,0.0,,,0.13,,,,,,,,,0.0,,,,,,,0.0003,,,,,,,,0.0,6.4,0.5,0.07,0.25,,,,,,,0.0,0.1,,,,,,,,,,,270.0,,,,,,,,,,,,,,,,,,,,,,16.0,,,,,,,,,,,,,,,,,,,,,,,,,,,,,,,,,,,
50725,"Vegetables, stir-fried, takeaway",vegetables stir fried takeaway,0,22,"Meals, Entrees, and Side Dishes",23,McCance and Widdowson's,0.05,13.0,32.0,119.0,0.2,,0.0,1.6,1.45,0.12,,,,88.1,0.2,1112.0,2.0,0.3,0.0,,,9.0,616.0,,0.2,0.0,0.0,3.3,0.0,0.0,0.0,,,0.0,,0.0,8.0,0.0,,1.8,4.1,52.0,2.1,399.0,534.0,73.0,1.26,0.0,0.13,,,0.0,0.02,0.05,0.0,0.01,,1.2,,,,,,,0.0003,,,0.1,,,0.04,0.02,0.0,2.1,0.96,0.03,0.05,0.77,2.18,0.56,,,,0.0,0.11,,96.0,,,,,,,,,216.0,,0.03,0.06,,0.04,0.01,0.0,,,,,0.01,,0.4,0.13,,,,,,0.3,3.0,,,0.27,1.12,0.14,0.0,0.06,0.0,0.02,0.01,,,13.7,12.8,2.5,,,,,,,,,,,,,,,,,,,,
10057,Vegetarian meatloaf or patties,vegetarian meatloaf or patties,0,16,Legumes and Legume Products,0,"USDA, 2018",0.706,29.0,344.0,180.0,1.8,2.188,,,,,,,,58.0,1.2,0.0,0.0,10.0,,,,18.0,,,,,,,,0.0,0.0,0.0,0.0,0.0,0.0,0.0,0.0,2.4,0.0,21.0,9.0,197.0,4.6,550.0,0.0,0.0,1.73,0.0,0.6,0.0,2.4,0.0,0.0,0.0,0.0,0.087,78.0,0.0,4.146,,,,,,,0.0,0.0,0.0,0.0,0.0,0.0,0.0,,8.0,2.1,0.9,1.2,1.425,2.188,4.666,,,,0.8,,0.0,0.0,73.1,,,,,,,,824.248,,,,,,,,,,,,0.043,78.0,0.925,0.369,0.52,0.0,,,4.0,,78.0,0.0,,,,,,,,,,,,,,,,,,,,,,,,,,,,,,,,,,
28299,Vegetarian sausage fried in olive oil,vegetarian sausage fried in olive oil,0,22,"Meals, Entrees, and Side Dishes",15,"IFCD, UCC",0.22,127.0,180.0,327.0,0.93,,,2.7,,,,,,53.8,1.2,,0.0,1.02,,,,50.0,,,,,,,,,,,,0.0,,0.0,,0.0,,13.9,15.7,229.0,,833.0,,,0.36,,0.13,,,,,,,,,0.0,,,,,,,,,,,,,,,,8.6,2.91,1.6,0.05,3.1,8.9,2.3,,,,3.7,0.74,,,,,,,,,,,958.14,,,,,,,,,,,,,,,,,,,,,0.28,32.0,,,,,,,,,,,,,,,,,,,,,,,,,,,,,,,,,,,
427315,Veggie Burger,veggie burger,0,,,19,My recipes,0.13663583282114322,62.38506453595574,70.30669944683467,277.8537185003073,0.5820712968653965,0.43068838352796557,5.1456361401352195,13.400900430239705,0.23041794714197913,0.07687461585740626,0.0,0.00023048555623847574,0.0,63.9990626920713,7.223558696988324,851.6044867854948,11.574978488014752,0.6257802704363861,0.014065765212046714,2.5799323909035032,0.019698832206515058,27.848801475107564,972.1435464044255,4.913337430854333,0.5333312845728334,0.001290719114935464,0.6343607867240321,1.0565457897971726,0.023583282114320838,0.0,0.10567178856791641,0.0,0.0,13.628457283343579,1.8952059004302397,0.046097111247695145,1.8282114320835894,0.08197295636140135,0.0,4.70562384757222,3.996767055931162,145.0522433927474,2.181100184388445,664.9388444990782,724.8245236631838,205.32698217578366,0.7241272280270435,0.0,0.09749323909035035,0.0,0.0,0.02631284572833436,0.016487092808850648,0.010291948371235402,0.020698524892440073,0.02355531653349724,19.806392132759683,10.571481253841426,0.349921020282729,0.03745328826060233,0.16968377381684083,0.10884695759065764,0.04923663183773817,0.025225261216963737,0.012571972956361402,0.0,0.004950829748002459,0.001954517516902274,0.0,0.0018887523048555625,0.000617701290719115,0.000161339889366933,0.3331714812538414,24.030731407498468,1.050559311616472,0.1019382298709281,0.15428733866011066,0.9471306084818685,1.8961044867854948,0.7673727719729563,0.04371511985248924,0.04353196066379841,0.07071665642286416,3.59520590043024,0.3777944068838353,990.8666256914566,103.66594960049171,10.735064535955747,0.05586816226183159,0.04046404425322679,0.07970866625691457,0.050575599262446216,0.02862261831591887,0.05020712968653964,0.018794099569760296,606.8985863552533,0.38002458512599885,0.0029966195451751696,0.0016579594345421023,0.0003365089121081746,0.00330239704978488,0.005653349723417333,7.314074984634297e-05,0.00041487400122925625,0.0005820528580208974,0.0005301167793484941,0.0,0.06870251997541488,20.092501536570374,0.31965857406269205,0.13550061462814997,0.13034910878918254,0.010979102642901046,0.02004917025199754,0.06273570989551322,0.3490135218192993,0.34128549477566067,68.7978795328826,8.023816840811309,0.006195451751690227,0.19167762753534112,0.2990777504609711,0.0,0.0,0.12103902888752305,0.00027658266748617087,0.0005070682237246465,0.0,0.0,0.005057160417947143,0.020897357098955134,0.0,0.0,0.046097111247695145,1.13859864781807,0.0,0.09070743700061465,6.914566687154272e-05,0.00029963122311001843,2.304855562384757e-05,0.005333743085433314,0.09077658266748617,0.010090964966195453,0.001671481253841426,0.00027658266748617087,,,,,0.008881376767055933,,,
427319,Veggie Miniburger,veggie miniburger,0,,,19,My recipes,0.136635832821143,62.385064535955706,70.3066994468347,277.8537185003071,0.582071296865396,0.43068838352796607,5.145636140135221,13.4009004302397,0.230417947141979,0.0768746158574063,0.0,0.00023048555623847601,0.0,63.999062692071305,7.223558696988321,851.604486785495,11.5749784880148,0.625780270436386,0.014065765212046702,2.5799323909035,0.0196988322065151,27.848801475107603,972.1435464044251,4.91333743085433,0.533331284572833,0.0012907191149354603,0.634360786724032,1.05654578979717,0.0235832821143208,0.0,0.10567178856791601,0.0,0.0,13.6284572833436,1.8952059004302402,0.0460971112476951,1.82821143208359,0.08197295636140141,0.0,4.70562384757222,3.9967670559311603,145.05224339274702,2.18110018438845,664.938844499078,724.824523663184,205.326982175784,0.724127228027044,0.0,0.0974932390903503,0.0,0.0,0.026312845728334405,0.0164870928088506,0.010291948371235402,0.0206985248924401,0.023555316533497205,19.8063921327597,10.5714812538414,0.349921020282729,0.037453288260602305,0.169683773816841,0.10884695759065802,0.04923663183773821,0.025225261216963703,0.0125719729563614,0.0,0.004950829748002461,0.00195451751690227,0.0,0.00188875230485556,0.000617701290719115,0.000161339889366933,0.333171481253841,24.0307314074985,1.05055931161647,0.101938229870928,0.154287338660111,0.9471306084818681,1.89610448678549,0.767372771972956,0.04371511985248921,0.04353196066379841,0.0707166564228642,3.59520590043024,0.377794406883835,990.866625691457,103.665949600492,10.7350645359557,0.055868162261831604,0.040464044253226805,0.0797086662569146,0.05057559926244621,0.0286226183159189,0.0502071296865396,0.018794099569760303,606.8985863552533,0.38002458512599907,0.0029966195451751705,0.0016579594345421,0.0003365089121081751,0.0033023970497848805,0.00565334972341733,7.3140749846343e-05,0.000414874001229256,0.0005820528580208971,0.0005301167793484941,0.0,0.0687025199754149,20.092501536570403,0.31965857406269205,0.13550061462815,0.130349108789183,0.010979102642901003,0.0200491702519975,0.0627357098955132,0.349013521819299,0.341285494775661,68.7978795328826,8.02381684081131,0.006195451751690231,0.191677627535341,0.299077750460971,0.0,0.0,0.12103902888752302,0.00027658266748617103,0.000507068223724647,0.0,0.0,0.00505716041794714,0.0208973570989551,0.0,0.0,0.0460971112476951,1.13859864781807,0.0,0.0907074370006146,6.91456668715427e-05,0.000299631223110018,2.30485556238476e-05,0.00533374308543331,0.09077658266748621,0.0100909649661955,0.0016714812538414301,0.00027658266748617103,,,,,0.00888137676705593,,,
50728,"Venison, roast",venison roast,0,17,"Lamb, Veal, and Game Products",23,McCance and Widdowson's,0.36,6.0,240.0,290.0,3.9,,0.0,0.0,,,,,,60.4,0.0,,0.0,5.5,,,,27.0,59.0,,0.0,0.0,0.0,,0.0,0.0,0.0,,,,,,,1.0,,35.6,2.5,165.0,0.0,52.0,,,,,0.69,,,,,,,,,,,,,,,,0.0065,,,,,,,,0.0,0.0,5.1,0.16,0.65,,,,,,,14.0,0.04,,,,,,,,,,,698.0,,,,,,,,,,,,,,,,,,,,,,6.0,,,,,,,,,,,,,,,,,,,,,,,,,,,,,,,,,,,
209138,Vinagre,vinagre,0,6,"Soups, Sauces, and Gravies",33,"TCA, INSA 2019",,14.0,6.0,57.0,0.1,,,0.0,,,,,,93.0,0.6,,0.0,0.0,,,,5.0,,,,,,,,0.0,0.0,,,,,0.0,,0.0,,0.3,0.0,22.0,0.0,16.0,0.0,,0.0,,0.0,,,,,,,,,0.0,,,,,,,0.0,,,,,,,,,0.6,0.3,0.0,0.0,0.0,0.0,0.0,,,,,,,0.0,,,,,,,,,93.0,,,,,,,,,,,,,,,,,,,,0.2,,0.0,,,,,,,,,,,,,,,,,,,,,,,,,,,,,,,,,,,
21813,"Vinaigrette sauce, with olive oil",vinaigrette sauce with olive oil,0,6,"Soups, Sauces, and Gravies",9,"BEDCA, UGR",,8.0,8.0,34.0,0.0,,,,,,,,,21.9,0.2,,0.0,0.0,,,,11.0,,,,,,,,0.0,,,,0.0,,0.0,,0.0,,0.2,71.7573,636.19,0.0,700.0,2.0,,9.5,,0.0,,,,,,,,,,,,,,,,,,,,,,,,,0.2,0.2,0.0,0.0,10.1,50.4,8.1,,,,,,,0.33333,,,,,,,,,2661.82,,,,,,,,,,,,,,,,,,,,,,0.0,,,,,,,,,,,,,,,,,,,,,,,,,,,,,,,,,,,
50731,Vinegar,vinegar,1,6,"Soups, Sauces, and Gravies",23,McCance and Widdowson's,0.01,3.0,10.0,34.0,0.1,,0.0,0.0,,,,,,,0.6,,0.0,0.0,,,,4.0,47.0,,0.3,0.0,0.3,0.0,0.0,0.0,0.0,,,0.0,,0.0,,0.0,,0.4,0.0,22.0,0.0,5.0,,,0.0,,0.0,,,,,,,,,0.0,,,,,,,0.0,,,,,,,,0.0,0.6,0.1,0.0,0.0,0.0,0.0,0.0,,,,1.0,0.01,,0.0,,,,,,,,,89.0,,,,,,,,,,,,,,,,,,,,,0.0,0.0,,,,,,,,,,,,,,,,,,,,,,,,,,,,,,,,,,,
1850,"Vinegar, balsamic",vinegar balsamic,1,2,Spices and Herbs,0,"USDA, 2018",0.026,27.0,19.0,112.0,0.08,,0.0,,,,,,,76.45,14.95,,0.0,,,,,12.0,,,7.38,0.0,7.57,,0.0,,0.0,,,,,,,,,0.49,0.0,88.0,,23.0,,,,,,,,,,,,,,,,,,,,,,,,,,,,,0.0,17.03,0.72,,,0.0,,,,,,,0.131,0.0,0.0,,,,,,,,,369.0,,,,,,,,,,,,,,,,,,,,0.37,,,,,,,,,,,,,,,,,,,,,,,,,,,,,,,,,,,,,
81464,"Vinegar, balsamic",vinegar balsamic,1,2,Spices and Herbs,11,"CIQUAL, ANSES",0.03,18.0,24.0,160.0,0.12,,,,,,,,,70.3,19.1,,0.0,0.0,,,,12.0,0.0,0.0,,,,,,0.0,,,,,,0.0,,,,0.69,0.0,125.0,0.5,27.0,0.0,,,,0.0,,,0.0,,,,,,,,,,,,,,,,,,,,,,25.8,0.95,0.0,1.71,0.0,,0.0,,,,0.0,0.19,,,,,,,,,,,531.0,,,,,,,,,,,,,,,,,,,,0.52,0.072,5.5,0.0,,,,,,,,,,,,,,,,,,,,,,,,,,,5.16,,,,,,,
1837,"Vinegar, cider",vinegar cider,0,2,Spices and Herbs,0,"USDA, 2018",0.008,7.0,8.0,73.0,0.04,0.0,0.0,,,,,,,93.81,0.4,0.0,0.0,0.0,,,,5.0,,,0.3,0.0,0.1,,0.0,0.0,0.0,0.0,0.0,0.0,0.0,0.0,0.0,0.0,0.0,0.0,0.0,21.0,0.0,5.0,0.0,0.0,0.0,0.0,0.0,0.0,0.0,0.0,0.0,0.0,0.0,0.0,0.0,0.0,0.0,0.0,0.0,0.0,0.0,0.0,0.0,0.0,0.0,0.0,0.0,0.0,0.0,0.0,0.0,0.93,0.2,0.0,0.0,0.0,0.0,0.0,0.0,0.0,0.0,0.1,0.249,0.0,0.0,0.0,0.0,0.0,0.0,0.0,0.0,0.0,0.0,90.0,,,,,,,,,,,,0.0,0.0,0.0,0.0,0.0,0.0,0.0,0.0,0.17,0.0,0.0,0.0,,,,,,,,,,,,,,,,0.0,,,,,,,,,,,,,,,,,,
1849,"Vinegar, red wine",vinegar red wine,0,2,Spices and Herbs,0,"USDA, 2018",0.01,6.0,8.0,39.0,0.03,,,,,,,,,94.47,0.0,,0.5,,,,,4.0,,,,,,,,,0.0,,,,,,,,,0.04,0.0,19.0,0.0,8.0,,,,,,,,,,,,,,,,,,,,,,,,,,,,,,0.27,0.45,,,0.0,,,,,,,0.046,0.0,0.0,,,,,,,,,79.496,,,,,,,,,,,,,,,,,,,,0.17,,,,,,,,,,,,,,,,,,,,,,,,,,,,,,,,,,,,,
859,"Vinho generoso do Porto, doce",vinho generoso do porto doce,0,14,Beverages,1,"TCA, INSA 2015",,5.0,15.0,119.0,0.2,,,0.0,,,,,,68.6,14.0,,0.0,0.1,,,,11.0,,,,,,,,15.5,0.0,,,0.0,,0.0,,0.0,0.0,0.1,0.0,162.023699424,0.0,11.0,0.0,,0.0,,0.02,,,,,,,,,0.0,,,,,,,0.0,,,,,,,,,14.0,0.7,0.01,0.01,0.0,0.0,0.0,,,,,,,0.0,,,,,,,,,677.907158390016,,,,,,,,,,,,,,,,,,,,0.25,,,,,0.0,,,,,,,,,,,,,,,,,,,,,,,,,,,,,,,,
862,Vinho maduro branco,vinho maduro branco,0,14,Beverages,1,"TCA, INSA 2015",,13.0,9.0,92.0,0.3,,,0.0,,,,,,88.7,1.2,,0.0,0.06,,,,8.0,,,,,,,,9.6,0.0,,,0.0,,0.0,,0.0,0.0,0.1,0.0,72.169848416,0.0,9.0,0.0,,0.0,,0.01,,,,,,,,,0.0,,,,,,,0.0,,,,,,,,,1.2,0.8,0.02,0.02,0.0,0.0,0.0,,,,,,,0.0,,,,,,,,,301.95864577254395,,,,,,,,,,,,,,,,,,,,0.24,,,,,0.0,,,,,,,,,,,,,,,,,,,,,,,,,,,,,,,,
866,Vinho verde branco,vinho verde branco,0,14,Beverages,1,"TCA, INSA 2015",,10.0,6.0,84.0,0.2,,,0.0,,,,,,89.9,0.1,,0.0,0.1,,,,6.0,,,,,,,,8.4,0.0,,,0.0,,0.0,,0.0,0.0,0.0,0.0,59.265305984,0.0,11.0,0.0,,0.0,,0.01,,,,,,,,,0.0,,,,,,,0.0,,,,,,,,,0.1,0.6,0.01,0.01,0.0,0.0,0.0,,,,,,,0.0,,,,,,,,,247.966040237056,,,,,,,,,,,,,,,,,,,,0.15,,,,,0.0,,,,,,,,,,,,,,,,,,,,,,,,,,,,,,,,
50733,"Waffles, homemade",waffles homemade,0,18,Baked Products,23,McCance and Widdowson's,0.08,150.0,254.0,217.0,0.9,,0.2,39.5,,,,,,32.5,3.4,,1.0,0.9,,,,21.0,321.0,34.0,0.0,,0.0,6.2,0.0,,0.47,,,174.0,,0.7,,1.1,,9.0,15.3,335.0,1.9,306.0,,,0.81,,0.23,,,,,,,,,95.8,,,,,,,0.002,,,,,,,,3.1,43.0,1.25,0.13,0.11,8.96,4.02,0.78,,,,6.0,0.35,,190.0,,,,,,,,,1408.0,,,,,,,,,,,,,,,,,,,,,0.7,12.0,,,,,,,,,,,,,,,,,,,,,,,,,,,,,,,,,,,
50734,"Walnuts, kernel only",walnuts kernel only,0,12,Nut and Seed Products,23,McCance and Widdowson's,1.34,94.0,380.0,450.0,2.7,,2.2,0.7,24.46,2.29,,,,2.8,2.6,,0.0,1.2,0.09,,,160.0,24.0,9.0,0.2,,0.2,19.0,0.0,0.0,0.0,,,0.0,,0.0,,0.0,,14.7,68.5,688.0,,7.0,0.0,0.0,3.85,,0.14,,,0.0,0.0,0.0,0.0,,,0.0,,,,,,,0.0028,,,0.0,,,0.0,0.0,0.0,3.3,2.9,0.4,0.67,7.47,10.67,46.76,,,,3.0,3.4,,0.0,,,,,,,,,2837.0,,,,,,,,,,,,,,,,,,,,,1.6,66.0,,,39.29,10.54,0.0,0.0,7.47,0.0,0.0,0.0,,,,,,,,,,,,,,,,,,,,,,,,,
50735,"Walnuts, kernel only, weighed with shells",walnuts kernel only weighed with shells,0,12,Nut and Seed Products,23,McCance and Widdowson's,0.58,40.0,160.0,190.0,1.2,,0.9,0.3,0.98,10.52,,,,1.2,1.1,,0.0,0.5,0.04,,,69.0,10.0,4.0,0.1,,0.1,8.0,0.0,0.0,0.0,,,0.0,,0.0,,0.0,,6.3,29.4,295.0,,3.0,0.0,0.0,1.66,,0.06,,,,,,,,,0.0,,,,,,,0.0012,,,,,,,,0.0,1.4,1.2,0.17,0.29,3.21,4.59,20.11,,,,1.0,1.5,,0.0,,,,,,,,,1217.0,,,,,,,,,,,,,,,,,,,,,0.69,28.0,,,,,,,,,,,,,,,,,,,,,,,,,,,,,,,,,,,
81128,"Ware potato, boiled/cooked in water, peeled",ware potato boiled cooked in water peeled,0,11,Vegetables and Vegetable Products,11,"CIQUAL, ANSES",0.07,6.5,40.0,390.0,0.23,0.0,,13.5,,,,,,79.7,0.0,,3.78,0.61,,,,17.0,76.3,0.0,,,,,,0.0,,,,,,,,0.074,,1.81,0.0,76.1,1.9,0.0,0.0,,0.1,,0.0,,,0.0,0.0,0.0,0.0,0.0,,,0.0,,,,,,,,0.0,0.0,,,0.0,,,15.7,0.31,0.062,0.17,,,,,,,0.0,0.1,,,,,,,,,,,322.0,,,,,,,,,,,,0.0,,0.0,0.0,0.0,,,,0.94,0.37,7.89,0.0,,,,,,,,,,,,,,,,,,,,,,,,,,,0.0,,,,,,,
50737,"Water, distilled",water distilled,0,14,Beverages,23,McCance and Widdowson's,0.0,0.0,0.0,0.0,0.0,,0.0,0.0,,,,,,100.0,0.0,,0.0,0.0,,,,0.0,0.0,0.0,0.0,0.0,0.0,0.0,0.0,0.0,0.0,,,0.0,,0.0,,0.0,,0.0,0.0,0.0,0.0,0.0,,,0.0,,0.0,,,,,,,,,0.0,,,,,,,0.0,,,,,,,,0.0,0.0,0.0,0.0,0.0,0.0,0.0,0.0,,,,0.0,0.0,,0.0,,,,,,,,,0.0,,,,,,,,,,,,,,,,,,,,,0.0,0.0,,,,,,,,,,,,,,,,,,,,,,,,,,,,,,,,,,,
22264,"Water, mineral, carbonated, bottled (average)",water mineral carbonated bottled average,0,14,Beverages,11,"CIQUAL, ANSES",0.00057,15.8,0.0014,1.5,0.0037,,,0.0,,,,,,99.9,0.0,,0.0,0.0,,,,3.77,6.96,0.0,,,,,,0.0,,,,0.0,,0.0,,0.0,,0.0,0.0,0.0,0.0,16.3,0.0,,0.0,,0.0,,,,,,,,,0.0,,,,,,,,,,,,,,,,0.0,0.00058,0.0,0.0,0.0,0.0,0.0,,,,1.85,0.033,,,,,,,,,,,0.0,,,,,,,,,,,,,,,,,,,,0.15,0.0,0.0,,,,,,,,,,,,,,,,,,,,,,,,,,,,0.0,,,,,,,
22271,"Water, municipal",water municipal,0,14,Beverages,11,"CIQUAL, ANSES",0.017,7.13,0.0,0.73,0.011,0.0,,,,,,,,100.0,0.0,,0.0,0.0,,,,0.99,,,,,,,,0.0,,,,0.0,,0.0,,0.0,,0.0,0.0,0.0,0.0,2.4,0.0,,0.0,,0.0,,,0.0,0.0,0.0,0.0,0.0,,0.0,0.0,,,,,,,,0.0,0.0,,,0.0,,,0.0,0.03,0.0,0.0,0.0,0.0,0.0,,,,,0.00082,,,,,,,,,,,0.0,,,,,,,,,,,,0.0,,0.0,0.0,0.0,,,,0.1,0.0,0.0,0.0,,,,,,,,,,,,,,,,,,,,,,,,,,,0.0,,,,,,,
50738,"Watercress, raw",watercress raw,0,11,Vegetables and Vegetable Products,23,McCance and Widdowson's,0.01,170.0,52.0,230.0,0.7,,0.1,0.0,,,,,,92.5,0.4,,62.0,0.3,,,,15.0,170.0,,0.1,0.0,0.2,0.4,0.0,0.0,0.0,,,0.0,,0.0,,0.0,,3.0,1.0,22.0,,49.0,2520.0,0.0,1.46,,0.06,,,,,,,,,0.0,,,,,,,0.0005,,,,,,,,0.0,0.4,2.2,0.16,0.23,0.3,0.1,0.4,,,,,0.6,,420.0,,,,,,,,,94.0,,,,,,,,,,,,,,,,,,,,,0.1,45.0,315.0,,,,,,,,,,,,,,,,,,,,,,,,,,,,,,,,,,
150613,Weet Bix Protein,weet bix protein,0,20,Cereal Grains and Pasta,5,My foods,,,,290.0,,,,,,,,,,,,,,,,,,,,,,,,,,,,,,,,,,,,20.0,2.0,378.0,,,,,,,,,,,,,,,,,,,,,,,,,,,,,,,,64.0,6.0,,,,,,,,,,,,,,,,,,,,,1581.552,,,,,,,,,,,,,,,,,,,,,,190.0,,,,,,,,,,,,,,,,,,,,,,,,,,,,,,,,,,,
235619,"Wheat bulgur, cooked, unsalted",wheat bulgur cooked unsalted,0,20,Cereal Grains and Pasta,37,"Ciqual 2020, ANSES",0.16,14.0,66.0,95.0,0.73,0.07,0.2,18.4,,,,,,71.5,,,0.5,0.34,,,,22.0,21.1,20.0,0.2,0.2,0.2,,0.2,0.0,,,,0.0,,0.0,,0.0,,4.0,0.5,111.0,2.2,7.0,5.0,,0.08,,0.01,,,0.01,0.01,0.01,0.01,0.01,,0.0,0.23,,,,,,,,0.01,0.01,,,0.01,,0.2,21.7,0.55,0.047,0.039,0.11,0.07,0.24,,,,20.0,0.46,,,,,,,,,,,471.0,,,,,,,,,,,,0.01,,0.09,0.02,0.01,,,,0.35,0.19,10.8,,,,,,,,,,,,,,,,,,,,,,,,,,,,,,,,,,,
8136,"Wheat flour, white, all-purpose, unenriched",wheat flour white all purpose unenriched,0,20,Cereal Grains and Pasta,0,"USDA, 2018",0.144,15.0,108.0,107.0,0.7,0.087,,,,,,,,11.92,0.27,18.0,0.0,1.25,,,,22.0,,,,,,,,0.0,,0.0,0.0,0.0,0.0,0.0,0.0,0.0,0.0,10.33,0.98,364.0,2.7,2.0,0.0,0.0,0.06,0.0,0.04,0.0,0.0,0.0,0.0,0.0,0.0,0.0,26.0,0.0,0.391,0.371,3.479,0.435,0.332,0.23,0.127,0.0,0.0,0.0,0.0,0.0,0.0,0.0,,76.31,1.17,0.12,0.044,0.155,0.087,0.413,0.281,0.357,0.71,33.9,0.682,0.0,0.0,10.4,0.516,1.198,0.417,0.415,0.312,0.52,0.219,1523.0,,,,,,,,,,,,0.0,26.0,0.148,0.007,0.022,0.0,0.183,0.228,0.47,0.438,26.0,0.3,,,,,,,,,,,,,,,,,,,,,,,,,,,,,,,,,,
8159,"Wheat flour, whole-grain, soft wheat",wheat flour whole grain soft wheat,0,20,Cereal Grains and Pasta,0,"USDA, 2018",0.475,33.0,323.0,394.0,2.96,,,,,,,,,12.42,1.02,220.0,0.0,5.347,,,,117.0,,,,,,,,,,,,0.0,0.0,0.0,0.0,,0.0,9.61,1.95,332.0,13.1,3.0,5.0,0.0,0.53,0.0,0.188,,,,,,,,28.0,0.0,,,,,,,,,,,,,,,,74.48,3.71,0.297,0.191,0.43,0.283,1.167,,,,12.7,3.399,9.0,0.0,31.2,,,,,,,,1391.0,,,,,,,,,,,,,28.0,,,,,,,1.53,1.011,28.0,1.9,,,,,,,,,,,,,,,,,,,,,,,,,,,,,,,,,,
81269,"Wheat tortilla wrap, to be filled",wheat tortilla wrap to be filled,1,20,Cereal Grains and Pasta,11,"CIQUAL, ANSES",0.1,45.0,360.0,150.0,0.57,2.67,,50.6,,,,,,26.0,1.55,,,0.17,,,,19.0,219.0,0.0,,,,,,0.0,,,,0.0,,,,,,8.34,8.2,327.0,3.85,650.0,0.0,,0.0,,0.0,,,0.0,0.0,0.0,0.0,0.01,,0.79,1.12,,,,,,,,0.0,0.0,,,0.0,,,52.1,0.76,0.11,0.027,3.85,2.67,1.32,,,,0.0,0.4,,,,,,,,,,,1380.0,,,,,,,,,,,,0.05,,2.09,0.38,0.2,,,,1.92,0.35,39.4,4.78,,,,,,,,,,,,,,,,,,,,,,,,,,,0.0,,,,,,,
235705,"Wheat tortilla wrap, to be filled",wheat tortilla wrap to be filled,1,20,Cereal Grains and Pasta,37,"Ciqual 2020, ANSES",0.1,45.0,360.0,150.0,0.57,2.67,0.2,50.6,,,,,,26.0,1.55,,,0.17,,,,19.0,219.0,20.0,0.2,,0.48,,1.07,0.0,,,,21.0,,,,,,9.15,8.2,327.0,3.85,650.0,5.0,,0.08,,0.01,,,0.01,0.01,0.01,0.01,0.01,,0.79,1.12,,,,,,,,0.01,0.01,,,0.01,,0.2,52.1,0.76,0.11,0.027,3.85,2.67,1.32,,,,20.0,0.4,,,,,,,,,,,1380.0,,,,,,,,,,,,0.05,,2.09,0.38,0.2,,,,1.92,0.35,39.4,,,,,,,,,,,,,,,,,,,,,,,,,,,,,,,,,,,
8099,"Wheat, KAMUT khorasan, uncooked",wheat kamut khorasan uncooked,0,20,Cereal Grains and Pasta,0,"USDA, 2018",0.506,22.0,364.0,403.0,3.68,0.201,0.55,52.41,1.08,0.01,0.0,0.02,0.0,11.07,7.84,301.0,0.0,6.375,0.14,,113.0,130.0,,,0.11,0.0,0.62,,6.56,,0.005,,,,,,1.0,,,14.54,2.13,337.0,11.1,5.0,5.0,2.0,0.61,0.0,0.184,,,,,0.0,0.0,0.0,,0.0,0.573,0.579,4.839,0.802,0.543,0.379,0.13,,0.0,,,0.011,,,0.0,70.58,3.77,0.566,0.259,0.196,0.213,0.621,0.442,0.566,1.112,81.5,2.735,10.0,1.0,25.8,0.759,1.594,0.696,0.687,0.352,0.772,0.309,1409.0,0.0,0.002,0.0,0.0,0.0,0.0,,0.0,0.0,0.0,0.0,0.0,,0.182,0.012,0.048,0.002,0.251,0.416,1.67,0.949,,1.8,0.31,,,,,0.048,0.0,,,,,,,,,,,,,,,,,,,,,,,,0.0,,,
8045,"Wheat, durum",wheat durum,0,20,Cereal Grains and Pasta,0,"USDA, 2018",0.553,34.0,508.0,431.0,4.16,0.335,,,,,,,,10.94,,,0.0,6.738,,,,144.0,,,,,,,,,,,,0.0,0.0,0.0,,0.0,0.0,13.68,2.47,339.0,,2.0,,,,,0.121,,,,,,,,43.0,0.0,0.93,0.495,4.743,0.617,0.427,0.322,0.176,,,,,,,,,71.13,3.52,0.419,0.419,0.454,0.344,0.978,0.366,0.533,0.934,89.4,3.012,0.0,0.0,,0.667,1.459,0.483,0.594,0.357,0.681,0.286,1418.376,,,,,,,,,,,,0.003,43.0,0.422,0.022,0.048,0.009,0.221,0.303,1.78,0.935,43.0,,,,,,,,,,,,,,,,,,,,,,,,,,,,,,,,,,,
22471,"White cabbage, raw",white cabbage raw,0,11,Vegetables and Vegetable Products,11,"CIQUAL, ANSES",0.019,50.9,30.1,240.0,0.15,,,,,,,,,90.5,,,45.8,0.4,,,,10.9,,0.7,,,,,,0.0,,,,0.0,,0.0,,0.0,,1.25,0.2,28.4,2.3,6.0,,,0.02,,0.036,,,,,,,,,0.0,0.031,,,,,,,,0.0,,,,,,,4.25,0.31,0.049,0.16,0.041,0.004,0.12,,,,0.77,0.24,,,,,,,,,,,119.0,,,,,,,,,,,,,,0.037,0.004,0.084,,,,0.6,0.21,77.0,76.0,,,,,,,,,,,,,,,,,,,,,,,,,,,1.25,,,,,,,
211413,White chocolate mousse cake with raspberry and mint.,white chocolate mousse cake with raspberry and mint,0,,,19,My recipes,0.48241590909090915,150.00000000000006,184.75681818181818,380.2727272727273,1.399318181818182,0.0,15.797727272727276,6.427272727272728,0.0018181818181818184,0.0,,,,27.93522727272728,12.040736363636364,0.5909090909090909,3.5409090909090915,0.42672727272727273,0.0027272727272727275,,,75.00454545454545,4.954545454545454,0.08636363636363636,0.07727272727272728,0.0,0.15454545454545457,0.10454545454545455,0.059090909090909104,0.0,,,,21.25,,0.015681818181818182,,0.265909090909091,,6.974677272727273,19.98599545454546,359.12323181818186,0.6977272727272728,56.623390909090915,13.931818181818183,0.0,0.19681818181818186,,0.2075909090909092,,,0.0,0.0,0.0,0.0,0.0,,7.454545454545456,0.0,,,,,,0.0004795454545454546,,0.0,0.0,,,0.0,,4.8068181818181825,38.486709090909095,1.4915909090909092,0.07552272727272728,0.06925,12.366590909090911,5.481363636363637,0.6272727272727275,,,,0.38181818181818183,0.04731818181818183,,24.65909113636364,,,,,,,,,1502.5716019272734,,,,,,,,,,,,0.0,,0.0,0.0,0.0,,,,0.732727272727273,0.06568181818181819,13.945454545454549,0.1704545454545455,,,,,,,,,,,,,,,0.014545454545454547,,,,,,,,,,,,0.0,,,,,,,
173501,Wild West Beef Jerky,wild west beef jerky,0,13,Beef Products,5,My foods,,,,,,,,,,,,,,,18.9,,,,,,,,,,,,,,,,,,,,,,,,,39.0,5.0,286.0,1.6,1520.0,,,,,,,,,,,,,,,,,,,,,,,,,,,,,,21.5,,,,1.7,,,,,,,,,,,,,,,,,,1196.624,,,,,,,,,,,,,,,,,,,,,,,,,,,,,,,,,,,,,,,,,,,,,,,,,,,,,,,,,
50772,"Wine, white, medium",wine white medium,0,14,Beverages,23,McCance and Widdowson's,0.0,12.0,8.0,81.0,0.0,,,0.0,,,,,,86.3,3.0,,0.0,0.1,,,,8.0,3.0,,1.4,,1.2,1.0,0.0,9.1,0.0,,,0.0,,0.0,,0.0,,0.1,0.0,75.0,0.0,11.0,,,,,0.0,,,,,,,,,0.0,,,,,,,0.0,,,,,,,,0.0,3.0,0.8,0.0,0.01,0.0,0.0,0.0,,,,0.0,0.1,,0.0,,,,,,,,,313.0,,,,,,,,,,,,,,,,,,,,,0.06,0.0,,,,,,,,,,,,,,,,,,,,,,,,,,,,,,,,,,,
186532,Xilitol,xilitol,0,19,Sweets,5,My foods,,,,3.0,,,,,,,,,,,,,,,,,,,,,,,,,,,,,,,,,,,,,,261.0,,1.0,,,,,,,,,,,,,,,,,,,,,,,,,,,,,,,,,,,,,,,,,,,,,,,,,,,,1092.024,,,,,,,,,,,,,,,,,,,,,,,,,,,,,,,,,,,,,,,,,,,,,,,,,,,,,,,,,
50782,Yeast extract,yeast extract,0,6,"Soups, Sauces, and Gravies",23,McCance and Widdowson's,0.2,70.0,950.0,2100.0,2.7,,0.2,1.9,,,,,,26.7,1.6,,0.0,64.0,,,,160.0,6630.0,49.0,1.5,0.0,0.0,,0.0,0.0,,,,0.0,,0.0,,14.5,,40.7,0.4,180.0,0.0,4300.0,,,,,11.9,,,,,,,,,0.0,,,,,,,0.009,,,,,,,,0.0,3.5,2.9,4.1,1.6,,,,,,,,0.19,,0.0,,,,,,,,,763.0,,,,,,,,,,,,,,,,,,,,,,2620.0,,,,,,,,,,,,,,,,,,,,,,,,,,,,,,,,,,,
81795,"Yoghurt, high in protein, on a fruit layer",yoghurt high in protein on a fruit layer,0,1,Dairy and Egg Products,11,"CIQUAL, ANSES",0.02,110.0,120.0,120.0,0.39,0.41,,0.0,,,,,,76.3,11.3,,0.0,0.0,,,,9.5,85.5,0.0,,,,,,0.0,,,,23.0,,2.43,,0.58,,7.46,2.29,98.3,0.0,33.0,26.4,,0.16,,0.13,,,0.09,0.06,0.04,0.06,0.08,,11.3,0.04,,,,,,,,0.0,0.0,,,0.0,,,11.5,0.06,0.0,0.03,1.56,0.49,0.05,,,,0.0,0.04,,,,,,,,,,,415.0,,,,,,,,,,,,0.26,,0.74,0.19,0.01,,,,0.62,0.37,36.7,0.0,,,,,,,,,,,,,,,,,,,,,,,,,,,0.85,,,,,,,
28198,"Yoghurt, low fat (Danone Vitalinea/Shape)",yoghurt low fat danone vitalinea shape,0,1,Dairy and Egg Products,15,"IFCD, UCC",0.0,128.0,110.0,180.0,0.4,,,0.1,,,,,,87.2,10.8,,1.0,0.1,,,,13.0,,,,,,,,,,,,0.0,,0.0,,0.24,,4.3,0.1,63.0,,60.0,,,0.03,,0.41,,,,,,,,,0.0,,,,,,,,,,,,,,,,10.9,0.1,0.2,0.29,0.1,0.0,0.0,,,,1.0,0.02,,,,,,,,,,,263.59,,,,,,,,,,,,,,,,,,,,,0.89,31.0,,,,,,,,,,,,,,,,,,,,,,,,,,,,,,,,,,,
236638,"Yoghurt, plain (average)",yoghurt plain average,0,1,Dairy and Egg Products,37,"Ciqual 2020, ANSES",0.02,127.0,96.4,167.0,0.4,0.49,1.52,0.015,,,,,,86.5,4.67,,0.26,0.16,,,,12.1,157.0,20.8,0.095,0.45,0.087,,0.044,0.0,,,,16.2,,0.61,,0.28,,3.8,2.3,56.8,0.86,44.8,8.7,,0.095,,0.23,,,0.073,0.051,0.03,0.07,0.077,,12.0,0.038,,,,,,,,0.0048,0.004,,,0.0036,,2.65,4.73,0.2,0.033,0.048,1.53,0.54,0.047,,,,2.17,0.018,,,,,,,,,,,238.0,,,,,,,,,,,,0.25,,0.67,0.2,0.012,,,,0.83,0.31,20.7,,,,,,,,,,,,,,,,,,,,,,,,,,,,,,,,,,,
27271,"Yoghurt, skimmed milk",yoghurt skimmed milk,0,1,Dairy and Egg Products,14,"FCDBE, IEO",,120.0,94.0,185.0,0.6,,0.0,0.0,,,,,,89.0,4.0,,1.0,0.1,,,,18.0,,,0.0,1.6,0.0,,0.0,0.0,,,,12.0,,0.01,,0.2,,3.3,0.9,36.3,0.0,58.0,6.0,,,,0.18,,,,,,,,,2.0,,,,,,,,,,,,,,,2.4,4.0,0.1,0.04,0.09,0.503,0.201,0.026,,,,1.0,,,13.0,,,,,,,,,151.88,,,,,,,,,,,,,,,,,,,,,0.45,17.0,,,,,,,,,,,,,,,,,,,,,,,,,,,,,,,,,,,
182259,Yogur de soja,yogur de soja,0,3,Baby Foods,5,My foods,,120.0,,,,,,0.96,,,,,,,0.24,,,,,,,,,,,,,,,,,,,,,,,0.376,,4.16,1.92,49.6,,0.08000000000000002,,,,,,,,,,,,,,,,,,,,,,,,,,,,,,2.32,,,,0.32000000000000006,0.4,1.2000000000000002,,,,,,,,,,,,,,,,207.5264,,,,,,,,,,,,,,,,,,,,,,,,,,,,,,,,,,,,,,,,,,,,,,,,,,,,,,,,,
50785,"Yogurt, Greek style, fruit",yogurt greek style fruit,0,1,Dairy and Egg Products,23,McCance and Widdowson's,0.0,141.0,136.0,218.0,0.6,,3.8,0.7,0.02,0.0,,,,73.5,10.5,,0.0,0.1,0.0,,,14.0,159.0,39.0,1.0,1.3,0.0,,0.4,0.0,0.21,,,115.0,,0.1,,0.0,,4.8,8.4,137.0,0.0,64.0,0.0,0.0,0.39,,0.13,,,,,,,,,13.8,,,,,,,0.0015,,,,,,,,4.0,11.2,0.16,0.12,0.0,5.57,2.17,0.19,,,,3.0,0.0,,115.0,,,,,,,,,572.0,,,,,,,,,,,,,,,,,,,,,,6.0,,,,,,,,,,,,,,,,,,,,,,,,,,,,,,,,,,,
50786,"Yogurt, Greek style, plain",yogurt greek style plain,0,1,Dairy and Egg Products,23,McCance and Widdowson's,0.0,126.0,138.0,184.0,0.5,,0.0,0.3,,,,,,78.2,4.5,,0.0,0.1,,,,13.0,159.0,39.0,0.0,0.9,0.1,1.5,0.0,0.0,0.21,,,115.0,,0.1,,0.2,,5.7,10.2,133.0,0.0,66.0,,,0.38,,0.13,,,0.33,0.2,0.11,0.26,0.35,,16.7,,,,,,,0.001,,,0.0,,,0.0,0.0,3.5,4.8,0.11,0.12,0.01,6.75,2.53,0.28,,,,3.0,0.0,,115.0,,,,,,,,,551.0,,0.08,0.0,,0.11,0.07,0.0,,,,,1.11,,3.12,1.0,,,,,,0.56,18.0,,,0.2,1.91,0.0,0.0,0.05,0.0,0.0,0.0,,,,,,,,,,,,,,,,,,,,,,,,,
67384,"Yogurt, Greek, plain, lowfat",yogurt greek plain lowfat,0,,,0,"USDA, 2018",0.021,115.0,137.0,141.0,0.6,0.427,0.0,0.0,,,,,,83.56,3.56,1.0,0.8,0.197,,,,11.0,,,0.0,0.64,0.0,,0.0,0.0,0.06,0.0,0.0,90.0,0.0,0.0,0.0,0.52,0.0,9.95,1.92,73.0,0.0,34.0,6.0,0.0,0.04,0.0,0.233,0.0,0.0,0.047,0.035,0.024,0.067,0.062,12.0,10.0,0.065,0.127,1.028,0.416,0.225,0.13,0.03,0.0,0.002,0.0,0.0,0.004,0.0,0.0,2.92,3.94,0.04,0.044,0.055,1.23,0.486,0.076,0.216,0.286,0.529,12.4,0.007,309.0,90.0,15.2,0.325,0.622,0.158,0.434,0.265,0.286,0.048,305.0,,0.003,0.0,0.021,0.021,0.012,0.0,0.0,0.003,0.002,0.0,0.194,12.0,0.57,0.195,0.007,0.031,0.155,0.471,0.63,0.47,12.0,0.2,,0.048,0.381,0.0,0.0,0.007,0.0,0.002,,,,,,,,,0.0,0.046,0.005,0.0,0.0,0.009,0.051,0.026,0.008,0.009,,,,,,0.0,,
1775,"Yogurt, Greek, plain, nonfat",yogurt greek plain nonfat,0,,,0,"USDA, 2018",0.017,110.0,135.0,141.0,0.52,0.049,0.0,,0.0,0.0,0.0,0.0,0.0,85.1,3.24,0.0,0.0,0.208,0.0,,0.8,11.0,,,0.0,0.7,0.0,,0.0,0.0,0.006,0.0,0.0,1.0,0.0,0.0,0.0,0.75,0.0,10.19,0.39,59.0,0.0,36.0,0.0,0.0,0.01,0.0,0.278,0.0,0.0,0.0,0.003,0.004,0.013,0.006,7.0,5.0,0.01,,,,,,,0.0,0.0,0.0,0.0,0.002,0.0,0.0,2.54,3.6,0.07,0.023,0.063,0.117,0.053,0.012,,,,9.7,0.009,4.0,1.0,15.1,,,,,,,,246.856,0.0,0.0,0.0,0.001,0.003,0.003,0.0,0.0,0.0,0.0,0.0,0.015,7.0,0.049,0.021,0.001,0.002,,,0.72,0.331,7.0,0.0,0.0,0.01,0.043,0.0,0.0,0.001,0.0,0.0,,0.0,,,,,0.0,,0.0,0.006,0.0,0.0,0.0,0.0,0.006,0.002,0.0,0.0,,,,,0.0,0.0,,
67389,"Yogurt, Greek, plain, whole milk",yogurt greek plain whole milk,0,,,0,"USDA, 2018",0.017,100.0,135.0,141.0,0.52,0.993,,,,,,,,81.3,4.0,0.0,0.0,0.208,,,,11.0,,,,,,,,0.0,0.0,0.0,0.0,1.0,0.0,0.0,0.0,0.75,0.0,9.0,5.0,97.0,0.0,35.0,7.0,0.0,0.01,0.0,0.278,0.0,0.0,0.0,0.051,0.086,0.264,0.127,5.0,13.0,0.209,,,,,,,0.0,0.0,0.004,0.0,0.034,0.0,0.0,,3.98,0.0,0.023,0.063,2.395,2.136,0.469,,,,9.7,0.009,15.0,2.0,15.1,,,,,,,,406.0,,0.003,0.0,0.018,0.067,0.06,0.0,0.0,0.0,0.0,0.0,0.316,5.0,1.0,0.422,0.023,0.049,,,0.72,0.331,5.0,0.0,,0.209,0.879,0.0,0.0,0.023,0.0,0.0,,0.0,,,,,0.0,,0.0,0.114,0.005,0.0,0.0,,,0.044,0.0,0.0,,,,,,0.0,,
67402,"Yogurt, Greek, whole, plain, CHOBANI",yogurt greek whole plain chobani,0,,,0,"USDA, 2018",,111.0,,,,,0.0,,,,,,,83.77,,,0.6,,,,,,,,0.0,,0.0,,0.0,,0.17,,,58.0,,,,,,8.24,4.01,82.0,0.8,35.0,0.0,,,,,,,,,,,,,15.0,,0.157,1.763,0.655,0.279,0.236,0.122,,,,,,,,2.44,3.24,0.03,,,2.46,0.87,0.12,0.367,0.445,0.821,,,194.0,58.0,,0.454,0.838,0.297,0.541,0.41,0.41,0.052,343.0,,,,,,,,,,,,,,,,,,0.227,0.707,0.74,,,,,,,,,,,,,,,,,,,,,,,,,,,,,,,,,,,,,
21609,"Yogurt, enriched, plain, with cream",yogurt enriched plain with cream,0,1,Dairy and Egg Products,9,"BEDCA, UGR",,120.0,100.0,140.0,,,,,,,,,,88.2,,,,,,,,,,,,,,,,,,,,,,0.1,,0.4,,3.1,3.8,66.11,,54.0,,,,,0.18,,,,,,,,,,,,,,,,,,,,,,,,,4.9,,,,,,,,,,,,,31.4,,,,,,,,,276.6,,,,,,,,,,,,,,,,,,,,,,,,,,,,,,,,,,,,,,,,,,,,,,,,,,,,,,,,,
81780,"Yogurt, fermented milk or dairy specialty, plain",yogurt fermented milk or dairy specialty plain,0,1,Dairy and Egg Products,11,"CIQUAL, ANSES",0.0078,128.0,98.0,176.0,0.39,0.62,,0.0,,,,,,87.9,3.54,,0.0,0.19,,,,12.5,170.0,26.3,,,,,,0.0,,,,11.0,,0.8,,0.33,,4.12,2.57,56.5,0.0,49.9,6.0,,0.076,,0.26,,,0.091,0.06,0.039,0.093,0.093,,13.0,0.06,,,,,,,,0.0,0.0,,,0.0,,,3.54,0.25,0.04,0.057,1.61,0.82,0.089,,,,0.0,0.0053,,,,,,,,,,,237.0,,,,,,,,,,,,0.24,,0.72,0.28,0.026,,,,0.84,0.31,25.0,0.2,,,,,,,,,,,,,,,,,,,,,,,,,,,1.03,,,,,,,
50787,"Yogurt, low fat, fruit",yogurt low fat fruit,0,1,Dairy and Egg Products,23,McCance and Widdowson's,0.0,140.0,120.0,204.0,0.5,,6.1,1.0,0.0,0.0,,,,78.9,12.7,,1.0,0.1,0.0,,,15.0,130.0,48.0,1.0,0.9,0.0,2.3,0.3,0.0,0.0,,,10.0,,0.0,,0.3,,4.2,1.1,78.0,0.3,62.0,0.0,0.0,0.28,,0.21,,,,,,,,,6.0,,,,,,,0.001,,,,,,,,4.4,13.7,0.11,0.12,0.0,0.8,0.3,0.0,,,,2.0,0.0,,10.0,,,,,,,,,331.0,,,,,,,,,,,,,,,,,,,,,0.33,16.0,0.03,,,,,,,,,,,,,,,,,,,,,,,,,,,,,,,,,,
50789,"Yogurt, low fat, plain",yogurt low fat plain,0,1,Dairy and Egg Products,23,McCance and Widdowson's,0.03,162.0,143.0,228.0,0.6,,0.0,0.3,0.0,0.0,,,,87.2,7.5,,1.0,0.1,0.0,,,16.0,235.0,34.0,0.0,2.9,0.0,1.5,0.0,0.0,0.02,,,8.0,,0.1,,0.3,,4.8,1.0,57.0,,63.0,0.0,0.0,0.0,,0.22,,,0.04,0.02,0.01,0.02,0.03,,1.3,,,,,,,0.001,,,0.0,,,0.0,0.0,4.6,7.8,0.08,0.12,0.01,0.66,0.24,0.0,,,,2.0,0.0,,8.0,,,,,,,,,243.0,,0.01,0.0,,0.01,0.0,0.0,,,,,0.1,,0.3,0.11,,,,,,0.56,18.0,0.03,,0.03,0.19,0.0,0.0,0.0,0.0,0.0,0.0,,,,,,,,,,,,,,,,,,,,,,,,,
50790,"Yogurt, low fat, toffee",yogurt low fat toffee,0,1,Dairy and Egg Products,23,McCance and Widdowson's,0.0,159.0,132.0,220.0,0.6,,10.4,1.2,,,,,,76.0,16.8,,1.0,0.1,,,,16.0,250.0,34.0,0.5,,0.0,1.5,0.3,,0.01,,,8.0,,0.1,,0.3,,3.8,0.9,91.0,0.0,67.0,,,0.0,,0.33,,,0.03,0.01,0.01,0.02,,,1.3,,,,,,,0.001,,,0.0,,,0.0,0.0,5.6,18.0,0.11,0.12,0.01,0.62,0.2,0.03,,,,2.0,0.0,,8.0,,,,,,,,,386.0,,,,,,,,,,,,,,,,,,,,,0.56,18.0,,,0.02,0.17,0.0,0.0,0.01,0.0,0.0,0.0,,,,,,,,,,,,,,,,,,,,,,,,,
21624,"Yogurt, nonfat, vanilla flavour",yogurt nonfat vanilla flavour,0,1,Dairy and Egg Products,9,"BEDCA, UGR",0.023,121.9,132.2,146.6,0.384,,,,,,,,,75.8,,,,,,,,10.9,,,,,,,,,,,,,,,,0.26,,5.3,1.8,106.93,0.0,44.4,,,0.01,,0.23,,,,,,,,,5.9,,,,,,,,,,,,,,,,17.1,0.054,0.05,,0.73,0.31,,,,,,0.0045,,,,,,,,,,,447.4,,,,,,,,,,,,,,,,,,,,,,,,,,,,,,,,,,,,,,,,,,,,,,,,,,,,,,,,,
1665,"Yogurt, plain, low fat",yogurt plain low fat,0,,,0,"USDA, 2018",0.013,183.0,144.0,234.0,0.89,0.354,,,,,,,,85.07,7.04,0.0,0.8,0.114,,12.0,0.9,17.0,,,,,,,,0.0,,0.0,0.0,14.0,1.0,0.0,0.0,0.56,0.0,5.25,1.55,63.0,0.0,70.0,2.0,0.0,0.03,0.0,0.214,0.0,0.0,0.046,0.032,0.02,0.044,0.053,11.0,6.0,0.031,0.127,1.028,0.416,0.225,0.13,0.03,0.0,0.0,0.0,0.0,0.0,0.0,0.0,,7.04,0.08,0.044,0.049,1.0,0.426,0.044,0.216,0.286,0.529,3.3,0.004,51.0,14.0,15.2,0.325,0.622,0.158,0.434,0.265,0.286,0.048,265.0,,,,,,,,,,,,0.163,11.0,0.422,0.151,0.013,0.034,0.155,0.471,1.09,0.591,11.0,0.2,,,,,,,,,,,,,,,0.0,,,,,,,,,,,,,,,,,,,
1664,"Yogurt, plain, whole milk",yogurt plain whole milk,0,,,0,"USDA, 2018",0.009,121.0,95.0,155.0,0.59,0.743,,,,,,,,87.9,4.66,0.0,0.5,0.075,,12.0,,12.0,,,,,,,,0.0,,0.0,0.0,27.0,2.0,0.1,0.0,0.37,0.0,3.47,3.25,61.0,0.0,46.0,5.0,0.0,0.06,0.0,0.142,0.0,0.0,0.096,0.066,0.042,0.093,0.111,7.0,13.0,0.065,0.084,0.679,0.275,0.148,0.086,0.02,0.0,0.0,0.0,0.0,0.0,0.0,0.0,,4.66,0.05,0.029,0.032,2.096,0.893,0.092,0.142,0.189,0.35,2.2,0.004,99.0,27.0,15.2,0.215,0.411,0.104,0.287,0.175,0.189,0.032,257.0,,,,,,,,,,,,0.343,7.0,0.886,0.317,0.027,0.071,0.102,0.311,0.72,0.389,7.0,0.2,,,,,,,,,,,,,,,0.1,,,,,,,,,,,,,,,,,,,
50791,"Yogurt, soya, non-dairy alternative to yogurt, fruit, fortified",yogurt soya non dairy alternative to yogurt fruit fortified,0,1,Dairy and Egg Products,23,McCance and Widdowson's,0.0,120.0,72.0,94.0,0.2,,6.7,0.3,1.84,1.79,,,,82.7,10.7,,,,0.0,,,15.0,22.0,10.0,1.7,0.0,2.3,1.0,0.0,0.0,0.0,,,,,0.8,,0.4,,3.3,2.0,72.0,1.0,24.0,0.0,0.0,,,0.21,,,0.0,0.0,0.0,0.0,0.0,,0.0,,,,,,,0.0007,,,0.0,,,0.0,0.0,0.0,11.0,0.45,0.11,0.0,0.32,0.4,1.18,,,,2.0,0.18,,,,,,,,,,,306.0,,,,,0.0,0.0,,,,,,0.01,,0.17,0.17,,,,,,0.12,,,,0.87,0.33,0.0,0.0,0.12,0.0,0.0,0.0,,,0.2,0.1,0.0,,,,,,,,,,,,,,,,,,,,
50792,"Yogurt, virtually fat free/diet, fruit",yogurt virtually fat free diet fruit,0,1,Dairy and Egg Products,23,McCance and Widdowson's,0.0,140.0,120.0,204.0,0.5,,2.1,0.7,,,,,,85.4,9.4,,1.0,0.1,,,,15.0,102.0,,0.5,1.0,1.3,,0.1,0.0,0.0,,,0.0,,0.0,,0.3,,4.8,0.2,59.0,0.4,62.0,,,0.03,,0.21,,,,,,,,,,,,,,,,0.001,,,,,,,,4.4,10.1,0.1,0.12,0.0,0.1,0.1,0.0,,,,1.0,0.0,,0.0,,,,,,,,,250.0,,,,,,,,,,,,,,,,,,,,,,8.0,,,,,,,,,,,,,,,,,,,,,,,,,,,,,,,,,,,
50793,"Yogurt, virtually fat free/diet, plain",yogurt virtually fat free diet plain,0,1,Dairy and Egg Products,23,McCance and Widdowson's,0.03,160.0,151.0,247.0,0.6,,0.1,0.3,0.0,0.0,,,,86.9,7.9,,1.0,0.1,0.0,,,16.0,252.0,53.0,0.0,1.6,1.6,1.5,0.0,0.0,0.0,,,0.0,,0.0,,0.3,,5.4,0.2,54.0,0.0,71.0,0.0,0.0,0.0,,0.22,,,,,,,,,,,,,,,,0.001,,,,,,,,4.6,8.2,0.13,0.12,0.01,0.1,0.1,0.0,,,,2.0,0.0,,0.0,,,,,,,,,230.0,,,,,,,,,,,,,,,,,,,,,0.56,18.0,,,,,,,,,,,,,,,,,,,,,,,,,,,,,,,,,,,
50796,"Yogurt, whole milk, plain",yogurt whole milk plain,0,1,Dairy and Egg Products,23,McCance and Widdowson's,0.0,200.0,170.0,280.0,0.7,,0.0,0.0,,,,,,81.9,7.8,,1.0,0.2,,,,19.0,170.0,63.0,0.0,3.1,0.0,2.6,0.0,0.0,0.11,,,28.0,,0.0,,0.2,,5.7,3.0,79.0,0.0,80.0,,,0.05,,0.27,,,0.11,0.07,0.04,0.08,,,11.0,,,,,,,0.0013,,,0.0,,,0.0,0.0,4.7,7.8,0.1,0.06,0.1,1.91,0.79,0.1,,,,2.0,0.0,,32.0,,,,,,,,,333.0,,,,,,,,,,,,,,,,,,,,,0.5,18.0,,,0.05,0.61,0.0,0.0,0.02,0.0,0.0,0.0,,,,,,,,,,,,,,,,,,,,,,,,,
50797,"Yogurt, whole milk, twin pot, not fruit",yogurt whole milk twin pot not fruit,0,1,Dairy and Egg Products,23,McCance and Widdowson's,,136.0,,,,,,3.3,,,,,,68.4,18.2,,,,,,,,,,,,,,,0.0,,,,,,,,,,4.2,5.6,148.0,0.3,100.0,,,,,,,,,,,,,,,,,,,,,,,,,,,,,,21.5,,,,3.2,,,,,,,,,,,,,,,,,,623.0,,,,,,,,,,,,,,,,,,,,,,,,,,,,,,,,,,,,,,,,,,,,,,,,,,,,,,,,,
50798,"Yogurt, whole milk, twin pot, thick and creamy with fruit",yogurt whole milk twin pot thick and creamy with fruit,0,1,Dairy and Egg Products,23,McCance and Widdowson's,0.0,130.0,106.0,175.0,0.4,,6.9,0.6,,,,,,74.7,15.6,,2.0,0.2,,,,13.0,,,2.2,0.6,2.3,2.0,0.2,0.0,,,,20.0,,0.0,,0.2,,4.1,3.2,106.0,1.0,53.0,,,0.12,,0.19,,,,,,,,,,,,,,,,0.0009,,,,,,,,3.5,16.2,0.16,0.06,0.08,,,,,,,,0.0,,23.0,,,,,,,,,446.0,,,,,,,,,,,,,,,,,,,,,0.36,13.0,,,,,,,,,,,,,,,,,,,,,,,,,,,,,,,,,,,
50800,"Yorkshire pudding, made with skimmed milk, homemade",yorkshire pudding made with skimmed milk homemade,0,22,"Meals, Entrees, and Side Dishes",23,McCance and Widdowson's,0.05,123.0,126.0,185.0,0.7,,0.1,22.3,,,,,,60.1,3.6,,1.0,0.5,,,,16.0,127.0,28.0,0.0,,0.0,5.0,0.0,,0.0,,,18.0,,0.4,,1.0,,6.8,7.4,190.0,1.1,54.0,,,3.07,,0.21,,,,,,,,,51.2,,,,,,,0.0015,,,,,,,,3.4,25.9,0.8,0.08,0.08,1.23,1.72,3.78,,,,5.0,0.2,,18.0,,,,,,,,,801.0,,,,,,,,,,,,,,,,,,,,,0.5,9.0,,,,,,,,,,,,,,,,,,,,,,,,,,,,,,,,,,,
152437,ajo,ajo,1,11,Vegetables and Vegetable Products,5,My foods,0.0,38.0,134.0,529.0,1.0,,,0.0,,,,,,63.8,0.0,,9.0,0.6,,0.0,,0.0,0.0,,,,,,,0.0,0.0,0.0,,,,0.0,,0.0,3.0,5.3,14.66,134.0,0.0,19.0,,,0.0,,0.08,,,,,,,,,0.0,,,,,,,,,,,,,,,0.0,29.3,1.4,0.21,0.0,0.09,0.01,0.23,,,,0.0,0.0,,0.0,,,,,,,,,560.656,,,,,,,,,,,,,,,,,,,,,0.0,0.0,0.0,,,,,,,,,,,,,,,,,,,,,,,,,,,,,,,,,,
152464,ajo,ajo,1,11,Vegetables and Vegetable Products,5,My foods,0.0,38.0,134.0,529.0,1.0,,,0.0,,,,,,63.8,0.0,,9.0,0.6,,0.0,,0.0,0.0,,,,,,,0.0,0.0,0.0,,,,0.0,,0.0,3.0,5.3,14.66,134.0,0.0,19.0,,,0.0,,0.08,,,,,,,,,0.0,,,,,,,,,,,,,,,0.0,29.3,1.4,0.21,0.0,0.09,0.01,0.23,,,,0.0,0.0,,0.0,,,,,,,,,560.656,,,,,,,,,,,,,,,,,,,,,0.0,0.0,0.0,,,,,,,,,,,,,,,,,,,,,,,,,,,,,,,,,,
183086,baguete,baguete,0,18,Baked Products,5,My foods,,,,,,,,,,,,,,,,,,,,,,,,,,,,,,,,,,,,,,,,9.0,2.0,281.0,,,,,,,,,,,,,,,,,,,,,,,,,,,,,,,,57.0,,,,,,,,,,,,,,,,,,,,,,1175.704,,,,,,,,,,,,,,,,,,,,,,,,,,,,,,,,,,,,,,,,,,,,,,,,,,,,,,,,,
182585,bebida de soja,bebida de soja,0,14,Beverages,5,My foods,,120.0,,,,,,,,,,,,,1.7,,,,,,,,,,,,,,,,,,,,,0.75,,,,2.2,1.1,27.0,0.5,0.09,,,,,,,,,,,,,,,,,,,,,,,,,,,,,,1.8,,,,0.2,0.3,0.7,,,,,,,120.0,,,,,,,,,112.968,,,,,,,,,,,,,,,,,,,,,,,,,,,,,,,,,,,,,,,,,,,,,,,,,,,,,,,,,
40245,canyella en pols eco,canyella en pols eco,0,2,Spices and Herbs,5,My foods,,,,,,,,,,,,,,10.58,,,,,,,,,,,,,,,,,,,,,,,,,,3.99,1.24,247.0,53.1,,,,,,,,,,,,,,,,,,,,,,,,,,,,,,,80.59,,,,,,,,,,,,,,,,,,,,,,1033.448,,,,,,,,,,,,,,,,,,,,,,,,,,,,,,,,,,,,,,,,,,,,,,,,,,,,,,,,,
152440,cebolla,cebolla,1,11,Vegetables and Vegetable Products,5,My foods,0.0,30.0,40.0,157.0,0.1,,,0.0,,,,,,88.1,0.0,,10.0,0.3,,0.0,,0.0,0.0,,,,,,,0.0,0.0,0.0,,,,0.0,,0.0,20.0,1.4,0.2,45.0,0.0,10.0,,,0.0,,0.03,,,,,,,,,0.0,,,,,,,,,,,,,,,0.0,9.7,1.0,0.04,0.16,0.04,0.04,0.1,,,,0.0,0.0,,0.0,,,,,,,,,188.28,,,,,,,,,,,,,,,,,,,,,0.0,0.0,0.0,,,,,,,,,,,,,,,,,,,,,,,,,,,,,,,,,,
152467,cebolla,cebolla,1,11,Vegetables and Vegetable Products,5,My foods,0.0,30.0,40.0,157.0,0.1,,,0.0,,,,,,88.1,0.0,,10.0,0.3,,0.0,,0.0,0.0,,,,,,,0.0,0.0,0.0,,,,0.0,,0.0,20.0,1.4,0.2,45.0,0.0,10.0,,,0.0,,0.03,,,,,,,,,0.0,,,,,,,,,,,,,,,0.0,9.7,1.0,0.04,0.16,0.04,0.04,0.1,,,,0.0,0.0,,0.0,,,,,,,,,188.28,,,,,,,,,,,,,,,,,,,,,0.0,0.0,0.0,,,,,,,,,,,,,,,,,,,,,,,,,,,,,,,,,,
88723,farinha de amêndoa,farinha de am ndoa,0,12,Nut and Seed Products,5,My foods,,,,,,,,,,,,,,,,,,,,,,,,,,,,,,,,,,,,,,,,20.0,64.0,624.0,,,,,,,,,,,,,,,,,,,,,,,,,,,,,,,,9.0,,,,,,,,,,,,,,,,,,,,,,2610.816,,,,,,,,,,,,,,,,,,,,,,,,,,,,,,,,,,,,,,,,,,,,,,,,,,,,,,,,,
89602,farinha de coco,farinha de coco,0,18,Baked Products,5,My foods,,,,,,,,,,,,,,,,,,,,,,,,,,,,,,,,,,,,,,,,19.4,16.7,374.0,,,,,,,,,,,,,,,,,,,,,,,,,,,,,,,,21.5,,,,,,,,,,,,,,,,,,,,,,1564.816,,,,,,,,,,,,,,,,,,,,,,,,,,,,,,,,,,,,,,,,,,,,,,,,,,,,,,,,,
41937,llavors de cànem,llavors de c nem,0,12,Nut and Seed Products,5,My foods,,,,,,,,,,,,,,,1.9,,,,,,,,,,,,,,,,,,,,,,,,,33.0,44.0,592.0,,,,,,,,,,,,,,,,,,,,,,,,,,,,,,,,12.5,,,,,,,,,,,,,,,,,,,,,,2476.928,,,,,,,,,,,,,,,,,,,,,,,,,,,,,,,,,,,,,,,,,,,,,,,,,,,,,,,,,
145970,"nouille de riz, cuite",nouille de riz cuite,0,11,Vegetables and Vegetable Products,5,My foods,,,,,,,,,,,,,,,,,,,,,,,,,,,,,,,,,,,,,,,,0.91,0.2,109.0,,,,,,,,,,,,,,,,,,,,,,,,,,,,,,,,24.9,,,,,,,,,,,,,,,,,,,,,,456.056,,,,,,,,,,,,,,,,,,,,,,,,,,,,,,,,,,,,,,,,,,,,,,,,,,,,,,,,,
183096,pasta de atum,pasta de atum,0,,,19,My recipes,,7.020356234096692,6.793893129770992,47.55725190839695,0.06793893129770992,,,0.0,,,,,,21.242239185750634,0.4982188295165395,,1.811704834605598,0.13587786259541984,,,,14.931297709923664,,,,,,,,0.0,0.0,,,0.0,,0.0,,0.0,3.849872773536896,10.896946564885496,27.46513994910941,297.2636326538829,0.29440203562340966,1630.9343511450381,0.0,,0.06793893129770992,,0.0022646310432569974,,,,,,,,,0.0,,,,,,,2.2646310432569976e-05,,,,,,,,,1.6791348600508906,0.11323155216284987,0.02944020356234097,0.04529262086513995,0.3847328244274809,0.0,0.04529262086513995,,,,,,,0.0,,,,,,,,,1243.7510390238465,,,,,,,,,,,,,,,,,,,,4.148346055979644,,,,,0.022646310432569976,,,,,,,,,,,,,,,,,,,,,,,,,,,,,,,,
179892,remolacha,remolacha,0,11,Vegetables and Vegetable Products,5,My foods,,,,,,,,,,,,,,,,,,,,,,,,,,,,,,,,,,,,,,,,1.6,,43.0,2.8,78.0,,,,,,,,,,,,,,,,,,,,,,,,,,,,,,9.6,,,,,,,,,,,,,,,,,,,,,,179.912,,,,,,,,,,,,,,,,,,,,,,,,,,,,,,,,,,,,,,,,,,,,,,,,,,,,,,,,,
180149,rúcula,r cula,0,11,Vegetables and Vegetable Products,5,My foods,,,,,,,,,,,,,,,,,,,,,,,,,,,,,,,,,,,,,,,,2.58,0.66,25.0,1.6,,,,,,,,,,,,,,,,,,,,,,,,,,,,,,,3.65,,,,,,,,,,,,,,,,,,,,,,104.6,,,,,,,,,,,,,,,,,,,,,,,,,,,,,,,,,,,,,,,,,,,,,,,,,,,,,,,,,
80244,sementes de linhaça,sementes de linha a,0,4,Fats and Oils,5,My foods,,,,,,,,,,,,,,,,,,,,,,,,,,,,,,,,,,,,,,,,21.8,40.0,516.0,26.0,,,,,,,,,,,,,,,,,,,,,,,,,,,,,,,3.6,,,,3.2,,,,,,,,,,,,,,,,,,2158.944,,,,,,,,,,,,,,,,,,,,,,,,,,,,,,,,,,,,,,,,,,,,,,,,,,,,,,,,,
145738,strawberry cup,strawberry cup,0,,,19,My recipes,0.0342525320729237,18.593517893315326,9.191087103308575,81.38892640108035,0.2861715057393653,0.0012329507089804187,6.536880486158001,0.0034436191762322755,0.009453072248480757,0.0006752194463200541,,,,36.763835246455095,9.173571910871033,2.5658338960162053,9.23970290344362,0.21387305874409182,0.0,,,8.177582714382174,4.186360567184335,0.2172518568534774,0.2676029709655638,0.0,0.38190411883862263,0.08102633355840648,0.0,0.0,0.0,0.0,0.0,0.0,0.0,0.0,0.0,0.0,0.0,0.6576232275489534,0.448048615800135,76.58237677245104,1.588622552329507,1.7839297771775828,19.37879810938555,0.0,0.5198852126941256,5.806887238352465,0.15597569209993248,0.0,0.0,0.0,0.0,0.0,0.0,0.0,0.0,0.0,0.0019054692775151924,,,,,,6.75219446320054e-06,0.0,0.0,0.0,0.0,0.0,0.0,0.0,0.0,17.023727211343687,0.1873126266036462,0.017877110060769752,0.017452397029034436,0.009319378798109386,0.02012559081701553,0.09025793382849426,,,,0.1884537474679271,0.6031586765698853,0.0,0.0,0.17933828494260634,,,,,,,,320.420664415935,,,,,,,,,,,,0.0,0.0,0.0046883862255232955,0.0012099932478055369,0.0,0.0,,,0.1638217420661715,0.10049020931802836,9.449696151249157,5.349088453747468,,,,,,,,,,,,,,,,,,,,,,,,,,,0.4395003376097232,,,,,,,
183307,tofu soyeux,tofu soyeux,0,1,Dairy and Egg Products,5,My foods,,31.0,,,,,,,,,,,,,,,,,,,,,,,,,,,,,,,,,,,,,,8.0,2.7,55.0,0.1,5.0,,,,,,,,,,,,,,0.0,,,,,,,,,,,,,,,,2.9,0.8,,,,,,,,,,,,,,,,,,,,,230.12,,,,,,,,,,,,,,,,,,,,,,,,,,,,,,,,,,,,,,,,,,,,,,,,,,,,,,,,,
46345,tomate cherry,tomate cherry,0,16,Legumes and Legume Products,5,My foods,,,,,,,,,,,,,,,2.63,,,,,,,,,,,,,,,,,,,,,,,,,0.88,0.2,18.0,,5.0,,,,,,,,,,,,,,,,,,,,,,,,,,,,,,3.99,,,,0.046,,,,,,,,,,,,,,,,,,75.312,,,,,,,,,,,,,,,,,,,,,,,,,,,,,,,,,,,,,,,,,,,,,,,,,,,,,,,,,
869,Água mineral natural,gua mineral natural,0,14,Beverages,1,"TCA, INSA 2015",,0.2,0.0,0.1,0.05,,,0.0,,,,,,99.9,0.0,,0.0,0.0,,,,0.1,,,,,,,,0.0,0.0,,,0.0,,0.0,,0.0,0.0,0.0,0.0,0.0,0.0,0.7,0.0,,0.0,,0.0,,,,,,,,,0.0,,,,,,,0.0,,,,,,,,,0.0,0.02,0.0,0.0,0.0,0.0,0.0,,,,,,,0.0,,,,,,,,,0.0,,,,,,,,,,,,,,,,,,,,0.001,,,,,0.0,,,,,,,,,,,,,,,,,,,,,,,,,,,,,,,,
27206,Anchovies,anchovies,0,15,Finfish and Shellfish Products,14,"FCDBE, IEO",1.0,148.0,196.0,278.0,4.2,,0.0,0.0,,,,,,76.5,1.5,,0.0,14.0,,,,22.0,,,0.0,0.0,1.5,,0.0,0.0,,,,32.0,,11.0,,0.62,,16.8,2.6,96.225,0.0,104.0,,,0.29,,0.26,,,,,,,,,61.0,,,,,,,,,,,,,,,0.0,1.5,2.8,0.06,0.14,1.3,0.4,0.85,,,,37.0,0.07,,32.0,,,,,,,,,402.61,,,,,,,,,,,,,,,,,,,,,0.65,9.0,,,,,,,,,,,,,,,,,,,,,,,,,,,,,,,,,,,
27242,"Anchovies, canned in oil",anchovies canned in oil,0,15,Finfish and Shellfish Products,14,"FCDBE, IEO",0.34,44.0,351.0,700.0,2.2,,0.0,0.0,,,,,,56.0,0.2,,0.0,6.5,,,,69.0,,,0.0,0.0,0.2,,0.0,0.0,,,,58.0,,5.0,,0.88,,25.9,11.3,206.05,0.0,480.0,,,0.31,,0.2,,,,,,,,,114.0,,,,,,,,,,,,,,,0.0,0.2,1.3,0.06,0.18,2.21,6.165,2.235,,,,68.0,0.1,,58.0,,,,,,,,,862.11,,,,,,,,,,,,,,,,,,,,,0.91,8.0,,,,,,,,,,,,,,,,,,,,,,,,,,,,,,,,,,,
22786,"Anchovy, fillets, in oil, semi-preserved, drained",anchovy fillets in oil semi preserved drained,0,15,Finfish and Shellfish Products,11,"CIQUAL, ANSES",0.25,189.0,231.0,355.0,2.92,3.42,,0.0,,,,,,55.1,0.0,,0.0,3.9,,,,43.7,6090.0,30.0,,,,,,0.0,,,,5.0,,1.7,,20.9,,26.4,8.45,182.0,0.0,4210.0,0.0,,1.16,,0.25,,,0.0,0.0,0.0,0.0,0.012,,75.5,0.34,,,,,,,,0.011,0.58,,,0.41,,,0.0,3.22,0.0,0.37,3.08,3.55,1.4,,,,8.0,0.1,,,,,,,,,,,765.0,,,,,,,,,,,,0.071,,0.79,2.07,0.053,,,,12.2,0.63,14.5,12.1,,,,,,,,,,,,,,,,,,,,,,,,,,,0.0,,,,,,,
27405,Artichoke,artichoke,0,11,Vegetables and Vegetable Products,14,"FCDBE, IEO",,86.0,67.0,376.0,0.8,,,0.6,,,,,,84.0,1.9,,12.0,0.5,,,,,,,,,,,,0.0,,,,0.0,,0.0,,,,2.7,0.2,21.975,5.5,133.0,108.0,,0.19,,0.1,,,,,,,,,0.0,,,,,,,,,,,,,,,,2.5,1.0,0.06,0.03,0.05,0.01,0.08,,,,,,,18.0,,,,,,,,,91.94,,,,,,,,,,,,,,,,,,,,,,68.0,,,,,,,,,,,,,,,,,,,,,,,,,,,,,,,,,,,
27594,Arugula,arugula,0,11,Vegetables and Vegetable Products,14,"FCDBE, IEO",,160.0,52.0,369.0,0.4,,,,,,,,,91.7,2.1,,15.0,0.3,,,,,,,,,,,,0.0,,,,0.0,,0.0,,,,2.6,0.7,24.575,1.6,27.0,1422.0,,0.43,,0.09,,,,,,,,,0.0,,,,,,,,,,,,,,,,2.1,1.5,0.04,0.07,0.09,0.05,0.32,,,,,,,237.0,,,,,,,,,102.82,,,,,,,,,,,,,,,,,,,,,,97.0,,,,,,,,,,,,,,,,,,,,,,,,,,,,,,,,,,,
21655,"Bacon, cured, raw, with separable fat",bacon cured raw with separable fat,0,10,Pork Products,9,"BEDCA, UGR",6e-05,13.0,108.0,160.0,,,,,,,,,,33.7,,,0.0,,,,,12.0,,,,,,,,,,,,,,,,0.8,,8.7,57.5,544.2,0.0,680.0,,,0.23,,0.11,,,,,,,,,67.0,,,,,,,,,,,,,,,,0.09,1.2,0.36,,21.3,26.3,6.8,,,,25.0,0.01,,0.01,,,,,,,,,2276.93,,,,,,,,,,,,,,,,,,,,,0.35,,,,,,,,,,,,,,,,,,,,,,,,,,,,,,,,,,,,
22001,"Basil, fresh",basil fresh,1,2,Spices and Herbs,11,"CIQUAL, ANSES",0.39,273.0,56.0,295.0,0.81,,,0.0,,,,,,90.8,0.37,,14.5,0.9,,,,64.0,,,,,,,,0.0,,,,0.0,,0.0,,0.0,,3.22,0.47,34.2,3.47,12.0,3140.0,,0.8,,0.076,,,0.0,0.0,0.0,0.0,0.0,,0.0,,,,,,,,,,0.0,,,0.0,,,2.55,5.24,0.034,0.16,0.13,0.046,0.2,,,,,1.15,,,,,,,,,,,143.0,,,,,,,,,,,,0.0,,0.036,0.005,,,,,1.49,0.21,68.0,415.0,,,,,,,,,,,,,,,,,,,,,,,,,,,0.0,,,,,,,
27665,"Basil, fresh",basil fresh,1,2,Spices and Herbs,14,"FCDBE, IEO",0.38,250.0,37.0,300.0,0.7,,,,,,,,,88.0,5.1,,26.0,1.1,,,,11.0,,,2.0,0.0,3.1,,0.0,0.0,,,,0.0,,0.0,,0.0,,3.1,0.8,38.725,5.2,9.0,3950.0,,0.35,,0.31,,,,,,,,,0.0,,,,,,,,,,,,,,,0.0,5.1,5.5,0.08,0.17,0.05,0.12,0.51,,,,0.4,1.92,,658.0,,,,,,,,,162.03,,,,,,,,,,,,,,,,,,,,,0.32,85.0,,,,,,,,,,,,,,,,,,,,,,,,,,,,,,,,,,,
48091,"Beef, fillet steak, raw, lean",beef fillet steak raw lean,0,13,Beef Products,23,McCance and Widdowson's,0.0,4.0,210.0,340.0,2.8,2.1,0.0,0.0,,,,,,72.3,0.0,,0.0,4.7,,,,23.0,51.0,7.0,0.0,0.0,0.0,1.0,0.0,0.0,0.2,,,0.0,,0.5,,2.0,,21.2,6.1,140.0,,44.0,,,0.12,,0.28,,,,,,0.0,0.0,,61.0,0.2,,,,,,0.0045,0.0,0.0,,0.0,0.0,,,0.0,0.0,2.1,0.14,0.47,2.8,2.4,0.3,,,,7.0,0.02,,0.0,,,,,,,,,586.0,,0.0,0.0,0.0,0.1,0.1,0.0,,0.1,0.0,0.0,0.1,,1.4,1.0,0.1,0.2,,,,1.05,10.0,,,,,,,,,,,,,,,,,,,,,0.0,,,,,,,,,,0.0,,,,
48105,"Beef, lean, average, raw",beef lean average raw,0,13,Beef Products,23,McCance and Widdowson's,0.03,5.0,200.0,350.0,4.1,,0.0,0.0,,,,,,71.9,0.0,,0.0,5.0,,,,22.0,51.0,10.0,0.0,0.0,0.0,1.0,0.0,0.0,0.14,,,0.0,,0.5,,2.0,,22.5,4.3,129.0,0.0,63.0,,,0.13,,0.21,,,0.0,0.0,0.0,0.0,0.0,,58.0,,,,,,,0.0047,,,0.0,,,0.01,0.02,0.0,0.0,2.7,0.1,0.53,1.74,1.87,0.23,,,,7.0,0.01,,0.0,,,,,,,,,542.0,,0.0,0.0,,0.02,0.04,0.0,,,,,0.1,,0.97,0.59,,,,,,0.75,19.0,,,0.11,1.54,0.0,0.0,0.03,0.0,0.01,0.02,,,,,,,,,,,,,,,,,,,,,,,,,
48318,"Breakfast cereal, cornflakes, fortified",breakfast cereal cornflakes fortified,0,8,Breakfast Cereals,23,McCance and Widdowson's,0.0,3.0,46.0,88.0,0.2,0.12,4.1,83.6,0.17,0.07,,,,3.4,7.3,,0.0,15.8,0.08,,,12.0,690.0,0.0,1.5,,1.7,2.0,0.0,0.0,0.0,,,0.0,,4.7,,1.9,,7.1,0.8,376.0,2.6,450.0,117.0,16.0,0.14,,1.4,,,,,,0.0,0.0,,0.0,0.26,,,,,,0.0006,0.0,0.0,,,0.0,,,0.0,90.9,11.8,1.1,1.5,0.14,0.13,0.27,,,,9.0,0.07,,21.0,,,,,,,,,1605.0,,0.0,0.0,0.0,0.0,0.0,0.0,,0.0,,,0.0,,0.11,0.02,0.01,0.0,,,,,,0.06,,0.26,0.12,0.0,0.0,0.01,,,0.0,,,4.0,0.2,0.3,,5.8,,,,,,,,,,,,0.0,,,,,,
82458,Bresaola,bresaola,0,7,Sausages and Luncheon Meats,11,"CIQUAL, ANSES",,35.0,200.0,323.0,4.1,,,0.0,,,,,,57.1,0.0,,0.0,2.4,,,,,,,,,,,,0.0,,,,,,0.5,,,,31.6,4.3,175.0,0.0,1390.0,0.0,,0.13,,0.6,,,,,,,,,65.0,,,,,,,,,,,,,,,,2.35,7.1,0.12,0.53,2.04,1.91,0.15,,,,,,,,,,,,,,,,737.0,,,,,,,,,,,,,,,,,,,,4.66,,19.0,,,,,,,,,,,,,,,,,,,,,,,,,,,,0.0,,,,,,,
27903,Burrata cheese,burrata cheese,0,1,Dairy and Egg Products,14,"FCDBE, IEO",0.0,127.2,234.4,127.0,1.68,,0.0,0.0,,,,,,58.68,1.78,,0.4,0.256,,,,8.8,,,0.0,0.0,0.0,,0.0,0.0,,,,203.4,,0.16,,1.1,,12.14,25.7,286.535,0.0,133.6,158.8,,0.578,,0.206,,,,,,,,,69.6,,,,,,,,,,,,,,,1.78,1.78,0.24,0.026,0.058,15.0054,7.9152,0.7648,,,,1.8,0.0,,230.2,,,,,,,,,1198.86,,,,,,,,,,,,,,,,,,,,,0.214,12.4,,,,,,,,,,,,,,,,,,,,,,,,,,,,,,,,,,,
48392,"Cabbage, white, boiled in unsalted water",cabbage white boiled in unsalted water,0,11,Vegetables and Vegetable Products,23,McCance and Widdowson's,0.02,39.0,18.0,156.0,0.1,,0.2,0.0,,,,,,93.2,3.2,,18.0,0.2,,,,8.0,65.0,1.0,1.4,0.0,1.6,0.1,0.0,0.0,0.0,,,0.0,,0.0,,0.0,,0.8,0.1,16.0,2.1,5.0,,,0.03,,0.01,,,,,,,,,0.0,,,,,,,0.0001,,,,,,,,0.0,3.2,0.27,0.1,0.05,0.0,0.0,0.05,,,,0.0,0.1,,0.0,,,,,,,,,69.0,,,,,,,,,,,,,,,,,,,,,0.14,35.0,41.21,,,,,,,,,,,,,,,,,,,,,,,,,,,,,,,,,,
27863,"Caciottina cheese, made with cow milk",caciottina cheese made with cow milk,0,1,Dairy and Egg Products,14,"FCDBE, IEO",0.03,531.0,496.0,145.0,37.0,,0.0,0.0,,,,,,46.0,3.0,,,0.16,,,,30.0,,,0.0,0.0,0.0,,0.0,0.0,,,,293.0,,0.16,,1.5,,21.1,25.4,324.25,0.0,514.0,251.0,,0.34,,0.32,,,,,,,,,71.0,,,,,,,,,,,,,,,3.0,3.0,0.6,0.02,0.07,15.822,6.489,1.745,,,,8.0,0.01,,335.0,,,,,,,,,1356.66,,,,,,,,,,,,,,,,,,,,,0.48,10.0,,,,,,,,,,,,,,,,,,,,,,,,,,,,,,,,,,,
27656,"Capers, pickled",capers pickled,0,11,Vegetables and Vegetable Products,14,"FCDBE, IEO",,19.0,20.0,240.0,0.2,,,0.0,,,,,,93.7,2.1,,17.0,0.4,,,,,,,,0.0,,,,0.0,,,,0.0,,0.0,,,,2.6,0.1,19.175,1.5,1517.0,,,0.0,,,,,,,,,,,0.0,,,,,,,,,,,,,,,,2.1,0.9,0.03,0.07,0.01,0.01,0.01,,,,,,,,,,,,,,,,80.23,,,,,,,,,,,,,,,,,,,,,,38.0,,,,,,,,,,,,,,,,,,,,,,,,,,,,,,,,,,,
48565,"Chicken wings, marinated, meat and skin, barbecued",chicken wings marinated meat and skin barbecued,0,22,"Meals, Entrees, and Side Dishes",23,McCance and Widdowson's,0.09,42.0,200.0,350.0,1.6,,2.5,0.5,,,,,,50.5,3.6,,0.0,6.2,,,,27.0,610.0,6.0,0.6,0.0,0.5,4.0,0.0,0.0,0.2,,,24.0,,0.1,,1.0,,27.4,16.6,274.0,0.5,390.0,,,0.23,,0.11,,,,,,,,,120.0,,,,,,,0.0053,,,,,,,,0.0,4.1,1.3,0.07,0.27,4.6,7.5,3.3,,,,17.0,0.15,,,,,,,,,,,1146.0,,,,,,,,,,,,,,,,,,,,,1.34,10.0,,,,,,,,,,,,,,,,,,,,,,,,,,,,,,,,,,,
48573,"Chicken, breast, strips, stir-fried in corn oil",chicken breast strips stir fried in corn oil,0,5,Poultry Products,23,McCance and Widdowson's,0.08,6.0,280.0,420.0,0.8,,0.0,0.0,,,,,,65.9,0.0,,0.0,14.4,,,,33.0,63.0,7.0,0.0,0.0,0.0,2.0,0.0,0.0,,,,0.0,,0.2,,0.0,,29.7,4.6,161.0,0.0,61.0,,,,,0.16,,,,,,,,,87.0,,,,,,,0.0058,,,,,,,,0.0,0.0,0.5,0.11,0.44,,,,,,,15.0,0.01,,0.0,,,,,,,,,677.0,,,,,,,,,,,,,,,,,,,,,1.56,5.0,,,,,,,,,,,,,,,,,,,,,,,,,,,,,,,,,,,
48655,"Chocolate, white",chocolate white,0,19,Sweets,23,McCance and Widdowson's,0.0,270.0,230.0,350.0,0.9,,47.6,0.0,5.26,0.21,,,,0.6,58.3,,0.0,0.2,0.0,,,26.0,250.0,,0.0,0.0,0.0,3.0,0.0,0.0,,,,13.0,,0.0,,0.0,,8.0,30.9,529.0,,110.0,,,1.14,,0.49,,,,,,,,,,,,,,,,0.0026,,,,,,,,10.7,58.3,0.2,0.08,0.07,18.4,10.0,1.1,,,,,0.02,,26.0,,,,,,,,,2212.0,,,,,,,,,,,,,,,,,,,,,0.59,10.0,,,,,,,,,,,,,,,,,,,,,,,,,,,,,,,,,,,
48656,Chorizo,chorizo,0,7,Sausages and Luncheon Meats,23,McCance and Widdowson's,,,,240.0,,,0.0,1.3,,,,,,,1.1,,,,,,,,,,0.0,0.0,0.0,,0.0,0.0,,,,,,,,,,24.0,32.2,395.0,1.0,1400.0,,,,,,,,,,,,,,,,,,,,,,,,,,,,,1.1,2.4,,,,12.0,14.5,4.93,,,,,,,,,,,,,,,,1638.0,,,,,,,,,,,,,,,,,,,,,,,,,,,,,,,,,,,,,,,,,,,,,,,,,,,,,,,,,
27234,Clams,clams,0,15,Finfish and Shellfish Products,14,"FCDBE, IEO",0.22,46.0,169.0,314.0,1.4,,0.0,0.0,,,,,,82.5,2.2,,13.0,1.8,,,,9.0,,,0.0,0.0,2.2,,0.0,0.0,,,,16.0,,4.0,,49.0,,10.2,2.5,71.55,0.0,56.0,,,1.0,,0.21,,,,,,,,,50.0,,,,,,,,,,,,,,,0.0,2.2,14.0,0.08,0.06,0.242,0.206,0.722,,,,24.0,0.5,,16.0,,,,,,,,,299.37,,,,,,,,,,,,,,,,,,,,,0.36,16.0,,,,,,,,,,,,,,,,,,,,,,,,,,,,,,,,,,,
27166,"Coppa or capocollo (pork meat, salted, raw)",coppa or capocollo pork meat salted raw,0,10,Pork Products,14,"FCDBE, IEO",0.16,25.0,263.0,433.0,3.5,,0.0,0.0,,,,,,36.3,1.4,,0.0,6.0,,,,23.0,,,0.0,0.0,1.4,,0.0,0.0,,,,0.0,,1.3,,1.0,,20.8,40.2,450.25,0.0,1524.0,0.0,,0.03,,0.2,,,,,,,,,96.0,,,,,,,,,,,,,,,0.0,1.4,1.0,0.7,0.11,13.176,18.12,5.628,,,,7.0,,,0.0,,,,,,,,,1883.85,,,,,,,,,,,,,,,,,,,,,0.61,2.0,,,,,,,,,,,,,,,,,,,,,,,,,,,,,,,,,,,
48809,Curry powder,curry powder,1,2,Spices and Herbs,23,McCance and Widdowson's,1.04,640.0,270.0,1830.0,4.1,,,,,,,,,8.5,,,1.0,3.5,,,,280.0,470.0,,,0.0,,,0.0,0.0,0.0,,,0.0,,0.0,,0.0,,9.5,10.8,233.0,,450.0,,,,,0.28,,,,,,,,,0.0,,,,,,,,,,,,,,,0.0,26.1,58.3,0.25,0.1,,,,,,,,4.7,,17.0,,,,,,,,,979.0,,,,,,,,,,,,,,,,,,,,,,56.0,,,,,,,,,,,,,,,,,,,,,,,,,,,,,,,,,,,
81821,"Eggplant, raw",eggplant raw,1,11,Vegetables and Vegetable Products,11,"CIQUAL, ANSES",0.081,8.7,27.2,235.0,0.16,0.011,,,,,,,,92.9,2.39,,2.1,0.72,,,,12.0,,0.15,,,,,,0.0,,,,0.0,,0.0,,0.0,,1.12,0.14,21.2,2.7,2.5,14.0,,0.17,,0.034,,,0.0,0.0,0.0,0.0,0.0,,0.0,0.067,,,,,,,,0.0,0.0,,,0.0,,,2.39,0.32,0.045,0.082,0.034,0.016,0.076,,,,0.2,0.24,,,,,,,,,,,88.6,,,,,,,,,,,,0.0,,0.025,0.009,0.0091,,,,0.58,0.25,24.5,3.5,,,,,,,,,,,,,,,,,,,,,,,,,,,0.18,,,,,,,
26997,Eggplants fried,eggplants fried,0,22,"Meals, Entrees, and Side Dishes",13,,,20.0,24.0,216.0,0.2,,,5.8,,,,,,62.4,2.0,,4.0,,,,,12.0,,,,,,,,,,,,0.0,,,,,,1.6,24.9,256.0,2.5,2.0,68.0,,1.3,,0.01,,,,,,,,,0.0,,,,,,,,,,,,,,,,7.9,0.5,0.04,0.09,3.5,17.0,3.0,,,,,,,,,,,,,,,,1070.0,,,,,,,,,,,,,,,,,,,,,,,,,,,,,,,,,,,,,,,,,,,,,,,,,,,,,,,,,
22461,Escaroles,escaroles,1,11,Vegetables and Vegetable Products,11,"CIQUAL, ANSES",0.099,52.0,28.0,314.0,0.79,0.004,,0.067,,,,,,93.4,0.23,,6.5,0.4,,,,15.0,,0.4,,,,,,0.0,,,,0.0,,0.0,,0.0,,1.33,0.2,14.5,3.1,22.0,1500.0,,0.0,,0.075,,,0.0,0.0,0.0,0.0,0.0,,0.0,0.075,,,,,,,,0.0,0.0,,,0.0,,,0.3,0.83,0.08,0.02,0.048,0.004,0.088,,,,0.6,0.42,,,,,,,,,,,59.8,,,,,,,,,,,,0.003,,0.041,0.002,0.013,,,,1.4,0.9,142.0,,,,,,,,,,,,,,,,,,,,,,,,,,,,1.33,,,,,,,
27283,Fior di latte cheese,fior di latte cheese,0,1,Dairy and Egg Products,14,"FCDBE, IEO",,162.0,355.0,145.0,2.6,,0.0,0.0,,,,,,54.8,0.7,,0.0,0.3,,,,10.0,,,0.0,0.0,0.0,,0.0,0.0,,,,210.0,,0.16,,2.1,,20.6,20.3,267.725,0.0,118.0,180.0,,0.33,,0.27,,,,,,,,,48.0,,,,,,,,,,,,,,,,0.7,0.4,0.03,0.09,11.898,6.203,0.677,,,,3.0,,,240.0,,,,,,,,,1120.16,,,,,,,,,,,,,,,,,,,,,0.25,19.0,,,,,,,,,,,,,,,,,,,,,,,,,,,,,,,,,,,
49061,"Flour, rice",flour rice,0,11,Vegetables and Vegetable Products,23,McCance and Widdowson's,0.2,24.0,130.0,240.0,,,,80.1,,,,,,11.8,,,0.0,2.1,,,,23.0,0.0,,,,,,,,,,,,,0.0,,0.0,,6.4,0.8,366.0,,5.0,,,,,0.05,,,,,,,,,,,,,,,,0.0014,,,,,,,,0.0,80.1,1.9,0.1,0.2,,,,,,,,,,0.0,,,,,,,,,1531.0,,,,,,,,,,,,,,,,,,,,,,,,,,,,,,,,,,,,,,,,,,,,,,,,,,,,,,,,,
27181,"Flour, wheat, type 0",flour wheat type 0,0,20,Cereal Grains and Pasta,14,"FCDBE, IEO",,18.0,160.0,140.0,0.6,,,75.1,,,,,,14.2,1.8,,0.0,1.2,,,,,,,,,,,,0.0,,,,0.0,,0.0,,,,11.5,1.0,343.375,3.5,2.0,0.0,,0.23,,0.04,,,,,,,,,0.0,,,,,,,,,,,,,,,,76.9,0.9,0.25,0.15,0.23,0.11,0.61,,,,,,,0.0,,,,,,,,,1436.68,,,,,,,,,,,,,,,,,,,,,,22.0,,,,,,,,,,,,,,,,,,,,,,,,,,,,,,,,,,,
27205,"Flour, wheat, type 00 (fine ground)",flour wheat type 00 fine ground,0,20,Cereal Grains and Pasta,14,"FCDBE, IEO",,17.0,76.0,126.0,0.6,,,76.3,,,,,,14.2,1.7,,0.0,1.0,,,,,,,,,,,,0.0,,,,0.0,,0.0,,,,11.0,0.7,342.8,2.5,3.0,0.0,,0.16,,0.03,,,,,,,,,0.0,,,,,,,,,,,,,,,,78.0,0.7,0.1,0.15,0.16,0.08,0.43,,,,,,,0.0,,,,,,,,,1434.28,,,,,,,,,,,,,,,,,,,,,,22.0,,,,,,,,,,,,,,,,,,,,,,,,,,,,,,,,,,,
26720,"Flour, wheat, white, hard",flour wheat white hard,0,20,Cereal Grains and Pasta,13,,1.5,47.0,110.0,106.0,0.8,,,69.0,,,,,,13.0,1.6,,0.0,,,,,24.0,,,,,,,,,,,,0.0,,,,,,12.8,1.3,345.0,,6.0,0.0,,0.3,,0.03,,,,,,,,,0.04,,,,,,,,,,,,,,,,70.6,2.45,0.1,0.15,0.2,0.1,0.4,,,,,,,,,,,,,,,,1466.0,,,,,,,,,,,,,,,,,,,,,,,,,,,,,,,,,,,,,,,,,,,,,,,,,,,,,,,,,
26719,"Flour, wheat, white, soft",flour wheat white soft,0,20,Cereal Grains and Pasta,13,,1.5,47.0,110.0,106.0,0.8,,,70.8,,,,,,11.5,1.6,,0.0,,,,,24.0,,,,,,,,,,,,0.0,,,,,,12.4,0.8,352.0,2.7,6.0,0.0,,0.3,,0.03,,,,,,,,,0.03,,,,,,,,,,,,,,,,72.4,2.45,0.1,0.15,0.1,0.1,0.4,,,,,,,,,,,,,,,,1493.0,,,,,,,,,,,,,,,,,,,,,,,,,,,,,,,,,,,,,,,,,,,,,,,,,,,,,,,,,
49069,"Flour, wheat, wholemeal",flour wheat wholemeal,0,11,Vegetables and Vegetable Products,23,McCance and Widdowson's,0.37,32.0,281.0,358.0,1.9,0.19,1.0,68.5,2.41,0.0,,,,11.1,1.4,,0.0,5.0,0.19,,,83.0,108.0,0.0,0.0,,0.0,7.2,0.3,0.0,0.0,,,0.0,,0.0,,0.0,,11.6,2.0,327.0,10.1,2.0,,,0.69,,0.1,,,,,0.0,,0.0,,0.0,0.8,,,,,,0.0029,,,,,0.01,,,0.0,69.9,2.47,0.36,0.5,0.29,0.2,0.86,,,,5.0,2.0,,0.0,,,,,,,,,1390.0,,0.0,0.0,,0.0,0.0,0.0,0.0,0.0,,,0.0,,0.26,0.01,0.06,0.0,,,,0.99,27.0,,,0.8,0.19,,,0.06,,,,,,31.9,10.4,1.4,,52.9,,,,,,,,,,,,,,,,,,
23292,"Fresh egg pasta, raw",fresh egg pasta raw,0,20,Cereal Grains and Pasta,11,"CIQUAL, ANSES",,35.0,,,,,,,,,,,,,2.54,,,,,,,,,,,,,,,0.0,,,,,,,,,,10.1,1.87,283.0,3.17,156.0,,,,,,,,,,,,,,48.6,,,,,,,,,,,,,,,,53.8,1.29,,,0.49,,,,,,,,,,,,,,,,,,1200.0,,,,,,,,,,,,,,,,,,,,0.63,,,,,,,,,,,,,,,,,,,,,,,,,,,,,,0.0,,,,,,,
49100,Garlic powder,garlic powder,0,2,Spices and Herbs,23,McCance and Widdowson's,0.15,65.0,220.0,1360.0,2.6,,1.5,38.5,,,,,,6.5,4.2,,0.0,0.7,,,,61.0,190.0,,1.6,0.0,1.1,,0.0,,,,,0.0,,0.0,,0.0,,18.7,1.2,246.0,,19.0,,,0.03,,0.12,,,,,,,,,0.0,,,,,,,0.004,,,,,,,,0.0,42.7,3.9,,0.99,0.2,0.0,0.4,,,,5.0,1.0,,0.0,,,,,,,,,1045.0,,,,,,,,,,,,,,,,,,,,,,0.0,,,,,,,,,,,,,,,,,,,,,,,,,,,,,,,,,,,
27394,"Garlic, fresh",garlic fresh,1,11,Vegetables and Vegetable Products,14,"FCDBE, IEO",,14.0,63.0,347.0,0.56,,,0.0,,,,,,80.0,8.4,,5.0,1.3,,,,,,,,,,,,0.0,,,,0.0,,0.0,,,,0.9,0.6,40.5,2.3,2.0,30.0,,0.01,,0.02,,,,,,,,,0.0,,,,,,,,,,,,,,,,8.4,1.5,0.14,0.21,0.11,0.01,0.3,,,,,,,5.0,,,,,,,,,169.45,,,,,,,,,,,,,,,,,,,,,,3.0,,,,,,,,,,,,,,,,,,,,,,,,,,,,,,,,,,,
49113,"Ginger, ground",ginger ground,0,2,Spices and Herbs,23,McCance and Widdowson's,0.45,97.0,140.0,910.0,4.7,,0.0,40.2,,,,,,9.4,19.8,,0.0,5.1,,,,130.0,40.0,,10.2,0.0,9.6,,0.0,0.0,0.0,,,0.0,,0.0,,0.0,,7.4,3.3,284.0,14.1,34.0,,,,,0.19,,,0.0,0.0,0.0,0.0,,,0.0,,,,,,,0.0009,,0.01,0.0,,,,0.0,0.0,60.0,46.8,0.05,1.01,1.57,0.95,0.12,,,,,28.0,,37.0,,,,,,,,,1208.0,,,,,,,,,,,,,,,,,,,,,1.27,0.0,,,0.0,0.08,0.0,0.0,0.0,0.0,0.0,,,,23.2,4.8,5.4,,35.6,,,,,,,,,,,,,,,,,,
27288,Grana cheese,grana cheese,0,1,Dairy and Egg Products,14,"FCDBE, IEO",0.49,1169.0,692.0,120.0,4.0,,0.0,0.0,,,,,,31.5,3.7,,0.0,0.1,,,,63.0,,,0.0,0.0,0.0,,0.0,0.0,,,,209.0,,0.5,,3.0,,33.9,28.5,405.975,0.0,700.0,89.0,,0.55,,0.35,,,,,,,,,109.0,,,,,,,,,,,,,,,3.7,3.7,0.2,0.02,0.12,17.53,7.29,0.78,,,,12.0,0.02,,224.0,,,,,,,,,1698.6,,,,,,,,,,,,,,,,,,,,,0.25,5.0,,,,,,,,,,,,,,,,,,,,,,,,,,,,,,,,,,,
27528,Hazelnuts,hazelnuts,0,12,Nut and Seed Products,14,"FCDBE, IEO",,150.0,322.0,466.0,1.6,,,0.0,,,,,,5.7,1.8,,4.0,2.8,,,,,,,,,,,,0.0,,,,0.0,,0.0,,,,13.0,62.9,624.85,6.7,11.0,180.0,,24.98,,0.1,,,,,,,,,0.0,,,,,,,,,,,,,,,,1.8,3.3,0.51,0.59,4.08,37.9,5.1,,,,,,,30.0,,,,,,,,,2614.37,,,,,,,,,,,,,,,,,,,,,,72.0,,,,,,,,,,,,,,,,,,,,,,,,,,,,,,,,,,,
27246,"Herring, marinated (with wine or vinegar and species)",herring marinated with wine or vinegar and species,0,15,Finfish and Shellfish Products,14,"FCDBE, IEO",0.12,30.0,150.0,98.0,0.3,,0.0,0.0,,,,,,60.2,0.0,,,3.3,,,,5.0,,,0.0,0.0,0.0,,0.0,0.0,,,,46.0,,16.0,,4.0,,18.3,14.0,199.2,0.0,1030.0,,,0.64,,0.21,,,,,,,,,97.0,,,,,,,,,,,,,,,0.0,0.0,0.7,0.05,0.11,2.792,7.235,2.188,,,,58.5,0.02,,46.0,,,,,,,,,833.45,,,,,,,,,,,,,,,,,,,,,0.08,1.0,,,,,,,,,,,,,,,,,,,,,,,,,,,,,,,,,,,
49358,"Lamb, mince, raw",lamb mince raw,0,17,"Lamb, Veal, and Game Products",23,McCance and Widdowson's,0.08,17.0,190.0,310.0,3.5,4.8,0.0,0.0,,,,,,67.1,0.0,,0.0,4.8,,,,21.0,68.0,6.0,0.0,0.0,0.0,2.0,0.0,0.0,1.1,,,5.0,,0.8,,2.0,,19.1,13.3,196.0,0.0,69.0,,,0.18,,0.18,,,,,,0.0,0.1,,77.0,0.3,,,,,,0.0037,0.0,0.0,,0.0,0.1,,,0.0,0.0,1.6,0.12,0.2,6.2,5.3,0.6,,,,2.0,0.01,,5.0,,,,,,,,,817.0,,0.0,0.0,0.0,0.2,0.3,0.0,,0.1,0.0,0.0,0.7,,2.7,2.2,0.2,0.3,,,,0.9,2.0,,,,,,,,,,,,,,,,,,,,,0.0,,,,,,,,,,0.0,,,,
27484,Lemons,lemons,0,9,Fruits and Fruit Juices,14,"FCDBE, IEO",,14.0,11.0,140.0,0.1,,,0.0,,,,,,89.5,2.3,,50.0,0.3,,,,,,,,,,,,0.0,,,,0.0,,0.0,,,,0.6,0.0,11.025,5.2,2.0,0.0,,0.19,,0.01,,,,,,,,,0.0,,,,,,,,,,,,,,,,2.3,0.1,0.04,0.08,0.0,0.0,0.0,,,,,,,0.0,,,,,,,,,46.13,,,,,,,,,,,,,,,,,,,,,,10.6,,,,,,,,,,,,,,,,,,,,,,,,,,,,,,,,,,,
49453,"Limes, flesh only, weighed with peel and pips",limes flesh only weighed with peel and pips,0,9,Fruits and Fruit Juices,23,McCance and Widdowson's,0.04,17.0,13.0,96.0,0.1,,0.1,0.0,,,,,,66.4,0.6,,34.0,0.1,,,,8.0,,,0.2,,0.2,,0.0,,,,,0.0,,0.0,0.0,0.0,,0.5,0.2,6.0,,1.0,8.0,1.0,,,0.01,,,,,,,,,0.0,,,,,,,0.0001,,,,,,,,0.0,0.6,0.3,0.02,0.06,0.0,0.0,0.1,,,,,0.0,,1.0,,,,,,,,,25.0,,,,,,,,,,,,,,,,,,,,,0.16,6.0,,,,,,,,,,,,,,,,,,,,,,,,,,,,,,,,,,,
28365,"Margarine, Flora",margarine flora,0,4,Fats and Oils,15,"IFCD, UCC",0.0,0.0,0.0,0.0,0.0,,,0.0,,,,,,37.7,1.3,,0.0,0.0,,,,0.0,,,,,,,,,,,,900.0,,7.5,,5.0,,0.2,59.0,531.0,,600.0,,,37.5,,0.0,,,,,,,,,3.0,,,,,,,,,,,,,,,,1.3,0.0,0.0,5.0,13.0,17.5,28.0,,,,0.0,0.0,,,,,,,,,,,2221.7,,,,,,,,,,,,,,,,,,,,,0.0,1000.0,,,,,,,,,,,,,,,,,,,,,,,,,,,,,,,,,,,
27673,"Marjoram, dried",marjoram dried,0,2,Spices and Herbs,14,"FCDBE, IEO",,1990.0,310.0,1520.0,3.6,,,,,,,,,7.6,42.5,,0.0,4.1,,,,,,,,0.0,,,,0.0,,,,0.0,,0.0,,,,12.7,7.0,273.175,18.1,77.0,4840.0,,9.15,,0.32,,,,,,,,,0.0,,,,,,,,,,,,,,,,42.5,82.7,0.29,0.0,1.17,2.61,1.1,,,,,,,807.0,,,,,,,,,1142.96,,,,,,,,,,,,,,,,,,,,,,0.0,,,,,,,,,,,,,,,,,,,,,,,,,,,,,,,,,,,
49515,"Mayonnaise, homemade",mayonnaise homemade,0,6,"Soups, Sauces, and Gravies",23,McCance and Widdowson's,0.02,8.0,24.0,28.0,0.2,,0.0,0.0,,,,,,13.2,0.1,,1.0,0.0,,,,3.0,23.0,18.0,0.0,,0.0,6.2,0.0,,0.0,,,16.0,,0.4,,0.3,,1.7,84.2,786.0,0.0,19.0,,,4.4,,0.07,,,,,,,,,44.0,,,,,,,0.0006,,,,,,,,0.0,0.1,0.6,0.06,0.04,12.2,61.14,7.01,,,,3.0,0.03,,,,,,,,,,,3232.0,,,,,,,,,,,,,,,,,,,,,0.6,6.0,,,,,,,,,,,,,,,,,,,,,,,,,,,,,,,,,,,
49576,"Milk, whole, UHT",milk whole uht,0,1,Dairy and Egg Products,23,McCance and Widdowson's,0.01,110.0,87.0,140.0,0.4,,0.0,0.0,0.0,0.0,,,,90.2,4.8,0.0,0.0,0.1,0.0,,,11.0,93.0,31.0,0.0,0.0,0.0,1.8,0.0,0.0,0.15,,,54.0,,0.0,,0.2,,3.2,3.9,66.0,0.0,55.0,31.0,0.0,0.08,,0.18,,,0.15,0.09,0.05,0.1,0.12,,14.0,,,,,,,0.0008,,,0.0,,,0.0,0.0,4.8,4.8,0.23,0.04,0.04,2.36,1.05,0.1,,,,1.0,0.0,,59.0,,,,,,,,,276.0,,0.01,0.0,,0.04,0.03,0.0,,,,,0.37,,0.98,0.43,,,,,,0.32,1.0,,,0.06,0.8,0.0,0.0,0.02,0.0,0.0,0.0,,,,,,,,,,,,,,,,,,,,,,,,,
81426,"Mint, dried",mint dried,0,2,Spices and Herbs,11,"CIQUAL, ANSES",1.54,1490.0,276.0,1920.0,2.41,,,,,,,,,11.3,,,0.0,6.56,,,,602.0,,,,,,,,0.0,,,,0.0,,0.0,,0.0,,19.9,6.03,283.0,29.8,344.0,,,,,1.42,,,,,,,,,0.0,,,,,,,,,,,,,,,,22.2,87.5,0.29,2.58,1.58,0.21,3.26,,,,,11.5,,,,,,,,,,,1180.0,,,,,,,,,,,,0.037,,1.13,0.16,,,,,10.7,1.4,530.0,,,,,,,,,,,,,,,,,,,,,,,,,,,,0.0,,,,,,,
21998,"Mint, fresh",mint fresh,1,2,Spices and Herbs,11,"CIQUAL, ANSES",0.28,221.0,66.5,514.0,1.1,,,0.0,,,,,,82.8,5.3,,22.6,1.33,,,,71.5,,,,,,,,0.0,,,,0.0,,0.0,,0.0,,3.54,0.84,57.7,7.4,30.5,740.0,,5.0,,0.22,,,,,,,,,0.0,,,,,,,,,,,,,,,,5.3,8.48,0.08,0.14,0.22,0.029,0.45,,,,0.5,1.15,,,,,,,,,,,240.0,,,,,,,,,,,,0.005,,0.16,0.023,,,,,1.9,0.29,110.0,,,,,,,,,,,,,,,,,,,,,,,,,,,,0.0,,,,,,,
27180,"Mozzarella cheese, buffalo",mozzarella cheese buffalo,0,1,Dairy and Egg Products,14,"FCDBE, IEO",,210.0,195.0,145.0,2.6,,0.0,0.0,,,,,,55.5,0.4,,0.0,0.4,,,,10.0,,,0.0,0.0,0.0,,0.0,0.0,,,,240.0,,0.16,,2.1,,16.7,24.4,287.9,0.0,200.0,170.0,,0.24,,0.27,,,,,,,,,56.0,,,,,,,,,,,,,,,0.4,0.4,0.2,0.03,0.09,4.871,1.893,0.517,,,,3.0,,,268.0,,,,,,,,,1204.57,,,,,,,,,,,,,,,,,,,,,0.25,19.0,,,,,,,,,,,,,,,,,,,,,,,,,,,,,,,,,,,
81413,"Octopus, common, cooked",octopus common cooked,1,15,Finfish and Shellfish Products,11,"CIQUAL, ANSES",0.74,106.0,279.0,630.0,3.36,,,,,,,,,60.5,0.0,,8.0,3.78,,,,60.0,,,,,,,,0.0,,,,90.0,,0.0,,36.0,,29.8,2.08,156.0,0.0,460.0,0.0,,1.2,,0.076,,,0.0,0.0,0.0,0.0,0.0,,96.0,,,,,,,,,,0.16,,,0.15,,,4.4,9.54,0.057,0.65,0.45,0.32,0.48,,,,,0.047,,,,,,,,,,,659.0,,,,,,,,,,,,0.05,,0.3,0.1,,,,,3.2,0.9,24.0,0.1,,,,,,,,,,,,,,,,,,,,,,,,,,,0.0,,,,,,,
49685,"Oil, sunflower",oil sunflower,0,4,Fats and Oils,23,McCance and Widdowson's,0.01,0.0,0.0,0.0,0.0,20.2,0.0,0.0,5.1,0.8,,,,0.0,0.0,,0.0,0.0,0.0,,,0.0,0.0,0.0,0.0,0.0,0.0,0.0,0.0,0.0,0.0,,,0.0,,0.0,,0.0,,0.0,99.9,899.0,0.0,0.0,,,49.22,,0.0,,,0.0,0.0,0.0,0.0,0.0,,0.0,63.2,,,,,,0.0,0.1,,0.0,,0.1,0.0,0.0,0.0,0.0,0.1,0.0,0.0,12.0,20.5,63.3,,,,0.0,0.0,,0.0,,,,,,,,,3696.0,,0.3,0.8,0.0,0.0,0.0,0.3,,0.0,,0.0,0.1,,6.2,4.3,0.1,0.1,,,,0.0,0.0,6.3,,63.2,20.2,0.1,0.0,0.1,0.0,0.0,0.0,,,210.0,31.5,34.5,,,,,,,,,,,,,,,,,,,,
49692,"Okra, raw",okra raw,0,11,Vegetables and Vegetable Products,23,McCance and Widdowson's,0.13,160.0,59.0,330.0,0.6,,0.9,0.5,,,,,,86.6,2.5,,21.0,1.0,,,,71.0,41.0,,0.9,0.0,0.6,,0.0,0.0,0.0,,,0.0,,0.0,0.0,0.0,,2.8,1.0,31.0,,8.0,500.0,30.0,,,0.06,,,,,,,,,0.0,,,,,,,0.0004,,,,,,,,0.0,3.0,1.1,0.2,0.21,0.3,0.1,0.3,,,,1.0,,,85.0,,,,,,,,,130.0,,,,,,,,,,,,,,,,,,,,,0.25,88.0,,,,,,,,,,,,,,,,,,,,,,,,,,,,,,,,,,,
27420,Onions,onions,0,11,Vegetables and Vegetable Products,14,"FCDBE, IEO",,25.0,35.0,140.0,0.3,,,0.0,,,,,,92.1,5.7,,5.0,0.5,,,,,,,,,,,,0.0,,,,0.0,,0.0,,,,1.0,0.1,26.275,1.1,10.0,0.0,,0.22,,0.03,,,,,,,,,0.0,,,,,,,,,,,,,,,,5.7,0.4,0.02,0.14,0.02,0.01,0.03,,,,,,,0.0,,,,,,,,,109.93,,,,,,,,,,,,,,,,,,,,,,12.0,,,,,,,,,,,,,,,,,,,,,,,,,,,,,,,,,,,
27674,"Oregano, fresh",oregano fresh,1,2,Spices and Herbs,14,"FCDBE, IEO",,310.0,39.0,330.0,0.9,,,,,,,,,81.8,9.7,,45.0,6.22,,,,,,,,0.0,,,,0.0,,,,0.0,,0.0,,,,2.2,2.0,63.175,8.4,3.0,810.0,,1.69,,0.32,,,,,,,,,0.0,,,,,,,,,,,,,,,,9.7,8.6,0.07,1.21,0.52,0.13,1.02,,,,,,,135.0,,,,,,,,,264.32,,,,,,,,,,,,,,,,,,,,,,274.0,,,,,,,,,,,,,,,,,,,,,,,,,,,,,,,,,,,
27300,Parmigiano cheese,parmigiano cheese,0,1,Dairy and Egg Products,14,"FCDBE, IEO",0.83,1159.0,678.0,102.0,4.0,,0.0,0.0,,,,,,30.4,,,0.0,0.05,,,,43.0,,,0.0,0.0,0.0,,0.0,0.0,,,,278.0,,0.5,,4.2,,33.5,28.1,386.9,0.0,556.0,118.0,,0.68,,0.37,,,,,,,,,91.0,,,,,,,,,,,,,,,,,0.7,0.03,0.11,18.54,8.81,0.79,,,,12.0,0.02,,298.0,,,,,,,,,1618.79,,,,,,,,,,,,,,,,,,,,,0.32,5.0,,,,,,,,,,,,,,,,,,,,,,,,,,,,,,,,,,,
27884,"Pasta, fresh, made with eggs",pasta fresh made with eggs,0,20,Cereal Grains and Pasta,14,"FCDBE, IEO",,24.0,169.0,140.0,0.74,,,61.56,,,,,,25.0,1.66,,0.0,1.0,,,,,,,,,,,,0.0,,,,38.0,,0.32,,,,11.77,2.82,309.4975,2.87,27.0,15.0,,0.39,,0.09,,,,,,,,,91.0,,,,,,,,,,,,,,,,63.21,1.19,0.22,0.14,0.79,0.9,0.74,,,,,,,41.0,,,,,,,,,1294.94,,,,,,,,,,,,,,,,,,,,,,27.0,,,,,,,,,,,,,,,,,,,,,,,,,,,,,,,,,,,
27295,Pecorino cheese,pecorino cheese,0,1,Dairy and Egg Products,14,"FCDBE, IEO",0.03,607.0,590.0,90.0,3.4,,0.0,0.0,,,,,,34.0,0.2,,0.0,0.2,,,,40.0,,,0.0,,0.0,,0.0,0.0,,,,480.0,,0.5,,1.1,,25.8,32.0,391.95,0.0,1800.0,9.0,,0.7,,0.47,,,,,,,,,104.0,,,,,,,,,,,,,,,0.2,0.2,0.6,0.03,0.09,17.344,7.943,0.601,,,,6.3,0.02,,482.0,,,,,,,,,1639.92,,,,,,,,,,,,,,,,,,,,,0.42,7.0,,,,,,,,,,,,,,,,,,,,,,,,,,,,,,,,,,,
27035,Pecorino romano cheese,pecorino romano cheese,0,1,Dairy and Egg Products,14,"FCDBE, IEO",1.01,1160.0,675.0,94.0,3.5,,0.0,0.0,,,,,,32.0,1.8,,0.0,0.2,,,,40.0,,,0.0,0.1,0.0,,0.0,0.0,,,,480.0,,0.5,,1.1,,28.3,29.5,385.45,0.0,1890.0,9.0,,0.9,,0.47,,,,,,,,,90.0,,,,,,,,,,,,,,,1.7,1.8,2.1,0.03,0.09,17.344,7.943,0.601,,,,6.3,0.02,,482.0,,,,,,,,,1612.72,,,,,,,,,,,,,,,,,,,,,0.42,7.0,,,,,,,,,,,,,,,,,,,,,,,,,,,,,,,,,,,
27955,"Pepper, black",pepper black,1,2,Spices and Herbs,14,"FCDBE, IEO",,437.0,173.0,1259.0,1.4,,,,,,,,,10.5,38.3,,21.0,1.1,,,,,,,,,,,,0.0,,,,0.0,,0.0,,,,10.9,3.3,216.925,26.5,44.0,114.0,,1.03,,0.24,,,,,,,,,0.0,,,,,,,,,,,,,,,,38.3,28.9,0.11,0.34,0.98,1.01,1.13,,,,,,,19.0,,,,,,,,,907.61,,,,,,,,,,,,,,,,,,,,,,10.0,,,,,,,,,,,,,,,,,,,,,,,,,,,,,,,,,,,
27529,Pine nuts,pine nuts,1,12,Nut and Seed Products,14,"FCDBE, IEO",,40.0,466.0,780.0,6.5,,,0.0,,,,,,7.3,5.0,,0.0,2.7,,,,,,,,,,,,0.0,,,,0.0,,0.0,,,,29.6,47.8,567.35,1.9,1.0,54.0,,9.5,,0.25,,,,,,,,,0.0,,,,,,,,,,,,,,,,5.0,2.0,0.39,0.11,7.35,17.98,20.13,,,,,,,9.0,,,,,,,,,2373.79,,,,,,,,,,,,,,,,,,,,,,57.0,,,,,,,,,,,,,,,,,,,,,,,,,,,,,,,,,,,
50018,"Pork, fillet, raw, lean and fat",pork fillet raw lean and fat,0,10,Pork Products,23,McCance and Widdowson's,0.08,5.0,230.0,400.0,1.6,,0.0,0.0,,,,,,73.6,0.0,,0.0,6.1,,,,24.0,54.0,3.0,0.0,0.0,0.0,1.0,0.0,0.0,0.0,,,0.0,,0.5,,1.0,,22.0,6.5,147.0,,53.0,,,0.0,,0.32,,,,,,,,,63.0,,,,,,,0.0045,,,,,,,,0.0,0.0,0.7,1.16,0.5,2.3,2.3,1.3,,,,14.0,0.02,,0.0,,,,,,,,,615.0,,,,,,,,,,,,,,,,,,,,,1.49,1.0,,,,,,,,,,,,,,,,,,,,,,,,,,,,,,,,,,,
27453,Potatoes,potatoes,0,11,Vegetables and Vegetable Products,14,"FCDBE, IEO",,10.0,54.0,570.0,0.27,,,17.6,,,,,,78.5,0.4,,15.0,2.5,,,,,,,,,,,,0.0,,,,0.0,,0.0,,,,2.1,1.0,84.9,1.6,7.0,18.0,,0.06,,0.04,,,,,,,,,0.0,,,,,,,,,,,,,,,,18.0,0.6,0.1,0.44,0.19,0.03,0.59,,,,,,,3.0,,,,,,,,,355.22,,,,,,,,,,,,,,,,,,,,,,35.0,,,,,,,,,,,,,,,,,,,,,,,,,,,,,,,,,,,
26883,Potatoes fried,potatoes fried,0,11,Vegetables and Vegetable Products,13,,,9.0,62.0,600.0,0.5,,,27.7,,,,,,55.0,1.0,,18.0,,,,,29.0,,,,,,,,,,,,0.0,,,,,,3.5,10.3,215.0,2.7,12.0,0.0,,0.61,,0.03,,,,,,,,,0.0,,,,,,,,,,,,,,,,28.7,0.7,0.35,0.73,1.4,7.0,1.3,,,,,,,,,,,,,,,,899.0,,,,,,,,,,,,,,,,,,,,,,,,,,,,,,,,,,,,,,,,,,,,,,,,,,,,,,,,,
27126,"Provola cheese, smoked",provola cheese smoked,0,1,Dairy and Egg Products,14,"FCDBE, IEO",0.29,290.0,350.0,36.0,2.6,,0.0,0.0,,,,,,55.0,0.7,,0.0,0.4,,,,10.0,,,0.0,0.0,0.0,,0.0,0.0,,,,139.0,,0.16,,2.1,,21.2,19.6,263.825,0.0,299.0,20.0,,0.39,,0.27,,,,,,,,,90.0,,,,,,,,,,,,,,,0.7,0.7,0.8,0.03,0.09,11.488,5.989,0.653,,,,3.0,,,142.0,,,,,,,,,1103.84,,,,,,,,,,,,,,,,,,,,,0.25,19.0,,,,,,,,,,,,,,,,,,,,,,,,,,,,,,,,,,,
27438,"Radicchio, red",radicchio red,0,11,Vegetables and Vegetable Products,14,"FCDBE, IEO",0.14,36.0,30.0,180.0,0.2,,,0.0,,,,,,94.0,1.6,,10.0,0.3,,,,8.0,,,1.1,0.0,0.5,,0.0,0.0,,,,0.0,,0.0,,0.0,,1.4,0.1,12.5,3.0,7.0,,,0.57,,0.05,,,,,,,,,0.0,,,,,,,,,,,,,,,0.0,1.6,0.3,0.07,0.07,0.02,,0.05,,,,0.3,0.08,,,,,,,,,,,52.3,,,,,,,,,,,,,,,,,,,,,1.16,13.0,,,,,,,,,,,,,,,,,,,,,,,,,,,,,,,,,,,
50270,"Rice, white, Italian Arborio risotto, raw",rice white italian arborio risotto raw,0,20,Cereal Grains and Pasta,23,McCance and Widdowson's,0.2,5.0,125.0,86.0,1.4,0.24,0.2,84.9,0.03,0.0,,,,13.0,0.2,,0.0,1.6,0.01,,,30.0,46.0,0.0,0.0,,0.0,1.1,0.0,0.0,0.0,,,0.0,,0.0,,0.0,,6.4,1.0,354.0,1.4,1.0,,,0.03,,0.0,,,,,,,,,0.0,0.35,,,,,,0.002,,,,,0.0,,,0.0,85.2,0.21,0.09,0.11,0.21,0.24,0.37,,,,5.0,0.74,,0.0,,,,,,,,,1509.0,,0.0,0.0,,,0.0,0.01,,0.0,,,0.01,,0.18,0.01,0.01,0.0,,,,0.28,13.0,,,,0.24,,,0.01,,,,,,6.9,1.3,1.4,,10.7,,,,,,,,,,,,,,,,,,
27179,"Ricotta cheese, made from cow milk",ricotta cheese made from cow milk,0,1,Dairy and Egg Products,14,"FCDBE, IEO",0.02,295.0,237.0,119.0,0.5,,0.0,0.0,,,,,,75.7,3.5,,0.0,0.09,,,,17.0,,,0.0,0.0,0.0,,0.0,0.0,,,,185.0,,0.03,,0.3,,8.8,10.9,146.425,0.0,78.0,92.0,,0.21,,0.19,,,,,,,,,50.0,,,,,,,,,,,,,,,3.5,3.5,0.4,0.02,0.03,6.82,2.76,0.39,,,,3.9,,,200.0,,,,,,,,,612.64,,,,,,,,,,,,,,,,,,,,,0.21,12.0,,,,,,,,,,,,,,,,,,,,,,,,,,,,,,,,,,,
27297,"Ricotta cheese, made from sheep milk",ricotta cheese made from sheep milk,0,1,Dairy and Egg Products,14,"FCDBE, IEO",0.05,166.0,153.0,98.0,0.2,,0.0,0.0,,,,,,74.1,4.2,,0.0,0.09,,,,15.0,,,0.0,0.0,0.0,,0.0,0.0,,,,185.0,,0.18,,0.3,,9.5,11.5,157.25,0.0,85.0,92.0,,0.21,,0.19,,,,,,,,,56.0,,,,,,,,,,,,,,,4.2,4.2,0.3,0.03,0.03,7.36,2.5,0.68,,,,3.9,,,200.0,,,,,,,,,657.93,,,,,,,,,,,,,,,,,,,,,0.21,12.0,,,,,,,,,,,,,,,,,,,,,,,,,,,,,,,,,,,
81450,"Rosemary, fresh",rosemary fresh,1,2,Spices and Herbs,11,"CIQUAL, ANSES",0.3,317.0,66.0,668.0,0.93,,,,,,,,,67.8,,,21.8,0.91,,,,91.0,,,,,,,,0.0,,,,0.0,,0.0,,0.0,,3.31,5.86,121.0,14.1,26.0,,,,,0.15,,,,,,0.019,0.014,,0.0,,,,,,,,,,,,,,,,6.6,6.65,0.036,0.34,2.84,1.16,0.9,,,,,0.96,,,,,,,,,,,498.0,,,,,,,,,,,,0.12,,1.92,0.23,,,,,2.35,0.8,109.0,,,,,,,,,,,,,,,,,,,,,,,,,,,,0.0,,,,,,,
50311,Saffron,saffron,0,2,Spices and Herbs,23,McCance and Widdowson's,0.33,110.0,250.0,1720.0,,,,19.1,,,,,,11.9,42.4,,0.0,,,,,,,,,0.0,,,0.0,,,,,0.0,,0.0,,0.0,,11.4,5.9,310.0,,150.0,,,,,,,,,,,,,,0.0,,,,,,,,,,,,,,,0.0,61.5,11.1,,,,,,,,,,28.4,,0.0,,,,,,,,,1298.0,,,,,,,,,,,,,,,,,,,,,,0.0,,,,,,,,,,,,,,,,,,,,,,,,,,,,,,,,,,,
27165,"Salami ""napoli"" type",salami napoli type,0,7,Sausages and Luncheon Meats,14,"FCDBE, IEO",0.14,32.0,356.0,494.0,3.7,,0.0,0.0,,,,,,39.0,1.7,,,2.5,,,,32.0,,,0.0,0.0,1.7,,0.0,0.0,,,,0.0,,0.9,,2.0,,26.7,27.3,358.875,0.0,1693.0,0.0,,0.23,,0.14,,,,,,,,,86.0,,,,,,,,,,,,,,,0.0,1.7,1.6,0.16,0.36,8.04,12.02,4.89,,,,3.0,0.04,,0.0,,,,,,,,,1501.53,,,,,,,,,,,,,,,,,,,,,1.66,3.0,,,,,,,,,,,,,,,,,,,,,,,,,,,,,,,,,,,
27684,Salt,salt,1,2,Spices and Herbs,14,"FCDBE, IEO",0.08,10.0,1.0,89.0,0.1,,0.0,0.0,,,,,,,0.0,,0.0,0.0,,,,76.0,,,0.0,0.0,0.0,,0.0,0.0,,,,0.0,,0.0,,0.0,,0.0,0.0,0.0,0.0,39300.0,0.0,,0.0,,0.0,,,,,,,,,0.0,,,,,,,,,,,,,,,0.0,0.0,0.3,0.0,0.0,0.0,0.0,0.0,,,,,,,0.0,,,,,,,,,0.0,,,,,,,,,,,,,,,,,,,,,0.0,0.0,,,,,,,,,,,,,,,,,,,,,,,,,,,,,,,,,,,
50350,Salt,salt,1,6,"Soups, Sauces, and Gravies",23,McCance and Widdowson's,0.08,10.0,1.0,89.0,0.1,,0.0,0.0,,,,,,0.0,0.0,,0.0,0.0,,,,76.0,59900.0,44.0,0.0,0.0,0.0,0.0,0.0,0.0,0.0,,,0.0,,0.0,,0.0,,0.0,0.0,0.0,0.0,39300.0,,,0.0,,0.0,,,,,,,,,0.0,,,,,,,0.0,,,,,,,,0.0,0.0,0.3,0.0,0.0,0.0,0.0,0.0,,,,,0.0,,0.0,,,,,,,,,0.0,,,,,,,,,,,,,,,,,,,,,0.0,0.0,,,,,,,,,,,,,,,,,,,,,,,,,,,,,,,,,,,
50404,"Sausages, pork, raw",sausages pork raw,0,7,Sausages and Luncheon Meats,23,McCance and Widdowson's,0.07,103.0,175.0,160.0,0.9,,0.0,6.8,,,,,,49.4,2.8,,7.0,2.5,,,,13.0,675.0,7.0,0.0,0.0,1.1,5.0,1.6,0.0,0.15,,,0.0,,0.9,,1.0,,11.9,25.0,309.0,2.8,470.0,,,0.93,,0.11,,,,,,,,,60.0,,,,,,,0.0015,,,,,,,,0.0,9.6,0.9,0.03,0.12,9.15,11.15,3.4,,,,5.0,0.17,,0.0,,,,,,,,,1282.0,,,,,,,,,,,,,,,,,,,,,0.77,13.0,,,,,,,,,,,,,,,,,,,,,,,,,,,,,,,,,,,
21823,Sea salt,sea salt,0,2,Spices and Herbs,9,"BEDCA, UGR",,110.0,1.0,56.0,0.1,,,0.0,,,,,,4.0,0.0,,0.0,0.0,,,,70.0,,,,,,,,0.0,,,,0.0,,0.0,,0.0,,0.0,,0.0,0.0,35000.0,0.0,,0.0,,0.0,,,,,,,,,0.0,,,,,,,,,,,,,,,,0.0,2.0,0.0,0.0,,,,,,,,,,0.0,,,,,,,,,0.0,,,,,,,,,,,,,,,,,,,,,,0.0,,,,,,,,,,,,,,,,,,,,,,,,,,,,,,,,,,,
27614,"Speck (pork meat, salted, raw)",speck pork meat salted raw,0,10,Pork Products,14,"FCDBE, IEO",0.13,11.0,177.0,484.0,2.5,,0.0,0.0,,,,,,44.7,0.5,,,1.14,,,,29.0,,,0.0,0.0,0.5,,0.0,0.0,,,,0.0,,0.6,,,,28.3,20.9,303.175,0.0,1551.0,0.0,,0.06,,0.14,,,,,,,,,90.0,,,,,,,,,,,,,,,0.0,0.5,1.6,0.14,0.43,5.72,9.44,3.91,,,,6.0,0.01,,0.0,,,,,,,,,1268.48,,,,,,,,,,,,,,,,,,,,,1.07,4.0,,,,,,,,,,,,,,,,,,,,,,,,,,,,,,,,,,,
50521,"Squid, raw",squid raw,0,15,Finfish and Shellfish Products,23,McCance and Widdowson's,0.98,13.0,190.0,280.0,1.1,0.1,0.0,0.0,0.0,0.0,,,,80.5,0.0,,0.0,3.4,0.0,,,28.0,,20.0,0.0,,0.0,,0.0,,,,,15.0,,0.0,,3.0,,15.4,1.7,81.0,,110.0,,,1.2,,0.12,,,,,,,0.0,,225.0,0.1,,,,,,0.0033,0.0,0.0,,0.0,0.1,,,0.0,1.2,0.5,0.1,0.69,0.4,0.2,0.6,,,,66.0,0.02,,15.0,,,,,,,,,344.0,,,,0.0,0.0,0.0,,,0.0,0.0,,0.0,,0.3,0.0,0.0,0.0,,,,0.68,13.0,,,,,,,,,,,,,,,,,,,,,0.0,,,,,,,,,,0.0,,,,
27379,"Starch, potato",starch potato,0,11,Vegetables and Vegetable Products,14,"FCDBE, IEO",,10.0,27.0,1580.0,1.3,,,91.5,,,,,,16.1,0.0,,0.0,,,,,,,,,,,,,0.0,,,,0.0,,0.0,,,,1.4,0.0,348.725,0.0,31.0,0.0,,0.26,,,,,,,,,,,0.0,,,,,,,,,,,,,,,,91.5,0.3,,0.01,0.0,0.0,0.0,,,,,,,0.0,,,,,,,,,1459.07,,,,,,,,,,,,,,,,,,,,,,51.0,,,,,,,,,,,,,,,,,,,,,,,,,,,,,,,,,,,
22925,"Sugar, brown",sugar brown,1,19,Sweets,11,"CIQUAL, ANSES",0.051,83.0,3.0,227.0,0.045,0.0,,,,,,,,1.52,95.5,,0.0,0.11,,,,18.5,,0.3,,,,,,0.0,,,,0.0,,0.0,,0.0,,0.12,0.0,389.0,0.0,41.5,0.0,,0.0,,0.0,,,0.0,0.0,0.0,0.0,0.0,,0.0,0.0,,,,,,,,0.0,0.0,,,0.0,,,97.1,1.91,0.0,0.041,0.0,0.0,0.0,,,,1.0,0.064,,,,,,,,,,,1650.0,,,,,,,,,,,,0.0,,0.0,0.0,0.0,,,,1.23,0.13,1.0,0.0,,,,,,,,,,,,,,,,,,,,,,,,,,,0.0,,,,,,,
50548,"Sugar, white",sugar white,0,19,Sweets,23,McCance and Widdowson's,0.12,10.0,1.0,5.0,0.1,,105.0,0.0,,,,,,0.0,105.0,,0.0,0.0,,,,2.0,0.0,0.0,0.0,0.0,0.0,0.0,0.0,0.0,0.0,,,0.0,,0.0,,0.0,,0.0,0.0,394.0,0.0,5.0,,,0.0,,0.0,,,,,,,,,0.0,,,,,,,0.0,,,,,,,,0.0,105.0,0.2,0.0,0.0,0.0,0.0,0.0,,,,0.0,0.0,,0.0,,,,,,,,,1680.0,,,,,,,,,,,,,,,,,,,,,0.0,0.0,,,,,,,,,,,,,,,,,,,,,,,,,,,,,,,,,,,
26738,Sunflower oil,sunflower oil,1,4,Fats and Oils,13,,0.08,10.0,0.0,1.0,0.4,,,0.0,,,,,,0.0,0.0,,0.0,,,,,0.7,,,,,,,,,,,,0.0,,,,,,0.0,99.9,899.0,0.0,2.0,0.0,,59.24,,0.0,,,,,,,,,0.28,,,,,,,,,,,,,,,,0.0,0.15,0.0,0.0,11.0,22.3,62.2,,,,,,,,,,,,,,,,3696.0,,,,,,,,,,,,,,,,,,,,,,,,,,,,,,,,,,,,,,,,,,,,,,,,,,,,,,,,,
81661,Tahini (sesame paste),tahini sesame paste,1,12,Nut and Seed Products,11,"CIQUAL, ANSES",1.61,284.0,761.0,437.0,4.62,,,,,,,,,3.03,0.49,,4.2,5.55,,,,95.0,,,,,,,,0.0,,,,0.0,,0.0,,0.0,,17.7,53.4,631.0,7.0,75.0,40.0,,0.25,,0.3,,,0.0,0.0,0.0,0.0,0.0,,0.0,,,,,,,,,,0.0,,,0.0,,,13.8,6.69,1.41,0.15,7.48,20.2,23.4,,,,,1.46,,,,,,,,,,,2610.0,,,,,,,,,,,,0.13,,4.77,2.25,,,,,5.05,0.69,98.0,0.0,,,,,,,,,,,,,,,,,,,,,,,,,,,0.0,,,,,,,
50599,"Tarragon, fresh",tarragon fresh,0,2,Spices and Herbs,23,McCance and Widdowson's,,170.0,46.0,450.0,0.6,,,,,,,,,86.3,,,2.0,,,,,51.0,,,,0.0,,,0.0,,,,,0.0,,0.0,,0.0,,3.4,1.1,49.0,,9.0,,,,,,,,,,,,,,0.0,,,,,,,,,,,,,,,0.0,6.3,,0.15,,,,,,,,,,,62.0,,,,,,,,,206.0,,,,,,,,,,,,,,,,,,,,,,,,,,,,,,,,,,,,,,,,,,,,,,,,,,,,,,,,,
22430,"Tomato, peeled, canned, drained",tomato peeled canned drained,1,11,Vegetables and Vegetable Products,11,"CIQUAL, ANSES",0.06,21.1,18.0,190.0,0.11,0.034,,,,,,,,94.4,1.88,,12.0,0.64,,,,9.2,,0.2,,,,,,0.0,,,,0.0,,0.0,,0.0,,1.07,0.28,18.3,1.27,112.0,245.0,,0.67,,0.055,,,0.0,0.0,0.0,0.0,0.0,,0.0,0.11,,,,,,,,0.0,0.0,,,0.0,,,1.89,0.77,0.31,0.11,0.045,0.038,0.13,,,,0.0,0.073,,,,,,,,,,,76.9,,,,,,,,,,,,0.0,,0.037,0.008,0.012,,,,0.66,0.17,16.0,2.6,,,,,,,,,,,,,,,,,,,,,,,,,,,0.46,,,,,,,
27455,"Tomatoes, ripe",tomatoes ripe,0,11,Vegetables and Vegetable Products,14,"FCDBE, IEO",0.01,9.0,25.0,297.0,0.11,,0.1,0.0,,,,,,94.0,3.5,,25.0,0.8,,,,11.0,,,1.7,0.0,1.6,,0.0,0.0,,,,0.0,,0.0,,0.0,,1.0,0.2,18.925,0.9,6.0,810.0,,1.06,,0.01,,,,,,,,,0.0,,,,,,,,,,,,,,,0.0,3.5,0.3,0.02,0.12,0.03,0.03,0.08,,,,2.3,0.1,,135.0,,,,,,,,,79.18,,,,,,,,,,,,,,,,,,,,,0.22,15.0,,,,,,,,,,,,,,,,,,,,,,,,,,,,,,,,,,,
21995,Vinegar,vinegar,1,2,Spices and Herbs,11,"CIQUAL, ANSES",0.0075,9.0,19.0,54.8,0.015,,,0.0,,,,,,92.9,0.04,,0.5,0.0,,,,12.3,0.1,0.0,,,,,,0.2,,,,0.0,,0.0,,0.0,,0.04,0.1,22.6,0.0,13.1,0.0,,0.0,,0.0,,,0.0,0.0,0.0,0.0,0.0,,0.0,,,,,,,,,,0.0,,,0.0,,,0.62,0.37,0.0,0.001,0.0,0.0,0.0,,,,0.1,0.15,,,,,,,,,,,97.4,,,,,,,,,,,,0.0,,0.0,0.0,,,,,0.22,0.0,0.0,0.0,,,,,,,,,,,,,,,,,,,,,,,,,,,5.9,,,,,,,
26791,Water,water,0,14,Beverages,13,,0.03,42.0,0.0,1.0,0.6,,,0.0,,,,,,99.95,0.0,,0.0,,,,,5.0,,,,,,,,,,,,0.0,,,,,,0.0,0.0,0.0,0.0,6.0,0.0,,0.0,,0.0,,,,,,,,,0.0,,,,,,,,,,,,,,,,0.0,0.05,0.0,0.0,0.0,0.0,0.0,,,,,,,,,,,,,,,,0.0,,,,,,,,,,,,,,,,,,,,,,,,,,,,,,,,,,,,,,,,,,,,,,,,,,,,,,,,,
50784,"Yeast, dried",yeast dried,0,6,"Soups, Sauces, and Gravies",23,McCance and Widdowson's,5.0,80.0,1290.0,2000.0,8.0,,0.0,3.5,,,,,,5.0,0.0,,0.0,8.5,,,,230.0,,,0.0,0.0,0.0,200.0,0.0,0.0,,,,0.0,,0.0,,0.0,,35.6,1.5,169.0,,50.0,,,0.0,,4.0,,,,,,,,,0.0,,,,,,,0.007,,,,,,,,0.0,3.5,20.0,2.33,2.0,,,,,,,,,,0.0,,,,,,,,,717.0,,,,,,,,,,,,,,,,,,,,,11.0,4000.0,,,,,,,,,,,,,,,,,,,,,,,,,,,,,,,,,,,
