meal_id,meal_component_id,choice_id,food_id,food_name,quantity,measure_id,measure_name,measure_grams,calculated_grams,alias,display_order,meal_component_type_id
14988393,26755131,33743914,48286,"Bread, brown, average",2.0,37904,thick slice,44.0,88.0,,1,
14988393,26755223,33744054,48508,"Cheese, goats milk, full fat, soft, white rind",60.0,,,,,,2,
14988393,26755266,33744124,49837,"Pears, average, raw, flesh only",1.0,40607,medium comice unit,150.0,150.0,,3,
14988393,26883663,33907262,48381,"Butter, unsalted",2.0,38160,medium spread,10.0,20.0,,4,
14988395,26882810,33906066,22713,"Gnocchi, from potato, cooked",160.0,,,,,,1,1
14988395,26882811,33906068,49883,"Pesto, green",35.0,,,,,,2,1
14988395,26882841,33906115,48800,"Cucumber, raw, flesh and skin",100.0,,,,,,3,1
14988395,26882842,33906116,50637,"Tomatoes, cherry, raw",20.0,41994,unit,15.0,300.0,,4,1
14988395,26882843,33906117,49642,"Mustard, wholegrain",1.0,40375,level teaspoon,8.0,8.0,,5,1
14988395,26882959,33906290,81464,"Vinegar, balsamic",16.0,,,,,,6,1
14988395,26882962,33906294,48009,"Basil, dried, ground",1.0,37379,level teaspoon,1.0,1.0,,7,1
14988396,26883505,33907100,49837,"Pears, average, raw, flesh only",1.0,40607,medium comice unit,150.0,150.0,,1,
14988396,26883507,33907102,50734,"Walnuts, kernel only",1.0,42128,portion,20.0,20.0,,2,
14988396,26883514,33907109,49216,Honey,1.0,39759,heaped teaspoon,17.0,17.0,,3,
14988397,26883004,33906402,22388,"Broccoli, cooked",200.0,,,,,,1,0
14988397,26883120,33906553,23044,"Potato, boiled/cooked in water",100.0,,,,,,2,0
14988397,26883132,33906575,22417,"Onion, cooked",70.0,,,,,,3,0
14988397,26883171,33906631,48309,"Bread, wholemeal, average",2.0,37961,thick slice,44.0,88.0,,4,0
14988397,26883203,33906689,49101,"Garlic, raw",1.0,39621,unit,10.0,10.0,,5,0
14988397,26883263,33906750,48379,"Butter, spreadable (75-80% fat)",1.0,38144,medium spread,10.0,10.0,,6,0
14988397,32135012,40592976,49561,"Milk, semi-skimmed, pasteurised, average",1.0,40165,average portion with cereals,100.0,100.0,,7,0
14986494,26766783,33759722,49718,"Oranges, flesh only",1.0,40481,large unit,210.0,210.0,,1,
14986495,26766491,33759346,81137,Rostis or Potatoes cake,200.0,,,,,,1,1
14986495,26766513,33759388,22384,"Asparagus, boiled/cooked in water",200.0,,,,,,2,1
14986495,26766515,33759393,48986,"Eggs, chicken, whole, fried in sunflower oil",1.0,39400,unit,60.0,60.0,,3,1
14986497,26766707,33759616,28540,"Chicken breast, cooked in blended oil, homemade",130.0,,,,,,1,1
14986497,26766711,33759620,27448,Courgettes or zucchini,200.0,,,,,,2,1
14986497,26766715,33759624,48381,"Butter, unsalted",1.0,38160,medium spread,10.0,10.0,,3,1
14986497,26766719,33759630,50154,"Potatoes, old, wedges, with skin, homemade, cooked in rapeseed oil",130.0,,,,,,4,1
14988533,26755280,33744150,48309,"Bread, wholemeal, average",2.0,37961,thick slice,44.0,88.0,,1,
14988533,26755368,33744287,48528,"Cheese, spreadable, full fat, soft, white",60.0,,,,,,2,
14988533,26755619,33744660,50214,"Radish, red, raw, flesh and skin",5.0,41356,unit,8.0,40.0,,3,
14988535,26821543,33826706,81268,"Corn tortilla wrap, to be filled",65.0,,,,,,1,1
14988535,26821585,33826771,48588,"Chicken, drumsticks, roasted, meat only",1.0,38602,portion,47.0,47.0,,2,1
14988535,26821863,33827057,49625,"Mushrooms, shiitake, cooked",2.0,40338,average serving,56.0,112.0,,3,1
14988535,26821897,33827110,2812,"Sauce, teriyaki, ready-to-serve",2.0,6137,tbsp,18.0,36.0,,4,1
14988535,26821905,33827120,22088,"Firm cheese, around 27% fat, Maasdam-type cheese",30.0,,,,,,5,1
14988535,26821927,33827161,49448,"Lettuce, average, raw",4.0,40020,small leaf,5.0,20.0,,6,1
14988537,26822466,33827874,47949,"Asparagus, boiled in unsalted water",1.0,37279,portion,125.0,125.0,,1,1
14988537,26822473,33827886,50338,"Salmon, farmed, flesh only, steamed, fillets weighed with bones and skin",1.0,41527,average steak,100.0,100.0,,2,1
14988537,26822504,33827919,49215,"Hollandaise sauce, homemade",1.0,39756,small portion,30.0,30.0,,3,1
14988537,26822620,33828044,50140,"Potatoes, old, baked, flesh and skin",1.0,41226,small unit,100.0,100.0,,4,1
14964869,26749155,33735999,82578,"Oat flakes, pre-cooked, raw",50.0,,,,,,1,
14964869,26749429,33736335,67488,"Beverages, almond milk, unsweetened, shelf stable",250.0,,,,,,2,
14964869,26749450,33736360,48540,"Cherries, flesh and skin, raw",100.0,,,,,,3,
14964869,26749867,33737029,49198,"Hazelnuts, kernel only, weighed with shells",20.0,,,,,,4,
14964869,26750230,33737558,27376,"Cocoa, unsweetened, powder",15.0,,,,,,5,
14964869,31074439,39397230,48704,"Coffee, cappuccino, latte",1.0,38873,mug,260.0,260.0,,6,
14964870,31073806,39396464,48438,"Carrots, young, raw",1.0,38256,large unit,140.0,140.0,,1,
14964870,31073993,39396677,1665,"Yogurt, plain, low fat",100.0,,,,,,2,
14964870,31074021,39396707,81787,"Fresh cream cheese, plain, creamy, around 8% fat",50.0,,,,,,3,
14964872,26766246,33758999,49503,"Mangosteen, flesh only",150.0,,,,,,1,
14964678,26765517,33758072,48950,Dried mixed fruit,1.0,39370,heaped tablespoon,25.0,25.0,,1,
14964679,26765465,33757999,28294,"Broccoli and cauliflower, stir fried in olive oil",250.0,,,,,,1,1
14964679,26765470,33758006,28285,"Potatoes, mashed with low-fat milk",150.0,,,,,,2,1
14964679,26765477,33758015,50698,"Turkey, thighs, diced, casseroled, meat only",150.0,,,,,,3,1
14991376,26761918,33753229,48340,"Breakfast cereal, wheat biscuits, Weetabix type, fortified",3.0,38054,bisk,20.0,60.0,,1,
14991376,26761926,33753239,49561,"Milk, semi-skimmed, pasteurised, average",1.5,40165,average portion with cereals,100.0,150.0,,2,
14991377,29313631,37264436,47930,"Apples, eating, raw, flesh and skin, weighed with core",1.0,37268,medium eating,112.0,112.0,,1,
14991377,29313687,37264552,48984,"Eggs, chicken, whole, boiled",1.0,39395,(size 1) unit,67.0,67.0,,2,
14991377,29313631,37264440,49281,"Kiwi fruit, flesh and seeds",1.0,39850,medium unit,60.0,60.0,,1,
14991377,29313687,37264552,48984,"Eggs, chicken, whole, boiled",1.0,39395,(size 1) unit,67.0,67.0,,2,
14991378,26761996,33753402,49781,"Pasta, egg, white, dried, raw",100.0,,,,,,1,1
14991378,26762006,33753412,50673,"Tuna, canned in sunflower oil, drained",1.0,42043,sandiwch portion,45.0,45.0,,2,1
14991378,26762008,33753416,49516,"Mayonnaise, reduced fat",1.0,40101,heaped tablespoon,33.0,33.0,,3,1
14991378,26762039,33753454,50567,"Sweetcorn kernels, canned in water, drained",1.0,41898,average portion,85.0,85.0,,4,1
14991378,26762040,33753455,50319,"Salad, green",100.0,,,,,,5,1
14991378,26762091,33753552,50637,"Tomatoes, cherry, raw",1.0,41994,unit,15.0,15.0,,6,1
14991378,26761996,33753402,49781,"Pasta, egg, white, dried, raw",100.0,,,,,,1,1
14991378,26762006,37297199,50339,"Salmon, pink, canned in brine, drained",1.0,41529,portion,100.0,100.0,,2,1
14991378,26762008,33753416,49516,"Mayonnaise, reduced fat",1.0,40101,heaped tablespoon,33.0,33.0,,3,1
14991378,26762039,33753454,50567,"Sweetcorn kernels, canned in water, drained",1.0,41898,average portion,85.0,85.0,,4,1
14991378,26762040,33753455,50319,"Salad, green",100.0,,,,,,5,1
14991378,26762091,33753552,50637,"Tomatoes, cherry, raw",1.0,41994,unit,15.0,15.0,,6,1
14991380,26762137,33753616,49901,"Pie, chicken, individual, baked",1.0,40718,portion,130.0,130.0,,1,1
14991380,26762174,33753681,48433,"Carrots, old, boiled in unsalted water",1.0,38223,medium portion,60.0,60.0,,2,1
14991380,29313837,37264877,48028,"Beans, broad, whole, raw",100.0,,,,,,3,1
14991380,26762202,33753733,47998,"Bananas, raw, flesh only, weighed with skin",1.0,37371,medium unit,100.0,100.0,,1,2
14991380,29313324,37264111,50786,"Yogurt, Greek style, plain",1.0,42230,large pot,150.0,150.0,,2,2
14990814,26760549,33751529,48990,"Eggs, chicken, whole, scrambled, without milk",1.0,39407,portion,120.0,120.0,,1,
14990814,26760586,33751628,49561,"Milk, semi-skimmed, pasteurised, average",3.0,40168,tablespoon,15.0,45.0,,2,
14990814,26760749,33751806,50300,"Rocket, raw",1.0,41469,portion,20.0,20.0,,3,
14990814,26760752,33751810,50637,"Tomatoes, cherry, raw",1.0,41995,salad portion,34.0,34.0,,4,
14990814,26760758,33751817,48769,Cranberry fruit juice drink,1.0,39035,average glass,160.0,160.0,,5,
14990815,26760890,33751949,47930,"Apples, eating, raw, flesh and skin, weighed with core",1.0,37268,medium eating,112.0,112.0,,1,
14990815,29342266,37303255,48475,"Cereal bars, with fruit and/or nuts, no chocolate, unfortified",1.0,38322,unit,30.0,30.0,,2,
14990816,26760927,33751989,50478,"Soup, goulash, homemade",1.0,41740,main course type,260.0,260.0,,1,0
14990816,26760931,33751996,48287,"Bread, brown, toasted",2.0,37906,medium slice,31.0,62.0,,1,1
14990817,26761047,33752147,48800,"Cucumber, raw, flesh and skin",1.0,39095,1'' piece,60.0,60.0,,1,
14990817,26761053,33752154,48435,"Carrots, old, raw",1.0,38236,small portion,40.0,40.0,,2,
14990817,26761057,33752159,49870,"Pepper, capsicum, yellow, raw",4.0,40667,sliced ring,10.0,40.0,,3,
14990817,26761829,33753090,49226,Houmous,1.5,39773,portion,60.0,90.0,,4,
14990817,26761047,33752147,48800,"Cucumber, raw, flesh and skin",1.0,39095,1'' piece,60.0,60.0,,1,
14990817,26761053,33752154,48435,"Carrots, old, raw",1.0,38236,small portion,40.0,40.0,,2,
14990817,26761057,33752159,49870,"Pepper, capsicum, yellow, raw",4.0,40667,sliced ring,10.0,40.0,,3,
14990817,26761829,37301919,48500,"Cheese, cottage, plain, reduced fat",1.0,38383,small pot,112.0,112.0,,4,
14990818,26761403,33752551,50723,"Vegetables, mixed, frozen, boiled in unsalted water",1.0,42120,serving,90.0,90.0,,1,1
14990818,26761409,33752557,49140,"Gravy instant granules, made up with water",1.0,39670,large portion,120.0,120.0,,2,1
14990818,26761776,33753013,50140,"Potatoes, old, baked, flesh and skin",1.25,41227,medium unit,180.0,225.0,,3,1
14990818,26761780,33753023,48599,"Chicken, meat, average, roasted",1.0,38625,large portion,170.0,170.0,,4,1
14990818,26761455,33752655,50221,"Raspberries, raw",1.0,41361,portion,60.0,60.0,,1,2
14990818,29341768,37302695,50789,"Yogurt, low fat, plain",1.0,42238,average pot,125.0,125.0,,2,2
14990819,29341784,37302711,48228,"Biscuits, ginger nuts",2.0,37832,unit,10.0,20.0,,1,
14990819,29342045,37302972,49561,"Milk, semi-skimmed, pasteurised, average",1.0,40164,average glass,200.0,200.0,,2,
14987879,26753715,33741894,23135,"Bread, wholemeal or integral bread (made with flour type 150)",100.0,,,,,,1,
14987879,26753749,33741948,22056,Feta-type cheese from cow's milk,60.0,,,,,,2,
14987879,26753804,33742043,27543,"Olives, black type",100.0,,,,,,3,
14987881,26767014,33759997,82203,Burritos,350.0,,,,,,1,1
14987883,26766847,33759807,50672,"Tuna, canned in brine, drained",1.0,42040,small can,100.0,100.0,,1,1
14987883,26766970,33759930,49448,"Lettuce, average, raw",2.0,40021,portion,20.0,40.0,,2,1
14987883,26766972,33759933,49703,"Onions, baked",1.0,40452,average serving,40.0,40.0,,3,1
14987883,26766993,33759956,49783,"Pasta, plain, fresh, boiled",100.0,,,,,,4,1
14987883,26766995,33759959,81530,"Feta-type cheese from cow's milk, in oil and spices",50.0,,,,,,5,1
14987883,26766998,33759963,49678,"Oil, olive",1.0,40416,tablespoon,11.0,11.0,,6,1
14987883,26766999,33759965,50731,Vinegar,2.0,42126,tablespoon,15.0,30.0,,7,1
14987883,26767001,33759967,48438,"Carrots, young, raw",1.0,38252,medium portion,60.0,60.0,,8,1
14987883,26767002,33759968,5163,"Carrots, baby, raw",1.0,10044,large unit,15.0,15.0,,9,1
42592155,95755397,125597265,1629,"Milk, whole, 3.25% milkfat, with added vitamin D",1.0,3486,cup,244.0,244.0,,1,
42592155,95756067,125598026,3652,"Cereals ready-to-eat, QUAKER, Natural Granola Apple Cranberry Almond",1.5,7282,cup (1 NLEA serving),49.0,73.5,,2,
42592155,95756070,125598029,49216,Honey,15.0,,,,,,3,
42592155,95756072,125598031,50221,"Raspberries, raw",100.0,,,,,,4,
42592155,95756074,125598033,235600,Tahini (sesame paste),10.0,,,,,,5,
42592156,95756094,125598068,50786,"Yogurt, Greek style, plain",200.0,,,,,,1,
42592156,95756121,125598120,49216,Honey,30.0,,,,,,2,
42592156,95756166,125598239,5304,"Seeds, flaxseed",15.0,,,,,,3,
42592156,95756168,125598243,47997,"Bananas, flesh only",1.0,37368,large unit,120.0,120.0,,4,
42592158,95756378,125598543,50786,"Yogurt, Greek style, plain",200.0,,,,,,1,
42592158,95756382,125598547,49216,Honey,30.0,,,,,,2,
42592158,95756384,125598552,50216,Raisins,1.0,41358,tablespoon,30.0,30.0,,3,
42592158,95756387,125598555,47988,"Bagels, plain",1.0,37332,portion,70.0,70.0,,4,
42592158,95756392,125598561,3564,"Cereals, QUAKER, Quick Oats with Iron, Dry",1.0,7186,cup,40.0,40.0,,5,
42592160,95758662,125601461,7133,"Bread, whole-wheat, commercially prepared",2.0,13672,slice,32.0,64.0,,1,
42592160,95759238,125602078,49829,"Peanut butter, smooth",10.0,,,,,,2,
42592160,95759328,125602199,47997,"Bananas, flesh only",120.0,,,,,,3,
14990236,26759265,33749846,48987,"Eggs, chicken, whole, fried, without fat",1.0,39401,unit,60.0,60.0,,1,
14990236,26759718,33750382,48282,"Bread rolls, wholemeal",70.0,,,,,,2,
14990236,26759924,33750692,49521,Meat spread,1.0,40115,portion,40.0,40.0,,3,
14990236,26759988,33750787,49625,"Mushrooms, shiitake, cooked",1.0,40338,average serving,56.0,56.0,,4,
14990236,26996701,34039715,47930,"Apples, eating, raw, flesh and skin, weighed with core",1.0,37269,large eating,170.0,170.0,,5,
14990238,26995684,34038570,50381,"Sauce, pasta, carbonara type",1.0,41570,portion,90.0,90.0,,1,1
14990238,26995688,34038577,49789,"Pasta, white, spaghetti, dried, boiled in unsalted water",1.0,40556,small portion,150.0,150.0,,2,1
14990238,26996234,34039194,48947,"Dressing, oil and lemon, homemade",2.0,39367,tablespoon,15.0,30.0,,3,1
14990238,26996313,34039284,28870,"Salad, mixed, 7 vegetables",150.0,,,,,,4,1
14990240,26995265,34038051,22388,"Broccoli, cooked",150.0,,,,,,1,1
14990240,26995271,34038058,48433,"Carrots, old, boiled in unsalted water",1.0,38222,small portion,40.0,40.0,,2,1
14990240,26995273,34038062,49631,"Mushrooms, white, stewed in unsalted water",1.0,40348,average serving,56.0,56.0,,3,1
14990240,26995289,34038089,22399,"Cauliflower, cooked",80.0,,,,,,4,1
14990240,26995405,34038215,50140,"Potatoes, old, baked, flesh and skin",1.0,41228,large unit,220.0,220.0,,5,1
14990240,26995413,34038225,48780,"Cream, fresh, single",3.0,39061,tablespoon,15.0,45.0,,6,1
14990240,26995418,34038237,22443,"Tomato paste, concentrated, canned",15.0,,,,,,7,1
14990240,26995448,34038296,49835,"Peanuts, roasted and salted",1.0,40600,small bag,25.0,25.0,,8,1
14987943,26754580,33743116,81685,"Vegetable fat (margarine type), 50-63% fat, light, lightly salted",15.0,,,,,,1,
14987943,26754603,33743155,48310,"Bread, wholemeal, toasted",2.0,37964,thick slice,40.0,80.0,,2,
14987943,26754627,33743179,50680,Turkey slices,2.0,42045,portion,23.0,46.0,,3,
14987943,26754659,33743219,50637,"Tomatoes, cherry, raw",10.0,41994,unit,15.0,150.0,,4,
14987943,26796440,33792082,47930,"Apples, eating, raw, flesh and skin, weighed with core",1.0,37267,small eating,75.0,75.0,,5,
14987944,26767789,33760905,7912,"Snacks, popcorn, oil-popped, white popcorn, salt added",1.0,15338,cup,11.0,11.0,,1,
14987945,26795431,33790822,82229,Falafel,120.0,,,,,,1,1
14987945,26795613,33791007,81232,Pita bread,60.0,,,,,,2,1
14987945,26795616,33791010,49448,"Lettuce, average, raw",2.0,40021,portion,20.0,40.0,,3,1
14987945,26795679,33791076,49712,"Onions, raw",2.0,40464,slice,20.0,40.0,,4,1
14987945,26795681,33791078,50637,"Tomatoes, cherry, raw",5.0,41994,unit,15.0,75.0,,5,1
14987945,26795699,33791110,50786,"Yogurt, Greek style, plain",1.0,42231,tablespoon,45.0,45.0,,6,1
14987945,26795701,33791112,48800,"Cucumber, raw, flesh and skin",3.0,39094,slice,6.0,18.0,,7,1
14987945,26795703,33791115,48933,"Dill, dried",1.0,39350,teaspoon,1.0,1.0,,8,1
14987945,26795705,33791117,81104,"Lemon juice, pure juice",5.0,,,,,,9,1
14987945,26795708,33791120,49678,"Oil, olive",1.0,40417,teaspoon,3.0,3.0,,10,1
14987945,26795711,33791124,49866,"Pepper, black",1.0,40659,level teaspoon,2.0,2.0,,11,1
14987946,26796406,33792029,48398,"Cake, carrot, with topping, homemade",70.0,,,,,,1,
14987946,26796437,33792067,22273,"Espresso coffee, not instant coffee, without sugar, ready-to-drink",30.0,,,,,,2,
14987947,26795744,33791159,49205,"Herring, flesh only, grilled",1.0,39747,medium fillet,119.0,119.0,,1,1
14987947,26795755,33791171,28295,"Potatoes, roasted in sunflower oil",150.0,,,,,,2,1
14987947,26795839,33791273,28872,"Carrots, roasted in blended oil",120.0,,,,,,3,1
14989489,26757286,33747056,48295,"Bread, seeded",2.0,37920,thick slice,44.0,88.0,,1,
14989489,26757726,33747720,50343,"Salmon, smoked (hot-smoked)",1.0,41536,portion,56.0,56.0,,2,
14989489,26757773,33747806,49222,Horseradish sauce,1.0,39769,portion pack,20.0,20.0,,3,
14989490,28743991,36443477,49940,"Pineapple, raw, flesh only",4.0,40798,large slice,80.0,320.0,,1,
14989491,26883886,33907660,50654,"Tortilla, wheat, soft",2.0,42027,unit,40.0,80.0,,1,1
14989491,26883888,33907662,49151,"Guacamole, homemade",4.0,39677,heaped teaspoon,15.0,60.0,,2,1
14989491,26883915,33907711,48029,"Beans, butter, canned, re-heated, drained",2.0,37397,portion,120.0,240.0,,3,1
14989491,26884028,33907845,50319,"Salad, green",1.0,41495,tub,250.0,250.0,,4,1
14989491,26884033,33907850,48571,"Chicken, breast, grilled without skin, meat only",1.0,38547,small portion,100.0,100.0,,5,1
14989492,28744053,36443588,49845,"Pears, raw, flesh only, peeled, weighed with skin and core",1.0,40616,medium conference unit,170.0,170.0,,1,
14989492,28744101,36443778,21624,"Yogurt, nonfat, vanilla flavour",150.0,,,,,,2,
14990505,26759761,33750444,48988,"Eggs, chicken, whole, poached",2.0,39402,unit,50.0,100.0,,1,
14990505,26759792,33750475,50637,"Tomatoes, cherry, raw",1.0,41995,salad portion,34.0,34.0,,2,
14990505,26759814,33750523,48309,"Bread, wholemeal, average",1.0,37960,medium slice,36.0,36.0,,3,
14990505,26759820,33750529,47918,"Apple juice, clear, ambient and chilled",1.0,37249,average glass,160.0,160.0,,4,
14990505,29340951,37301583,50738,"Watercress, raw",1.0,42132,quarter of a bunch,20.0,20.0,,5,
14990506,26759822,33750531,49718,"Oranges, flesh only",1.0,40480,medium unit,160.0,160.0,,1,
14990507,26759925,33750693,48571,"Chicken, breast, grilled without skin, meat only",1.0,38548,medium portion,130.0,130.0,,1,1
14990507,26759983,33750781,49448,"Lettuce, average, raw",3.0,40022,iceberg unit,80.0,240.0,,2,1
14990507,26759989,33750788,10033,"Salad dressing, caesar, low calorie",2.0,18218,tbsp,15.0,30.0,,3,1
14990507,26760042,33750842,49868,"Pepper, capsicum, red, raw",1.0,40662,medium unit,160.0,160.0,,4,1
14990507,26760062,33750862,50568,"Sweetcorn, baby, fresh and frozen, boiled in unsalted water",1.0,41899,tablespoon,30.0,30.0,,5,1
14990507,29340884,37301493,50789,"Yogurt, low fat, plain",1.0,42239,large pot,150.0,150.0,,6,1
14990507,29340885,37301494,49216,Honey,1.0,39759,heaped teaspoon,17.0,17.0,,7,1
14990508,29341109,37301747,47997,"Bananas, flesh only",1.0,37368,large unit,120.0,120.0,,1,
14990509,26760320,33751255,50691,"Turkey, mince, stewed",1.0,42070,medium portion,140.0,140.0,,1,1
14990509,26760374,33751310,49588,Mixed curry spices,3.0,40291,teaspoon,3.0,9.0,,2,1
14990509,26760383,33751320,7428,"Taco shells, baked, without added salt",3.0,14488,oz,28.35,85.05000000000001,,3,1
14990509,26760436,33751388,48025,"Beans, blackeye, whole, dried, raw",50.0,,,,,,4,1
14990509,29340943,37301575,48497,"Cheese, Cheddar type, half fat",2.0,38367,grated tablespoon,10.0,20.0,,5,1
14990510,29341112,37301750,49218,"Horlicks powder, made up with semi-skimmed milk",1.0,39763,mug,225.0,225.0,,1,
14990510,29341155,37301801,48223,"Biscuits, digestive, plain",2.0,37827,unit,15.0,30.0,,2,
14990510,29341112,37301752,49219,"Horlicks powder, made up with skimmed milk",1.0,39764,mug,225.0,225.0,,1,
14990510,29341155,37301801,48223,"Biscuits, digestive, plain",2.0,37827,unit,15.0,30.0,,2,
14988302,26800372,33796972,50537,"Strawberries, raw",100.0,,,,,,1,
14988302,26800379,33796982,48650,Chocolate spread,1.0,38737,average spread,20.0,20.0,,2,
14988303,26797443,33793241,49226,Houmous,2.0,39773,portion,60.0,120.0,,1,1
14988303,26797444,33793242,48435,"Carrots, old, raw",1.0,38238,large portion,85.0,85.0,,2,1
14988303,26797538,33793336,48788,"Crispbread, rye",6.0,39068,unit,10.0,60.0,,3,1
14988304,28743423,36442322,47997,"Bananas, flesh only",1.0,37368,large unit,120.0,120.0,,1,
14988304,28743432,36442335,48788,"Crispbread, rye",3.0,39072,craker,15.0,45.0,,2,
14988304,28743434,36442340,48522,"Cheese, Quark",80.0,,,,,,3,
14988305,26799677,33795965,81184,"Beef, ground, cooked (average)",100.0,,,,,,1,1
14988305,26799718,33796054,49846,"Peas, boiled in unsalted water",1.0,40619,large portion,100.0,100.0,,2,1
14988305,26800037,33796613,81899,"Sweet corn, frozen, raw",70.0,,,,,,3,1
14988305,26800192,33796768,50254,"Rice, brown, wholegrain, boiled in unsalted water",1.0,41390,small portion,100.0,100.0,,4,1
14990721,26760373,33751309,48990,"Eggs, chicken, whole, scrambled, without milk",150.0,,,,,,1,
14990721,26760377,33751314,22086,"Gouda cheese, from cow's milk",30.0,,,,,,2,
14990721,26760441,33751393,48572,"Chicken, breast, grilled, meat and skin",1.0,38550,slice,40.0,40.0,,3,
14990721,26760473,33751442,22417,"Onion, cooked",40.0,,,,,,4,
14990722,26998550,34041868,48706,"Coffee, infusion, average, with semi-skimmed milk",1.0,38879,mug,260.0,260.0,,1,
14990722,26998707,34042029,48233,"Biscuits, oat based, chocolate, half coated",2.0,37838,unit,18.0,36.0,,2,
14990723,26997723,34040981,81137,Rostis or Potatoes cake,150.0,,,,,,1,1
14990723,26997882,34041143,50688,"Turkey, light meat, roasted",1.0,42060,medium portion,90.0,90.0,,2,1
14990723,26998323,34041632,50317,"Salad, beetroot and onion in French dressing",1.0,41491,tub,250.0,250.0,,3,1
14990724,26997321,34040467,49503,"Mangosteen, flesh only",100.0,,,,,,1,
14990724,26997323,34040469,48514,"Cheese, Mascarpone",50.0,,,,,,2,
14990725,26998842,34042165,49947,"Pizza, fish topped, takeaway",1.0,40815,deep pan 12'' diameter slice,100.0,100.0,,1,1
14990725,26998988,34042332,50300,"Rocket, raw",3.0,41469,portion,20.0,60.0,,2,1
14990725,26998991,34042336,50637,"Tomatoes, cherry, raw",10.0,41994,unit,15.0,150.0,,3,1
14990725,26999000,34042352,81254,"Croutons, plain, prepacked",15.0,,,,,,4,1
14990725,26999003,34042356,49216,Honey,1.0,39759,heaped teaspoon,17.0,17.0,,5,1
14990725,26999004,34042357,49678,"Oil, olive",1.0,40417,teaspoon,3.0,3.0,,6,1
14990725,26999006,34042361,49422,"Lemon juice, fresh",5.0,,,,,,7,1
14990796,27003805,34048795,27553,"Crackers, wholemeal",30.0,,,,,,1,
14990796,27003871,34048872,21736,"Marmalade, plum",20.0,,,,,,2,
14990797,27004073,34049317,28513,"Soup, cream of vegetable, homemade",200.0,,,,,,1,0
14990797,27004041,34049212,82171,"Risotto, w vegetables",300.0,,,,,,1,1
14991504,26762441,33754163,48309,"Bread, wholemeal, average",1.0,37960,medium slice,36.0,36.0,,1,
14991504,26762443,33754165,47991,"Baked beans, canned in tomato sauce, reduced sugar, reduced salt",1.0,37346,medium portion,135.0,135.0,,2,
14991504,26762444,33754166,48498,"Cheese, Cheddar, English",2.0,38375,grated tablespoon,10.0,20.0,,3,
14991504,26762448,33754171,49714,"Orange juice, chilled",1.0,40471,average glass,160.0,160.0,,4,
14991504,26762441,33754163,48309,"Bread, wholemeal, average",1.0,37960,medium slice,36.0,36.0,,1,
14991504,26762443,33754165,47991,"Baked beans, canned in tomato sauce, reduced sugar, reduced salt",1.0,37346,medium portion,135.0,135.0,,2,
14991504,26762444,33754166,48498,"Cheese, Cheddar, English",2.0,38375,grated tablespoon,10.0,20.0,,3,
14991504,26762448,33754171,49714,"Orange juice, chilled",1.0,40471,average glass,160.0,160.0,,4,
14991504,26762441,37297878,48306,"Bread, white, toasted",1.0,37948,medium slice,27.0,27.0,,1,
14991504,26762443,33754165,47991,"Baked beans, canned in tomato sauce, reduced sugar, reduced salt",1.0,37346,medium portion,135.0,135.0,,2,
14991504,26762444,37297913,48498,"Cheese, Cheddar, English",2.0,38372,small chunk,20.0,40.0,,3,
14991504,26762448,33754171,49714,"Orange juice, chilled",1.0,40471,average glass,160.0,160.0,,4,
14991504,26762441,37297878,48306,"Bread, white, toasted",1.0,37948,medium slice,27.0,27.0,,1,
14991504,26762443,33754165,47991,"Baked beans, canned in tomato sauce, reduced sugar, reduced salt",1.0,37346,medium portion,135.0,135.0,,2,
14991504,26762444,37297913,48498,"Cheese, Cheddar, English",2.0,38372,small chunk,20.0,40.0,,3,
14991504,26762448,33754171,49714,"Orange juice, chilled",1.0,40471,average glass,160.0,160.0,,4,
14991505,26762451,33754174,49826,"Peaches, flesh and skin, raw, weighed with stone",1.0,40585,medium piece,110.0,110.0,,1,
14991506,26762463,33754187,49646,"Noodles, egg, fine, dried, boiled in unsalted water",1.0,40378,serving,280.0,280.0,,1,1
14991506,26762464,33754188,50723,"Vegetables, mixed, frozen, boiled in unsalted water",1.0,42120,serving,90.0,90.0,,2,1
14991506,26762514,33754258,48014,"Bass, sea, flesh only, raw, weighed with bones and skin",100.0,,,,,,3,1
14991506,26762534,33754280,50495,"Soy sauce, light and dark varieties",2.0,41800,teaspoon,5.0,10.0,,4,1
14991506,26762535,33754281,50437,Sesame seeds,1.0,41648,tablespoon,12.0,12.0,,5,1
14991506,29338277,37297986,49600,"Mousse, fruit",1.0,40300,portion,60.0,60.0,,1,2
14991506,26762463,33754187,49646,"Noodles, egg, fine, dried, boiled in unsalted water",1.0,40378,serving,280.0,280.0,,1,1
14991506,26762464,33754188,50723,"Vegetables, mixed, frozen, boiled in unsalted water",1.0,42120,serving,90.0,90.0,,2,1
14991506,26762514,33754258,48014,"Bass, sea, flesh only, raw, weighed with bones and skin",100.0,,,,,,3,1
14991506,26762534,33754280,50495,"Soy sauce, light and dark varieties",2.0,41800,teaspoon,5.0,10.0,,4,1
14991506,26762535,33754281,50437,Sesame seeds,1.0,41648,tablespoon,12.0,12.0,,5,1
14991506,29338277,37297986,49600,"Mousse, fruit",1.0,40300,portion,60.0,60.0,,1,2
14991506,26762463,37297952,50265,"Rice, white, basmati, boiled in unsalted water",1.0,41406,medium portion,180.0,180.0,,1,1
14991506,26762464,33754188,50723,"Vegetables, mixed, frozen, boiled in unsalted water",1.0,42120,serving,90.0,90.0,,2,1
14991506,26762514,37297955,48571,"Chicken, breast, grilled without skin, meat only",1.0,38548,medium portion,130.0,130.0,,3,1
14991506,26762534,33754280,50495,"Soy sauce, light and dark varieties",2.0,41800,teaspoon,5.0,10.0,,4,1
14991506,26762535,33754281,50437,Sesame seeds,1.0,41648,tablespoon,12.0,12.0,,5,1
14991506,29338277,37297986,49600,"Mousse, fruit",1.0,40300,portion,60.0,60.0,,1,2
14991506,26762463,37297952,50265,"Rice, white, basmati, boiled in unsalted water",1.0,41406,medium portion,180.0,180.0,,1,1
14991506,26762464,33754188,50723,"Vegetables, mixed, frozen, boiled in unsalted water",1.0,42120,serving,90.0,90.0,,2,1
14991506,26762514,37297955,48571,"Chicken, breast, grilled without skin, meat only",1.0,38548,medium portion,130.0,130.0,,3,1
14991506,26762534,33754280,50495,"Soy sauce, light and dark varieties",2.0,41800,teaspoon,5.0,10.0,,4,1
14991506,26762535,33754281,50437,Sesame seeds,1.0,41648,tablespoon,12.0,12.0,,5,1
14991506,29338277,37297986,49600,"Mousse, fruit",1.0,40300,portion,60.0,60.0,,1,2
14991508,26762702,33754576,50409,"Sausages, premium, grilled",1.5,41613,large unit,40.0,60.0,,1,1
14991508,26762708,33754582,48348,"Broccoli, green, raw",1.0,38072,medium portion,85.0,85.0,,2,1
14991508,26762710,33754584,50145,"Potatoes, old, mashed with butter",1.0,41247,medium portion,175.0,175.0,,3,1
14991508,29338293,37298012,49140,"Gravy instant granules, made up with water",1.0,39668,small portion,25.0,25.0,,4,1
14991508,26762741,33754644,47998,"Bananas, raw, flesh only, weighed with skin",1.0,37371,medium unit,100.0,100.0,,1,2
14991508,29338397,37298118,50786,"Yogurt, Greek style, plain",1.0,42229,average pot,125.0,125.0,,2,2
14991508,29338401,37298122,49216,Honey,1.0,39759,heaped teaspoon,17.0,17.0,,3,2
15007859,26798327,33794284,48306,"Bread, white, toasted",2.0,37948,medium slice,27.0,54.0,,1,
15007859,26798332,33794290,49829,"Peanut butter, smooth",1.0,40590,portion pack,25.0,25.0,,2,
15007859,26798334,33794293,49561,"Milk, semi-skimmed, pasteurised, average",1.0,40164,average glass,200.0,200.0,,3,
15007859,26798338,33794297,47997,"Bananas, flesh only",1.0,37366,small unit,80.0,80.0,,4,
15007859,29027298,36839515,49561,"Milk, semi-skimmed, pasteurised, average",1.0,40165,average portion with cereals,100.0,100.0,,5,
15007859,26798327,33794284,48306,"Bread, white, toasted",2.0,37948,medium slice,27.0,54.0,,1,
15007859,26798332,33794290,49829,"Peanut butter, smooth",1.0,40590,portion pack,25.0,25.0,,2,
15007859,26798334,33794293,49561,"Milk, semi-skimmed, pasteurised, average",1.0,40164,average glass,200.0,200.0,,3,
15007859,26798338,33794297,47997,"Bananas, flesh only",1.0,37366,small unit,80.0,80.0,,4,
15007859,29027298,36839515,49561,"Milk, semi-skimmed, pasteurised, average",1.0,40165,average portion with cereals,100.0,100.0,,5,
15007859,26798327,36838456,48287,"Bread, brown, toasted",2.0,37906,medium slice,31.0,62.0,,1,
15007859,26798332,33794290,49829,"Peanut butter, smooth",1.0,40590,portion pack,25.0,25.0,,2,
15007859,26798334,33794293,49561,"Milk, semi-skimmed, pasteurised, average",1.0,40164,average glass,200.0,200.0,,3,
15007859,26798338,33794297,47997,"Bananas, flesh only",1.0,37366,small unit,80.0,80.0,,4,
15007859,29027298,36839621,49573,"Milk, whole, pasteurised, average",1.0,40249,average portion with cereals,100.0,100.0,,5,
15007859,26798327,36838456,48287,"Bread, brown, toasted",2.0,37906,medium slice,31.0,62.0,,1,
15007859,26798332,33794290,49829,"Peanut butter, smooth",1.0,40590,portion pack,25.0,25.0,,2,
15007859,26798334,33794293,49561,"Milk, semi-skimmed, pasteurised, average",1.0,40164,average glass,200.0,200.0,,3,
15007859,26798338,33794297,47997,"Bananas, flesh only",1.0,37366,small unit,80.0,80.0,,4,
15007859,29027298,36839621,49573,"Milk, whole, pasteurised, average",1.0,40249,average portion with cereals,100.0,100.0,,5,
15007860,26798365,33794325,50216,Raisins,1.0,41358,tablespoon,30.0,30.0,,1,
15007860,26798463,33794452,48438,"Carrots, young, raw",1.0,38252,medium portion,60.0,60.0,,2,
15007860,26798467,33794457,48499,"Cheese, cottage, plain",1.0,38382,sandwich portion,50.0,50.0,,3,
15007861,26798564,33794559,50654,"Tortilla, wheat, soft",2.0,42027,unit,40.0,80.0,,1,1
15007861,26798567,33794562,48571,"Chicken, breast, grilled without skin, meat only",1.0,38548,medium portion,130.0,130.0,,2,1
15007861,26798592,33794597,49448,"Lettuce, average, raw",1.0,40021,portion,20.0,20.0,,3,1
15007861,26798619,33794632,50641,"Tomatoes, standard, raw",1.0,42009,medium unit,85.0,85.0,,4,1
15007861,26798626,33794641,48800,"Cucumber, raw, flesh and skin",1.0,39095,1'' piece,60.0,60.0,,5,1
15007861,26798656,33794697,49516,"Mayonnaise, reduced fat",1.0,40102,level tablespoon,15.0,15.0,,6,1
15007861,26798778,33794857,48476,"Cereal bars, with fruit and/or nuts, with chocolate, unfortified",1.0,38323,unit,30.0,30.0,,1,2
15007863,26798805,33794909,49411,"Lasagne, vegetable, wholemeal, homemade",1.0,39980,average portion,420.0,420.0,,1,1
15007863,26799068,33795177,48038,"Beans, green, boiled in unsalted water",1.0,37407,medium portion,90.0,90.0,,2,1
15007863,26799164,33795358,48054,"Beans, red kidney, canned in water, re-heated, drained",1.0,37423,heaped tablespoon,35.0,35.0,,3,1
15007863,26799165,33795359,48054,"Beans, red kidney, canned in water, re-heated, drained",1.0,37423,heaped tablespoon,35.0,35.0,,4,1
15007863,26799321,33795518,48289,"Bread, garlic and herb, retail",2.0,37908,slice,20.0,40.0,,5,1
15007863,26799352,33795575,50798,"Yogurt, whole milk, twin pot, thick and creamy with fruit",1.0,42261,average pot,125.0,125.0,,1,2
15009125,26801382,33798312,48340,"Breakfast cereal, wheat biscuits, Weetabix type, fortified",2.0,38054,bisk,20.0,40.0,,1,
15009125,26801383,33798313,50537,"Strawberries, raw",1.0,41860,average portion,100.0,100.0,,2,
15009125,26801384,33798314,49216,Honey,1.0,39759,heaped teaspoon,17.0,17.0,,3,
15009125,26801697,33798657,47998,"Bananas, raw, flesh only, weighed with skin",1.0,37371,medium unit,100.0,100.0,,4,
15009125,29310493,37261088,49561,"Milk, semi-skimmed, pasteurised, average",1.0,40165,average portion with cereals,100.0,100.0,,5,
15009125,26801382,33798312,48340,"Breakfast cereal, wheat biscuits, Weetabix type, fortified",2.0,38054,bisk,20.0,40.0,,1,
15009125,26801383,33798313,50537,"Strawberries, raw",1.0,41860,average portion,100.0,100.0,,2,
15009125,26801384,33798314,49216,Honey,1.0,39759,heaped teaspoon,17.0,17.0,,3,
15009125,26801697,33798657,47998,"Bananas, raw, flesh only, weighed with skin",1.0,37371,medium unit,100.0,100.0,,4,
15009125,29310493,37261090,49569,"Milk, skimmed, pasteurised, winter",1.0,40217,average portion with cereals,100.0,100.0,,5,
15009127,26801412,33798343,48980,"Eggs, chicken, scrambled, with semi-skimmed milk",1.0,39391,portion,120.0,120.0,,1,1
15009127,26801413,33798344,48309,"Bread, wholemeal, average",2.0,37960,medium slice,36.0,72.0,,2,1
15009127,26801418,33798349,50300,"Rocket, raw",1.5,41469,portion,20.0,30.0,,3,1
15009127,26801477,33798409,50637,"Tomatoes, cherry, raw",1.0,41994,unit,15.0,15.0,,4,1
15009127,26801754,33798756,50787,"Yogurt, low fat, fruit",1.0,42232,average pot,125.0,125.0,,1,2
15009127,26801782,33798786,47929,"Apples, eating, raw, flesh and skin",1.0,37265,medium eating,100.0,100.0,,2,2
15009127,26801412,33798343,48980,"Eggs, chicken, scrambled, with semi-skimmed milk",1.0,39391,portion,120.0,120.0,,1,1
15009127,26801413,37260951,48306,"Bread, white, toasted",2.0,37948,medium slice,27.0,54.0,,2,1
15009127,26801418,33798349,50300,"Rocket, raw",1.5,41469,portion,20.0,30.0,,3,1
15009127,26801477,33798409,50637,"Tomatoes, cherry, raw",1.0,41994,unit,15.0,15.0,,4,1
15009127,26801754,33798756,50787,"Yogurt, low fat, fruit",1.0,42232,average pot,125.0,125.0,,1,2
15009127,26801782,33798786,47929,"Apples, eating, raw, flesh and skin",1.0,37265,medium eating,100.0,100.0,,2,2
15009129,26801921,33798946,49783,"Pasta, plain, fresh, boiled",1.0,40545,small portion,150.0,150.0,,1,1
15009129,26801982,33799019,50333,"Salmon, farmed, flesh only, baked",1.0,41519,average steak,100.0,100.0,,2,1
15009129,26802012,33799049,50502,"Spinach, frozen, boiled in unsalted water",1.0,41807,serving,90.0,90.0,,3,1
15009129,26802045,33799088,48027,"Beans, broad, whole, boiled in unsalted water",1.0,37395,portion,120.0,120.0,,4,1
15009129,26802076,33799144,49678,"Oil, olive",1.0,40417,teaspoon,3.0,3.0,,5,1
15009129,26802079,33799147,49422,"Lemon juice, fresh",6.0,,,,,,6,1
15009129,29310415,37260946,50786,"Yogurt, Greek style, plain",1.0,42231,tablespoon,45.0,45.0,,7,1
15009129,26801921,33798946,49783,"Pasta, plain, fresh, boiled",1.0,40545,small portion,150.0,150.0,,1,1
15009129,26801982,37260947,48571,"Chicken, breast, grilled without skin, meat only",1.0,38548,medium portion,130.0,130.0,,2,1
15009129,26802012,33799049,50502,"Spinach, frozen, boiled in unsalted water",1.0,41807,serving,90.0,90.0,,3,1
15009129,26802045,33799088,48027,"Beans, broad, whole, boiled in unsalted water",1.0,37395,portion,120.0,120.0,,4,1
15009129,26802076,33799144,49678,"Oil, olive",1.0,40417,teaspoon,3.0,3.0,,5,1
15009129,26802079,33799147,49422,"Lemon juice, fresh",6.0,,,,,,6,1
15009129,29310415,37260946,50786,"Yogurt, Greek style, plain",1.0,42231,tablespoon,45.0,45.0,,7,1
15008242,26799362,33795589,50093,"Porridge oats, unfortified, cooked, made up with semi-skimmed milk",1.0,41091,medium portion,160.0,160.0,,1,
15008242,26799395,33795622,50221,"Raspberries, raw",1.0,41361,portion,60.0,60.0,,2,
15008242,26799434,33795661,48262,Blueberries,40.0,,,,,,3,
15008242,26799436,33795663,48704,"Coffee, cappuccino, latte",1.0,38873,mug,260.0,260.0,,4,
15008243,26800263,33796847,49667,"Nuts, mixed",25.0,,,,,,1,
15008244,26800298,33796887,50494,"Soup, vegetable, homemade",1.0,41798,medium portion,220.0,220.0,,1,0
15008244,26800299,33796888,48309,"Bread, wholemeal, average",2.0,37960,medium slice,36.0,72.0,,1,1
15008244,26800350,33796948,49226,Houmous,1.0,39773,portion,60.0,60.0,,2,1
15008244,26800351,33796949,48435,"Carrots, old, raw",1.0,38237,medium portion,60.0,60.0,,3,1
15008244,26800354,33796952,48800,"Cucumber, raw, flesh and skin",1.0,39096,portion,23.0,23.0,,4,1
15008244,26800359,33796958,49868,"Pepper, capsicum, red, raw",3.0,40663,sliced ring,10.0,30.0,,5,1
15008244,26800366,33796966,50787,"Yogurt, low fat, fruit",1.0,42232,average pot,125.0,125.0,,1,2
15008245,26800370,33796970,47997,"Bananas, flesh only",1.0,37367,medium unit,100.0,100.0,,1,
15008245,26800914,33797624,48475,"Cereal bars, with fruit and/or nuts, no chocolate, unfortified",1.0,38322,unit,30.0,30.0,,2,
15008246,26800809,33797510,49032,"Fishcakes, salmon, coated in breadcrumbs, baked",1.0,39509,unit,100.0,100.0,,1,1
15008246,26800812,33797514,50319,"Salad, green",150.0,,,,,,2,1
15008246,26800817,33797519,48721,"Coleslaw, with reduced calorie dressing, retail",1.0,38922,tablespoon,45.0,45.0,,3,1
15008246,26800830,33797536,49600,"Mousse, fruit",1.0,40300,portion,60.0,60.0,,1,2
15008918,26801059,33797811,48328,"Breakfast cereal, multigrain hoops, fortified",1.0,38014,medium portion,30.0,30.0,,1,
15008918,26801065,33797819,49561,"Milk, semi-skimmed, pasteurised, average",1.0,40165,average portion with cereals,100.0,100.0,,2,
15008918,26801066,33797821,47997,"Bananas, flesh only",1.0,37368,large unit,120.0,120.0,,3,
15008918,26801074,33797835,48769,Cranberry fruit juice drink,1.0,39035,average glass,160.0,160.0,,4,
15008918,26801059,33797811,48328,"Breakfast cereal, multigrain hoops, fortified",1.0,38014,medium portion,30.0,30.0,,1,
15008918,26801065,33797819,49561,"Milk, semi-skimmed, pasteurised, average",1.0,40165,average portion with cereals,100.0,100.0,,2,
15008918,26801066,33797821,47997,"Bananas, flesh only",1.0,37368,large unit,120.0,120.0,,3,
15008918,26801074,33797835,48769,Cranberry fruit juice drink,1.0,39035,average glass,160.0,160.0,,4,
15008918,26801059,33797811,48328,"Breakfast cereal, multigrain hoops, fortified",1.0,38014,medium portion,30.0,30.0,,1,
15008918,26801065,33797819,49561,"Milk, semi-skimmed, pasteurised, average",1.0,40165,average portion with cereals,100.0,100.0,,2,
15008918,26801066,33797821,47997,"Bananas, flesh only",1.0,37368,large unit,120.0,120.0,,3,
15008918,26801074,33797835,48769,Cranberry fruit juice drink,1.0,39035,average glass,160.0,160.0,,4,
15008918,26801059,33797811,48328,"Breakfast cereal, multigrain hoops, fortified",1.0,38014,medium portion,30.0,30.0,,1,
15008918,26801065,33797819,49561,"Milk, semi-skimmed, pasteurised, average",1.0,40165,average portion with cereals,100.0,100.0,,2,
15008918,26801066,33797821,47997,"Bananas, flesh only",1.0,37368,large unit,120.0,120.0,,3,
15008918,26801074,33797835,48769,Cranberry fruit juice drink,1.0,39035,average glass,160.0,160.0,,4,
15008918,26801059,37299377,48322,"Breakfast cereal, crunchy/crispy muesli type cereal, with nuts, unfortified",30.0,,,,,,1,
15008918,26801065,37299503,49569,"Milk, skimmed, pasteurised, winter",1.0,40217,average portion with cereals,100.0,100.0,,2,
15008918,26801066,33797821,47997,"Bananas, flesh only",1.0,37368,large unit,120.0,120.0,,3,
15008918,26801074,37299615,49935,"Pineapple juice, unsweetened",1.0,40789,average glass,160.0,160.0,,4,
15008918,26801059,37299377,48322,"Breakfast cereal, crunchy/crispy muesli type cereal, with nuts, unfortified",30.0,,,,,,1,
15008918,26801065,37299503,49569,"Milk, skimmed, pasteurised, winter",1.0,40217,average portion with cereals,100.0,100.0,,2,
15008918,26801066,33797821,47997,"Bananas, flesh only",1.0,37368,large unit,120.0,120.0,,3,
15008918,26801074,37299615,49935,"Pineapple juice, unsweetened",1.0,40789,average glass,160.0,160.0,,4,
15008918,26801059,37299377,48322,"Breakfast cereal, crunchy/crispy muesli type cereal, with nuts, unfortified",30.0,,,,,,1,
15008918,26801065,37299503,49569,"Milk, skimmed, pasteurised, winter",1.0,40217,average portion with cereals,100.0,100.0,,2,
15008918,26801066,33797821,47997,"Bananas, flesh only",1.0,37368,large unit,120.0,120.0,,3,
15008918,26801074,37299615,49935,"Pineapple juice, unsweetened",1.0,40789,average glass,160.0,160.0,,4,
15008918,26801059,37299377,48322,"Breakfast cereal, crunchy/crispy muesli type cereal, with nuts, unfortified",30.0,,,,,,1,
15008918,26801065,37299503,49569,"Milk, skimmed, pasteurised, winter",1.0,40217,average portion with cereals,100.0,100.0,,2,
15008918,26801066,33797821,47997,"Bananas, flesh only",1.0,37368,large unit,120.0,120.0,,3,
15008918,26801074,37299615,49935,"Pineapple juice, unsweetened",1.0,40789,average glass,160.0,160.0,,4,
15008919,26801078,33797841,48704,"Coffee, cappuccino, latte",1.0,38873,mug,260.0,260.0,,1,
15008919,26801085,33797853,48928,"Dates, raw, flesh and skin",4.0,39344,unit,25.0,100.0,,2,
15008920,26801127,33797907,48631,"Chilli con carne, homemade",1.0,38706,portion,220.0,220.0,,1,1
15008920,26801128,33797908,50561,"Sweet potato, baked",1.0,41891,medium unit,65.0,65.0,,2,1
15008920,26801131,33797913,50319,"Salad, green",1.0,41495,tub,250.0,250.0,,3,1
15008920,26801266,33798088,49868,"Pepper, capsicum, red, raw",0.5,40662,medium unit,160.0,80.0,,4,1
15008920,26801269,33798099,50785,"Yogurt, Greek style, fruit",1.0,42226,average pot,125.0,125.0,,1,2
15008920,26801127,33797907,48631,"Chilli con carne, homemade",1.0,38706,portion,220.0,220.0,,1,1
15008920,26801128,37299816,50140,"Potatoes, old, baked, flesh and skin",1.0,41227,medium unit,180.0,180.0,,2,1
15008920,26801131,33797913,50319,"Salad, green",1.0,41495,tub,250.0,250.0,,3,1
15008920,26801266,33798088,49868,"Pepper, capsicum, red, raw",0.5,40662,medium unit,160.0,80.0,,4,1
15008920,26801269,33798099,50785,"Yogurt, Greek style, fruit",1.0,42226,average pot,125.0,125.0,,1,2
15008922,26801311,33798189,49905,"Pie, fish, white fish, retail, baked",1.0,40722,single portion,320.0,320.0,,1,1
15008922,26801312,33798191,48346,"Broccoli, green, boiled in salted water",1.0,38063,small portion,60.0,60.0,,2,1
15008922,26801361,33798278,49850,"Peas, frozen, boiled in unsalted water",1.0,40626,medium portion,70.0,70.0,,3,1
15008922,26801311,37299964,49902,"Pie, Cottage, homemade",1.0,40719,portion,310.0,310.0,,1,1
15008922,26801312,33798191,48346,"Broccoli, green, boiled in salted water",1.0,38063,small portion,60.0,60.0,,2,1
15008922,26801361,33798278,49850,"Peas, frozen, boiled in unsalted water",1.0,40626,medium portion,70.0,70.0,,3,1
15010331,26803475,33800915,50786,"Yogurt, Greek style, plain",1.25,42229,average pot,125.0,156.25,,1,
15010331,26803514,33800957,3494,"Cereals ready-to-eat, QUAKER, QUAKER 100% Natural Granola with Oats, Wheat, Honey, and Raisins",1.0,7120,cup (1 NLEA serving),51.0,51.0,,2,
15010331,26803517,33800961,50221,"Raspberries, raw",1.0,41361,portion,60.0,60.0,,3,
15010331,26803544,33801034,50537,"Strawberries, raw",1.0,41860,average portion,100.0,100.0,,4,
15010331,29312875,37263642,49216,Honey,1.0,39759,heaped teaspoon,17.0,17.0,,5,
15010331,26803475,33800915,50786,"Yogurt, Greek style, plain",1.25,42229,average pot,125.0,156.25,,1,
15010331,26803514,33800957,3494,"Cereals ready-to-eat, QUAKER, QUAKER 100% Natural Granola with Oats, Wheat, Honey, and Raisins",1.0,7120,cup (1 NLEA serving),51.0,51.0,,2,
15010331,26803517,33800961,50221,"Raspberries, raw",1.0,41361,portion,60.0,60.0,,3,
15010331,26803544,33801034,50537,"Strawberries, raw",1.0,41860,average portion,100.0,100.0,,4,
15010331,29312875,37263651,7839,"Syrups, maple",1.0,15204,tbsp,20.0,20.0,,5,
15010332,26803548,33801039,48500,"Cheese, cottage, plain, reduced fat",1.0,38383,small pot,112.0,112.0,,1,
15010332,26804337,33802129,48474,"Celery, raw",5.0,38321,stick,30.0,150.0,,2,
15010332,26803548,33801039,48500,"Cheese, cottage, plain, reduced fat",1.0,38383,small pot,112.0,112.0,,1,
15010332,26804337,37263632,48435,"Carrots, old, raw",1.0,38237,medium portion,60.0,60.0,,2,
15010333,26803698,33801252,50723,"Vegetables, mixed, frozen, boiled in unsalted water",1.0,42120,serving,90.0,90.0,,1,1
15010333,26803706,33801263,50159,"Prawns, king, purchased cooked",7.0,41269,unit,8.0,56.0,,2,1
15010333,26803720,33801282,50495,"Soy sauce, light and dark varieties",1.0,41800,teaspoon,5.0,5.0,,3,1
15010333,26803765,33801339,50502,"Spinach, frozen, boiled in unsalted water",1.0,41808,tablespoon,40.0,40.0,,4,1
15010333,26804125,33801883,49646,"Noodles, egg, fine, dried, boiled in unsalted water",1.0,40378,serving,280.0,280.0,,5,1
15010333,26803724,33801286,48704,"Coffee, cappuccino, latte",1.0,38873,mug,260.0,260.0,,1,2
15010333,26803859,33801458,48476,"Cereal bars, with fruit and/or nuts, with chocolate, unfortified",1.0,38323,unit,30.0,30.0,,2,2
15010333,26803698,33801252,50723,"Vegetables, mixed, frozen, boiled in unsalted water",1.0,42120,serving,90.0,90.0,,1,1
15010333,26803706,33801263,50159,"Prawns, king, purchased cooked",7.0,41269,unit,8.0,56.0,,2,1
15010333,26803720,33801282,50495,"Soy sauce, light and dark varieties",1.0,41800,teaspoon,5.0,5.0,,3,1
15010333,26803765,33801339,50502,"Spinach, frozen, boiled in unsalted water",1.0,41808,tablespoon,40.0,40.0,,4,1
15010333,26804125,33801883,49646,"Noodles, egg, fine, dried, boiled in unsalted water",1.0,40378,serving,280.0,280.0,,5,1
15010333,26803724,33801286,48704,"Coffee, cappuccino, latte",1.0,38873,mug,260.0,260.0,,1,2
15010333,26803859,33801458,48476,"Cereal bars, with fruit and/or nuts, with chocolate, unfortified",1.0,38323,unit,30.0,30.0,,2,2
15010333,26803698,33801252,50723,"Vegetables, mixed, frozen, boiled in unsalted water",1.0,42120,serving,90.0,90.0,,1,1
15010333,26803706,37263839,48571,"Chicken, breast, grilled without skin, meat only",1.0,38547,small portion,100.0,100.0,,2,1
15010333,26803720,33801282,50495,"Soy sauce, light and dark varieties",1.0,41800,teaspoon,5.0,5.0,,3,1
15010333,26803765,33801339,50502,"Spinach, frozen, boiled in unsalted water",1.0,41808,tablespoon,40.0,40.0,,4,1
15010333,26804125,37263508,50265,"Rice, white, basmati, boiled in unsalted water",1.0,41406,medium portion,180.0,180.0,,5,1
15010333,26803724,33801286,48704,"Coffee, cappuccino, latte",1.0,38873,mug,260.0,260.0,,1,2
15010333,26803859,33801458,48476,"Cereal bars, with fruit and/or nuts, with chocolate, unfortified",1.0,38323,unit,30.0,30.0,,2,2
15010333,26803698,33801252,50723,"Vegetables, mixed, frozen, boiled in unsalted water",1.0,42120,serving,90.0,90.0,,1,1
15010333,26803706,37263839,48571,"Chicken, breast, grilled without skin, meat only",1.0,38547,small portion,100.0,100.0,,2,1
15010333,26803720,33801282,50495,"Soy sauce, light and dark varieties",1.0,41800,teaspoon,5.0,5.0,,3,1
15010333,26803765,33801339,50502,"Spinach, frozen, boiled in unsalted water",1.0,41808,tablespoon,40.0,40.0,,4,1
15010333,26804125,37263508,50265,"Rice, white, basmati, boiled in unsalted water",1.0,41406,medium portion,180.0,180.0,,5,1
15010333,26803724,33801286,48704,"Coffee, cappuccino, latte",1.0,38873,mug,260.0,260.0,,1,2
15010333,26803859,33801458,48476,"Cereal bars, with fruit and/or nuts, with chocolate, unfortified",1.0,38323,unit,30.0,30.0,,2,2
15010335,26804060,33801796,48842,"Curry, chicken, average, retail, reheated",1.0,39176,medium portion,260.0,260.0,,1,1
15010335,26804078,33801825,50319,"Salad, green",1.0,41495,tub,250.0,250.0,,2,1
15010335,26804117,33801873,50250,"Rice, brown, basmati, boiled in unsalted water",1.0,41382,small portion,100.0,100.0,,3,1
15010335,26804188,33801977,49599,"Mousse, chocolate, low fat",1.0,40299,portion,60.0,60.0,,1,2
15010335,26804060,33801796,48842,"Curry, chicken, average, retail, reheated",1.0,39176,medium portion,260.0,260.0,,1,1
15010335,26804078,33801825,50319,"Salad, green",1.0,41495,tub,250.0,250.0,,2,1
15010335,26804117,33801873,50250,"Rice, brown, basmati, boiled in unsalted water",1.0,41382,small portion,100.0,100.0,,3,1
15010335,26804188,33801977,49599,"Mousse, chocolate, low fat",1.0,40299,portion,60.0,60.0,,1,2
15010335,26804060,37263514,48834,"Curry, chick pea, whole and tomato, Punjabi, with vegetable oil, homemade",1.0,39153,serving,200.0,200.0,,1,1
15010335,26804078,33801825,50319,"Salad, green",1.0,41495,tub,250.0,250.0,,2,1
15010335,26804117,37263518,50268,"Rice, white, basmati, raw",100.0,,,,,,3,1
15010335,26804188,33801977,49599,"Mousse, chocolate, low fat",1.0,40299,portion,60.0,60.0,,1,2
15010335,26804060,37263514,48834,"Curry, chick pea, whole and tomato, Punjabi, with vegetable oil, homemade",1.0,39153,serving,200.0,200.0,,1,1
15010335,26804078,33801825,50319,"Salad, green",1.0,41495,tub,250.0,250.0,,2,1
15010335,26804117,37263518,50268,"Rice, white, basmati, raw",100.0,,,,,,3,1
15010335,26804188,33801977,49599,"Mousse, chocolate, low fat",1.0,40299,portion,60.0,60.0,,1,2
15013637,26807623,33806730,48309,"Bread, wholemeal, average",2.0,37960,medium slice,36.0,72.0,,1,
15013637,26807628,33806737,49008,"Fat spread, reduced fat (41-62%), not polyunsaturated, with olive oil",2.0,39453,medium spread,7.0,14.0,,2,
15013637,26807632,33806741,49216,Honey,2.0,39759,heaped teaspoon,17.0,34.0,,3,
15013637,26807634,33806747,50786,"Yogurt, Greek style, plain",1.0,42229,average pot,125.0,125.0,,4,
15013637,26807732,33806893,50221,"Raspberries, raw",1.0,41361,portion,60.0,60.0,,5,
15013637,26807739,33806900,47997,"Bananas, flesh only",5.0,37369,slice,5.0,25.0,,6,
15013638,26807767,33806945,49868,"Pepper, capsicum, red, raw",1.0,40662,medium unit,160.0,160.0,,1,
15013638,26807809,33806992,49151,"Guacamole, homemade",3.0,39677,heaped teaspoon,15.0,45.0,,2,
15013639,26807888,33807098,48294,"Bread, pitta, white",1.0,37916,small portion,75.0,75.0,,1,1
15013639,26807892,33807125,49226,Houmous,1.0,39773,portion,60.0,60.0,,2,1
15013639,26807905,33807142,50568,"Sweetcorn, baby, fresh and frozen, boiled in unsalted water",1.0,41900,average portion,85.0,85.0,,3,1
15013639,26807937,33807184,50319,"Salad, green",1.0,41495,tub,250.0,250.0,,4,1
15013639,29344110,37306025,50208,"Quorn, pieces, as purchased",1.0,41351,serving,85.0,85.0,,5,1
15013640,26808041,33807357,7874,"Snacks, rice cakes, brown rice, corn",3.0,15270,unit,9.0,27.0,,1,
15013640,26808107,33807427,49829,"Peanut butter, smooth",1.0,40590,portion pack,25.0,25.0,,2,
15013641,26808286,33807644,50631,"Tofu, soya bean, steamed, fried",180.0,,,,,,1,1
15013641,26808287,33807645,49649,"Noodles, egg, thick, dried, boiled in unsalted water",1.0,40381,serving,280.0,280.0,,2,1
15013641,26808290,33807648,48802,"Curly kale, boiled in unsalted water",1.0,39098,serving,90.0,90.0,,3,1
15013641,26808297,33807657,50724,"Vegetables, mixed, stir-fry type, frozen, fried in rapeseed oil",1.0,42121,portion,340.0,340.0,,4,1
15013641,26808559,33807962,48928,"Dates, raw, flesh and skin",5.0,39344,unit,25.0,125.0,,1,2
15009555,26802432,33799547,49749,"Pancakes, sweet, made with semi skimmed milk, homemade",1.0,40505,medium portion,110.0,110.0,,1,
15009555,26802482,33799625,48253,"Blackberry and apple, stewed without sugar",100.0,,,,,,2,
15009555,26802491,33799639,49715,"Orange juice, freshly squeezed",1.5,40477,unit,50.0,75.0,,3,
15009555,29343389,37305094,50789,"Yogurt, low fat, plain",1.0,42239,large pot,150.0,150.0,,4,
15009556,26802495,33799643,48286,"Bread, brown, average",1.0,37903,medium slice,36.0,36.0,,1,
15009556,26802519,33799670,50782,Yeast extract,1.0,42223,thick scraping,4.0,4.0,,2,
15009556,26802619,33799770,48474,"Celery, raw",3.0,38321,stick,30.0,90.0,,3,
15009557,26802695,33799850,50481,"Soup, lentil, canned",1.0,41746,large can,405.0,405.0,,1,0
15009557,26802770,33799929,50360,"Sandwich, white bread, ham salad",1.0,41556,portion,180.0,180.0,,1,1
15009557,26802846,33800041,47995,"Banana bread, homemade",1.0,37365,slice,85.0,85.0,,1,2
15009558,26803003,33800201,48498,"Cheese, Cheddar, English",1.0,38376,matchbox sized piece,30.0,30.0,,1,
15009558,26803054,33800269,48771,Cream crackers,2.0,39045,unit,7.0,14.0,,2,
15009558,29343450,37305160,48476,"Cereal bars, with fruit and/or nuts, with chocolate, unfortified",1.0,38323,unit,30.0,30.0,,3,
15009559,26803088,33800358,48085,"Beef, fillet steak, fried in corn oil, lean",1.0,37480,medium portion,144.0,144.0,,1,1
15009559,26803121,33800410,50132,"Potato wedges, retail, cooked",120.0,,,,,,2,1
15009559,26803122,33800411,48347,"Broccoli, green, boiled in unsalted water",1.0,38068,medium portion,85.0,85.0,,3,1
15009559,26803155,33800454,49853,"Peas, mange-tout, boiled in unsalted water",1.0,40634,medium portion,70.0,70.0,,4,1
15009559,26803228,33800527,49631,"Mushrooms, white, stewed in unsalted water",1.0,40348,average serving,56.0,56.0,,5,1
15009559,26803276,33800576,48787,"Creme fraiche, half fat",100.0,,,,,,6,1
15009559,26803319,33800627,50530,"Stock cubes, beef",1.0,41847,Knorr unit,9.0,9.0,,7,1
15009559,26803324,33800640,50537,"Strawberries, raw",1.0,41860,average portion,100.0,100.0,,1,2
15009559,29343724,37305461,50184,"Pudding, rice, homemade, with semi-skimmed milk",1.0,41305,portion,200.0,200.0,,2,2
15012985,26806418,33805020,48328,"Breakfast cereal, multigrain hoops, fortified",1.0,38014,medium portion,30.0,30.0,,1,
15012985,26806421,33805024,49561,"Milk, semi-skimmed, pasteurised, average",1.0,40165,average portion with cereals,100.0,100.0,,2,
15012985,26806684,33805354,48262,Blueberries,50.0,37865,unit,2.0,100.0,,3,
15012985,26806418,33805020,48328,"Breakfast cereal, multigrain hoops, fortified",1.0,38014,medium portion,30.0,30.0,,1,
15012985,26806421,37261240,49569,"Milk, skimmed, pasteurised, winter",1.0,40217,average portion with cereals,100.0,100.0,,2,
15012985,26806684,33805354,48262,Blueberries,50.0,37865,unit,2.0,100.0,,3,
15012986,26806621,33805279,47929,"Apples, eating, raw, flesh and skin",1.0,37264,small unit,67.0,67.0,,1,
15012986,29311734,37262453,50786,"Yogurt, Greek style, plain",1.0,42229,average pot,125.0,125.0,,2,
15012986,29311737,37262456,49216,Honey,1.0,39759,heaped teaspoon,17.0,17.0,,3,
15012986,29311771,37262495,49829,"Peanut butter, smooth",1.0,40590,portion pack,25.0,25.0,,4,
15012987,26806634,33805292,47988,"Bagels, plain",1.0,37332,portion,70.0,70.0,,1,1
15012987,26806740,33805464,48490,"Cheese spread, plain, reduced fat",1.0,38346,portion,30.0,30.0,,2,1
15012987,26806746,33805470,50319,"Salad, green",1.0,41495,tub,250.0,250.0,,3,1
15012987,29310762,37261368,50339,"Salmon, pink, canned in brine, drained",1.0,41529,portion,100.0,100.0,,4,1
15012987,26806634,33805292,47988,"Bagels, plain",1.0,37332,portion,70.0,70.0,,1,1
15012987,26806740,33805464,48490,"Cheese spread, plain, reduced fat",1.0,38346,portion,30.0,30.0,,2,1
15012987,26806746,33805470,50319,"Salad, green",1.0,41495,tub,250.0,250.0,,3,1
15012987,29310762,37261368,50339,"Salmon, pink, canned in brine, drained",1.0,41529,portion,100.0,100.0,,4,1
15012987,26806634,37262460,48309,"Bread, wholemeal, average",2.0,37960,medium slice,36.0,72.0,,1,1
15012987,26806740,33805464,48490,"Cheese spread, plain, reduced fat",1.0,38346,portion,30.0,30.0,,2,1
15012987,26806746,33805470,50319,"Salad, green",1.0,41495,tub,250.0,250.0,,3,1
15012987,29310762,37261389,50672,"Tuna, canned in brine, drained",1.0,42041,sandiwch portion,45.0,45.0,,4,1
15012987,26806634,37262460,48309,"Bread, wholemeal, average",2.0,37960,medium slice,36.0,72.0,,1,1
15012987,26806740,33805464,48490,"Cheese spread, plain, reduced fat",1.0,38346,portion,30.0,30.0,,2,1
15012987,26806746,33805470,50319,"Salad, green",1.0,41495,tub,250.0,250.0,,3,1
15012987,29310762,37261389,50672,"Tuna, canned in brine, drained",1.0,42041,sandiwch portion,45.0,45.0,,4,1
15012988,26806762,33805487,49714,"Orange juice, chilled",1.0,40471,average glass,160.0,160.0,,1,
15012988,26807205,33806181,48475,"Cereal bars, with fruit and/or nuts, no chocolate, unfortified",1.0,38322,unit,30.0,30.0,,2,
15012989,26806909,33805634,48693,"Cod, flesh only, raw",1.0,38837,large fillet,175.0,175.0,,1,1
15012989,26806910,33805635,50561,"Sweet potato, baked",1.0,41891,medium unit,65.0,65.0,,2,1
15012989,26806934,33805679,48758,"Courgette, raw",1.0,39007,medium unit,100.0,100.0,,3,1
15012989,26806937,33805682,48433,"Carrots, old, boiled in unsalted water",1.0,38223,medium portion,60.0,60.0,,4,1
15012989,26807080,33805928,49135,"Grapes, average",1.0,39661,small bunch,100.0,100.0,,1,2
15012989,29311779,37262505,49600,"Mousse, fruit",1.0,40300,portion,60.0,60.0,,2,2
15012989,26806909,33805634,48693,"Cod, flesh only, raw",1.0,38837,large fillet,175.0,175.0,,1,1
15012989,26806910,33805635,50561,"Sweet potato, baked",1.0,41891,medium unit,65.0,65.0,,2,1
15012989,26806934,33805679,48758,"Courgette, raw",1.0,39007,medium unit,100.0,100.0,,3,1
15012989,26806937,33805682,48433,"Carrots, old, boiled in unsalted water",1.0,38223,medium portion,60.0,60.0,,4,1
15012989,26807080,33805928,49135,"Grapes, average",1.0,39661,small bunch,100.0,100.0,,1,2
15012989,29311779,37262505,49600,"Mousse, fruit",1.0,40300,portion,60.0,60.0,,2,2
15012989,26806909,37261547,48571,"Chicken, breast, grilled without skin, meat only",1.0,38549,large portion,150.0,150.0,,1,1
15012989,26806910,37261551,50561,"Sweet potato, baked",1.0,41891,medium unit,65.0,65.0,,2,1
15012989,26806934,33805679,48758,"Courgette, raw",1.0,39007,medium unit,100.0,100.0,,3,1
15012989,26806937,33805682,48433,"Carrots, old, boiled in unsalted water",1.0,38223,medium portion,60.0,60.0,,4,1
15012989,26807080,33805928,49135,"Grapes, average",1.0,39661,small bunch,100.0,100.0,,1,2
15012989,29311779,37262505,49600,"Mousse, fruit",1.0,40300,portion,60.0,60.0,,2,2
15012989,26806909,37261547,48571,"Chicken, breast, grilled without skin, meat only",1.0,38549,large portion,150.0,150.0,,1,1
15012989,26806910,37261551,50561,"Sweet potato, baked",1.0,41891,medium unit,65.0,65.0,,2,1
15012989,26806934,33805679,48758,"Courgette, raw",1.0,39007,medium unit,100.0,100.0,,3,1
15012989,26806937,33805682,48433,"Carrots, old, boiled in unsalted water",1.0,38223,medium portion,60.0,60.0,,4,1
15012989,26807080,33805928,49135,"Grapes, average",1.0,39661,small bunch,100.0,100.0,,1,2
15012989,29311779,37262505,49600,"Mousse, fruit",1.0,40300,portion,60.0,60.0,,2,2
15015325,26811377,33812220,48988,"Eggs, chicken, whole, poached",2.0,39404,(size 2) unit,61.0,122.0,,1,
15015325,26811379,33812223,47988,"Bagels, plain",1.0,37332,portion,70.0,70.0,,2,
15015325,26811382,33812226,49008,"Fat spread, reduced fat (41-62%), not polyunsaturated, with olive oil",1.0,39453,medium spread,7.0,7.0,,3,
15015325,26811430,33812304,50502,"Spinach, frozen, boiled in unsalted water",125.0,,,,,,4,
15015325,26811431,33812306,49715,"Orange juice, freshly squeezed",1.5,40477,unit,50.0,75.0,,5,
15015326,26811560,33812450,47997,"Bananas, flesh only",1.0,37368,large unit,120.0,120.0,,1,
15015327,26811438,33812315,50654,"Tortilla, wheat, soft",1.0,42027,unit,40.0,40.0,,1,1
15015327,26811455,33812343,50390,"Sauce, tomato based, homemade",50.0,,,,,,2,1
15015327,26811717,33812653,48498,"Cheese, Cheddar, English",1.5,38375,grated tablespoon,10.0,15.0,,3,1
15015327,26811740,33812697,48054,"Beans, red kidney, canned in water, re-heated, drained",2.0,37423,heaped tablespoon,35.0,70.0,,4,1
15015327,26811742,33812701,48028,"Beans, broad, whole, raw",100.0,,,,,,5,1
15015327,26811793,33812765,48030,"Beans, butter, dried, boiled in unsalted water",1.0,37398,tablespoon,60.0,60.0,,6,1
15015327,26811865,33812860,48024,"Beans, blackeye, whole, dried, boiled in unsalted water",1.0,37390,tablespoon,30.0,30.0,,7,1
15015327,26811870,33812865,50319,"Salad, green",1.0,41495,tub,250.0,250.0,,8,1
15015327,26811876,33812872,47929,"Apples, eating, raw, flesh and skin",1.0,37265,medium eating,100.0,100.0,,1,2
15015328,26811907,33812929,50798,"Yogurt, whole milk, twin pot, thick and creamy with fruit",1.0,42261,average pot,125.0,125.0,,1,
15015329,26812048,33813093,50720,"Vegetable stir fry mix, fried in rapeseed oil",0.5,42116,portion,340.0,170.0,,1,1
15015329,26812051,33813096,50631,"Tofu, soya bean, steamed, fried",100.0,,,,,,2,1
15015329,26812054,33813100,50255,"Rice, brown, wholegrain, raw",100.0,,,,,,3,1
15015329,26812087,33813231,49135,"Grapes, average",1.0,39661,small bunch,100.0,100.0,,1,2
15015329,26812365,33813553,49561,"Milk, semi-skimmed, pasteurised, average",1.0,40164,average glass,200.0,200.0,,2,2
15014125,26808919,33808425,48337,"Breakfast cereal, shredded wheat type, unfortified",2.0,38042,piece,22.0,44.0,,1,
15014125,26808933,33808441,49561,"Milk, semi-skimmed, pasteurised, average",1.0,40165,average portion with cereals,100.0,100.0,,2,
15014125,26808935,33808444,50216,Raisins,1.0,41358,tablespoon,30.0,30.0,,3,
15014125,26808983,33808508,49131,"Grapefruit juice, unsweetened",1.0,39644,average glass,160.0,160.0,,4,
15014126,26809142,33808673,50793,"Yogurt, virtually fat free/diet, plain",1.0,42248,average pot,125.0,125.0,,1,
15014127,26809441,33809035,50328,"Salad, wholemeal pasta, with vegetables and mayonnaise",1.0,41513,tub,250.0,250.0,,1,1
15014127,26809443,33809037,48054,"Beans, red kidney, canned in water, re-heated, drained",2.0,37423,heaped tablespoon,35.0,70.0,,2,1
15014127,26809445,33809040,49718,"Oranges, flesh only",1.0,40479,small unit,120.0,120.0,,3,1
15014128,26809788,33809498,47931,"Apricots, dried",2.0,37270,unit,8.0,16.0,,1,
15014128,26810379,33810357,48981,"Eggs, chicken, white, boiled",67.0,,,,,,2,
15014128,29343258,37304636,4560,"Edamame, frozen, prepared",1.0,8943,cup,155.0,155.0,,3,
15014129,26809936,33809707,50132,"Potato wedges, retail, cooked",150.0,,,,,,1,1
15014129,26809948,33809722,48758,"Courgette, raw",1.0,39007,medium unit,100.0,100.0,,2,1
15014129,26809976,33809775,49703,"Onions, baked",1.0,40452,average serving,40.0,40.0,,3,1
15014129,26810001,33809820,49868,"Pepper, capsicum, red, raw",0.5,40662,medium unit,160.0,80.0,,4,1
15014129,26810069,33809897,81238,"Rolls for hamburger/hotdog (buns), prepacked",100.0,,,,,,5,1
15014129,26810080,33809919,49226,Houmous,1.0,39773,portion,60.0,60.0,,6,1
15014129,26810406,33810415,48020,"Beanburger, soya, fried in rapeseed oil",2.0,37387,portion,56.0,112.0,,7,1
15014129,26810346,33810304,50184,"Pudding, rice, homemade, with semi-skimmed milk",1.0,41305,portion,200.0,200.0,,1,2
15014129,26810350,33810308,48669,"Cinnamon, ground",1.0,38790,teaspoon,3.0,3.0,,2,2
15015046,26810570,33810813,49601,"Muesli, Swiss style, no added sugar or salt, unfortified",1.0,40302,medium portion,50.0,50.0,,1,
15015046,26810573,33810824,50789,"Yogurt, low fat, plain",1.0,42238,average pot,125.0,125.0,,2,
15015046,26810591,33810849,47997,"Bananas, flesh only",1.0,37366,small unit,80.0,80.0,,3,
15015046,26810595,33810861,47918,"Apple juice, clear, ambient and chilled",1.0,37249,average glass,160.0,160.0,,4,
15015047,26810651,33810964,49135,"Grapes, average",1.0,39661,small bunch,100.0,100.0,,1,
15015048,26810751,33811099,49696,"Omelette, cheese, homemade",1.0,40445,portion,120.0,120.0,,1,1
15015048,26810775,33811125,48757,"Courgette, fried in rapeseed oil",1.0,39004,small portion,60.0,60.0,,2,1
15015048,26810780,33811133,50500,"Spinach, baby, raw",50.0,,,,,,3,1
15015048,26810783,33811138,49630,"Mushrooms, white, raw",1.0,40346,medium serving,10.0,10.0,,4,1
15015048,26810874,33811262,50319,"Salad, green",100.0,,,,,,5,1
15015049,26810984,33811496,49837,"Pears, average, raw, flesh only",1.0,40607,medium comice unit,150.0,150.0,,1,
15015049,29312153,37262888,49831,"Peanuts, dry roasted",1.0,40594,medium bag,50.0,50.0,,2,
15015050,26811013,33811554,48448,"Casserole, bean and root vegetable, homemade",1.0,38271,large portion,360.0,360.0,,1,1
15015050,26811057,33811603,50255,"Rice, brown, wholegrain, raw",100.0,,,,,,2,1
15015050,26811071,33811621,50502,"Spinach, frozen, boiled in unsalted water",100.0,,,,,,3,1
15015050,29312203,37262939,49444,"Lentils, green and brown, whole, dried, boiled in unsalted water",4.0,40018,tablespoon,40.0,160.0,,4,1
15015050,29312209,37262945,50786,"Yogurt, Greek style, plain",1.0,42229,average pot,125.0,125.0,,1,2
15015050,29312215,37262952,50240,"Rhubarb, stems only, stewed with sugar",50.0,,,,,,2,2
15021858,26824179,33829982,3449,"Cereals, oats, regular and quick, unenriched, cooked with water (includes boiling and microwaving), without salt",1.0,7049,cup,234.0,234.0,,1,
15021858,26824182,33829986,3767,"Bananas, raw",1.0,7431,"medium unit (7"" to 7-7/8"" long)",118.0,118.0,,2,
15021858,26824234,33830051,5228,"Nuts, almonds, dry roasted, without salt added",30.0,,,,,,3,
15021858,26824482,33830421,5846,"Beverages, coffee, brewed, prepared with tap water",1.0,11367,cup (8 fl oz),237.0,237.0,,4,
15021859,26824288,33830191,28262,"Fruit smoothie (banana, peach, mango, low fat yoghurt)",150.0,,,,,,1,
15021861,26824521,33830474,5846,"Beverages, coffee, brewed, prepared with tap water",1.0,11367,cup (8 fl oz),237.0,237.0,,1,
15021861,26824530,33830483,9592,"Cookies, brownies, commercially prepared, reduced fat, with added fiber",1.0,17744,brownie,36.0,36.0,,2,
16215645,29659875,37735751,50636,"Tomatoes, canned, whole contents",1.0,41993,large can,400.0,400.0,,1,
16215645,29659962,37735843,50500,"Spinach, baby, raw",100.0,,,,,,2,
16215645,29659965,37735846,48029,"Beans, butter, canned, re-heated, drained",1.0,37396,tablespoon,60.0,60.0,,3,
16215645,29659966,37735847,48054,"Beans, red kidney, canned in water, re-heated, drained",1.0,37423,heaped tablespoon,35.0,35.0,,4,
16215645,29659968,37735849,48024,"Beans, blackeye, whole, dried, boiled in unsalted water",35.0,,,,,,5,
16215645,29660007,37735932,48032,"Beans, chick peas, canned, re-heated, drained",1.0,37400,heaped tablespoon,35.0,35.0,,6,
16215645,29660008,37735936,48027,"Beans, broad, whole, boiled in unsalted water",1.0,37394,tablespoon,60.0,60.0,,7,
16215645,29660146,37736074,48988,"Eggs, chicken, whole, poached",2.0,39403,(size 1) unit,67.0,134.0,,8,
16215645,29660418,37736350,49714,"Orange juice, chilled",1.0,40471,average glass,160.0,160.0,,9,
16215646,29663189,37739405,47930,"Apples, eating, raw, flesh and skin, weighed with core",1.0,37269,large eating,170.0,170.0,,1,
16215647,29660420,37736360,48760,"Couscous, plain, cooked",1.0,39014,average portion,150.0,150.0,,1,1
16215647,29660715,37736684,50690,"Turkey, meat, average, roasted",1.0,42066,large portion,140.0,140.0,,2,1
16215647,29660860,37736834,48032,"Beans, chick peas, canned, re-heated, drained",1.0,37401,portion,90.0,90.0,,3,1
16215647,29661058,37737035,48757,"Courgette, fried in rapeseed oil",1.0,39002,medium unit,100.0,100.0,,4,1
16215647,29661059,37737036,49422,"Lemon juice, fresh",1.0,40000,measure,10.0,10.0,,5,1
16215647,29660420,37736360,48760,"Couscous, plain, cooked",1.0,39014,average portion,150.0,150.0,,1,1
16215647,29660715,37736739,48571,"Chicken, breast, grilled without skin, meat only",1.0,38548,medium portion,130.0,130.0,,2,1
16215647,29660860,37736834,48032,"Beans, chick peas, canned, re-heated, drained",1.0,37401,portion,90.0,90.0,,3,1
16215647,29661058,37737035,48757,"Courgette, fried in rapeseed oil",1.0,39002,medium unit,100.0,100.0,,4,1
16215647,29661059,37737036,49422,"Lemon juice, fresh",1.0,40000,measure,10.0,10.0,,5,1
16215648,29661190,37737217,49563,"Milk, semi-skimmed, pasteurised, winter and spring",1.0,40178,average glass,200.0,200.0,,1,
16215648,29661193,37737222,48223,"Biscuits, digestive, plain",2.0,37827,unit,15.0,30.0,,2,
16215648,29661190,37737221,49569,"Milk, skimmed, pasteurised, winter",1.0,40216,average glass,200.0,200.0,,1,
16215648,29661193,37737222,48223,"Biscuits, digestive, plain",2.0,37827,unit,15.0,30.0,,2,
16215649,29661099,37739402,49783,"Pasta, plain, fresh, boiled",250.0,,,,,,1,1
16215649,29661101,37737088,50672,"Tuna, canned in brine, drained",1.0,42040,small can,100.0,100.0,,2,1
16215649,29661103,37737090,49517,"Mayonnaise, standard, retail",1.0,40105,heaped tablespoon,33.0,33.0,,3,1
16215649,29661104,37737091,50567,"Sweetcorn kernels, canned in water, drained",1.0,41898,average portion,85.0,85.0,,4,1
16215649,29661119,37737143,47998,"Bananas, raw, flesh only, weighed with skin",1.0,37372,large unit,120.0,120.0,,1,2
16215649,29663007,37739221,50786,"Yogurt, Greek style, plain",1.0,42229,average pot,125.0,125.0,,2,2
16215649,29661099,37739403,49791,"Pasta, wholewheat, spaghetti, dried, boiled in unsalted water",250.0,,,,,,1,1
16215649,29661101,37737088,50672,"Tuna, canned in brine, drained",1.0,42040,small can,100.0,100.0,,2,1
16215649,29661103,37737090,49517,"Mayonnaise, standard, retail",1.0,40105,heaped tablespoon,33.0,33.0,,3,1
16215649,29661104,37737091,50567,"Sweetcorn kernels, canned in water, drained",1.0,41898,average portion,85.0,85.0,,4,1
16215649,29661119,37737143,47998,"Bananas, raw, flesh only, weighed with skin",1.0,37372,large unit,120.0,120.0,,1,2
16215649,29663007,37739221,50786,"Yogurt, Greek style, plain",1.0,42229,average pot,125.0,125.0,,2,2
13981392,29933805,38069471,50733,"Waffles, homemade",1.0,42127,individual portion,65.0,65.0,,1,
13981392,29933809,38069475,48669,"Cinnamon, ground",1.0,38790,teaspoon,3.0,3.0,,2,
13981392,29933811,38069477,48252,"Blackberry and apple, stewed with sugar",0.5,37859,average portion,250.0,125.0,,3,
13981393,29933803,38069469,49077,"Fromage frais, virtually fat free, fruit",1.0,39589,large pot,100.0,100.0,,1,
13981393,29933804,38069470,49827,"Peaches, raw, flesh and skin",1.0,40588,medium piece,110.0,110.0,,2,
13981394,29933818,38069484,50490,"Soup, pea and ham, homemade",1.0,41784,medium portion,220.0,220.0,,1,0
13981394,29933819,38069485,48281,"Bread rolls, white, soft",2.0,37895,unit,45.0,90.0,,1,1
13981394,29933818,38069484,50490,"Soup, pea and ham, homemade",1.0,41784,medium portion,220.0,220.0,,1,0
13981394,29933819,38069487,48279,"Bread rolls, malted wheat",2.0,37892,unit,56.0,112.0,,1,1
13981395,29933869,38069552,48435,"Carrots, old, raw",1.0,38236,small portion,40.0,40.0,,1,
13981395,29933871,38069554,49870,"Pepper, capsicum, yellow, raw",1.0,40666,medium unit,160.0,160.0,,2,
13981395,29933873,38069556,48936,"Dips, sour-cream based, reduced fat",1.0,39355,heaped tablespoon,33.0,33.0,,3,
13981396,29933792,38069441,48839,"Curry, chicken tikka masala, retail, reheated",1.0,39167,medium portion,260.0,260.0,,1,1
13981396,29933794,38069458,50276,"Rice, wild, boiled in unsalted water",1.0,41426,medium portion,180.0,180.0,,2,1
13981396,29933797,38069463,48293,"Bread, naan, retail",1.0,37914,unit,155.0,155.0,,3,1
13981396,29933792,38069441,48839,"Curry, chicken tikka masala, retail, reheated",1.0,39167,medium portion,260.0,260.0,,1,1
13981396,29933794,38069460,50250,"Rice, brown, basmati, boiled in unsalted water",1.0,41383,medium portion,180.0,180.0,,2,1
13981396,29933797,38069463,48293,"Bread, naan, retail",1.0,37914,unit,155.0,155.0,,3,1
13981396,29933792,38069441,48839,"Curry, chicken tikka masala, retail, reheated",1.0,39167,medium portion,260.0,260.0,,1,1
13981396,29933794,38069462,50272,"Rice, white, long grain, easy cook, boiled in unsalted water",1.0,41422,medium portion,180.0,180.0,,2,1
13981396,29933797,38069463,48293,"Bread, naan, retail",1.0,37914,unit,155.0,155.0,,3,1
16188536,29891914,38019717,50093,"Porridge oats, unfortified, cooked, made up with semi-skimmed milk",1.0,41091,medium portion,160.0,160.0,,1,
16188536,29891947,38019763,50581,"Syrup, golden",10.0,,,,,,2,
16188536,29891948,38019764,48669,"Cinnamon, ground",1.0,38790,teaspoon,3.0,3.0,,3,
16188536,29891963,38019781,47930,"Apples, eating, raw, flesh and skin, weighed with core",1.0,37268,medium eating,112.0,112.0,,4,
16188538,29892068,38019923,50203,"Quiche, mushroom, wholemeal, homemade",1.0,41342,medium slice,140.0,140.0,,1,1
16188538,29892069,38019925,50319,"Salad, green",1.0,41495,tub,250.0,250.0,,2,1
16188538,29892070,38019926,48800,"Cucumber, raw, flesh and skin",1.0,39095,1'' piece,60.0,60.0,,3,1
16188538,29892119,38019979,50637,"Tomatoes, cherry, raw",1.0,41994,unit,15.0,15.0,,4,1
16188538,29892163,38020028,50786,"Yogurt, Greek style, plain",1.0,42229,average pot,125.0,125.0,,1,2
16188538,29892165,38020030,49093,"Fruit salad, homemade",1.0,39616,portion,140.0,140.0,,2,2
16188540,29892405,38020299,50206,"Quinoa, raw",150.0,,,,,,1,1
16188540,29892563,38020800,50158,"Prawns, king, grilled from raw",12.0,41268,unit,8.0,96.0,,2,1
16188540,29892564,38020804,47958,"Avocado, average, flesh only",0.5,37285,small pear,100.0,50.0,,3,1
16188540,29892567,38020807,50738,"Watercress, raw",1.0,42132,quarter of a bunch,20.0,20.0,,4,1
16188540,29892944,38021275,49451,"Lime juice, fresh",1.0,40025,portion,10.0,10.0,,5,1
16188540,29892945,38021277,48758,"Courgette, raw",1.0,39009,small portion,60.0,60.0,,6,1
16188540,29892953,38021339,49599,"Mousse, chocolate, low fat",1.0,40299,portion,60.0,60.0,,1,2
14333737,25592651,32284771,49561,"Milk, semi-skimmed, pasteurised, average",1.0,40165,average portion with cereals,100.0,100.0,,1,
14333737,25592743,32284876,48323,"Breakfast cereal, fruit and fibre type, fortified",1.0,37997,medium portion,30.0,30.0,,2,
14333737,25592819,32284982,49715,"Orange juice, freshly squeezed",1.0,40477,unit,50.0,50.0,,3,
14333737,25592651,32284771,49561,"Milk, semi-skimmed, pasteurised, average",1.0,40165,average portion with cereals,100.0,100.0,,1,
14333737,25592743,32284876,48323,"Breakfast cereal, fruit and fibre type, fortified",1.0,37997,medium portion,30.0,30.0,,2,
14333737,25592819,32284982,49715,"Orange juice, freshly squeezed",1.0,40477,unit,50.0,50.0,,3,
14333737,25592651,36940681,49569,"Milk, skimmed, pasteurised, winter",1.0,40217,average portion with cereals,100.0,100.0,,1,
14333737,25592743,36940672,48315,"Breakfast cereal, bran flakes, fortified",1.0,37968,small portion,30.0,30.0,,2,
14333737,25592819,32284982,49715,"Orange juice, freshly squeezed",1.0,40477,unit,50.0,50.0,,3,
14333737,25592651,36940681,49569,"Milk, skimmed, pasteurised, winter",1.0,40217,average portion with cereals,100.0,100.0,,1,
14333737,25592743,36940672,48315,"Breakfast cereal, bran flakes, fortified",1.0,37968,small portion,30.0,30.0,,2,
14333737,25592819,32284982,49715,"Orange juice, freshly squeezed",1.0,40477,unit,50.0,50.0,,3,
14333738,25592748,32284889,47910,"Almonds, toasted",1.0,37242,portion,13.0,13.0,,1,
14333738,25592750,32284896,47930,"Apples, eating, raw, flesh and skin, weighed with core",1.0,37267,small eating,75.0,75.0,,2,
14333739,25885800,32660814,47991,"Baked beans, canned in tomato sauce, reduced sugar, reduced salt",1.0,37346,medium portion,135.0,135.0,,1,1
14333739,25885855,32660930,50140,"Potatoes, old, baked, flesh and skin",1.0,41227,medium unit,180.0,180.0,,2,1
14333739,25885825,32660885,47931,"Apricots, dried",16.0,,,,,,1,7
14333739,25885800,32660814,47991,"Baked beans, canned in tomato sauce, reduced sugar, reduced salt",1.0,37346,medium portion,135.0,135.0,,1,1
14333739,25885855,36940706,48309,"Bread, wholemeal, average",2.0,37960,medium slice,36.0,72.0,,2,1
14333739,25885825,32660885,47931,"Apricots, dried",16.0,,,,,,1,7
14333740,25592790,32284947,48500,"Cheese, cottage, plain, reduced fat",1.0,38383,small pot,112.0,112.0,,1,
14333740,25592816,32284977,48771,Cream crackers,2.0,39045,unit,7.0,14.0,,2,
14333741,25592959,32285166,49783,"Pasta, plain, fresh, boiled",1.0,40545,small portion,150.0,150.0,,1,1
14333741,25592962,32661293,48265,"Bolognese sauce (with meat), made with extra lean minced beef, homemade",1.0,37867,portion,240.0,240.0,,2,1
14333741,25592972,32285189,50319,"Salad, green",150.0,,,,,,3,1
14333741,25592975,32285196,50326,"Salad, tomato and onion",100.0,,,,,,4,1
14333741,25886330,32661574,50504,"Spinach, mature, raw",100.0,,,,,,5,1
14333741,25593002,32285227,50786,"Yogurt, Greek style, plain",1.0,42229,average pot,125.0,125.0,,1,7
14333741,25593016,32285245,50221,"Raspberries, raw",10.0,41360,unit,4.0,40.0,,2,7
14333741,25592959,32285166,49783,"Pasta, plain, fresh, boiled",1.0,40545,small portion,150.0,150.0,,1,1
14333741,25592962,32661293,48265,"Bolognese sauce (with meat), made with extra lean minced beef, homemade",1.0,37867,portion,240.0,240.0,,2,1
14333741,25592972,32285189,50319,"Salad, green",150.0,,,,,,3,1
14333741,25592975,32285196,50326,"Salad, tomato and onion",100.0,,,,,,4,1
14333741,25886330,32661574,50504,"Spinach, mature, raw",100.0,,,,,,5,1
14333741,25593002,32285227,50786,"Yogurt, Greek style, plain",1.0,42229,average pot,125.0,125.0,,1,7
14333741,25593016,32285245,50221,"Raspberries, raw",10.0,41360,unit,4.0,40.0,,2,7
14333741,25592959,36940743,50268,"Rice, white, basmati, raw",100.0,,,,,,1,1
14333741,25592962,36940740,50691,"Turkey, mince, stewed",1.0,42070,medium portion,140.0,140.0,,2,1
14333741,25592972,32285189,50319,"Salad, green",150.0,,,,,,3,1
14333741,25592975,32285196,50326,"Salad, tomato and onion",100.0,,,,,,4,1
14333741,25886330,32661574,50504,"Spinach, mature, raw",100.0,,,,,,5,1
14333741,25593002,32285227,50786,"Yogurt, Greek style, plain",1.0,42229,average pot,125.0,125.0,,1,7
14333741,25593016,32285245,50221,"Raspberries, raw",10.0,41360,unit,4.0,40.0,,2,7
14333741,25592959,36940743,50268,"Rice, white, basmati, raw",100.0,,,,,,1,1
14333741,25592962,36940740,50691,"Turkey, mince, stewed",1.0,42070,medium portion,140.0,140.0,,2,1
14333741,25592972,32285189,50319,"Salad, green",150.0,,,,,,3,1
14333741,25592975,32285196,50326,"Salad, tomato and onion",100.0,,,,,,4,1
14333741,25886330,32661574,50504,"Spinach, mature, raw",100.0,,,,,,5,1
14333741,25593002,32285227,50786,"Yogurt, Greek style, plain",1.0,42229,average pot,125.0,125.0,,1,7
14333741,25593016,32285245,50221,"Raspberries, raw",10.0,41360,unit,4.0,40.0,,2,7
16189005,29598917,37663689,5760,"Beverages, Protein powder whey based",1.0,11185,cup,32.0,32.0,,1,
16189006,29598934,37663721,922,Sopa juliana,200.0,,,,,,1,0
16189006,29598926,37663710,300,Peito de frango com pele cru,120.0,,,,,100 grams of peito de frango com pele cru,1,1
16189006,29598927,37663712,532,Arroz cozido simples,100.0,,,,,,2,1
16189006,29598928,37663715,651,Alface crua,30.0,,,,,,3,1
16189006,29598929,37663716,657,Beterraba (raiz) crua,30.0,,,,,,4,1
16189006,29598930,37663717,777,Azeite,8.0,,,,,,5,1
16189006,29598931,37663718,700,Tomate cru,50.0,,,,,,6,1
16189006,29598932,37663719,747,Pera,120.0,,,,,,7,1
16189006,29598934,37663721,922,Sopa juliana,200.0,,,,,,1,0
16189006,29598926,37663710,300,Peito de frango com pele cru,120.0,,,,,100 grams of peito de frango com pele cru,1,1
16189006,29598927,37663712,532,Arroz cozido simples,100.0,,,,,,2,1
16189006,29598928,37663715,651,Alface crua,30.0,,,,,,3,1
16189006,29598929,37663716,657,Beterraba (raiz) crua,30.0,,,,,,4,1
16189006,29598930,37663717,777,Azeite,8.0,,,,,,5,1
16189006,29598931,37663718,700,Tomate cru,50.0,,,,,,6,1
16189006,29598932,37663719,747,Pera,120.0,,,,,,7,1
16189006,29598934,37663721,922,Sopa juliana,200.0,,,,,,1,0
16189006,29598926,37663710,300,Peito de frango com pele cru,120.0,,,,,100 grams of peito de frango com pele cru,1,1
16189006,29598927,37663713,550,Esparguete cozido,140.0,,,,,,2,1
16189006,29598928,37663715,651,Alface crua,30.0,,,,,,3,1
16189006,29598929,37663716,657,Beterraba (raiz) crua,30.0,,,,,,4,1
16189006,29598930,37663717,777,Azeite,8.0,,,,,,5,1
16189006,29598931,37663718,700,Tomate cru,50.0,,,,,,6,1
16189006,29598932,37663719,747,Pera,120.0,,,,,,7,1
16189006,29598934,37663721,922,Sopa juliana,200.0,,,,,,1,0
16189006,29598926,37663711,423,Pescada europeia cozida,120.0,,,,,,1,1
16189006,29598927,37663713,550,Esparguete cozido,140.0,,,,,,2,1
16189006,29598928,37663715,651,Alface crua,30.0,,,,,,3,1
16189006,29598929,37663716,657,Beterraba (raiz) crua,30.0,,,,,,4,1
16189006,29598930,37663717,777,Azeite,8.0,,,,,,5,1
16189006,29598931,37663718,700,Tomate cru,50.0,,,,,,6,1
16189006,29598932,37663719,747,Pera,120.0,,,,,,7,1
16189006,29598934,37663721,922,Sopa juliana,200.0,,,,,,1,0
16189006,29598926,37663711,423,Pescada europeia cozida,120.0,,,,,,1,1
16189006,29598927,37663714,638,Batata cozida,150.0,,,,,,2,1
16189006,29598928,37663715,651,Alface crua,30.0,,,,,,3,1
16189006,29598929,37663716,657,Beterraba (raiz) crua,30.0,,,,,,4,1
16189006,29598930,37663717,777,Azeite,8.0,,,,,,5,1
16189006,29598931,37663718,700,Tomate cru,50.0,,,,,,6,1
16189006,29598932,37663719,747,Pera,120.0,,,,,,7,1
16189006,29598934,37663721,922,Sopa juliana,200.0,,,,,,1,0
16189006,29598926,37663711,423,Pescada europeia cozida,120.0,,,,,,1,1
16189006,29598927,37663714,638,Batata cozida,150.0,,,,,,2,1
16189006,29598928,37663715,651,Alface crua,30.0,,,,,,3,1
16189006,29598929,37663716,657,Beterraba (raiz) crua,30.0,,,,,,4,1
16189006,29598930,37663717,777,Azeite,8.0,,,,,,5,1
16189006,29598931,37663718,700,Tomate cru,50.0,,,,,,6,1
16189006,29598932,37663719,747,Pera,120.0,,,,,,7,1
16189007,29598995,37663839,900,Sumo de laranja (100%),100.0,,,,,,1,
16189007,29598996,37663842,1775,"Yogurt, Greek, plain, nonfat",150.0,,,,,,2,
16189007,29598997,37663844,10,Leite de vaca UHT magro,100.0,,,,,,3,
16189007,29599000,37663848,591,Flocos de trigo,30.0,,,,,,4,
16189101,29599001,37663851,728,Kiwi,70.0,,,,,,1,
16189101,29599003,37663853,50,Iogurte natural sólido magro,125.0,,,,,,2,
16189008,29599008,37663858,907,Sopa de abóbora,200.0,,,,,,1,0
16189008,29599007,37663857,660,Brócolos cozidos,90.0,,,,,,1,1
16189008,29599009,37663859,300,Peito de frango com pele cru,120.0,,,,,100 grams of peito de frango com pele cru,2,1
16189008,29599010,37663861,777,Azeite,8.0,,,,,,3,1
16189008,29599011,37663862,665,Cenoura cozida,50.0,,,,,,4,1
16189008,29599012,37663863,731,Maçã com casca,120.0,,,,,,5,1
16189008,29599008,37663858,907,Sopa de abóbora,200.0,,,,,,1,0
16189008,29599007,37663857,660,Brócolos cozidos,90.0,,,,,,1,1
16189008,29599009,37663860,423,Pescada europeia cozida,120.0,,,,,,2,1
16189008,29599010,37663861,777,Azeite,8.0,,,,,,3,1
16189008,29599011,37663862,665,Cenoura cozida,50.0,,,,,,4,1
16189008,29599012,37663863,731,Maçã com casca,120.0,,,,,,5,1
14556642,25821725,32582844,1665,"Yogurt, plain, low fat",1.0,3579,container (4 oz),113.0,113.0,,1,
14556642,25821728,32582854,47997,"Bananas, flesh only",1.0,37366,small unit,80.0,80.0,,2,
14556642,25822298,32583568,7797,Honey,1.0,15124,packet (0.5 oz),14.0,14.0,,3,
14556643,25821776,32582917,5226,"Nuts, almonds",1.0,10149,oz (23 whole kernels),28.35,28.35,,1,
14556643,25821778,32582920,4059,"Apples, raw, gala, with skin",1.0,7995,"cup, sliced",109.0,109.0,,2,
14556644,25821781,32582924,2872,"Soup, vegetable, canned, low sodium, condensed",1.0,6224,cup,126.0,126.0,,1,0
14556644,25821866,32583009,48143,"Beef, sirloin steak, grilled medium-rare, lean and fat",2.0,37644,large portion,210.0,420.0,,1,1
14556644,25821867,32583010,8012,"Rice, brown, long-grain, cooked",1.0,15469,cup,202.0,202.0,,2,1
14556644,25821869,32583015,50500,"Spinach, baby, raw",100.0,,,,,,3,1
14556644,25821871,32583017,3894,"Orange juice, raw",1.0,7672,cup,248.0,248.0,,1,2
14556645,25821878,32583032,47958,"Avocado, average, flesh only",1.0,37285,small pear,100.0,100.0,,1,
14556647,25822237,32583483,7963,"Chocolate, dark, 60-69% cacao solids",1.0,15409,oz,28.35,28.35,,1,
16226122,29685346,37768349,49698,"Omelette, plain, homemade",1.0,40447,portion,120.0,120.0,,1,
16226122,29685348,37768351,48287,"Bread, brown, toasted",1.0,37906,medium slice,31.0,31.0,,2,
16226122,29685399,37768413,48635,Chilli sauce,1.0,38710,teaspoon,5.0,5.0,,3,
16226122,29685904,37768955,50300,"Rocket, raw",1.0,41469,portion,20.0,20.0,,4,
16226122,29685905,37768956,49714,"Orange juice, chilled",1.0,40472,individual cartoon,200.0,200.0,,5,
16226122,29685346,37768349,49698,"Omelette, plain, homemade",1.0,40447,portion,120.0,120.0,,1,
16226122,29685348,37768353,48306,"Bread, white, toasted",1.0,37948,medium slice,27.0,27.0,,2,
16226122,29685399,37768413,48635,Chilli sauce,1.0,38710,teaspoon,5.0,5.0,,3,
16226122,29685904,37768955,50300,"Rocket, raw",1.0,41469,portion,20.0,20.0,,4,
16226122,29685905,37768956,49714,"Orange juice, chilled",1.0,40472,individual cartoon,200.0,200.0,,5,
16226123,29689753,37773405,49969,"Plums, Victoria, flesh and skin, raw",1.0,40878,medium unit,55.0,55.0,,1,
16226123,29689856,37773562,49086,"Fruit juice drink/squash, diluted",1.0,39603,portion,250.0,250.0,,2,
16226123,29689753,37773410,49281,"Kiwi fruit, flesh and seeds",1.0,39850,medium unit,60.0,60.0,,1,
16226123,29689856,37773562,49086,"Fruit juice drink/squash, diluted",1.0,39603,portion,250.0,250.0,,2,
16226124,29688704,37772226,50163,"Prawns, standard, purchased cooked",1.2,41274,half pint,142.0,170.4,,1,1
16226124,29688831,37772359,50633,Tomato ketchup,1.0,41989,portion pack,20.0,20.0,,2,1
16226124,29688843,37772373,49009,"Fat spread, reduced fat (41-62%), polyunsaturated",2.0,39465,medium spread on roll,7.0,14.0,,3,1
16226124,29688854,37772388,48282,"Bread rolls, wholemeal",1.0,37898,6'' bap,112.0,112.0,,4,1
16226124,29688974,37772540,49448,"Lettuce, average, raw",1.0,40021,portion,20.0,20.0,,5,1
16226124,29689348,37772931,50641,"Tomatoes, standard, raw",1.0,42009,medium unit,85.0,85.0,,6,1
16226124,29689455,37773045,49516,"Mayonnaise, reduced fat",1.0,40101,heaped tablespoon,33.0,33.0,,7,1
16226124,29686582,37769658,47998,"Bananas, raw, flesh only, weighed with skin",1.0,37372,large unit,120.0,120.0,,1,2
16226124,29688704,37772226,50163,"Prawns, standard, purchased cooked",1.2,41274,half pint,142.0,170.4,,1,1
16226124,29688831,37772359,50633,Tomato ketchup,1.0,41989,portion pack,20.0,20.0,,2,1
16226124,29688843,37772373,49009,"Fat spread, reduced fat (41-62%), polyunsaturated",2.0,39465,medium spread on roll,7.0,14.0,,3,1
16226124,29688854,37772446,48279,"Bread rolls, malted wheat",1.0,37893,6'' bap,112.0,112.0,,4,1
16226124,29688974,37772540,49448,"Lettuce, average, raw",1.0,40021,portion,20.0,20.0,,5,1
16226124,29689348,37772931,50641,"Tomatoes, standard, raw",1.0,42009,medium unit,85.0,85.0,,6,1
16226124,29689455,37773045,49516,"Mayonnaise, reduced fat",1.0,40101,heaped tablespoon,33.0,33.0,,7,1
16226124,29686582,37769658,47998,"Bananas, raw, flesh only, weighed with skin",1.0,37372,large unit,120.0,120.0,,1,2
16226124,29688704,37772226,50163,"Prawns, standard, purchased cooked",1.2,41274,half pint,142.0,170.4,,1,1
16226124,29688831,37772359,50633,Tomato ketchup,1.0,41989,portion pack,20.0,20.0,,2,1
16226124,29688843,37772373,49009,"Fat spread, reduced fat (41-62%), polyunsaturated",2.0,39465,medium spread on roll,7.0,14.0,,3,1
16226124,29688854,37772523,48302,"Bread, white, French stick",1.0,37938,"6"" slice",120.0,120.0,,4,1
16226124,29688974,37772540,49448,"Lettuce, average, raw",1.0,40021,portion,20.0,20.0,,5,1
16226124,29689348,37772931,50641,"Tomatoes, standard, raw",1.0,42009,medium unit,85.0,85.0,,6,1
16226124,29689455,37773045,49516,"Mayonnaise, reduced fat",1.0,40101,heaped tablespoon,33.0,33.0,,7,1
16226124,29686582,37769658,47998,"Bananas, raw, flesh only, weighed with skin",1.0,37372,large unit,120.0,120.0,,1,2
16226126,29686188,37769243,49783,"Pasta, plain, fresh, boiled",1.0,40546,medium portion,230.0,230.0,,1,1
16226126,29686292,37769349,49883,"Pesto, green",50.0,,,,,,2,1
16226126,29686293,37769351,50504,"Spinach, mature, raw",1.0,41811,serving,90.0,90.0,,3,1
16226126,29686294,37769352,48571,"Chicken, breast, grilled without skin, meat only",1.0,38549,large portion,150.0,150.0,,4,1
16226126,29686298,37769357,48758,"Courgette, raw",1.0,39009,small portion,60.0,60.0,,5,1
16226126,29689470,37773069,50790,"Yogurt, low fat, toffee",1.0,42241,average pot,125.0,125.0,,1,2
16226126,29686188,37769261,49791,"Pasta, wholewheat, spaghetti, dried, boiled in unsalted water",1.0,40563,medium portion,220.0,220.0,,1,1
16226126,29686292,37769349,49883,"Pesto, green",50.0,,,,,,2,1
16226126,29686293,37769351,50504,"Spinach, mature, raw",1.0,41811,serving,90.0,90.0,,3,1
16226126,29686294,37769352,48571,"Chicken, breast, grilled without skin, meat only",1.0,38549,large portion,150.0,150.0,,4,1
16226126,29686298,37769357,48758,"Courgette, raw",1.0,39009,small portion,60.0,60.0,,5,1
16226126,29689470,37773069,50790,"Yogurt, low fat, toffee",1.0,42241,average pot,125.0,125.0,,1,2
16188550,29597641,37661996,300,Peito de frango com pele cru,120.0,,,,,100 grams of peito de frango com pele cru,1,1
16188550,29597642,37661998,532,Arroz cozido simples,150.0,,,,,,2,1
16188550,29597643,37662001,651,Alface crua,30.0,,,,,,3,1
16188550,29597644,37662002,657,Beterraba (raiz) crua,30.0,,,,,,4,1
16188550,29597645,37662003,777,Azeite,8.0,,,,,,5,1
16188550,29597646,37662004,700,Tomate cru,50.0,,,,,,6,1
16188550,29597647,37662005,747,Pera,120.0,,,,,,7,1
16188550,29597641,37661996,300,Peito de frango com pele cru,120.0,,,,,100 grams of peito de frango com pele cru,1,1
16188550,29597642,37661998,532,Arroz cozido simples,150.0,,,,,,2,1
16188550,29597643,37662001,651,Alface crua,30.0,,,,,,3,1
16188550,29597644,37662002,657,Beterraba (raiz) crua,30.0,,,,,,4,1
16188550,29597645,37662003,777,Azeite,8.0,,,,,,5,1
16188550,29597646,37662004,700,Tomate cru,50.0,,,,,,6,1
16188550,29597647,37662005,747,Pera,120.0,,,,,,7,1
16188550,29597641,37661996,300,Peito de frango com pele cru,120.0,,,,,100 grams of peito de frango com pele cru,1,1
16188550,29597642,37661999,550,Esparguete cozido,200.0,,,,,,2,1
16188550,29597643,37662001,651,Alface crua,30.0,,,,,,3,1
16188550,29597644,37662002,657,Beterraba (raiz) crua,30.0,,,,,,4,1
16188550,29597645,37662003,777,Azeite,8.0,,,,,,5,1
16188550,29597646,37662004,700,Tomate cru,50.0,,,,,,6,1
16188550,29597647,37662005,747,Pera,120.0,,,,,,7,1
16188550,29597641,37661997,423,Pescada europeia cozida,120.0,,,,,,1,1
16188550,29597642,37661999,550,Esparguete cozido,200.0,,,,,,2,1
16188550,29597643,37662001,651,Alface crua,30.0,,,,,,3,1
16188550,29597644,37662002,657,Beterraba (raiz) crua,30.0,,,,,,4,1
16188550,29597645,37662003,777,Azeite,8.0,,,,,,5,1
16188550,29597646,37662004,700,Tomate cru,50.0,,,,,,6,1
16188550,29597647,37662005,747,Pera,120.0,,,,,,7,1
16188550,29597641,37661997,423,Pescada europeia cozida,120.0,,,,,,1,1
16188550,29597642,37662000,638,Batata cozida,220.0,,,,,,2,1
16188550,29597643,37662001,651,Alface crua,30.0,,,,,,3,1
16188550,29597644,37662002,657,Beterraba (raiz) crua,30.0,,,,,,4,1
16188550,29597645,37662003,777,Azeite,8.0,,,,,,5,1
16188550,29597646,37662004,700,Tomate cru,50.0,,,,,,6,1
16188550,29597647,37662005,747,Pera,120.0,,,,,,7,1
16188550,29597641,37661997,423,Pescada europeia cozida,120.0,,,,,,1,1
16188550,29597642,37662000,638,Batata cozida,220.0,,,,,,2,1
16188550,29597643,37662001,651,Alface crua,30.0,,,,,,3,1
16188550,29597644,37662002,657,Beterraba (raiz) crua,30.0,,,,,,4,1
16188550,29597645,37662003,777,Azeite,8.0,,,,,,5,1
16188550,29597646,37662004,700,Tomate cru,50.0,,,,,,6,1
16188550,29597647,37662005,747,Pera,120.0,,,,,,7,1
16188552,29597868,37662358,907,Sopa de abóbora,200.0,,,,,,1,0
16188552,29597867,37662357,660,Brócolos cozidos,90.0,,,,,,1,1
16188552,29597869,37662359,300,Peito de frango com pele cru,120.0,,,,,100 grams of peito de frango com pele cru,2,1
16188552,29597870,37662361,777,Azeite,8.0,,,,,,3,1
16188552,29597871,37662362,665,Cenoura cozida,50.0,,,,,,4,1
16188552,29597872,37662363,731,Maçã com casca,120.0,,,,,,5,1
16188552,29597874,37662365,532,Arroz cozido simples,50.0,,,,,,6,1
16188552,29597868,37662358,907,Sopa de abóbora,200.0,,,,,,1,0
16188552,29597867,37662357,660,Brócolos cozidos,90.0,,,,,,1,1
16188552,29597869,37662359,300,Peito de frango com pele cru,120.0,,,,,100 grams of peito de frango com pele cru,2,1
16188552,29597870,37662361,777,Azeite,8.0,,,,,,3,1
16188552,29597871,37662362,665,Cenoura cozida,50.0,,,,,,4,1
16188552,29597872,37662363,731,Maçã com casca,120.0,,,,,,5,1
16188552,29597874,37662365,532,Arroz cozido simples,50.0,,,,,,6,1
16188552,29597868,37662358,907,Sopa de abóbora,200.0,,,,,,1,0
16188552,29597867,37662357,660,Brócolos cozidos,90.0,,,,,,1,1
16188552,29597869,37662359,300,Peito de frango com pele cru,120.0,,,,,100 grams of peito de frango com pele cru,2,1
16188552,29597870,37662361,777,Azeite,8.0,,,,,,3,1
16188552,29597871,37662362,665,Cenoura cozida,50.0,,,,,,4,1
16188552,29597872,37662363,731,Maçã com casca,120.0,,,,,,5,1
16188552,29597874,37662366,550,Esparguete cozido,70.0,,,,,,6,1
16188552,29597868,37662358,907,Sopa de abóbora,200.0,,,,,,1,0
16188552,29597867,37662357,660,Brócolos cozidos,90.0,,,,,,1,1
16188552,29597869,37662360,423,Pescada europeia cozida,120.0,,,,,,2,1
16188552,29597870,37662361,777,Azeite,8.0,,,,,,3,1
16188552,29597871,37662362,665,Cenoura cozida,50.0,,,,,,4,1
16188552,29597872,37662363,731,Maçã com casca,120.0,,,,,,5,1
16188552,29597874,37662366,550,Esparguete cozido,70.0,,,,,,6,1
16188552,29597868,37662358,907,Sopa de abóbora,200.0,,,,,,1,0
16188552,29597867,37662357,660,Brócolos cozidos,90.0,,,,,,1,1
16188552,29597869,37662360,423,Pescada europeia cozida,120.0,,,,,,2,1
16188552,29597870,37662361,777,Azeite,8.0,,,,,,3,1
16188552,29597871,37662362,665,Cenoura cozida,50.0,,,,,,4,1
16188552,29597872,37662363,731,Maçã com casca,120.0,,,,,,5,1
16188552,29597874,37662370,638,Batata cozida,75.0,,,,,,6,1
16188552,29597868,37662358,907,Sopa de abóbora,200.0,,,,,,1,0
16188552,29597867,37662357,660,Brócolos cozidos,90.0,,,,,,1,1
16188552,29597869,37662360,423,Pescada europeia cozida,120.0,,,,,,2,1
16188552,29597870,37662361,777,Azeite,8.0,,,,,,3,1
16188552,29597871,37662362,665,Cenoura cozida,50.0,,,,,,4,1
16188552,29597872,37662363,731,Maçã com casca,120.0,,,,,,5,1
16188552,29597874,37662370,638,Batata cozida,75.0,,,,,,6,1
16188553,29597877,37662371,5760,"Beverages, Protein powder whey based",25.0,,,,,,1,
16188933,29598504,37663117,731,Maçã com casca,120.0,,,,,,1,
16188933,29598555,37663214,762,"Amêndoa, miolo, com pele",20.0,,,,,,2,
16188934,29598556,37663215,300,Peito de frango com pele cru,120.0,,,,,100 grams of peito de frango com pele cru,1,1
16188934,29598557,37663217,532,Arroz cozido simples,100.0,,,,,,2,1
16188934,29598558,37663220,651,Alface crua,30.0,,,,,,3,1
16188934,29598559,37663221,657,Beterraba (raiz) crua,30.0,,,,,,4,1
16188934,29598560,37663222,777,Azeite,8.0,,,,,,5,1
16188934,29598561,37663223,700,Tomate cru,50.0,,,,,,6,1
16188934,29598562,37663224,747,Pera,120.0,,,,,,7,1
16188934,29598556,37663215,300,Peito de frango com pele cru,120.0,,,,,100 grams of peito de frango com pele cru,1,1
16188934,29598557,37663217,532,Arroz cozido simples,100.0,,,,,,2,1
16188934,29598558,37663220,651,Alface crua,30.0,,,,,,3,1
16188934,29598559,37663221,657,Beterraba (raiz) crua,30.0,,,,,,4,1
16188934,29598560,37663222,777,Azeite,8.0,,,,,,5,1
16188934,29598561,37663223,700,Tomate cru,50.0,,,,,,6,1
16188934,29598562,37663224,747,Pera,120.0,,,,,,7,1
16188934,29598556,37663215,300,Peito de frango com pele cru,120.0,,,,,100 grams of peito de frango com pele cru,1,1
16188934,29598557,37663218,550,Esparguete cozido,140.0,,,,,,2,1
16188934,29598558,37663220,651,Alface crua,30.0,,,,,,3,1
16188934,29598559,37663221,657,Beterraba (raiz) crua,30.0,,,,,,4,1
16188934,29598560,37663222,777,Azeite,8.0,,,,,,5,1
16188934,29598561,37663223,700,Tomate cru,50.0,,,,,,6,1
16188934,29598562,37663224,747,Pera,120.0,,,,,,7,1
16188934,29598556,37663216,423,Pescada europeia cozida,120.0,,,,,,1,1
16188934,29598557,37663218,550,Esparguete cozido,140.0,,,,,,2,1
16188934,29598558,37663220,651,Alface crua,30.0,,,,,,3,1
16188934,29598559,37663221,657,Beterraba (raiz) crua,30.0,,,,,,4,1
16188934,29598560,37663222,777,Azeite,8.0,,,,,,5,1
16188934,29598561,37663223,700,Tomate cru,50.0,,,,,,6,1
16188934,29598562,37663224,747,Pera,120.0,,,,,,7,1
16188934,29598556,37663216,423,Pescada europeia cozida,120.0,,,,,,1,1
16188934,29598557,37663219,638,Batata cozida,150.0,,,,,,2,1
16188934,29598558,37663220,651,Alface crua,30.0,,,,,,3,1
16188934,29598559,37663221,657,Beterraba (raiz) crua,30.0,,,,,,4,1
16188934,29598560,37663222,777,Azeite,8.0,,,,,,5,1
16188934,29598561,37663223,700,Tomate cru,50.0,,,,,,6,1
16188934,29598562,37663224,747,Pera,120.0,,,,,,7,1
16188934,29598556,37663216,423,Pescada europeia cozida,120.0,,,,,,1,1
16188934,29598557,37663219,638,Batata cozida,150.0,,,,,,2,1
16188934,29598558,37663220,651,Alface crua,30.0,,,,,,3,1
16188934,29598559,37663221,657,Beterraba (raiz) crua,30.0,,,,,,4,1
16188934,29598560,37663222,777,Azeite,8.0,,,,,,5,1
16188934,29598561,37663223,700,Tomate cru,50.0,,,,,,6,1
16188934,29598562,37663224,747,Pera,120.0,,,,,,7,1
16188936,29598574,37663237,907,Sopa de abóbora,200.0,,,,,,1,0
16188936,29598573,37663236,660,Brócolos cozidos,90.0,,,,,,1,1
16188936,29598575,37663238,300,Peito de frango com pele cru,120.0,,,,,100 grams of peito de frango com pele cru,2,1
16188936,29598576,37663240,777,Azeite,8.0,,,,,,3,1
16188936,29598577,37663241,665,Cenoura cozida,50.0,,,,,,4,1
16188936,29598578,37663242,731,Maçã com casca,120.0,,,,,,5,1
16188936,29598579,37663243,532,Arroz cozido simples,50.0,,,,,,6,1
16188936,29598574,37663237,907,Sopa de abóbora,200.0,,,,,,1,0
16188936,29598573,37663236,660,Brócolos cozidos,90.0,,,,,,1,1
16188936,29598575,37663238,300,Peito de frango com pele cru,120.0,,,,,100 grams of peito de frango com pele cru,2,1
16188936,29598576,37663240,777,Azeite,8.0,,,,,,3,1
16188936,29598577,37663241,665,Cenoura cozida,50.0,,,,,,4,1
16188936,29598578,37663242,731,Maçã com casca,120.0,,,,,,5,1
16188936,29598579,37663243,532,Arroz cozido simples,50.0,,,,,,6,1
16188936,29598574,37663237,907,Sopa de abóbora,200.0,,,,,,1,0
16188936,29598573,37663236,660,Brócolos cozidos,90.0,,,,,,1,1
16188936,29598575,37663238,300,Peito de frango com pele cru,120.0,,,,,100 grams of peito de frango com pele cru,2,1
16188936,29598576,37663240,777,Azeite,8.0,,,,,,3,1
16188936,29598577,37663241,665,Cenoura cozida,50.0,,,,,,4,1
16188936,29598578,37663242,731,Maçã com casca,120.0,,,,,,5,1
16188936,29598579,37663244,550,Esparguete cozido,70.0,,,,,,6,1
16188936,29598574,37663237,907,Sopa de abóbora,200.0,,,,,,1,0
16188936,29598573,37663236,660,Brócolos cozidos,90.0,,,,,,1,1
16188936,29598575,37663239,423,Pescada europeia cozida,120.0,,,,,,2,1
16188936,29598576,37663240,777,Azeite,8.0,,,,,,3,1
16188936,29598577,37663241,665,Cenoura cozida,50.0,,,,,,4,1
16188936,29598578,37663242,731,Maçã com casca,120.0,,,,,,5,1
16188936,29598579,37663244,550,Esparguete cozido,70.0,,,,,,6,1
16188936,29598574,37663237,907,Sopa de abóbora,200.0,,,,,,1,0
16188936,29598573,37663236,660,Brócolos cozidos,90.0,,,,,,1,1
16188936,29598575,37663239,423,Pescada europeia cozida,120.0,,,,,,2,1
16188936,29598576,37663240,777,Azeite,8.0,,,,,,3,1
16188936,29598577,37663241,665,Cenoura cozida,50.0,,,,,,4,1
16188936,29598578,37663242,731,Maçã com casca,120.0,,,,,,5,1
16188936,29598579,37663245,638,Batata cozida,75.0,,,,,,6,1
16188936,29598574,37663237,907,Sopa de abóbora,200.0,,,,,,1,0
16188936,29598573,37663236,660,Brócolos cozidos,90.0,,,,,,1,1
16188936,29598575,37663239,423,Pescada europeia cozida,120.0,,,,,,2,1
16188936,29598576,37663240,777,Azeite,8.0,,,,,,3,1
16188936,29598577,37663241,665,Cenoura cozida,50.0,,,,,,4,1
16188936,29598578,37663242,731,Maçã com casca,120.0,,,,,,5,1
16188936,29598579,37663245,638,Batata cozida,75.0,,,,,,6,1
16188937,29598620,37663304,1775,"Yogurt, Greek, plain, nonfat",150.0,,,,,,1,
14412130,25685266,32403428,81338,Oatmeal flakes,50.0,,,,,,1,
14412130,25685459,32403641,50796,"Yogurt, whole milk, plain",1.0,42257,large pot,150.0,150.0,,2,
14412130,25685466,32403655,47997,"Bananas, flesh only",60.0,,,,,,3,
14412130,25685574,32403785,48262,Blueberries,20.0,,,,,,4,
14412130,25685584,32403809,48669,"Cinnamon, ground",1.0,38790,teaspoon,3.0,3.0,,5,
14412130,25690784,32411199,22919,Honey,10.0,,,,,,6,
14412131,25688878,32408612,22483,"Tomato, cherry, raw",150.0,,,,,,1,
14412131,25688886,32408622,47910,"Almonds, toasted",20.0,,,,,,2,
14412133,25685950,32404414,47997,"Bananas, flesh only",60.0,,,,,,1,
14412133,25686049,32404650,49829,"Peanut butter, smooth",15.0,,,,,,2,
14412134,25688003,32407441,4676,"Potatoes, white, flesh and skin, raw",120.0,,,,,,1,1
14412134,25688043,32407492,50504,"Spinach, mature, raw",200.0,,,,,,2,1
14412134,25688145,32407623,48987,"Eggs, chicken, whole, fried, without fat",1.0,39401,unit,60.0,60.0,,3,1
14412134,25688687,32408307,49712,"Onions, raw",40.0,,,,,,4,1
14412134,25690647,32410987,22238,Sunflower oil,10.0,,,,,,5,1
14498504,25700160,32424147,49698,"Omelette, plain, homemade",100.0,,,,,,1,
14498504,25700167,32424154,48498,"Cheese, Cheddar, English",2.0,38376,matchbox sized piece,30.0,60.0,,2,
14498504,25702596,32427718,48310,"Bread, wholemeal, toasted",2.0,37962,small slice,23.0,46.0,,3,
14498506,25701177,32425612,48433,"Carrots, old, boiled in unsalted water",1.0,38226,medium unit,80.0,80.0,,1,1
14498506,25701726,32426636,50333,"Salmon, farmed, flesh only, baked",150.0,,,,,,2,1
14498506,25701836,32426819,49846,"Peas, boiled in unsalted water",1.0,40619,large portion,100.0,100.0,,3,1
14498506,25702603,32427730,50140,"Potatoes, old, baked, flesh and skin",1.0,41228,large unit,220.0,220.0,,4,1
14498507,25702206,32427292,47929,"Apples, eating, raw, flesh and skin",1.0,37265,medium eating,100.0,100.0,,1,
16189109,29599061,37663956,5760,"Beverages, Protein powder whey based",1.0,11185,cup,32.0,32.0,,1,
16189110,29599069,37663967,922,Sopa juliana,200.0,,,,,,1,0
16189110,29599062,37663957,300,Peito de frango com pele cru,120.0,,,,,100 grams of peito de frango com pele cru,1,1
16189110,29599063,37663959,532,Arroz cozido simples,150.0,,,,,,2,1
16189110,29599064,37663962,651,Alface crua,30.0,,,,,,3,1
16189110,29599065,37663963,657,Beterraba (raiz) crua,30.0,,,,,,4,1
16189110,29599066,37663964,777,Azeite,10.0,,,,,,5,1
16189110,29599067,37663965,700,Tomate cru,50.0,,,,,,6,1
16189110,29599068,37663966,747,Pera,120.0,,,,,,7,1
16189110,29599069,37663967,922,Sopa juliana,200.0,,,,,,1,0
16189110,29599062,37663957,300,Peito de frango com pele cru,120.0,,,,,100 grams of peito de frango com pele cru,1,1
16189110,29599063,37663959,532,Arroz cozido simples,150.0,,,,,,2,1
16189110,29599064,37663962,651,Alface crua,30.0,,,,,,3,1
16189110,29599065,37663963,657,Beterraba (raiz) crua,30.0,,,,,,4,1
16189110,29599066,37663964,777,Azeite,10.0,,,,,,5,1
16189110,29599067,37663965,700,Tomate cru,50.0,,,,,,6,1
16189110,29599068,37663966,747,Pera,120.0,,,,,,7,1
16189110,29599069,37663967,922,Sopa juliana,200.0,,,,,,1,0
16189110,29599062,37663957,300,Peito de frango com pele cru,120.0,,,,,100 grams of peito de frango com pele cru,1,1
16189110,29599063,37663960,550,Esparguete cozido,200.0,,,,,,2,1
16189110,29599064,37663962,651,Alface crua,30.0,,,,,,3,1
16189110,29599065,37663963,657,Beterraba (raiz) crua,30.0,,,,,,4,1
16189110,29599066,37663964,777,Azeite,10.0,,,,,,5,1
16189110,29599067,37663965,700,Tomate cru,50.0,,,,,,6,1
16189110,29599068,37663966,747,Pera,120.0,,,,,,7,1
16189110,29599069,37663967,922,Sopa juliana,200.0,,,,,,1,0
16189110,29599062,37663958,423,Pescada europeia cozida,120.0,,,,,,1,1
16189110,29599063,37663960,550,Esparguete cozido,200.0,,,,,,2,1
16189110,29599064,37663962,651,Alface crua,30.0,,,,,,3,1
16189110,29599065,37663963,657,Beterraba (raiz) crua,30.0,,,,,,4,1
16189110,29599066,37663964,777,Azeite,10.0,,,,,,5,1
16189110,29599067,37663965,700,Tomate cru,50.0,,,,,,6,1
16189110,29599068,37663966,747,Pera,120.0,,,,,,7,1
16189110,29599069,37663967,922,Sopa juliana,200.0,,,,,,1,0
16189110,29599062,37663958,423,Pescada europeia cozida,120.0,,,,,,1,1
16189110,29599063,37663961,638,Batata cozida,220.0,,,,,,2,1
16189110,29599064,37663962,651,Alface crua,30.0,,,,,,3,1
16189110,29599065,37663963,657,Beterraba (raiz) crua,30.0,,,,,,4,1
16189110,29599066,37663964,777,Azeite,10.0,,,,,,5,1
16189110,29599067,37663965,700,Tomate cru,50.0,,,,,,6,1
16189110,29599068,37663966,747,Pera,120.0,,,,,,7,1
16189110,29599069,37663967,922,Sopa juliana,200.0,,,,,,1,0
16189110,29599062,37663958,423,Pescada europeia cozida,120.0,,,,,,1,1
16189110,29599063,37663961,638,Batata cozida,220.0,,,,,,2,1
16189110,29599064,37663962,651,Alface crua,30.0,,,,,,3,1
16189110,29599065,37663963,657,Beterraba (raiz) crua,30.0,,,,,,4,1
16189110,29599066,37663964,777,Azeite,10.0,,,,,,5,1
16189110,29599067,37663965,700,Tomate cru,50.0,,,,,,6,1
16189110,29599068,37663966,747,Pera,120.0,,,,,,7,1
16189176,29599208,37664130,759,Uva branca,120.0,,,,,,1,
16189112,29599216,37664140,907,Sopa de abóbora,200.0,,,,,,1,0
16189112,29599217,37664141,300,Peito de frango com pele cru,120.0,,,,,100 grams of peito de frango com pele cru,1,1
16189112,29599218,37664143,777,Azeite,10.0,,,,,,2,1
16189112,29599219,37664144,665,Cenoura cozida,50.0,,,,,,3,1
16189112,29599220,37664145,731,Maçã com casca,120.0,,,,,,4,1
16189112,29599221,37664146,532,Arroz cozido simples,50.0,,,,,,5,1
16189112,29599216,37664140,907,Sopa de abóbora,200.0,,,,,,1,0
16189112,29599217,37664141,300,Peito de frango com pele cru,120.0,,,,,100 grams of peito de frango com pele cru,1,1
16189112,29599218,37664143,777,Azeite,10.0,,,,,,2,1
16189112,29599219,37664144,665,Cenoura cozida,50.0,,,,,,3,1
16189112,29599220,37664145,731,Maçã com casca,120.0,,,,,,4,1
16189112,29599221,37664146,532,Arroz cozido simples,50.0,,,,,,5,1
16189112,29599216,37664140,907,Sopa de abóbora,200.0,,,,,,1,0
16189112,29599217,37664141,300,Peito de frango com pele cru,120.0,,,,,100 grams of peito de frango com pele cru,1,1
16189112,29599218,37664143,777,Azeite,10.0,,,,,,2,1
16189112,29599219,37664144,665,Cenoura cozida,50.0,,,,,,3,1
16189112,29599220,37664145,731,Maçã com casca,120.0,,,,,,4,1
16189112,29599221,37664147,550,Esparguete cozido,70.0,,,,,,5,1
16189112,29599216,37664140,907,Sopa de abóbora,200.0,,,,,,1,0
16189112,29599217,37664142,423,Pescada europeia cozida,120.0,,,,,,1,1
16189112,29599218,37664143,777,Azeite,10.0,,,,,,2,1
16189112,29599219,37664144,665,Cenoura cozida,50.0,,,,,,3,1
16189112,29599220,37664145,731,Maçã com casca,120.0,,,,,,4,1
16189112,29599221,37664147,550,Esparguete cozido,70.0,,,,,,5,1
16189112,29599216,37664140,907,Sopa de abóbora,200.0,,,,,,1,0
16189112,29599217,37664142,423,Pescada europeia cozida,120.0,,,,,,1,1
16189112,29599218,37664143,777,Azeite,10.0,,,,,,2,1
16189112,29599219,37664144,665,Cenoura cozida,50.0,,,,,,3,1
16189112,29599220,37664145,731,Maçã com casca,120.0,,,,,,4,1
16189112,29599221,37664148,638,Batata cozida,75.0,,,,,,5,1
16189112,29599216,37664140,907,Sopa de abóbora,200.0,,,,,,1,0
16189112,29599217,37664142,423,Pescada europeia cozida,120.0,,,,,,1,1
16189112,29599218,37664143,777,Azeite,10.0,,,,,,2,1
16189112,29599219,37664144,665,Cenoura cozida,50.0,,,,,,3,1
16189112,29599220,37664145,731,Maçã com casca,120.0,,,,,,4,1
16189112,29599221,37664148,638,Batata cozida,75.0,,,,,,5,1
16189113,29599224,37664151,1775,"Yogurt, Greek, plain, nonfat",150.0,,,,,,1,
16188542,29891097,38018587,50093,"Porridge oats, unfortified, cooked, made up with semi-skimmed milk",1.0,41091,medium portion,160.0,160.0,,1,
16188542,29891098,38018588,48676,Cocoa powder,1.0,38799,heaped teaspoon,6.0,6.0,,2,
16188542,29891160,38018650,50537,"Strawberries, raw",1.0,41860,average portion,100.0,100.0,,3,
16188542,29891810,38019545,48648,Chocolate nut spread,1.0,38731,heaped teaspoon,16.0,16.0,,4,
16188543,29891282,38018863,48540,"Cherries, flesh and skin, raw",10.0,38485,unit,4.0,40.0,,1,
16188543,29891676,38019329,49089,"Fruit juice drink/squash, ready to drink",1.0,39606,standard cartoon,257.0,257.0,,2,
16188544,29891471,38019053,50690,"Turkey, meat, average, roasted",1.0,42065,medium portion,90.0,90.0,,1,1
16188544,29891474,38019056,48309,"Bread, wholemeal, average",2.0,37960,medium slice,36.0,72.0,,2,1
16188544,29891507,38019096,49448,"Lettuce, average, raw",1.0,40021,portion,20.0,20.0,,3,1
16188544,29891513,38019102,50641,"Tomatoes, standard, raw",1.0,42009,medium unit,85.0,85.0,,4,1
16188544,29891516,38019105,49516,"Mayonnaise, reduced fat",1.0,40101,heaped tablespoon,33.0,33.0,,5,1
16188544,29891521,38019111,49987,"Popcorn, salted, retail",1.0,40898,small bag,25.0,25.0,,6,1
16188544,29891528,38019118,48435,"Carrots, old, raw",1.0,38237,medium portion,60.0,60.0,,7,1
16188544,29891471,38019053,50690,"Turkey, meat, average, roasted",1.0,42065,medium portion,90.0,90.0,,1,1
16188544,29891474,38019090,48298,"Bread, white, average",2.0,37926,medium slice,36.0,72.0,,2,1
16188544,29891507,38019096,49448,"Lettuce, average, raw",1.0,40021,portion,20.0,20.0,,3,1
16188544,29891513,38019102,50641,"Tomatoes, standard, raw",1.0,42009,medium unit,85.0,85.0,,4,1
16188544,29891516,38019105,49516,"Mayonnaise, reduced fat",1.0,40101,heaped tablespoon,33.0,33.0,,5,1
16188544,29891521,38019111,49987,"Popcorn, salted, retail",1.0,40898,small bag,25.0,25.0,,6,1
16188544,29891528,38019118,48435,"Carrots, old, raw",1.0,38237,medium portion,60.0,60.0,,7,1
16188544,29891471,38019053,50690,"Turkey, meat, average, roasted",1.0,42065,medium portion,90.0,90.0,,1,1
16188544,29891474,38019091,48287,"Bread, brown, toasted",2.0,37906,medium slice,31.0,62.0,,2,1
16188544,29891507,38019096,49448,"Lettuce, average, raw",1.0,40021,portion,20.0,20.0,,3,1
16188544,29891513,38019102,50641,"Tomatoes, standard, raw",1.0,42009,medium unit,85.0,85.0,,4,1
16188544,29891516,38019105,49516,"Mayonnaise, reduced fat",1.0,40101,heaped tablespoon,33.0,33.0,,5,1
16188544,29891521,38019111,49987,"Popcorn, salted, retail",1.0,40898,small bag,25.0,25.0,,6,1
16188544,29891528,38019118,48435,"Carrots, old, raw",1.0,38237,medium portion,60.0,60.0,,7,1
16188545,29891557,38019171,48441,"Cashew nuts, kernel only, roasted and salted",1.0,38262,small bag,25.0,25.0,,1,
16188546,29891572,38019191,48450,"Casserole, pork and apple, homemade",1.0,38276,medium portion,260.0,260.0,,1,1
16188546,29891577,38019196,48389,"Cabbage, red, boiled in unsalted water",1.0,38180,medium portion,95.0,95.0,,2,1
16188546,29891581,38019201,48057,"Beans, runner, boiled in unsalted water",1.0,37426,medium portion,90.0,90.0,,3,1
16188546,29891587,38019209,50137,"Potatoes, new and salad, boiled in unsalted water, flesh and skin",1.0,41219,medium portion,175.0,175.0,,4,1
16188546,29891645,38019280,48784,"Creme caramel, retail",1.0,39065,portion,100.0,100.0,,1,2
14486014,25698457,32421841,27517,"Peanuts, roasted",25.0,,,,,,1,
14486014,25698796,32422254,22916,"Dark chocolate bar, less than 70% cocoa",25.0,,,,,,2,
14486015,25698439,32421818,28300,"Vegetable stir fry (peppers, broccoli, carrots, sweetcorn, water chesnuts), homemade",200.0,,,,,,1,1
14486015,25698444,32421825,8012,"Rice, brown, long-grain, cooked",180.0,,,,,,2,1
14486015,25699457,32423138,22818,"Salmon, steamed",150.0,,,,,,3,1
14486016,26464966,33386585,49845,"Pears, raw, flesh only, peeled, weighed with skin and core",1.0,40614,medium comice unit,150.0,150.0,,1,
14486017,25698319,32421590,28533,"Soup, minestrone (tomato-based), home prepared",200.0,,,,,,1,0
14486017,25698076,32421243,22643,Lasagna or cannelloni with meat (bolognese sauce),250.0,,,,,,1,1
14554521,25815789,32575225,48295,"Bread, seeded",1.0,37920,thick slice,44.0,44.0,,1,
14554521,25815838,32575300,48309,"Bread, wholemeal, average",1.0,37961,thick slice,44.0,44.0,,2,
14554521,25815842,32575308,48381,"Butter, unsalted",1.0,38161,thick average spread,12.0,12.0,,3,
14554521,25815847,32575313,48498,"Cheese, Cheddar, English",1.0,38373,medium chunk,40.0,40.0,,4,
14554521,25815852,32575323,49191,Ham,1.0,39732,average slice,23.0,23.0,,5,
14554521,25815854,32575328,48704,"Coffee, cappuccino, latte",1.0,38873,mug,260.0,260.0,"1 mug of coffee, cappuccino, latte (260 g)",6,
14554521,25815858,32575332,47918,"Apple juice, clear, ambient and chilled",1.0,37250,individual cartoon,200.0,200.0,,7,
14554521,25816064,32575555,50637,"Tomatoes, cherry, raw",6.0,41994,unit,15.0,90.0,,8,
14554521,25815789,32575225,48295,"Bread, seeded",1.0,37920,thick slice,44.0,44.0,,1,
14554521,25815838,32575300,48309,"Bread, wholemeal, average",1.0,37961,thick slice,44.0,44.0,,2,
14554521,25815842,32575308,48381,"Butter, unsalted",1.0,38161,thick average spread,12.0,12.0,,3,
14554521,25815847,32575313,48498,"Cheese, Cheddar, English",1.0,38373,medium chunk,40.0,40.0,,4,
14554521,25815852,32575323,49191,Ham,1.0,39732,average slice,23.0,23.0,,5,
14554521,25815854,32575328,48704,"Coffee, cappuccino, latte",1.0,38873,mug,260.0,260.0,"1 mug of coffee, cappuccino, latte (260 g)",6,
14554521,25815858,32575332,47918,"Apple juice, clear, ambient and chilled",1.0,37250,individual cartoon,200.0,200.0,,7,
14554521,25816064,32575567,48800,"Cucumber, raw, flesh and skin",6.0,39094,slice,6.0,36.0,,8,
14554522,25816154,32575663,48262,Blueberries,100.0,,,,,,1,
14554522,25817918,32577980,50786,"Yogurt, Greek style, plain",1.0,42230,large pot,150.0,150.0,,2,
14554523,25816296,32575805,50654,"Tortilla, wheat, soft",1.0,42027,unit,40.0,40.0,,1,1
14554523,25816429,32575944,48054,"Beans, red kidney, canned in water, re-heated, drained",2.0,37423,heaped tablespoon,35.0,70.0,,2,1
14554523,25816561,32576077,48553,"Chicken breast/steak, coated, baked",100.0,,,,,,3,1
14554523,25816660,32576197,49448,"Lettuce, average, raw",1.0,40021,portion,20.0,20.0,,4,1
14554523,25816672,32576209,49868,"Pepper, capsicum, red, raw",100.0,,,,,,5,1
14554523,25816844,32576449,81899,"Sweet corn, frozen, raw",50.0,,,,,,6,1
14554524,25816850,32576456,48704,"Coffee, cappuccino, latte",1.0,38873,mug,260.0,260.0,,1,
14554524,25816939,32576545,27636,"Biscuits or cookies, wholemeal",10.0,,,,,,2,
14554525,25816956,32576565,49791,"Pasta, wholewheat, spaghetti, dried, boiled in unsalted water",1.0,40563,medium portion,220.0,220.0,,1,1
14554525,25816976,32576587,22403,"Courgette or zucchini, pulp and peel, cooked",150.0,,,,,,2,1
14554525,25817275,32576922,27595,"Tomatoes, dried",50.0,,,,,,3,1
14554525,25817549,32577213,50384,"Sauce, pasta, tomato based, napoletana",100.0,,,,,,4,1
16224882,29682167,37764493,49629,"Mushrooms, white, fried in salted butter",2.0,40344,average serving,44.0,88.0,,1,
16224882,29682173,37764500,48349,"Broccoli, green, steamed",1.0,38076,medium portion,85.0,85.0,,2,
16224882,29682181,37764509,48988,"Eggs, chicken, whole, poached",2.0,39403,(size 1) unit,67.0,134.0,,3,
16224882,29682200,37764528,50640,"Tomatoes, standard, grilled, flesh and seeds only",1.0,42005,medium unit,85.0,85.0,,4,
16224882,29682249,37764595,48287,"Bread, brown, toasted",2.0,37906,medium slice,31.0,62.0,,5,
16224882,29682167,37764493,49629,"Mushrooms, white, fried in salted butter",2.0,40344,average serving,44.0,88.0,,1,
16224882,29682173,37764500,48349,"Broccoli, green, steamed",1.0,38076,medium portion,85.0,85.0,,2,
16224882,29682181,37764509,48988,"Eggs, chicken, whole, poached",2.0,39403,(size 1) unit,67.0,134.0,,3,
16224882,29682200,37764528,50640,"Tomatoes, standard, grilled, flesh and seeds only",1.0,42005,medium unit,85.0,85.0,,4,
16224882,29682249,37764663,48306,"Bread, white, toasted",2.0,37948,medium slice,27.0,54.0,,5,
16224883,29683026,37765557,49545,"Milk shake, powder, made up with semi-skimmed milk",1.0,40138,glass,215.0,215.0,,1,
16224883,29683026,37765586,50463,Smoothies,215.0,,,,,,1,
16224883,29683026,37765588,49546,"Milk shake, powder, made up with skimmed milk",1.0,40139,glass,215.0,215.0,,1,
16224884,29682650,37765118,50140,"Potatoes, old, baked, flesh and skin",1.0,41227,medium unit,180.0,180.0,,1,1
16224884,29682652,37765120,47990,"Baked beans, canned in tomato sauce",1.0,37340,medium portion,135.0,135.0,,2,1
16224884,29682654,37765123,50319,"Salad, green",1.0,41495,tub,250.0,250.0,,3,1
16224884,29682742,37765211,48498,"Cheese, Cheddar, English",3.0,38375,grated tablespoon,10.0,30.0,,4,1
16224884,29683022,37765551,50406,"Sausages, pork, reduced fat, grilled",2.0,41607,large unit,40.0,80.0,,5,1
16224885,29682946,37765428,47997,"Bananas, flesh only",1.0,37368,large unit,120.0,120.0,,1,
16224886,29682326,37764692,50269,"Rice, white, Italian ""Arborio"" risotto, boiled in unsalted water",1.0,41414,medium portion,180.0,180.0,,1,1
16224886,29682347,37764713,48517,"Cheese, Parmesan, fresh",80.0,,,,,,2,1
16224886,29682451,37764819,48571,"Chicken, breast, grilled without skin, meat only",1.0,38548,medium portion,130.0,130.0,,3,1
16224886,29682452,37764821,48027,"Beans, broad, whole, boiled in unsalted water",1.0,37395,portion,120.0,120.0,,4,1
16224886,29682538,37764951,50504,"Spinach, mature, raw",1.0,41811,serving,90.0,90.0,,5,1
16224886,29682570,37764991,50532,"Stock cubes, chicken, made up with water",1.0,41851,half pint,284.0,284.0,,6,1
16224886,29682622,37765090,50787,"Yogurt, low fat, fruit",1.0,42232,average pot,125.0,125.0,,1,2
16224886,29682637,37765105,49644,"Nectarines, flesh and skin, weighed with stones",1.0,40377,average piece,90.0,90.0,,2,2
14254236,30312603,38516956,50395,"Sausage roll, flaky pastry, ready-to-eat, retail",1.0,41582,medium unit,60.0,60.0,,1,
14254236,30312606,38516959,47991,"Baked beans, canned in tomato sauce, reduced sugar, reduced salt",1.0,37346,medium portion,135.0,135.0,,2,
14254236,30312608,38516961,50640,"Tomatoes, standard, grilled, flesh and seeds only",1.0,42005,medium unit,85.0,85.0,,3,
14254236,30312638,38517032,50502,"Spinach, frozen, boiled in unsalted water",1.0,41807,serving,90.0,90.0,,4,
14254236,30312643,38517038,48769,Cranberry fruit juice drink,1.0,39036,individual cartoon,200.0,200.0,,5,
14254236,30312661,38517056,48287,"Bread, brown, toasted",1.0,37906,medium slice,31.0,31.0,,6,
14254236,30312603,38516956,50395,"Sausage roll, flaky pastry, ready-to-eat, retail",1.0,41582,medium unit,60.0,60.0,,1,
14254236,30312606,38516959,47991,"Baked beans, canned in tomato sauce, reduced sugar, reduced salt",1.0,37346,medium portion,135.0,135.0,,2,
14254236,30312608,38516961,50640,"Tomatoes, standard, grilled, flesh and seeds only",1.0,42005,medium unit,85.0,85.0,,3,
14254236,30312638,38517032,50502,"Spinach, frozen, boiled in unsalted water",1.0,41807,serving,90.0,90.0,,4,
14254236,30312643,38517038,48769,Cranberry fruit juice drink,1.0,39036,individual cartoon,200.0,200.0,,5,
14254236,30312661,38517153,48306,"Bread, white, toasted",1.0,37948,medium slice,27.0,27.0,,6,
14254238,30313569,38518144,50361,"Sandwich, white bread, tuna mayonnaise",1.0,41557,portion,165.0,165.0,,1,1
14254238,30313760,38518335,50567,"Sweetcorn kernels, canned in water, drained",1.0,41898,average portion,85.0,85.0,,2,1
14254238,30313759,38518334,50787,"Yogurt, low fat, fruit",1.0,42232,average pot,125.0,125.0,,1,2
14254239,30313564,38518137,49987,"Popcorn, salted, retail",1.0,40898,small bag,25.0,25.0,,1,
14254239,30313567,38518140,49134,"Grapefruit, raw, flesh only",1.0,39656,portion,80.0,80.0,,2,
14254240,30312965,38517466,48116,"Beef, minced, stewed with onions, extra lean",1.0,37543,large portion,210.0,210.0,,1,1
14254240,30313240,38517741,48980,"Eggs, chicken, scrambled, with semi-skimmed milk",1.0,39391,portion,120.0,120.0,,2,1
14254240,30313371,38517872,48298,"Bread, white, average",1.0,37926,medium slice,36.0,36.0,,3,1
14254240,30313382,38517883,48662,"Chutney, mango, sweet",2.0,38765,tablespoon,33.0,66.0,,4,1
14254240,30313412,38517941,48810,"Curry powder, mixed flavours",1.0,39105,level teaspoon,3.0,3.0,,5,1
14254240,30313415,38517944,50216,Raisins,2.0,41358,tablespoon,30.0,60.0,,6,1
14254240,30313438,38517969,50268,"Rice, white, basmati, raw",100.0,,,,,,7,1
14254240,30313553,38518126,50326,"Salad, tomato and onion",150.0,,,,,,8,1
14254240,30312965,38517466,48116,"Beef, minced, stewed with onions, extra lean",1.0,37543,large portion,210.0,210.0,,1,1
14254240,30313240,38517741,48980,"Eggs, chicken, scrambled, with semi-skimmed milk",1.0,39391,portion,120.0,120.0,,2,1
14254240,30313371,38517872,48298,"Bread, white, average",1.0,37926,medium slice,36.0,36.0,,3,1
14254240,30313382,38517883,48662,"Chutney, mango, sweet",2.0,38765,tablespoon,33.0,66.0,,4,1
14254240,30313412,38517941,48810,"Curry powder, mixed flavours",1.0,39105,level teaspoon,3.0,3.0,,5,1
14254240,30313415,38517944,50216,Raisins,2.0,41358,tablespoon,30.0,60.0,,6,1
14254240,30313438,38518023,50276,"Rice, wild, boiled in unsalted water",1.0,41425,small portion,100.0,100.0,,7,1
14254240,30313553,38518126,50326,"Salad, tomato and onion",150.0,,,,,,8,1
14587465,25887742,32664231,48980,"Eggs, chicken, scrambled, with semi-skimmed milk",1.0,39391,portion,120.0,120.0,,1,
14587465,25887782,32664327,48310,"Bread, wholemeal, toasted",2.0,37963,medium slice,31.0,62.0,,2,
14587465,25887813,32664390,50500,"Spinach, baby, raw",100.0,,,,,,3,
14587465,25887815,32664393,5032,"Peppers, sweet, red, raw",1.0,9785,small unit,74.0,74.0,,4,
14587466,25887818,32664396,47997,"Bananas, flesh only",1.0,37368,large unit,120.0,120.0,"1 large unit of bananas, flesh only (120 g)",1,
14587467,25888015,32664630,50720,"Vegetable stir fry mix, fried in rapeseed oil",1.0,42116,portion,340.0,340.0,,1,1
14587467,25888047,32664668,50254,"Rice, brown, wholegrain, boiled in unsalted water",1.0,41391,medium portion,180.0,180.0,,2,1
14587467,25888126,32664782,48572,"Chicken, breast, grilled, meat and skin",1.0,38552,medium portion,130.0,130.0,,3,1
14587467,25888715,32665505,50798,"Yogurt, whole milk, twin pot, thick and creamy with fruit",1.0,42262,large pot,150.0,150.0,,1,7
14587469,25888564,32665324,50338,"Salmon, farmed, flesh only, steamed, fillets weighed with bones and skin",1.0,41527,average steak,100.0,100.0,,1,1
14587469,25888567,32665329,48349,"Broccoli, green, steamed",1.0,38076,medium portion,85.0,85.0,,2,1
14587469,25888573,32665335,50137,"Potatoes, new and salad, boiled in unsalted water, flesh and skin",1.0,41219,medium portion,175.0,175.0,,3,1
14587469,25888645,32665414,48947,"Dressing, oil and lemon, homemade",1.0,39367,tablespoon,15.0,15.0,,4,1
14587469,25888858,32665749,48381,"Butter, unsalted",1.0,38159,thin average spread,7.0,7.0,,5,1
14587469,25888564,32665324,50338,"Salmon, farmed, flesh only, steamed, fillets weighed with bones and skin",1.0,41527,average steak,100.0,100.0,,1,1
14587469,25888567,32665329,48349,"Broccoli, green, steamed",1.0,38076,medium portion,85.0,85.0,,2,1
14587469,25888573,32665335,50137,"Potatoes, new and salad, boiled in unsalted water, flesh and skin",1.0,41219,medium portion,175.0,175.0,,3,1
14587469,25888645,32665414,48947,"Dressing, oil and lemon, homemade",1.0,39367,tablespoon,15.0,15.0,,4,1
14587469,25888858,32665749,48381,"Butter, unsalted",1.0,38159,thin average spread,7.0,7.0,,5,1
14587469,25888564,37300702,50674,"Tuna, flesh only, baked",100.0,,,,,,1,1
14587469,25888567,32665329,48349,"Broccoli, green, steamed",1.0,38076,medium portion,85.0,85.0,,2,1
14587469,25888573,37301256,50276,"Rice, wild, boiled in unsalted water",1.0,41425,small portion,100.0,100.0,,3,1
14587469,25888645,32665414,48947,"Dressing, oil and lemon, homemade",1.0,39367,tablespoon,15.0,15.0,,4,1
14587469,25888858,32665749,48381,"Butter, unsalted",1.0,38159,thin average spread,7.0,7.0,,5,1
14587469,25888564,37300702,50674,"Tuna, flesh only, baked",100.0,,,,,,1,1
14587469,25888567,32665329,48349,"Broccoli, green, steamed",1.0,38076,medium portion,85.0,85.0,,2,1
14587469,25888573,37301256,50276,"Rice, wild, boiled in unsalted water",1.0,41425,small portion,100.0,100.0,,3,1
14587469,25888645,32665414,48947,"Dressing, oil and lemon, homemade",1.0,39367,tablespoon,15.0,15.0,,4,1
14587469,25888858,32665749,48381,"Butter, unsalted",1.0,38159,thin average spread,7.0,7.0,,5,1
14587470,25888813,32665697,48951,"Drinking chocolate powder, made up with semi-skimmed milk",1.0,39371,mug,218.0,218.0,,1,
14506186,25707020,32433979,48309,"Bread, wholemeal, average",2.0,37961,thick slice,44.0,88.0,,1,
14506186,25707195,32434162,49505,Marmalade,2.0,40085,level teaspoon,8.0,16.0,,2,
14506186,25707245,32434219,48495,"Cheese, Camembert",1.0,38355,average portion,40.0,40.0,,3,
14506186,25707247,32434223,49845,"Pears, raw, flesh only, peeled, weighed with skin and core",1.0,40616,medium conference unit,170.0,170.0,,4,
14506188,26461913,33382448,48349,"Broccoli, green, steamed",150.0,,,,,,1,1
14506188,26461960,33382503,48509,"Cheese, Gouda",60.0,,,,,,2,1
14506188,26461987,33382542,50654,"Tortilla, wheat, soft",2.0,42027,unit,40.0,80.0,,3,1
14506188,26462257,33382878,49101,"Garlic, raw",1.0,39621,unit,10.0,10.0,,4,1
14506188,26462289,33382919,49714,"Orange juice, chilled",1.0,40472,individual cartoon,200.0,200.0,,1,2
14554332,29935538,38071389,48987,"Eggs, chicken, whole, fried, without fat",2.0,39401,unit,60.0,120.0,,1,
14554332,29935566,38071420,48287,"Bread, brown, toasted",2.0,37906,medium slice,31.0,62.0,,2,
14554332,29935659,38071589,49868,"Pepper, capsicum, red, raw",1.0,40662,medium unit,160.0,160.0,,3,
14554332,29935664,38071606,50384,"Sauce, pasta, tomato based, napoletana",1.0,41573,portion,90.0,90.0,,4,
14554332,29935538,38071389,48987,"Eggs, chicken, whole, fried, without fat",2.0,39401,unit,60.0,120.0,,1,
14554332,29935566,38071586,48306,"Bread, white, toasted",2.0,37948,medium slice,27.0,54.0,,2,
14554332,29935659,38071589,49868,"Pepper, capsicum, red, raw",1.0,40662,medium unit,160.0,160.0,,3,
14554332,29935664,38071606,50384,"Sauce, pasta, tomato based, napoletana",1.0,41573,portion,90.0,90.0,,4,
14554332,29935538,38071389,48987,"Eggs, chicken, whole, fried, without fat",2.0,39401,unit,60.0,120.0,,1,
14554332,29935566,38071587,48310,"Bread, wholemeal, toasted",2.0,37963,medium slice,31.0,62.0,,2,
14554332,29935659,38071589,49868,"Pepper, capsicum, red, raw",1.0,40662,medium unit,160.0,160.0,,3,
14554332,29935664,38071606,50384,"Sauce, pasta, tomato based, napoletana",1.0,41573,portion,90.0,90.0,,4,
14554333,29935672,38071629,49599,"Mousse, chocolate, low fat",1.0,40299,portion,60.0,60.0,,1,
14554333,29935674,38071631,49837,"Pears, average, raw, flesh only",1.0,40607,medium comice unit,150.0,150.0,,2,
14554334,29935753,38071761,49791,"Pasta, wholewheat, spaghetti, dried, boiled in unsalted water",1.0,40563,medium portion,220.0,220.0,,1,1
14554334,29935785,38071818,49884,"Pesto, red",100.0,,,,,,2,1
14554334,29935789,38071823,50502,"Spinach, frozen, boiled in unsalted water",1.0,41807,serving,90.0,90.0,,3,1
14554334,29935798,38071832,50326,"Salad, tomato and onion",100.0,,,,,,4,1
14554334,29935800,38071835,48571,"Chicken, breast, grilled without skin, meat only",1.0,38548,medium portion,130.0,130.0,,5,1
14554335,29935957,38071992,50463,Smoothies,200.0,,,,,,1,
14554335,29936542,38072906,50786,"Yogurt, Greek style, plain",1.0,42231,tablespoon,45.0,45.0,,2,
14554336,29936341,38072573,49170,"Haddock, flesh only, smoked, poached, fillets weighed with bones and skin",0.5,39705,fillet,150.0,75.0,,1,1
14554336,29936467,38072806,49976,"Pollock, Alaskan, flesh only, baked",50.0,,,,,,2,1
14554336,29936470,38072817,50163,"Prawns, standard, purchased cooked",1.0,41274,half pint,142.0,142.0,,3,1
14554336,29936471,38072818,49633,"Mussels, purchased cooked",1.0,40357,small jar,80.0,80.0,,4,1
14554336,29936481,38072837,50636,"Tomatoes, canned, whole contents",1.0,41993,large can,400.0,400.0,,5,1
14554336,29936489,38072851,50533,"Stock cubes, vegetable",1.0,41852,Knorr unit,9.0,9.0,,6,1
14554336,29936503,38072865,50137,"Potatoes, new and salad, boiled in unsalted water, flesh and skin",1.0,41219,medium portion,175.0,175.0,,7,1
14554336,29936530,38072894,48381,"Butter, unsalted",1.0,38160,medium spread,10.0,10.0,,8,1
14555405,25818573,32578958,82571,"Muesli, crunchy, with chocolate (not fortified with vitamins and chemical elements)",60.0,,,,,,1,
14555405,25819749,32580364,21609,"Yogurt, enriched, plain, with cream",200.0,,,,,,2,
14555406,25818607,32579023,49826,"Peaches, flesh and skin, raw, weighed with stone",1.0,40586,large piece,150.0,150.0,,1,
14555408,25819566,32580094,50537,"Strawberries, raw",1.0,41860,average portion,100.0,100.0,,1,
14555408,25819873,32580489,27553,"Crackers, wholemeal",40.0,,,,,,2,
14555409,25819324,32579801,28513,"Soup, cream of vegetable, homemade",150.0,,,,,,1,0
14555409,25819122,32579592,22818,"Salmon, steamed",150.0,,,,,,1,1
14555409,25819132,32579605,50140,"Potatoes, old, baked, flesh and skin",1.0,41228,large unit,220.0,220.0,,2,1
14555409,25819666,32580196,81883,"Broccoli, frozen, cooked",60.0,,,,,,3,1
14555409,25819670,32580203,81889,"Garden peas and carrots, frozen, cooked",60.0,,,,,,4,1
16599530,30594293,38850010,48499,"Cheese, cottage, plain",200.0,,,,,,1,
16599530,30594294,38850011,48262,Blueberries,100.0,,,,,,2,
16599530,30594295,38850012,47997,"Bananas, flesh only",10.0,37369,slice,5.0,50.0,,3,
16599530,30594296,38850013,48669,"Cinnamon, ground",1.0,38790,teaspoon,3.0,3.0,,4,
16599528,30594287,38850004,50254,"Rice, brown, wholegrain, boiled in unsalted water",1.0,41391,medium portion,180.0,180.0,,1,1
16599528,30594288,38850005,48507,"Cheese, Feta",40.0,,,,,,2,1
16599528,30594289,38850006,50512,"Spring onions, bulbs only, raw",2.0,41827,unit,10.0,20.0,,3,1
16599528,30594291,38850008,49868,"Pepper, capsicum, red, raw",1.0,40662,medium unit,160.0,160.0,,4,1
16599528,30594292,38850009,49678,"Oil, olive",1.0,40416,tablespoon,11.0,11.0,,5,1
16599528,30594628,38850389,47953,"Aubergine, fried in rapeseed oil",20.0,,,,,,6,1
16599528,30594639,38850400,4817,"Tomatoes, red, ripe, raw, year round average",1.0,9423,cup cherry tomatoes,149.0,149.0,,7,1
16599527,30594714,38850475,47929,"Apples, eating, raw, flesh and skin",1.0,37265,medium eating,100.0,100.0,,1,
16599526,30594283,38850000,81896,"Courgette or zucchini, pulp and peel, frozen, raw",250.0,,,,,,1,1
16599526,30594284,38850001,50631,"Tofu, soya bean, steamed, fried",100.0,,,,,,2,1
16599526,30595065,38850829,4826,"Tomato products, canned, sauce",125.0,,,,,,3,1
16598900,30593004,38848643,48310,"Bread, wholemeal, toasted",1.0,37963,medium slice,31.0,31.0,,1,
16598900,30593007,38848646,28398,"Peanut butter (Kelkin, no added sugar)",25.0,,,,,,2,
16598901,30593008,38848649,3774,"Blueberries, raw",200.0,,,,,,1,
16598902,30593011,38848652,7110,"Bread, pita, whole-wheat",1.0,13597,"large pita (6-1/2"" dia)",64.0,64.0,,1,1
16598902,30593105,38848746,9722,"Fish, salmon, king, chinook, smoked, brined (Alaska Native)",30.0,,,,,,2,1
16598902,30593150,38848819,50300,"Rocket, raw",1.0,41469,portion,20.0,20.0,,3,1
16598902,30593484,38849159,48435,"Carrots, old, raw",2.0,38242,tablespoon,40.0,80.0,,4,1
16598903,30593151,38848821,47929,"Apples, eating, raw, flesh and skin",1.0,37265,medium eating,100.0,100.0,,1,
16598904,30593152,38848823,28579,"Chicken and vegetable stir-fry with soy sauce, home prepared",250.0,,,,,,1,1
16598904,30593153,38848825,8012,"Rice, brown, long-grain, cooked",100.0,,,,,,2,1
16598904,30593513,38849191,28303,"Salad, mixed",150.0,,,,,,3,1
16598904,30593271,38848944,3892,"Oranges, raw, Florida",1.0,7668,"unit (2-5/8"" dia)",141.0,141.0,,1,2
16600017,30595834,38851628,48988,"Eggs, chicken, whole, poached",2.0,39403,(size 1) unit,67.0,134.0,,1,
16600017,30595835,38851629,48287,"Bread, brown, toasted",2.0,37906,medium slice,31.0,62.0,,2,
16600017,30595837,38851632,50640,"Tomatoes, standard, grilled, flesh and seeds only",1.0,42005,medium unit,85.0,85.0,,3,
16600017,30595975,38851770,50502,"Spinach, frozen, boiled in unsalted water",1.0,41807,serving,90.0,90.0,,4,
16600017,30595979,38851774,49628,"Mushrooms, white, fried in rapeseed oil",1.0,40343,average serving,44.0,44.0,,5,
16600017,30595834,38851628,48988,"Eggs, chicken, whole, poached",2.0,39403,(size 1) unit,67.0,134.0,,1,
16600017,30595835,38851630,48310,"Bread, wholemeal, toasted",2.0,37963,medium slice,31.0,62.0,,2,
16600017,30595837,38851632,50640,"Tomatoes, standard, grilled, flesh and seeds only",1.0,42005,medium unit,85.0,85.0,,3,
16600017,30595975,38851770,50502,"Spinach, frozen, boiled in unsalted water",1.0,41807,serving,90.0,90.0,,4,
16600017,30595979,38851774,49628,"Mushrooms, white, fried in rapeseed oil",1.0,40343,average serving,44.0,44.0,,5,
16600018,30596006,38851804,49093,"Fruit salad, homemade",1.0,39616,portion,140.0,140.0,,1,
16600019,30596099,38851897,48294,"Bread, pitta, white",1.0,37917,large portion,95.0,95.0,,1,1
16600019,30596101,38851899,48496,"Cheese, Cheddar type, '30% less fat'",1.0,38357,medium chunk,40.0,40.0,,2,1
16600019,30596179,38851977,47944,"Artichoke, globe, base of leaves and heart, boiled in unsalted water",4.0,37273,heart,50.0,200.0,,3,1
16600019,30596181,38851985,49868,"Pepper, capsicum, red, raw",4.0,40663,sliced ring,10.0,40.0,,4,1
16600019,30596184,38851991,48571,"Chicken, breast, grilled without skin, meat only",1.0,38548,medium portion,130.0,130.0,,5,1
16600019,30596278,38852085,49712,"Onions, raw",2.0,40464,slice,20.0,40.0,,6,1
16600019,30596287,38852097,50154,"Potatoes, old, wedges, with skin, homemade, cooked in rapeseed oil",120.0,,,,,,7,1
16600020,30596290,38852100,49714,"Orange juice, chilled",1.0,40472,individual cartoon,200.0,200.0,,1,
16600021,30596384,38852207,48687,"Cod, flesh only, baked",1.0,38812,medium fillet,120.0,120.0,,1,1
16600021,30596386,38852209,50250,"Rice, brown, basmati, boiled in unsalted water",1.0,41383,medium portion,180.0,180.0,,2,1
16600021,30596393,38852223,48038,"Beans, green, boiled in unsalted water",1.0,37407,medium portion,90.0,90.0,,3,1
16600021,30596395,38852225,50567,"Sweetcorn kernels, canned in water, drained",1.0,41898,average portion,85.0,85.0,,4,1
16600021,30596409,38852240,49255,"Jelly, made with skimmed milk",1.0,39823,pot,125.0,125.0,,1,7
16600021,30596384,38852207,48687,"Cod, flesh only, baked",1.0,38812,medium fillet,120.0,120.0,,1,1
16600021,30596386,38852221,50254,"Rice, brown, wholegrain, boiled in unsalted water",1.0,41391,medium portion,180.0,180.0,,2,1
16600021,30596393,38852223,48038,"Beans, green, boiled in unsalted water",1.0,37407,medium portion,90.0,90.0,,3,1
16600021,30596395,38852225,50567,"Sweetcorn kernels, canned in water, drained",1.0,41898,average portion,85.0,85.0,,4,1
16600021,30596409,38852240,49255,"Jelly, made with skimmed milk",1.0,39823,pot,125.0,125.0,,1,7
16599160,30593658,38849337,50093,"Porridge oats, unfortified, cooked, made up with semi-skimmed milk",1.0,41091,medium portion,160.0,160.0,,1,
16599160,30593659,38849338,49569,"Milk, skimmed, pasteurised, winter",1.0,40217,average portion with cereals,100.0,100.0,,2,
16599160,30593661,38849340,47927,"Apples, cooking, stewed without sugar, flesh only",1.0,37263,average portion,85.0,85.0,,3,
16599160,30593662,38849341,48669,"Cinnamon, ground",1.0,38790,teaspoon,3.0,3.0,,4,
16599161,30593663,38849342,49076,"Fromage frais, fruit, children's, fortified",1.0,39586,large pot,100.0,100.0,,1,
16599162,30593665,38849344,50243,"Rice and black-eye beans, brown rice",180.0,,,,,,1,1
16599162,30593666,38849345,50567,"Sweetcorn kernels, canned in water, drained",1.0,41898,average portion,85.0,85.0,,2,1
16599162,30593667,38849346,48027,"Beans, broad, whole, boiled in unsalted water",1.0,37395,portion,120.0,120.0,,3,1
16599162,30593669,38849348,50641,"Tomatoes, standard, raw",1.0,42009,medium unit,85.0,85.0,,4,1
16599162,30593670,38849349,48635,Chilli sauce,1.0,38710,teaspoon,5.0,5.0,,5,1
16599162,30593674,38849353,48143,"Beef, sirloin steak, grilled medium-rare, lean and fat",1.0,37642,small portion,110.0,110.0,,6,1
16599162,30593679,38849358,48496,"Cheese, Cheddar type, '30% less fat'",3.0,38359,grated tablespoon,10.0,30.0,,7,1
16599163,30593819,38849498,47936,"Apricots, ready-to-eat, semi-dried",6.0,37272,unit,8.0,48.0,,1,
16599163,30593820,38849499,47997,"Bananas, flesh only",1.0,37368,large unit,120.0,120.0,,2,
16599164,30593823,38849502,48282,"Bread rolls, wholemeal",1.0,37898,6'' bap,112.0,112.0,,1,1
16599164,30594570,38850293,176465,Turkey Burger (Sainsbury's),1.0,137916,Burger,97.0,97.0,,2,1
16599164,30594571,38850294,48520,"Cheese, processed, slices, reduced fat",1.0,38420,slice,20.0,20.0,,3,1
16599164,30594572,38850295,49448,"Lettuce, average, raw",1.0,40021,portion,20.0,20.0,,4,1
16599164,30594573,38850296,49712,"Onions, raw",1.0,40464,slice,20.0,20.0,,5,1
16599164,30594575,38850306,49516,"Mayonnaise, reduced fat",1.0,40102,level tablespoon,15.0,15.0,,6,1
16599164,30594577,38850308,50319,"Salad, green",1.0,41495,tub,250.0,250.0,,7,1
16599164,30594581,38850318,50148,"Potatoes, old, potato wedges, with skin, cooked in sunflower oil, homemade",50.0,,,,,,8,1
16608552,30616242,38874243,2872,"Soup, vegetable, canned, low sodium, condensed",1.0,6224,cup,126.0,126.0,,1,0
16608552,30616246,38874252,50265,"Rice, white, basmati, boiled in unsalted water",1.0,41406,medium portion,180.0,180.0,,1,1
16608552,30616394,38874406,145,"Lombo de porco assado, sem molho",160.0,,,,,,2,1
16608552,30616397,38874409,2196,"Oil, olive, salad or cooking",1.0,4837,tsp,4.5,4.5,,3,1
16608552,30616813,38874871,3894,"Orange juice, raw",1.0,7672,cup,248.0,248.0,,1,2
16608554,30616967,38875035,2872,"Soup, vegetable, canned, low sodium, condensed",1.0,6224,cup,126.0,126.0,,1,0
16608554,30617460,38875550,5084,"Sweet potato, cooked, baked in skin, flesh, with salt",1.5,9859,"medium unit (2"" dia, 5"" long, raw)",114.0,171.0,,1,1
16608554,30617828,38875988,6219,"Fish, salmon, Atlantic, wild, cooked, dry heat",1.0,12139,fillet,154.0,154.0,,2,1
16608554,31052307,39371451,2196,"Oil, olive, salad or cooking",1.0,4837,tsp,4.5,4.5,,3,1
16608554,30617832,38875993,47929,"Apples, eating, raw, flesh and skin",1.0,37265,medium eating,100.0,100.0,,1,2
16608554,30617868,38876030,3894,"Orange juice, raw",1.0,7672,cup,248.0,248.0,,2,2
16608555,30617872,38876034,1775,"Yogurt, Greek, plain, nonfat",1.0,3812,container,170.0,170.0,,1,
16608555,30617875,38876040,5228,"Nuts, almonds, dry roasted, without salt added",1.0,10155,oz (22 whole kernels),28.35,28.35,,2,
16601442,30598718,38854738,50092,"Porridge oats, unfortified",60.0,,,,,,1,
16601442,30598719,38854739,3767,"Bananas, raw",1.0,7431,"medium unit (7"" to 7-7/8"" long)",118.0,118.0,,2,
16601442,30598820,38854840,49198,"Hazelnuts, kernel only, weighed with shells",1.0,39741,portion,10.0,10.0,,3,
16601442,30598964,38854985,1633,"Milk, reduced fat, fluid, 2% milkfat, protein fortified, with added vitamin A and vitamin D",1.0,3497,cup,246.0,246.0,,4,
16601443,30598968,38854989,50537,"Strawberries, raw",1.0,41860,average portion,100.0,100.0,,1,
16601444,30599394,38855427,4687,"Potatoes, boiled, cooked in skin, flesh, without salt",1.0,9220,cup,78.0,78.0,,1,1
16601444,30599395,38855428,22439,"French bean, canned, drained",125.0,,,,,,2,1
16601444,30599537,38855571,4817,"Tomatoes, red, ripe, raw, year round average",1.0,9423,cup cherry tomatoes,149.0,149.0,,3,1
16601444,30599582,38855624,81585,"Olives, black, in oil (Greek olive)",10.0,,,,,,4,1
16601444,30599585,38855627,1677,"Egg, whole, cooked, hard-boiled",1.0,3618,large unit,50.0,50.0,,5,1
16601444,30599672,38855762,4595,"Lettuce, cos or romaine, raw",1.0,8999,cup shredded,47.0,47.0,,6,1
16601444,30599674,38855764,1820,"Spices, pepper, black",1.0,3892,"tsp, ground",2.3,2.3,,7,1
16601445,30599683,38855778,4059,"Apples, raw, gala, with skin",1.0,7997,medium unit,172.0,172.0,,1,
16599314,30593825,38849512,50144,"Potatoes, old, boiled in unsalted water, flesh only",1.0,41240,medium portion,175.0,175.0,,1,
16599314,30593849,38849544,49703,"Onions, baked",100.0,,,,,,2,
16599314,30593949,38849644,48984,"Eggs, chicken, whole, boiled",1.0,39396,(size 2) unit,61.0,61.0,,3,
16599314,30791836,39079989,47981,"Bacon rashers, middle, grilled",30.0,,,,,,4,
16599314,30791851,39080022,48015,"Bay leaf, dried",1.0,37382,teaspoon,1.0,1.0,,5,
16599314,30792014,39080246,49762,"Parsley, dried",1.0,40519,level teaspoon,1.0,1.0,,6,
16599314,30792063,39080323,48801,Cumin seeds,2.0,,,,,,7,
16599314,30792203,39080476,48262,Blueberries,75.0,,,,,,8,
16599314,30792392,39080693,48704,"Coffee, cappuccino, latte",1.0,38873,mug,260.0,260.0,,9,
16599315,30792531,39080947,48287,"Bread, brown, toasted",1.0,37906,medium slice,31.0,31.0,,1,
16599315,30792566,39081004,48522,"Cheese, Quark",30.0,,,,,,2,
16599315,30792578,39081026,50537,"Strawberries, raw",1.0,41860,average portion,100.0,100.0,,3,
16599316,30793367,39082066,50194,"Pumpkin, flesh only, boiled in unsalted water",250.0,,,,,,1,0
16599316,30793372,39082074,48433,"Carrots, old, boiled in unsalted water",1.0,38227,large unit,140.0,140.0,,2,0
16599316,30793375,39082081,49715,"Orange juice, freshly squeezed",1.0,40477,unit,50.0,50.0,,3,0
16599316,30793378,39082085,48780,"Cream, fresh, single",3.0,39061,tablespoon,15.0,45.0,,4,0
16599316,30793394,39082102,50300,"Rocket, raw",1.0,41469,portion,20.0,20.0,,5,0
16599316,30793511,39082220,49678,"Oil, olive",1.0,40417,teaspoon,3.0,3.0,,6,0
16599316,30794654,39083664,50500,"Spinach, baby, raw",200.0,,,,,,1,1
16599316,30794664,39083674,49845,"Pears, raw, flesh only, peeled, weighed with skin and core",1.0,40614,medium comice unit,150.0,150.0,,2,1
16599316,30795157,39084270,48945,"Dressing, French, fat free",3.0,39365,tablespoon,15.0,45.0,,3,1
16599316,30795266,39084381,50734,"Walnuts, kernel only",1.0,42128,portion,20.0,20.0,,4,1
16599317,30795317,39084443,50221,"Raspberries, raw",4.0,41361,portion,60.0,240.0,,1,
16599317,30795319,39084447,49561,"Milk, semi-skimmed, pasteurised, average",250.0,,,,,,2,
16599318,30795392,39084529,49791,"Pasta, wholewheat, spaghetti, dried, boiled in unsalted water",180.0,,,,,,1,1
16599318,30795396,39084533,50333,"Salmon, farmed, flesh only, baked",85.0,,,,,,2,1
16599318,30795599,39084760,47945,"Artichoke, globe, boiled, weighed as served",4.0,37274,heart,50.0,200.0,,3,1
16599318,30795601,39084762,48381,"Butter, unsalted",3.0,38165,teaspoon,5.0,15.0,,4,1
16599318,30795868,39085029,49718,"Oranges, flesh only",1.0,40481,large unit,210.0,210.0,,1,2
16599319,30795872,39085033,48309,"Bread, wholemeal, average",1.0,37960,medium slice,36.0,36.0,,1,
16599319,30795875,39085036,49516,"Mayonnaise, reduced fat",1.0,40101,heaped tablespoon,33.0,33.0,,2,
16599319,30795881,39085042,49191,Ham,1.0,39732,average slice,23.0,23.0,,3,
16599319,30795882,39085043,49561,"Milk, semi-skimmed, pasteurised, average",1.0,40164,average glass,200.0,200.0,,4,
14586890,25886520,32661839,48340,"Breakfast cereal, wheat biscuits, Weetabix type, fortified",3.0,38054,bisk,20.0,60.0,,1,
14586890,25886535,32661855,49561,"Milk, semi-skimmed, pasteurised, average",1.0,40165,average portion with cereals,100.0,100.0,,2,
14586890,25886551,32661876,49131,"Grapefruit juice, unsweetened",1.0,39644,average glass,160.0,160.0,,3,
14586890,25886520,32661839,48340,"Breakfast cereal, wheat biscuits, Weetabix type, fortified",3.0,38054,bisk,20.0,60.0,,1,
14586890,25886535,32661855,49561,"Milk, semi-skimmed, pasteurised, average",1.0,40165,average portion with cereals,100.0,100.0,,2,
14586890,25886551,32661876,49131,"Grapefruit juice, unsweetened",1.0,39644,average glass,160.0,160.0,,3,
14586890,25886520,32661839,48340,"Breakfast cereal, wheat biscuits, Weetabix type, fortified",3.0,38054,bisk,20.0,60.0,,1,
14586890,25886535,32661855,49561,"Milk, semi-skimmed, pasteurised, average",1.0,40165,average portion with cereals,100.0,100.0,,2,
14586890,25886551,32661876,49131,"Grapefruit juice, unsweetened",1.0,39644,average glass,160.0,160.0,,3,
14586890,25886520,32661839,48340,"Breakfast cereal, wheat biscuits, Weetabix type, fortified",3.0,38054,bisk,20.0,60.0,,1,
14586890,25886535,32661855,49561,"Milk, semi-skimmed, pasteurised, average",1.0,40165,average portion with cereals,100.0,100.0,,2,
14586890,25886551,32661876,49131,"Grapefruit juice, unsweetened",1.0,39644,average glass,160.0,160.0,,3,
14586890,25886520,36941098,48316,"Breakfast cereal, bran type cereal, fortified",1.0,37974,large portion,60.0,60.0,,1,
14586890,25886535,36940983,49569,"Milk, skimmed, pasteurised, winter",1.0,40217,average portion with cereals,100.0,100.0,,2,
14586890,25886551,36941020,49714,"Orange juice, chilled",1.0,40471,average glass,160.0,160.0,,3,
14586890,25886520,36941098,48316,"Breakfast cereal, bran type cereal, fortified",1.0,37974,large portion,60.0,60.0,,1,
14586890,25886535,36940983,49569,"Milk, skimmed, pasteurised, winter",1.0,40217,average portion with cereals,100.0,100.0,,2,
14586890,25886551,36941020,49714,"Orange juice, chilled",1.0,40471,average glass,160.0,160.0,,3,
14586890,25886520,36941098,48316,"Breakfast cereal, bran type cereal, fortified",1.0,37974,large portion,60.0,60.0,,1,
14586890,25886535,36940983,49569,"Milk, skimmed, pasteurised, winter",1.0,40217,average portion with cereals,100.0,100.0,,2,
14586890,25886551,36941020,49714,"Orange juice, chilled",1.0,40471,average glass,160.0,160.0,,3,
14586890,25886520,36941098,48316,"Breakfast cereal, bran type cereal, fortified",1.0,37974,large portion,60.0,60.0,,1,
14586890,25886535,36940983,49569,"Milk, skimmed, pasteurised, winter",1.0,40217,average portion with cereals,100.0,100.0,,2,
14586890,25886551,36941020,49714,"Orange juice, chilled",1.0,40471,average glass,160.0,160.0,,3,
14586891,25886559,32661887,47997,"Bananas, flesh only",1.0,37368,large unit,120.0,120.0,,1,
14586892,25886691,32662030,50672,"Tuna, canned in brine, drained",1.0,42040,small can,100.0,100.0,,1,1
14586892,25886701,32662040,49516,"Mayonnaise, reduced fat",1.0,40102,level tablespoon,15.0,15.0,,2,1
14586892,25886736,32662083,49005,"Fat spread, low fat (26-39%), not polyunsaturated, with olive oil",1.0,39426,medium spread,7.0,7.0,,3,1
14586892,25886754,32662104,48309,"Bread, wholemeal, average",2.0,37960,medium slice,36.0,72.0,,4,1
14586892,25886893,32662247,50319,"Salad, green",50.0,,,,,,5,1
14586892,25886903,32662260,50798,"Yogurt, whole milk, twin pot, thick and creamy with fruit",1.0,42261,average pot,125.0,125.0,,1,7
14586892,25886691,32662030,50672,"Tuna, canned in brine, drained",1.0,42040,small can,100.0,100.0,,1,1
14586892,25886701,32662040,49516,"Mayonnaise, reduced fat",1.0,40102,level tablespoon,15.0,15.0,,2,1
14586892,25886736,32662083,49005,"Fat spread, low fat (26-39%), not polyunsaturated, with olive oil",1.0,39426,medium spread,7.0,7.0,,3,1
14586892,25886754,32662104,48309,"Bread, wholemeal, average",2.0,37960,medium slice,36.0,72.0,,4,1
14586892,25886893,32662247,50319,"Salad, green",50.0,,,,,,5,1
14586892,25886903,32662260,50798,"Yogurt, whole milk, twin pot, thick and creamy with fruit",1.0,42261,average pot,125.0,125.0,,1,7
14586892,25886691,36941138,50339,"Salmon, pink, canned in brine, drained",1.0,41530,sandwich portion,45.0,45.0,,1,1
14586892,25886701,32662040,49516,"Mayonnaise, reduced fat",1.0,40102,level tablespoon,15.0,15.0,,2,1
14586892,25886736,32662083,49005,"Fat spread, low fat (26-39%), not polyunsaturated, with olive oil",1.0,39426,medium spread,7.0,7.0,,3,1
14586892,25886754,36941141,48298,"Bread, white, average",2.0,37926,medium slice,36.0,72.0,,4,1
14586892,25886893,32662247,50319,"Salad, green",50.0,,,,,,5,1
14586892,25886903,32662260,50798,"Yogurt, whole milk, twin pot, thick and creamy with fruit",1.0,42261,average pot,125.0,125.0,,1,7
14586892,25886691,36941138,50339,"Salmon, pink, canned in brine, drained",1.0,41530,sandwich portion,45.0,45.0,,1,1
14586892,25886701,32662040,49516,"Mayonnaise, reduced fat",1.0,40102,level tablespoon,15.0,15.0,,2,1
14586892,25886736,32662083,49005,"Fat spread, low fat (26-39%), not polyunsaturated, with olive oil",1.0,39426,medium spread,7.0,7.0,,3,1
14586892,25886754,36941141,48298,"Bread, white, average",2.0,37926,medium slice,36.0,72.0,,4,1
14586892,25886893,32662247,50319,"Salad, green",50.0,,,,,,5,1
14586892,25886903,32662260,50798,"Yogurt, whole milk, twin pot, thick and creamy with fruit",1.0,42261,average pot,125.0,125.0,,1,7
14586893,25886936,32662297,49829,"Peanut butter, smooth",1.0,40590,portion pack,25.0,25.0,,1,
14586893,25886938,32662299,47929,"Apples, eating, raw, flesh and skin",1.0,37265,medium eating,100.0,100.0,,2,
14586894,25886956,32662320,48088,"Beef, fillet steak, from steakhouse, lean and fat",1.0,37495,medium portion,144.0,144.0,,1,1
14586894,25886961,32662329,48349,"Broccoli, green, steamed",1.0,38076,medium portion,85.0,85.0,,2,1
14586894,25886984,32662379,50561,"Sweet potato, baked",1.0,41891,medium unit,65.0,65.0,,3,1
14586894,25887130,32662599,50572,"Sweetcorn, kernels, 'on-the-cob', raw, weighed with core",1.0,41909,average portion,85.0,85.0,,4,1
14586894,25887567,32663998,50182,"Pudding, rice, canned",1.0,41301,portion,200.0,200.0,,1,7
14586894,25886956,32662320,48088,"Beef, fillet steak, from steakhouse, lean and fat",1.0,37495,medium portion,144.0,144.0,,1,1
14586894,25886961,32662329,48349,"Broccoli, green, steamed",1.0,38076,medium portion,85.0,85.0,,2,1
14586894,25886984,32662379,50561,"Sweet potato, baked",1.0,41891,medium unit,65.0,65.0,,3,1
14586894,25887130,32662599,50572,"Sweetcorn, kernels, 'on-the-cob', raw, weighed with core",1.0,41909,average portion,85.0,85.0,,4,1
14586894,25887567,32663998,50182,"Pudding, rice, canned",1.0,41301,portion,200.0,200.0,,1,7
14586894,25886956,32662320,48088,"Beef, fillet steak, from steakhouse, lean and fat",1.0,37495,medium portion,144.0,144.0,,1,1
14586894,25886961,32662329,48349,"Broccoli, green, steamed",1.0,38076,medium portion,85.0,85.0,,2,1
14586894,25886984,32662379,50561,"Sweet potato, baked",1.0,41891,medium unit,65.0,65.0,,3,1
14586894,25887130,32662599,50572,"Sweetcorn, kernels, 'on-the-cob', raw, weighed with core",1.0,41909,average portion,85.0,85.0,,4,1
14586894,25887567,32663998,50182,"Pudding, rice, canned",1.0,41301,portion,200.0,200.0,,1,7
14586894,25886956,32662320,48088,"Beef, fillet steak, from steakhouse, lean and fat",1.0,37495,medium portion,144.0,144.0,,1,1
14586894,25886961,32662329,48349,"Broccoli, green, steamed",1.0,38076,medium portion,85.0,85.0,,2,1
14586894,25886984,32662379,50561,"Sweet potato, baked",1.0,41891,medium unit,65.0,65.0,,3,1
14586894,25887130,32662599,50572,"Sweetcorn, kernels, 'on-the-cob', raw, weighed with core",1.0,41909,average portion,85.0,85.0,,4,1
14586894,25887567,32663998,50182,"Pudding, rice, canned",1.0,41301,portion,200.0,200.0,,1,7
14586894,25886956,36941367,50045,"Pork, loin chops, raw, lean and fat",120.0,,,,,,1,1
14586894,25886961,32662329,48349,"Broccoli, green, steamed",1.0,38076,medium portion,85.0,85.0,,2,1
14586894,25886984,36941370,50140,"Potatoes, old, baked, flesh and skin",1.0,41226,small unit,100.0,100.0,,3,1
14586894,25887130,32662599,50572,"Sweetcorn, kernels, 'on-the-cob', raw, weighed with core",1.0,41909,average portion,85.0,85.0,,4,1
14586894,25887567,36941615,49600,"Mousse, fruit",1.0,40300,portion,60.0,60.0,,1,7
14586894,25886956,36941367,50045,"Pork, loin chops, raw, lean and fat",120.0,,,,,,1,1
14586894,25886961,32662329,48349,"Broccoli, green, steamed",1.0,38076,medium portion,85.0,85.0,,2,1
14586894,25886984,36941370,50140,"Potatoes, old, baked, flesh and skin",1.0,41226,small unit,100.0,100.0,,3,1
14586894,25887130,32662599,50572,"Sweetcorn, kernels, 'on-the-cob', raw, weighed with core",1.0,41909,average portion,85.0,85.0,,4,1
14586894,25887567,36941615,49600,"Mousse, fruit",1.0,40300,portion,60.0,60.0,,1,7
14586894,25886956,36941367,50045,"Pork, loin chops, raw, lean and fat",120.0,,,,,,1,1
14586894,25886961,32662329,48349,"Broccoli, green, steamed",1.0,38076,medium portion,85.0,85.0,,2,1
14586894,25886984,36941370,50140,"Potatoes, old, baked, flesh and skin",1.0,41226,small unit,100.0,100.0,,3,1
14586894,25887130,32662599,50572,"Sweetcorn, kernels, 'on-the-cob', raw, weighed with core",1.0,41909,average portion,85.0,85.0,,4,1
14586894,25887567,36941615,49600,"Mousse, fruit",1.0,40300,portion,60.0,60.0,,1,7
14586894,25886956,36941367,50045,"Pork, loin chops, raw, lean and fat",120.0,,,,,,1,1
14586894,25886961,32662329,48349,"Broccoli, green, steamed",1.0,38076,medium portion,85.0,85.0,,2,1
14586894,25886984,36941370,50140,"Potatoes, old, baked, flesh and skin",1.0,41226,small unit,100.0,100.0,,3,1
14586894,25887130,32662599,50572,"Sweetcorn, kernels, 'on-the-cob', raw, weighed with core",1.0,41909,average portion,85.0,85.0,,4,1
14586894,25887567,36941615,49600,"Mousse, fruit",1.0,40300,portion,60.0,60.0,,1,7
16599919,30595214,38850979,48287,"Bread, brown, toasted",1.0,37905,small slice,23.0,23.0,,1,
16599919,30595217,38850982,3957,"Plums, raw",1.0,7802,"unit (2-1/8"" dia)",66.0,66.0,,2,
16599919,30595218,38850983,1678,"Egg, whole, cooked, omelet",80.0,,,,,,3,
16599919,30595225,38850990,49630,"Mushrooms, white, raw",100.0,,,,,,4,
16599919,30595368,38851133,2196,"Oil, olive, salad or cooking",1.0,4835,tablespoon,13.5,13.5,,5,
16599916,30595236,38851001,3930,"Pears, raw",1.0,7750,medium unit,178.0,178.0,,1,
16601761,30599685,38855780,50342,"Salmon, smoked (cold-smoked)",3.0,41535,average portion,56.0,168.0,,1,
16601761,30599686,38855781,47959,"Avocado, flesh only, average, weighed with skin and stone",1.0,37289,medium pear,145.0,145.0,,2,
16601761,30599691,38855788,48310,"Bread, wholemeal, toasted",2.0,37963,medium slice,31.0,62.0,,3,
16601761,30599825,38855922,50637,"Tomatoes, cherry, raw",1.0,41995,salad portion,34.0,34.0,,4,
16601761,30599960,38856081,49714,"Orange juice, chilled",1.0,40472,individual cartoon,200.0,200.0,,5,
16601762,30599965,38856086,47997,"Bananas, flesh only",1.0,37368,large unit,120.0,120.0,,1,
16601763,30599976,38856098,49789,"Pasta, white, spaghetti, dried, boiled in unsalted water",1.0,40557,medium portion,220.0,220.0,,1,1
16601763,30599981,38856105,50158,"Prawns, king, grilled from raw",15.0,41268,unit,8.0,120.0,,2,1
16601763,30599984,38856108,50504,"Spinach, mature, raw",1.0,41811,serving,90.0,90.0,,3,1
16601763,30600223,38856351,49868,"Pepper, capsicum, red, raw",1.0,40662,medium unit,160.0,160.0,,4,1
16601763,30600227,38856356,48947,"Dressing, oil and lemon, homemade",1.0,39367,tablespoon,15.0,15.0,,5,1
16601763,30600230,38856360,50787,"Yogurt, low fat, fruit",1.0,42232,average pot,125.0,125.0,,1,2
16601764,30600241,38856382,48435,"Carrots, old, raw",1.0,38237,medium portion,60.0,60.0,,1,
16601764,30600243,38856384,48936,"Dips, sour-cream based, reduced fat",1.0,39355,heaped tablespoon,33.0,33.0,,2,
16601765,30600438,38856596,50489,"Soup, oxtail, canned",1.0,41781,medium portion,220.0,220.0,,1,0
16601765,30600576,38856734,48277,"Bread rolls, brown, crusty",2.0,37886,unit,48.0,96.0,,1,1
16601765,30600856,38857029,49009,"Fat spread, reduced fat (41-62%), polyunsaturated",2.0,39468,thin scraping on crispbread,2.0,4.0,,2,1
16601765,30601604,38857813,49281,"Kiwi fruit, flesh and seeds",2.0,39850,medium unit,60.0,120.0,,1,2
16599252,30593664,38849343,28190,"Soya, alternative to yoghurt (Provamel Dairy Free (Yofu) with added calcium)",150.0,,,,,,1,
16599252,30593668,38849347,3978,"Raspberries, raw",60.0,,,,,,2,
16599252,30593672,38849351,7797,Honey,1.0,15123,tbsp,21.0,21.0,,3,
16599252,30594104,38849819,5212,"Seeds, sesame seeds, whole, roasted and toasted",1.0,10124,oz,28.35,28.35,,4,
16599253,30593673,38849352,47930,"Apples, eating, raw, flesh and skin, weighed with core",1.0,37268,medium eating,112.0,112.0,,1,
16599254,30593675,38849354,6296,"Beans, french, mature seeds, cooked, boiled, without salt",1.0,12255,cup,177.0,177.0,,1,1
16599254,30593677,38849356,4554,"Cucumber, peeled, raw",100.0,,,,,,2,1
16599254,30593678,38849357,48435,"Carrots, old, raw",1.0,38236,small portion,40.0,40.0,,3,1
16599254,30593680,38849359,47958,"Avocado, average, flesh only",1.0,37287,half,75.0,75.0,,4,1
16599254,30593818,38849497,21813,"Vinaigrette sauce, with olive oil",5.0,,,,,,5,1
16599254,30594102,38849813,49448,"Lettuce, average, raw",1.0,40021,portion,20.0,20.0,,6,1
16599255,30593821,38849500,49967,"Plums, average, raw, flesh and skin, weighed with stones",1.0,40873,small unit,30.0,30.0,,1,
16599256,30593822,38849501,28507,"Soup, vegetable (carrot, onion, celery, parsnip, turnip), homemade",250.0,,,,,,1,0
16599256,30593824,38849511,7601,"Snacks, rice cracker brown rice, plain",1.0,14736,cake,18.0,18.0,,2,0
16599256,30594103,38849818,6407,"Hummus, home prepared",2.0,12431,tablespoon,15.0,30.0,,3,0
14587978,25889337,32666445,48340,"Breakfast cereal, wheat biscuits, Weetabix type, fortified",2.0,38054,bisk,20.0,40.0,,1,
14587978,25889342,32666453,50221,"Raspberries, raw",1.0,41361,portion,60.0,60.0,,2,
14587978,25889345,32666457,48262,Blueberries,50.0,37865,unit,2.0,100.0,,3,
14587978,25889347,32666459,49561,"Milk, semi-skimmed, pasteurised, average",1.0,40165,average portion with cereals,100.0,100.0,,4,
14587978,25889337,32666445,48340,"Breakfast cereal, wheat biscuits, Weetabix type, fortified",2.0,38054,bisk,20.0,40.0,,1,
14587978,25889342,32666453,50221,"Raspberries, raw",1.0,41361,portion,60.0,60.0,,2,
14587978,25889345,32666457,48262,Blueberries,50.0,37865,unit,2.0,100.0,,3,
14587978,25889347,32666459,49561,"Milk, semi-skimmed, pasteurised, average",1.0,40165,average portion with cereals,100.0,100.0,,4,
14587978,25889337,32666445,48340,"Breakfast cereal, wheat biscuits, Weetabix type, fortified",2.0,38054,bisk,20.0,40.0,,1,
14587978,25889342,32666453,50221,"Raspberries, raw",1.0,41361,portion,60.0,60.0,,2,
14587978,25889345,32666457,48262,Blueberries,50.0,37865,unit,2.0,100.0,,3,
14587978,25889347,36853493,49569,"Milk, skimmed, pasteurised, winter",1.0,40217,average portion with cereals,100.0,100.0,,4,
14587978,25889337,36853340,50092,"Porridge oats, unfortified",1.0,41085,small portion,110.0,110.0,,1,
14587978,25889342,32666453,50221,"Raspberries, raw",1.0,41361,portion,60.0,60.0,,2,
14587978,25889345,32666457,48262,Blueberries,50.0,37865,unit,2.0,100.0,,3,
14587978,25889347,36853493,49569,"Milk, skimmed, pasteurised, winter",1.0,40217,average portion with cereals,100.0,100.0,,4,
14587978,25889337,36853340,50092,"Porridge oats, unfortified",1.0,41085,small portion,110.0,110.0,,1,
14587978,25889342,32666453,50221,"Raspberries, raw",1.0,41361,portion,60.0,60.0,,2,
14587978,25889345,32666457,48262,Blueberries,50.0,37865,unit,2.0,100.0,,3,
14587978,25889347,36853578,49575,"Milk, whole, pasteurised, winter and spring",1.0,40263,average portion with cereals,100.0,100.0,,4,
14587978,25889337,36853340,50092,"Porridge oats, unfortified",1.0,41085,small portion,110.0,110.0,,1,
14587978,25889342,32666453,50221,"Raspberries, raw",1.0,41361,portion,60.0,60.0,,2,
14587978,25889345,32666457,48262,Blueberries,50.0,37865,unit,2.0,100.0,,3,
14587978,25889347,36853578,49575,"Milk, whole, pasteurised, winter and spring",1.0,40263,average portion with cereals,100.0,100.0,,4,
14587979,25889356,32666470,47910,"Almonds, toasted",1.0,37242,portion,13.0,13.0,,1,
14587979,25889356,36854083,48928,"Dates, raw, flesh and skin",50.0,,,,,,1,
14587980,25889373,32666497,50358,"Sandwich, white bread, chicken salad",1.0,41554,portion,205.0,205.0,,1,1
14587980,25889646,32666778,48435,"Carrots, old, raw",1.0,38237,medium portion,60.0,60.0,,2,1
14587980,25889750,32666902,49226,Houmous,1.0,39773,portion,60.0,60.0,,3,1
14587980,25889872,32667027,48474,"Celery, raw",1.0,38321,stick,30.0,30.0,,4,1
14587980,25889865,32667019,47929,"Apples, eating, raw, flesh and skin",1.0,37265,medium eating,100.0,100.0,,1,2
14587980,25889373,32666497,50358,"Sandwich, white bread, chicken salad",1.0,41554,portion,205.0,205.0,,1,1
14587980,25889646,32666778,48435,"Carrots, old, raw",1.0,38237,medium portion,60.0,60.0,,2,1
14587980,25889750,32666902,49226,Houmous,1.0,39773,portion,60.0,60.0,,3,1
14587980,25889872,32667027,48474,"Celery, raw",1.0,38321,stick,30.0,30.0,,4,1
14587980,25889865,32667019,47929,"Apples, eating, raw, flesh and skin",1.0,37265,medium eating,100.0,100.0,,1,2
14587980,25889373,32666497,50358,"Sandwich, white bread, chicken salad",1.0,41554,portion,205.0,205.0,,1,1
14587980,25889646,32666778,48435,"Carrots, old, raw",1.0,38237,medium portion,60.0,60.0,,2,1
14587980,25889750,32666902,49226,Houmous,1.0,39773,portion,60.0,60.0,,3,1
14587980,25889872,32667027,48474,"Celery, raw",1.0,38321,stick,30.0,30.0,,4,1
14587980,25889865,32667019,47929,"Apples, eating, raw, flesh and skin",1.0,37265,medium eating,100.0,100.0,,1,2
14587980,25889373,32666497,50358,"Sandwich, white bread, chicken salad",1.0,41554,portion,205.0,205.0,,1,1
14587980,25889646,32666778,48435,"Carrots, old, raw",1.0,38237,medium portion,60.0,60.0,,2,1
14587980,25889750,32666902,49226,Houmous,1.0,39773,portion,60.0,60.0,,3,1
14587980,25889872,32667027,48474,"Celery, raw",1.0,38321,stick,30.0,30.0,,4,1
14587980,25889865,32667019,47929,"Apples, eating, raw, flesh and skin",1.0,37265,medium eating,100.0,100.0,,1,2
14587980,25889373,32666497,50358,"Sandwich, white bread, chicken salad",1.0,41554,portion,205.0,205.0,,1,1
14587980,25889646,32666778,48435,"Carrots, old, raw",1.0,38237,medium portion,60.0,60.0,,2,1
14587980,25889750,32666902,49226,Houmous,1.0,39773,portion,60.0,60.0,,3,1
14587980,25889872,32667027,48474,"Celery, raw",1.0,38321,stick,30.0,30.0,,4,1
14587980,25889865,32667019,47929,"Apples, eating, raw, flesh and skin",1.0,37265,medium eating,100.0,100.0,,1,2
14587980,25889373,32666497,50358,"Sandwich, white bread, chicken salad",1.0,41554,portion,205.0,205.0,,1,1
14587980,25889646,32666778,48435,"Carrots, old, raw",1.0,38237,medium portion,60.0,60.0,,2,1
14587980,25889750,32666902,49226,Houmous,1.0,39773,portion,60.0,60.0,,3,1
14587980,25889872,32667027,48474,"Celery, raw",1.0,38321,stick,30.0,30.0,,4,1
14587980,25889865,32667019,47929,"Apples, eating, raw, flesh and skin",1.0,37265,medium eating,100.0,100.0,,1,2
14587980,25889373,32666497,50358,"Sandwich, white bread, chicken salad",1.0,41554,portion,205.0,205.0,,1,1
14587980,25889646,32666778,48435,"Carrots, old, raw",1.0,38237,medium portion,60.0,60.0,,2,1
14587980,25889750,32666902,49226,Houmous,1.0,39773,portion,60.0,60.0,,3,1
14587980,25889872,32667027,48474,"Celery, raw",1.0,38321,stick,30.0,30.0,,4,1
14587980,25889865,32667019,47929,"Apples, eating, raw, flesh and skin",1.0,37265,medium eating,100.0,100.0,,1,2
14587980,25889373,32666497,50358,"Sandwich, white bread, chicken salad",1.0,41554,portion,205.0,205.0,,1,1
14587980,25889646,32666778,48435,"Carrots, old, raw",1.0,38237,medium portion,60.0,60.0,,2,1
14587980,25889750,32666902,49226,Houmous,1.0,39773,portion,60.0,60.0,,3,1
14587980,25889872,32667027,48474,"Celery, raw",1.0,38321,stick,30.0,30.0,,4,1
14587980,25889865,32667019,47929,"Apples, eating, raw, flesh and skin",1.0,37265,medium eating,100.0,100.0,,1,2
14587980,25889373,32666497,50358,"Sandwich, white bread, chicken salad",1.0,41554,portion,205.0,205.0,,1,1
14587980,25889646,32666778,48435,"Carrots, old, raw",1.0,38237,medium portion,60.0,60.0,,2,1
14587980,25889750,32666902,49226,Houmous,1.0,39773,portion,60.0,60.0,,3,1
14587980,25889872,32667027,48474,"Celery, raw",1.0,38321,stick,30.0,30.0,,4,1
14587980,25889865,32667019,47929,"Apples, eating, raw, flesh and skin",1.0,37265,medium eating,100.0,100.0,,1,2
14587980,25889373,32666497,50358,"Sandwich, white bread, chicken salad",1.0,41554,portion,205.0,205.0,,1,1
14587980,25889646,32666778,48435,"Carrots, old, raw",1.0,38237,medium portion,60.0,60.0,,2,1
14587980,25889750,32666902,49226,Houmous,1.0,39773,portion,60.0,60.0,,3,1
14587980,25889872,32667027,48474,"Celery, raw",1.0,38321,stick,30.0,30.0,,4,1
14587980,25889865,32667019,47929,"Apples, eating, raw, flesh and skin",1.0,37265,medium eating,100.0,100.0,,1,2
14587980,25889373,32666497,50358,"Sandwich, white bread, chicken salad",1.0,41554,portion,205.0,205.0,,1,1
14587980,25889646,32666778,48435,"Carrots, old, raw",1.0,38237,medium portion,60.0,60.0,,2,1
14587980,25889750,32666902,49226,Houmous,1.0,39773,portion,60.0,60.0,,3,1
14587980,25889872,32667027,48474,"Celery, raw",1.0,38321,stick,30.0,30.0,,4,1
14587980,25889865,32667019,47929,"Apples, eating, raw, flesh and skin",1.0,37265,medium eating,100.0,100.0,,1,2
14587980,25889373,32666497,50358,"Sandwich, white bread, chicken salad",1.0,41554,portion,205.0,205.0,,1,1
14587980,25889646,32666778,48435,"Carrots, old, raw",1.0,38237,medium portion,60.0,60.0,,2,1
14587980,25889750,32666902,49226,Houmous,1.0,39773,portion,60.0,60.0,,3,1
14587980,25889872,32667027,48474,"Celery, raw",1.0,38321,stick,30.0,30.0,,4,1
14587980,25889865,32667019,47929,"Apples, eating, raw, flesh and skin",1.0,37265,medium eating,100.0,100.0,,1,2
14587980,25889373,32666497,50358,"Sandwich, white bread, chicken salad",1.0,41554,portion,205.0,205.0,,1,1
14587980,25889646,32666778,48435,"Carrots, old, raw",1.0,38237,medium portion,60.0,60.0,,2,1
14587980,25889750,32666902,49226,Houmous,1.0,39773,portion,60.0,60.0,,3,1
14587980,25889872,32667027,48474,"Celery, raw",1.0,38321,stick,30.0,30.0,,4,1
14587980,25889865,32667019,47929,"Apples, eating, raw, flesh and skin",1.0,37265,medium eating,100.0,100.0,,1,2
14587980,25889373,32666497,50358,"Sandwich, white bread, chicken salad",1.0,41554,portion,205.0,205.0,,1,1
14587980,25889646,32666778,48435,"Carrots, old, raw",1.0,38237,medium portion,60.0,60.0,,2,1
14587980,25889750,32666902,49226,Houmous,1.0,39773,portion,60.0,60.0,,3,1
14587980,25889872,32667027,48474,"Celery, raw",1.0,38321,stick,30.0,30.0,,4,1
14587980,25889865,32667019,47929,"Apples, eating, raw, flesh and skin",1.0,37265,medium eating,100.0,100.0,,1,2
14587980,25889373,32666497,50358,"Sandwich, white bread, chicken salad",1.0,41554,portion,205.0,205.0,,1,1
14587980,25889646,32666778,48435,"Carrots, old, raw",1.0,38237,medium portion,60.0,60.0,,2,1
14587980,25889750,32666902,49226,Houmous,1.0,39773,portion,60.0,60.0,,3,1
14587980,25889872,32667027,48474,"Celery, raw",1.0,38321,stick,30.0,30.0,,4,1
14587980,25889865,32667019,47929,"Apples, eating, raw, flesh and skin",1.0,37265,medium eating,100.0,100.0,,1,2
14587980,25889373,32666497,50358,"Sandwich, white bread, chicken salad",1.0,41554,portion,205.0,205.0,,1,1
14587980,25889646,32666778,48435,"Carrots, old, raw",1.0,38237,medium portion,60.0,60.0,,2,1
14587980,25889750,32666902,49226,Houmous,1.0,39773,portion,60.0,60.0,,3,1
14587980,25889872,32667027,48474,"Celery, raw",1.0,38321,stick,30.0,30.0,,4,1
14587980,25889865,32667019,47929,"Apples, eating, raw, flesh and skin",1.0,37265,medium eating,100.0,100.0,,1,2
14587980,25889373,36853691,50360,"Sandwich, white bread, ham salad",1.0,41556,portion,180.0,180.0,,1,1
14587980,25889646,32666778,48435,"Carrots, old, raw",1.0,38237,medium portion,60.0,60.0,,2,1
14587980,25889750,32666902,49226,Houmous,1.0,39773,portion,60.0,60.0,,3,1
14587980,25889872,32667027,48474,"Celery, raw",1.0,38321,stick,30.0,30.0,,4,1
14587980,25889865,32667019,47929,"Apples, eating, raw, flesh and skin",1.0,37265,medium eating,100.0,100.0,,1,2
14587980,25889373,36853691,50360,"Sandwich, white bread, ham salad",1.0,41556,portion,180.0,180.0,,1,1
14587980,25889646,32666778,48435,"Carrots, old, raw",1.0,38237,medium portion,60.0,60.0,,2,1
14587980,25889750,32666902,49226,Houmous,1.0,39773,portion,60.0,60.0,,3,1
14587980,25889872,32667027,48474,"Celery, raw",1.0,38321,stick,30.0,30.0,,4,1
14587980,25889865,32667019,47929,"Apples, eating, raw, flesh and skin",1.0,37265,medium eating,100.0,100.0,,1,2
14587980,25889373,36853691,50360,"Sandwich, white bread, ham salad",1.0,41556,portion,180.0,180.0,,1,1
14587980,25889646,32666778,48435,"Carrots, old, raw",1.0,38237,medium portion,60.0,60.0,,2,1
14587980,25889750,32666902,49226,Houmous,1.0,39773,portion,60.0,60.0,,3,1
14587980,25889872,32667027,48474,"Celery, raw",1.0,38321,stick,30.0,30.0,,4,1
14587980,25889865,32667019,47929,"Apples, eating, raw, flesh and skin",1.0,37265,medium eating,100.0,100.0,,1,2
14587980,25889373,36853691,50360,"Sandwich, white bread, ham salad",1.0,41556,portion,180.0,180.0,,1,1
14587980,25889646,32666778,48435,"Carrots, old, raw",1.0,38237,medium portion,60.0,60.0,,2,1
14587980,25889750,32666902,49226,Houmous,1.0,39773,portion,60.0,60.0,,3,1
14587980,25889872,32667027,48474,"Celery, raw",1.0,38321,stick,30.0,30.0,,4,1
14587980,25889865,32667019,47929,"Apples, eating, raw, flesh and skin",1.0,37265,medium eating,100.0,100.0,,1,2
14587980,25889373,36853691,50360,"Sandwich, white bread, ham salad",1.0,41556,portion,180.0,180.0,,1,1
14587980,25889646,32666778,48435,"Carrots, old, raw",1.0,38237,medium portion,60.0,60.0,,2,1
14587980,25889750,32666902,49226,Houmous,1.0,39773,portion,60.0,60.0,,3,1
14587980,25889872,32667027,48474,"Celery, raw",1.0,38321,stick,30.0,30.0,,4,1
14587980,25889865,32667019,47929,"Apples, eating, raw, flesh and skin",1.0,37265,medium eating,100.0,100.0,,1,2
14587980,25889373,36853691,50360,"Sandwich, white bread, ham salad",1.0,41556,portion,180.0,180.0,,1,1
14587980,25889646,32666778,48435,"Carrots, old, raw",1.0,38237,medium portion,60.0,60.0,,2,1
14587980,25889750,32666902,49226,Houmous,1.0,39773,portion,60.0,60.0,,3,1
14587980,25889872,32667027,48474,"Celery, raw",1.0,38321,stick,30.0,30.0,,4,1
14587980,25889865,32667019,47929,"Apples, eating, raw, flesh and skin",1.0,37265,medium eating,100.0,100.0,,1,2
14587980,25889373,36853691,50360,"Sandwich, white bread, ham salad",1.0,41556,portion,180.0,180.0,,1,1
14587980,25889646,32666778,48435,"Carrots, old, raw",1.0,38237,medium portion,60.0,60.0,,2,1
14587980,25889750,32666902,49226,Houmous,1.0,39773,portion,60.0,60.0,,3,1
14587980,25889872,32667027,48474,"Celery, raw",1.0,38321,stick,30.0,30.0,,4,1
14587980,25889865,32667019,47929,"Apples, eating, raw, flesh and skin",1.0,37265,medium eating,100.0,100.0,,1,2
14587980,25889373,36853691,50360,"Sandwich, white bread, ham salad",1.0,41556,portion,180.0,180.0,,1,1
14587980,25889646,32666778,48435,"Carrots, old, raw",1.0,38237,medium portion,60.0,60.0,,2,1
14587980,25889750,32666902,49226,Houmous,1.0,39773,portion,60.0,60.0,,3,1
14587980,25889872,32667027,48474,"Celery, raw",1.0,38321,stick,30.0,30.0,,4,1
14587980,25889865,32667019,47929,"Apples, eating, raw, flesh and skin",1.0,37265,medium eating,100.0,100.0,,1,2
14587980,25889373,36853691,50360,"Sandwich, white bread, ham salad",1.0,41556,portion,180.0,180.0,,1,1
14587980,25889646,36853805,49868,"Pepper, capsicum, red, raw",1.0,40662,medium unit,160.0,160.0,,2,1
14587980,25889750,36853767,48500,"Cheese, cottage, plain, reduced fat",1.0,38385,sandwich portion,50.0,50.0,,3,1
14587980,25889872,36853803,48800,"Cucumber, raw, flesh and skin",1.0,39095,1'' piece,60.0,60.0,,4,1
14587980,25889865,36854107,49837,"Pears, average, raw, flesh only",1.0,40607,medium comice unit,150.0,150.0,,1,2
14587980,25889373,36853691,50360,"Sandwich, white bread, ham salad",1.0,41556,portion,180.0,180.0,,1,1
14587980,25889646,36853805,49868,"Pepper, capsicum, red, raw",1.0,40662,medium unit,160.0,160.0,,2,1
14587980,25889750,36853767,48500,"Cheese, cottage, plain, reduced fat",1.0,38385,sandwich portion,50.0,50.0,,3,1
14587980,25889872,36853803,48800,"Cucumber, raw, flesh and skin",1.0,39095,1'' piece,60.0,60.0,,4,1
14587980,25889865,36854107,49837,"Pears, average, raw, flesh only",1.0,40607,medium comice unit,150.0,150.0,,1,2
14587980,25889373,36853691,50360,"Sandwich, white bread, ham salad",1.0,41556,portion,180.0,180.0,,1,1
14587980,25889646,36853805,49868,"Pepper, capsicum, red, raw",1.0,40662,medium unit,160.0,160.0,,2,1
14587980,25889750,36853767,48500,"Cheese, cottage, plain, reduced fat",1.0,38385,sandwich portion,50.0,50.0,,3,1
14587980,25889872,36853803,48800,"Cucumber, raw, flesh and skin",1.0,39095,1'' piece,60.0,60.0,,4,1
14587980,25889865,36854107,49837,"Pears, average, raw, flesh only",1.0,40607,medium comice unit,150.0,150.0,,1,2
14587980,25889373,36853691,50360,"Sandwich, white bread, ham salad",1.0,41556,portion,180.0,180.0,,1,1
14587980,25889646,36853805,49868,"Pepper, capsicum, red, raw",1.0,40662,medium unit,160.0,160.0,,2,1
14587980,25889750,36853767,48500,"Cheese, cottage, plain, reduced fat",1.0,38385,sandwich portion,50.0,50.0,,3,1
14587980,25889872,36853803,48800,"Cucumber, raw, flesh and skin",1.0,39095,1'' piece,60.0,60.0,,4,1
14587980,25889865,36854107,49837,"Pears, average, raw, flesh only",1.0,40607,medium comice unit,150.0,150.0,,1,2
14587980,25889373,36853691,50360,"Sandwich, white bread, ham salad",1.0,41556,portion,180.0,180.0,,1,1
14587980,25889646,36853805,49868,"Pepper, capsicum, red, raw",1.0,40662,medium unit,160.0,160.0,,2,1
14587980,25889750,36853767,48500,"Cheese, cottage, plain, reduced fat",1.0,38385,sandwich portion,50.0,50.0,,3,1
14587980,25889872,36853803,48800,"Cucumber, raw, flesh and skin",1.0,39095,1'' piece,60.0,60.0,,4,1
14587980,25889865,36854107,49837,"Pears, average, raw, flesh only",1.0,40607,medium comice unit,150.0,150.0,,1,2
14587980,25889373,36853691,50360,"Sandwich, white bread, ham salad",1.0,41556,portion,180.0,180.0,,1,1
14587980,25889646,36853805,49868,"Pepper, capsicum, red, raw",1.0,40662,medium unit,160.0,160.0,,2,1
14587980,25889750,36853767,48500,"Cheese, cottage, plain, reduced fat",1.0,38385,sandwich portion,50.0,50.0,,3,1
14587980,25889872,36853803,48800,"Cucumber, raw, flesh and skin",1.0,39095,1'' piece,60.0,60.0,,4,1
14587980,25889865,36854107,49837,"Pears, average, raw, flesh only",1.0,40607,medium comice unit,150.0,150.0,,1,2
14587980,25889373,36853691,50360,"Sandwich, white bread, ham salad",1.0,41556,portion,180.0,180.0,,1,1
14587980,25889646,36853805,49868,"Pepper, capsicum, red, raw",1.0,40662,medium unit,160.0,160.0,,2,1
14587980,25889750,36853767,48500,"Cheese, cottage, plain, reduced fat",1.0,38385,sandwich portion,50.0,50.0,,3,1
14587980,25889872,36853803,48800,"Cucumber, raw, flesh and skin",1.0,39095,1'' piece,60.0,60.0,,4,1
14587980,25889865,36854107,49837,"Pears, average, raw, flesh only",1.0,40607,medium comice unit,150.0,150.0,,1,2
14587980,25889373,36853691,50360,"Sandwich, white bread, ham salad",1.0,41556,portion,180.0,180.0,,1,1
14587980,25889646,36853805,49868,"Pepper, capsicum, red, raw",1.0,40662,medium unit,160.0,160.0,,2,1
14587980,25889750,36853767,48500,"Cheese, cottage, plain, reduced fat",1.0,38385,sandwich portion,50.0,50.0,,3,1
14587980,25889872,36853803,48800,"Cucumber, raw, flesh and skin",1.0,39095,1'' piece,60.0,60.0,,4,1
14587980,25889865,36854107,49837,"Pears, average, raw, flesh only",1.0,40607,medium comice unit,150.0,150.0,,1,2
14587980,25889373,36853763,50361,"Sandwich, white bread, tuna mayonnaise",1.0,41557,portion,165.0,165.0,,1,1
14587980,25889646,36853805,49868,"Pepper, capsicum, red, raw",1.0,40662,medium unit,160.0,160.0,,2,1
14587980,25889750,36853767,48500,"Cheese, cottage, plain, reduced fat",1.0,38385,sandwich portion,50.0,50.0,,3,1
14587980,25889872,36853803,48800,"Cucumber, raw, flesh and skin",1.0,39095,1'' piece,60.0,60.0,,4,1
14587980,25889865,36854107,49837,"Pears, average, raw, flesh only",1.0,40607,medium comice unit,150.0,150.0,,1,2
14587980,25889373,36853763,50361,"Sandwich, white bread, tuna mayonnaise",1.0,41557,portion,165.0,165.0,,1,1
14587980,25889646,36853805,49868,"Pepper, capsicum, red, raw",1.0,40662,medium unit,160.0,160.0,,2,1
14587980,25889750,36853767,48500,"Cheese, cottage, plain, reduced fat",1.0,38385,sandwich portion,50.0,50.0,,3,1
14587980,25889872,36853803,48800,"Cucumber, raw, flesh and skin",1.0,39095,1'' piece,60.0,60.0,,4,1
14587980,25889865,36854107,49837,"Pears, average, raw, flesh only",1.0,40607,medium comice unit,150.0,150.0,,1,2
14587980,25889373,36853763,50361,"Sandwich, white bread, tuna mayonnaise",1.0,41557,portion,165.0,165.0,,1,1
14587980,25889646,36853805,49868,"Pepper, capsicum, red, raw",1.0,40662,medium unit,160.0,160.0,,2,1
14587980,25889750,36853767,48500,"Cheese, cottage, plain, reduced fat",1.0,38385,sandwich portion,50.0,50.0,,3,1
14587980,25889872,36853803,48800,"Cucumber, raw, flesh and skin",1.0,39095,1'' piece,60.0,60.0,,4,1
14587980,25889865,36854107,49837,"Pears, average, raw, flesh only",1.0,40607,medium comice unit,150.0,150.0,,1,2
14587980,25889373,36853763,50361,"Sandwich, white bread, tuna mayonnaise",1.0,41557,portion,165.0,165.0,,1,1
14587980,25889646,36853805,49868,"Pepper, capsicum, red, raw",1.0,40662,medium unit,160.0,160.0,,2,1
14587980,25889750,36853767,48500,"Cheese, cottage, plain, reduced fat",1.0,38385,sandwich portion,50.0,50.0,,3,1
14587980,25889872,36853803,48800,"Cucumber, raw, flesh and skin",1.0,39095,1'' piece,60.0,60.0,,4,1
14587980,25889865,36854107,49837,"Pears, average, raw, flesh only",1.0,40607,medium comice unit,150.0,150.0,,1,2
14587980,25889373,36853763,50361,"Sandwich, white bread, tuna mayonnaise",1.0,41557,portion,165.0,165.0,,1,1
14587980,25889646,36853805,49868,"Pepper, capsicum, red, raw",1.0,40662,medium unit,160.0,160.0,,2,1
14587980,25889750,36853767,48500,"Cheese, cottage, plain, reduced fat",1.0,38385,sandwich portion,50.0,50.0,,3,1
14587980,25889872,36853803,48800,"Cucumber, raw, flesh and skin",1.0,39095,1'' piece,60.0,60.0,,4,1
14587980,25889865,36854107,49837,"Pears, average, raw, flesh only",1.0,40607,medium comice unit,150.0,150.0,,1,2
14587980,25889373,36853763,50361,"Sandwich, white bread, tuna mayonnaise",1.0,41557,portion,165.0,165.0,,1,1
14587980,25889646,36853805,49868,"Pepper, capsicum, red, raw",1.0,40662,medium unit,160.0,160.0,,2,1
14587980,25889750,36853767,48500,"Cheese, cottage, plain, reduced fat",1.0,38385,sandwich portion,50.0,50.0,,3,1
14587980,25889872,36853803,48800,"Cucumber, raw, flesh and skin",1.0,39095,1'' piece,60.0,60.0,,4,1
14587980,25889865,36854107,49837,"Pears, average, raw, flesh only",1.0,40607,medium comice unit,150.0,150.0,,1,2
14587980,25889373,36853763,50361,"Sandwich, white bread, tuna mayonnaise",1.0,41557,portion,165.0,165.0,,1,1
14587980,25889646,36853805,49868,"Pepper, capsicum, red, raw",1.0,40662,medium unit,160.0,160.0,,2,1
14587980,25889750,36853767,48500,"Cheese, cottage, plain, reduced fat",1.0,38385,sandwich portion,50.0,50.0,,3,1
14587980,25889872,36853803,48800,"Cucumber, raw, flesh and skin",1.0,39095,1'' piece,60.0,60.0,,4,1
14587980,25889865,36854107,49837,"Pears, average, raw, flesh only",1.0,40607,medium comice unit,150.0,150.0,,1,2
14587980,25889373,36853763,50361,"Sandwich, white bread, tuna mayonnaise",1.0,41557,portion,165.0,165.0,,1,1
14587980,25889646,36853805,49868,"Pepper, capsicum, red, raw",1.0,40662,medium unit,160.0,160.0,,2,1
14587980,25889750,36853767,48500,"Cheese, cottage, plain, reduced fat",1.0,38385,sandwich portion,50.0,50.0,,3,1
14587980,25889872,36853803,48800,"Cucumber, raw, flesh and skin",1.0,39095,1'' piece,60.0,60.0,,4,1
14587980,25889865,36854107,49837,"Pears, average, raw, flesh only",1.0,40607,medium comice unit,150.0,150.0,,1,2
14587980,25889373,36853763,50361,"Sandwich, white bread, tuna mayonnaise",1.0,41557,portion,165.0,165.0,,1,1
14587980,25889646,36853805,49868,"Pepper, capsicum, red, raw",1.0,40662,medium unit,160.0,160.0,,2,1
14587980,25889750,36853767,48500,"Cheese, cottage, plain, reduced fat",1.0,38385,sandwich portion,50.0,50.0,,3,1
14587980,25889872,36853803,48800,"Cucumber, raw, flesh and skin",1.0,39095,1'' piece,60.0,60.0,,4,1
14587980,25889865,36854107,49837,"Pears, average, raw, flesh only",1.0,40607,medium comice unit,150.0,150.0,,1,2
14587980,25889373,36853763,50361,"Sandwich, white bread, tuna mayonnaise",1.0,41557,portion,165.0,165.0,,1,1
14587980,25889646,36853805,49868,"Pepper, capsicum, red, raw",1.0,40662,medium unit,160.0,160.0,,2,1
14587980,25889750,36853767,48500,"Cheese, cottage, plain, reduced fat",1.0,38385,sandwich portion,50.0,50.0,,3,1
14587980,25889872,36853803,48800,"Cucumber, raw, flesh and skin",1.0,39095,1'' piece,60.0,60.0,,4,1
14587980,25889865,36854107,49837,"Pears, average, raw, flesh only",1.0,40607,medium comice unit,150.0,150.0,,1,2
14587980,25889373,36853763,50361,"Sandwich, white bread, tuna mayonnaise",1.0,41557,portion,165.0,165.0,,1,1
14587980,25889646,36853805,49868,"Pepper, capsicum, red, raw",1.0,40662,medium unit,160.0,160.0,,2,1
14587980,25889750,36853767,48500,"Cheese, cottage, plain, reduced fat",1.0,38385,sandwich portion,50.0,50.0,,3,1
14587980,25889872,36853803,48800,"Cucumber, raw, flesh and skin",1.0,39095,1'' piece,60.0,60.0,,4,1
14587980,25889865,36854107,49837,"Pears, average, raw, flesh only",1.0,40607,medium comice unit,150.0,150.0,,1,2
14587980,25889373,36853763,50361,"Sandwich, white bread, tuna mayonnaise",1.0,41557,portion,165.0,165.0,,1,1
14587980,25889646,36853805,49868,"Pepper, capsicum, red, raw",1.0,40662,medium unit,160.0,160.0,,2,1
14587980,25889750,36853767,48500,"Cheese, cottage, plain, reduced fat",1.0,38385,sandwich portion,50.0,50.0,,3,1
14587980,25889872,36853803,48800,"Cucumber, raw, flesh and skin",1.0,39095,1'' piece,60.0,60.0,,4,1
14587980,25889865,36854107,49837,"Pears, average, raw, flesh only",1.0,40607,medium comice unit,150.0,150.0,,1,2
14587980,25889373,36853763,50361,"Sandwich, white bread, tuna mayonnaise",1.0,41557,portion,165.0,165.0,,1,1
14587980,25889646,36853805,49868,"Pepper, capsicum, red, raw",1.0,40662,medium unit,160.0,160.0,,2,1
14587980,25889750,36853767,48500,"Cheese, cottage, plain, reduced fat",1.0,38385,sandwich portion,50.0,50.0,,3,1
14587980,25889872,36853803,48800,"Cucumber, raw, flesh and skin",1.0,39095,1'' piece,60.0,60.0,,4,1
14587980,25889865,36854107,49837,"Pears, average, raw, flesh only",1.0,40607,medium comice unit,150.0,150.0,,1,2
14587980,25889373,36853763,50361,"Sandwich, white bread, tuna mayonnaise",1.0,41557,portion,165.0,165.0,,1,1
14587980,25889646,36853805,49868,"Pepper, capsicum, red, raw",1.0,40662,medium unit,160.0,160.0,,2,1
14587980,25889750,36853767,48500,"Cheese, cottage, plain, reduced fat",1.0,38385,sandwich portion,50.0,50.0,,3,1
14587980,25889872,36853803,48800,"Cucumber, raw, flesh and skin",1.0,39095,1'' piece,60.0,60.0,,4,1
14587980,25889865,36854107,49837,"Pears, average, raw, flesh only",1.0,40607,medium comice unit,150.0,150.0,,1,2
14587980,25889373,36853763,50361,"Sandwich, white bread, tuna mayonnaise",1.0,41557,portion,165.0,165.0,,1,1
14587980,25889646,36853805,49868,"Pepper, capsicum, red, raw",1.0,40662,medium unit,160.0,160.0,,2,1
14587980,25889750,36853767,48500,"Cheese, cottage, plain, reduced fat",1.0,38385,sandwich portion,50.0,50.0,,3,1
14587980,25889872,36853803,48800,"Cucumber, raw, flesh and skin",1.0,39095,1'' piece,60.0,60.0,,4,1
14587980,25889865,36854107,49837,"Pears, average, raw, flesh only",1.0,40607,medium comice unit,150.0,150.0,,1,2
14587980,25889373,36853763,50361,"Sandwich, white bread, tuna mayonnaise",1.0,41557,portion,165.0,165.0,,1,1
14587980,25889646,36853805,49868,"Pepper, capsicum, red, raw",1.0,40662,medium unit,160.0,160.0,,2,1
14587980,25889750,36853767,48500,"Cheese, cottage, plain, reduced fat",1.0,38385,sandwich portion,50.0,50.0,,3,1
14587980,25889872,36853803,48800,"Cucumber, raw, flesh and skin",1.0,39095,1'' piece,60.0,60.0,,4,1
14587980,25889865,36854107,49837,"Pears, average, raw, flesh only",1.0,40607,medium comice unit,150.0,150.0,,1,2
14587981,29101015,36944407,9202,"Snacks, popcorn, microwave, low fat",2.0,17300,oz,28.35,56.7,,1,
14587981,29101019,36944417,7565,"Snacks, beef jerky, chopped and formed",1.0,14663,oz,28.35,28.35,,2,
14587982,25890328,32667585,48687,"Cod, flesh only, baked",1.0,38812,medium fillet,120.0,120.0,,1,1
14587982,25890330,32667587,50137,"Potatoes, new and salad, boiled in unsalted water, flesh and skin",1.0,41219,medium portion,175.0,175.0,,2,1
14587982,25890478,32667735,50723,"Vegetables, mixed, frozen, boiled in unsalted water",1.0,42120,serving,90.0,90.0,,3,1
14587982,25890642,32667951,50787,"Yogurt, low fat, fruit",1.0,42232,average pot,125.0,125.0,,1,2
14587982,25890328,32667585,48687,"Cod, flesh only, baked",1.0,38812,medium fillet,120.0,120.0,,1,1
14587982,25890330,32667587,50137,"Potatoes, new and salad, boiled in unsalted water, flesh and skin",1.0,41219,medium portion,175.0,175.0,,2,1
14587982,25890478,32667735,50723,"Vegetables, mixed, frozen, boiled in unsalted water",1.0,42120,serving,90.0,90.0,,3,1
14587982,25890642,32667951,50787,"Yogurt, low fat, fruit",1.0,42232,average pot,125.0,125.0,,1,2
14587982,25890328,32667585,48687,"Cod, flesh only, baked",1.0,38812,medium fillet,120.0,120.0,,1,1
14587982,25890330,36854064,50268,"Rice, white, basmati, raw",100.0,,,,,,2,1
14587982,25890478,32667735,50723,"Vegetables, mixed, frozen, boiled in unsalted water",1.0,42120,serving,90.0,90.0,,3,1
14587982,25890642,32667951,50787,"Yogurt, low fat, fruit",1.0,42232,average pot,125.0,125.0,,1,2
14587982,25890328,36854036,49165,"Haddock, flesh only, grilled, fillets weighed with bones and skin",1.0,39700,medium fillet,120.0,120.0,,1,1
14587982,25890330,36854064,50268,"Rice, white, basmati, raw",100.0,,,,,,2,1
14587982,25890478,32667735,50723,"Vegetables, mixed, frozen, boiled in unsalted water",1.0,42120,serving,90.0,90.0,,3,1
14587982,25890642,32667951,50787,"Yogurt, low fat, fruit",1.0,42232,average pot,125.0,125.0,,1,2
14587982,25890328,36854036,49165,"Haddock, flesh only, grilled, fillets weighed with bones and skin",1.0,39700,medium fillet,120.0,120.0,,1,1
14587982,25890330,36854065,50255,"Rice, brown, wholegrain, raw",100.0,,,,,,2,1
14587982,25890478,32667735,50723,"Vegetables, mixed, frozen, boiled in unsalted water",1.0,42120,serving,90.0,90.0,,3,1
14587982,25890642,32667951,50787,"Yogurt, low fat, fruit",1.0,42232,average pot,125.0,125.0,,1,2
14587982,25890328,36854036,49165,"Haddock, flesh only, grilled, fillets weighed with bones and skin",1.0,39700,medium fillet,120.0,120.0,,1,1
14587982,25890330,36854065,50255,"Rice, brown, wholegrain, raw",100.0,,,,,,2,1
14587982,25890478,32667735,50723,"Vegetables, mixed, frozen, boiled in unsalted water",1.0,42120,serving,90.0,90.0,,3,1
14587982,25890642,32667951,50787,"Yogurt, low fat, fruit",1.0,42232,average pot,125.0,125.0,,1,2
16600669,30597032,38852878,48287,"Bread, brown, toasted",2.0,37906,medium slice,31.0,62.0,,1,
16600669,30597216,38853063,50406,"Sausages, pork, reduced fat, grilled",3.0,41607,large unit,40.0,120.0,,2,
16600669,30597217,38853064,48353,"Brown sauce, reduced salt/sugar",1.0,38089,portion pack,20.0,20.0,,3,
16600669,30597484,38853375,50640,"Tomatoes, standard, grilled, flesh and seeds only",1.0,42004,small unit,65.0,65.0,,4,
16600669,30597032,38852880,48310,"Bread, wholemeal, toasted",2.0,37963,medium slice,31.0,62.0,,1,
16600669,30597216,38853063,50406,"Sausages, pork, reduced fat, grilled",3.0,41607,large unit,40.0,120.0,,2,
16600669,30597217,38853064,48353,"Brown sauce, reduced salt/sugar",1.0,38089,portion pack,20.0,20.0,,3,
16600669,30597484,38853375,50640,"Tomatoes, standard, grilled, flesh and seeds only",1.0,42004,small unit,65.0,65.0,,4,
16600670,30597489,38853380,47997,"Bananas, flesh only",1.0,37368,large unit,120.0,120.0,,1,
16600671,30598715,38854735,176474,Uncle Bens Mexican Style Rice (Microwave),1.0,137926,Portion (1/2 pack),125.0,125.0,,1,1
16600671,30598716,38854736,176472,Black Beans in Water (drained & cooked),2.0,137924,Medium Portion,100.0,200.0,,2,1
16600671,30598717,38854737,47959,"Avocado, flesh only, average, weighed with skin and stone",1.0,37288,small pear,100.0,100.0,,3,1
16600671,30598819,38854839,50641,"Tomatoes, standard, raw",1.0,42009,medium unit,85.0,85.0,,4,1
16600671,30598821,38854841,49451,"Lime juice, fresh",1.0,40025,portion,10.0,10.0,,5,1
16600671,30598824,38854844,48571,"Chicken, breast, grilled without skin, meat only",1.0,38548,medium portion,130.0,130.0,,6,1
16600671,30598826,38854847,49712,"Onions, raw",1.0,40461,small unit,60.0,60.0,,7,1
16600671,30598965,38854986,50654,"Tortilla, wheat, soft",1.0,42027,unit,40.0,40.0,,8,1
16600671,30598970,38854991,48936,"Dips, sour-cream based, reduced fat",1.0,39355,heaped tablespoon,33.0,33.0,,9,1
16600672,30597492,38853384,47929,"Apples, eating, raw, flesh and skin",1.0,37265,medium eating,100.0,100.0,,1,
16600673,30599375,38855408,50477,"Soup, gazpacho, homemade",1.0,41736,large can,405.0,405.0,,1,0
16600673,30599389,38855422,48277,"Bread rolls, brown, crusty",1.0,37886,unit,48.0,48.0,,1,1
16600673,30599390,38855423,50792,"Yogurt, virtually fat free/diet, fruit",1.0,42245,average pot,125.0,125.0,,1,7
16224876,29893079,38021608,49698,"Omelette, plain, homemade",1.0,40447,portion,120.0,120.0,,1,
16224876,29893080,38021609,50500,"Spinach, baby, raw",100.0,,,,,,2,
16224876,29893084,38021613,49630,"Mushrooms, white, raw",1.0,40346,medium serving,10.0,10.0,,3,
16224876,29893086,38021615,49191,Ham,1.0,39732,average slice,23.0,23.0,,4,
16224876,29893089,38021618,48432,Carrot juice,1.0,38221,average glass,160.0,160.0,,5,
16224877,29893090,38021620,47997,"Bananas, flesh only",1.0,37368,large unit,120.0,120.0,,1,
16224877,29893133,38021679,48286,"Bread, brown, average",1.0,37902,small slice,25.0,25.0,,2,
16224877,29893135,38021682,48669,"Cinnamon, ground",1.0,38790,teaspoon,3.0,3.0,,3,
16224877,29893793,38022584,49829,"Peanut butter, smooth",1.0,40591,thin spread,12.0,12.0,,4,
16224877,29893090,38021620,47997,"Bananas, flesh only",1.0,37368,large unit,120.0,120.0,,1,
16224877,29893133,38021680,48298,"Bread, white, average",1.0,37925,small slice,25.0,25.0,,2,
16224877,29893135,38021682,48669,"Cinnamon, ground",1.0,38790,teaspoon,3.0,3.0,,3,
16224877,29893793,38022584,49829,"Peanut butter, smooth",1.0,40591,thin spread,12.0,12.0,,4,
16224878,29893347,38021928,50672,"Tuna, canned in brine, drained",1.0,42040,small can,100.0,100.0,,1,1
16224878,29893372,38021970,48800,"Cucumber, raw, flesh and skin",2.0,39095,1'' piece,60.0,120.0,,2,1
16224878,29893373,38021971,48507,"Cheese, Feta",50.0,,,,,,3,1
16224878,29893374,38021972,50641,"Tomatoes, standard, raw",1.0,42010,large unit,150.0,150.0,,4,1
16224878,29893590,38022262,50731,Vinegar,1.0,42126,tablespoon,15.0,15.0,,5,1
16224878,29893625,38022335,48784,"Creme caramel, retail",1.0,39065,portion,100.0,100.0,,1,2
16224879,29893607,38022285,50463,Smoothies,100.0,,,,,,1,
16224879,29893823,38022614,48475,"Cereal bars, with fruit and/or nuts, no chocolate, unfortified",1.0,38322,unit,30.0,30.0,,2,
16224880,29893696,38022410,50516,"Squash, butternut, baked",1.0,41830,serving,65.0,65.0,,1,1
16224880,29893697,38022411,50206,"Quinoa, raw",100.0,,,,,,2,1
16224880,29893701,38022416,49868,"Pepper, capsicum, red, raw",1.0,40662,medium unit,160.0,160.0,,3,1
16224880,29893724,38022507,49342,"Lamb, loin chops, grilled, lean, weighed with fat and bone",3.0,39945,portion,120.0,360.0,,4,1
16224880,29893788,38022578,49256,"Jelly, made with water",1.0,39824,portion,115.0,115.0,,1,2
16600323,30596288,38852098,28198,"Yoghurt, low fat (Danone Vitalinea/Shape)",200.0,,,,,,1,
16600323,30596382,38852192,50216,Raisins,1.0,41358,tablespoon,30.0,30.0,,2,
16600323,30596385,38852208,67479,"Seeds, hemp seed, hulled",20.0,,,,,,3,
16600324,30596392,38852222,49969,"Plums, Victoria, flesh and skin, raw",1.0,40878,medium unit,55.0,55.0,,1,
16600325,30596410,38852241,7133,"Bread, whole-wheat, commercially prepared",1.0,13672,slice,32.0,32.0,,1,1
16600325,30596411,38852243,50680,Turkey slices,2.0,42045,portion,23.0,46.0,,2,1
16600325,30596810,38852643,49448,"Lettuce, average, raw",1.0,40022,iceberg unit,80.0,80.0,,3,1
16600325,30596967,38852813,49845,"Pears, raw, flesh only, peeled, weighed with skin and core",1.0,40616,medium conference unit,170.0,170.0,,4,1
16600326,30597139,38852986,3892,"Oranges, raw, Florida",1.0,7668,"unit (2-5/8"" dia)",141.0,141.0,,1,
16603319,30603575,38859940,7123,"Bread, rye",2.0,13633,regular slice,32.0,64.0,,1,
16603319,30603587,38859952,7798,Jams and preserves,1.0,15125,tbsp,20.0,20.0,,2,
16603319,30603592,38859957,7123,"Bread, rye",2.0,13635,thin slice,25.0,50.0,,3,
16603319,30604045,38860452,50343,"Salmon, smoked (hot-smoked)",1.0,41536,portion,56.0,56.0,,4,
16603321,30604053,38860463,28488,"Soup, vegetable (carrot, celery, tomato, onion), homemade",100.0,,,,,,1,0
16603321,30604699,38861238,50265,"Rice, white, basmati, boiled in unsalted water",1.0,41406,medium portion,180.0,180.0,,1,1
16603321,30604916,38861455,50338,"Salmon, farmed, flesh only, steamed, fillets weighed with bones and skin",1.0,41528,large steaks,170.0,170.0,,2,1
16603321,30605871,38862562,2196,"Oil, olive, salad or cooking",1.0,4837,tsp,4.5,4.5,,3,1
16603321,30605410,38862000,3894,"Orange juice, raw",1.0,7672,cup,248.0,248.0,,1,2
16603321,30607340,38864131,4059,"Apples, raw, gala, with skin",1.0,7998,small unit,157.0,157.0,,2,2
16603323,30606445,38863202,2872,"Soup, vegetable, canned, low sodium, condensed",1.0,6224,cup,126.0,126.0,,1,0
16603323,30606763,38863522,49790,"Pasta, white, twists, fusilli, dried, boiled in salted water",1.0,40559,small portion,150.0,150.0,,1,1
16603323,30607032,38863796,381,Dourada grelhada,200.0,,,,,,2,1
16603323,30607296,38864061,47929,"Apples, eating, raw, flesh and skin",2.0,37265,medium eating,100.0,200.0,,1,2
16214949,29658498,37734262,48328,"Breakfast cereal, multigrain hoops, fortified",1.0,38015,large portion,50.0,50.0,,1,
16214949,29658499,37734263,49561,"Milk, semi-skimmed, pasteurised, average",1.0,40165,average portion with cereals,100.0,100.0,,2,
16214949,29658538,37734307,50537,"Strawberries, raw",1.0,41860,average portion,100.0,100.0,,3,
16214949,29658498,37734262,48328,"Breakfast cereal, multigrain hoops, fortified",1.0,38015,large portion,50.0,50.0,,1,
16214949,29658499,37734306,49569,"Milk, skimmed, pasteurised, winter",1.0,40217,average portion with cereals,100.0,100.0,,2,
16214949,29658538,37734307,50537,"Strawberries, raw",1.0,41860,average portion,100.0,100.0,,3,
16214950,29658722,37734503,49667,"Nuts, mixed",30.0,,,,,,1,
16214950,29658723,37734504,47930,"Apples, eating, raw, flesh and skin, weighed with core",1.0,37268,medium eating,112.0,112.0,,2,
16214951,29658870,37734651,50482,"Soup, lentil, homemade",1.0,41752,medium portion,220.0,220.0,,1,0
16214951,29658886,37734678,48277,"Bread rolls, brown, crusty",2.0,37887,mini loaf,40.0,80.0,,1,1
16214951,29658891,37734685,49011,"Fat spread, reduced fat (62-75%), polyunsaturated",2.0,39480,medium spread,7.0,14.0,,2,1
16214951,29658988,37734787,47998,"Bananas, raw, flesh only, weighed with skin",1.0,37371,medium unit,100.0,100.0,,1,2
16214951,29658993,37734794,49216,Honey,1.0,39759,heaped teaspoon,17.0,17.0,,2,2
16214951,29659005,37734808,50193,Pumpkin seeds,15.0,,,,,,3,2
16214951,29659253,37735059,50789,"Yogurt, low fat, plain",1.0,42238,average pot,125.0,125.0,,4,2
16214951,29658870,37734651,50482,"Soup, lentil, homemade",1.0,41752,medium portion,220.0,220.0,,1,0
16214951,29658886,37734678,48277,"Bread rolls, brown, crusty",2.0,37887,mini loaf,40.0,80.0,,1,1
16214951,29658891,37734685,49011,"Fat spread, reduced fat (62-75%), polyunsaturated",2.0,39480,medium spread,7.0,14.0,,2,1
16214951,29658988,37734787,47998,"Bananas, raw, flesh only, weighed with skin",1.0,37371,medium unit,100.0,100.0,,1,2
16214951,29658993,37734794,49216,Honey,1.0,39759,heaped teaspoon,17.0,17.0,,2,2
16214951,29659005,37734808,50193,Pumpkin seeds,15.0,,,,,,3,2
16214951,29659253,37735059,50789,"Yogurt, low fat, plain",1.0,42238,average pot,125.0,125.0,,4,2
16214951,29658870,37734651,50482,"Soup, lentil, homemade",1.0,41752,medium portion,220.0,220.0,,1,0
16214951,29658886,37734678,48277,"Bread rolls, brown, crusty",2.0,37887,mini loaf,40.0,80.0,,1,1
16214951,29658891,37734685,49011,"Fat spread, reduced fat (62-75%), polyunsaturated",2.0,39480,medium spread,7.0,14.0,,2,1
16214951,29658988,37734787,47998,"Bananas, raw, flesh only, weighed with skin",1.0,37371,medium unit,100.0,100.0,,1,2
16214951,29658993,37734794,49216,Honey,1.0,39759,heaped teaspoon,17.0,17.0,,2,2
16214951,29659005,37734808,50193,Pumpkin seeds,15.0,,,,,,3,2
16214951,29659253,37735059,50789,"Yogurt, low fat, plain",1.0,42238,average pot,125.0,125.0,,4,2
16214951,29658870,37734651,50482,"Soup, lentil, homemade",1.0,41752,medium portion,220.0,220.0,,1,0
16214951,29658886,37734678,48277,"Bread rolls, brown, crusty",2.0,37887,mini loaf,40.0,80.0,,1,1
16214951,29658891,37734685,49011,"Fat spread, reduced fat (62-75%), polyunsaturated",2.0,39480,medium spread,7.0,14.0,,2,1
16214951,29658988,37734787,47998,"Bananas, raw, flesh only, weighed with skin",1.0,37371,medium unit,100.0,100.0,,1,2
16214951,29658993,37734794,49216,Honey,1.0,39759,heaped teaspoon,17.0,17.0,,2,2
16214951,29659005,37734808,50193,Pumpkin seeds,15.0,,,,,,3,2
16214951,29659253,37735059,50789,"Yogurt, low fat, plain",1.0,42238,average pot,125.0,125.0,,4,2
16214951,29658870,37734674,50485,"Soup, minestrone, homemade",1.0,41765,medium portion,220.0,220.0,,1,0
16214951,29658886,37734681,48280,"Bread rolls, white, crusty",2.0,37894,unit,50.0,100.0,,1,1
16214951,29658891,37734685,49011,"Fat spread, reduced fat (62-75%), polyunsaturated",2.0,39480,medium spread,7.0,14.0,,2,1
16214951,29658988,37734793,50221,"Raspberries, raw",1.0,41361,portion,60.0,60.0,,1,2
16214951,29658993,37734794,49216,Honey,1.0,39759,heaped teaspoon,17.0,17.0,,2,2
16214951,29659005,37734808,50193,Pumpkin seeds,15.0,,,,,,3,2
16214951,29659253,37735059,50789,"Yogurt, low fat, plain",1.0,42238,average pot,125.0,125.0,,4,2
16214951,29658870,37734674,50485,"Soup, minestrone, homemade",1.0,41765,medium portion,220.0,220.0,,1,0
16214951,29658886,37734681,48280,"Bread rolls, white, crusty",2.0,37894,unit,50.0,100.0,,1,1
16214951,29658891,37734685,49011,"Fat spread, reduced fat (62-75%), polyunsaturated",2.0,39480,medium spread,7.0,14.0,,2,1
16214951,29658988,37734793,50221,"Raspberries, raw",1.0,41361,portion,60.0,60.0,,1,2
16214951,29658993,37734794,49216,Honey,1.0,39759,heaped teaspoon,17.0,17.0,,2,2
16214951,29659005,37734808,50193,Pumpkin seeds,15.0,,,,,,3,2
16214951,29659253,37735059,50789,"Yogurt, low fat, plain",1.0,42238,average pot,125.0,125.0,,4,2
16214951,29658870,37734674,50485,"Soup, minestrone, homemade",1.0,41765,medium portion,220.0,220.0,,1,0
16214951,29658886,37734681,48280,"Bread rolls, white, crusty",2.0,37894,unit,50.0,100.0,,1,1
16214951,29658891,37734685,49011,"Fat spread, reduced fat (62-75%), polyunsaturated",2.0,39480,medium spread,7.0,14.0,,2,1
16214951,29658988,37734793,50221,"Raspberries, raw",1.0,41361,portion,60.0,60.0,,1,2
16214951,29658993,37734794,49216,Honey,1.0,39759,heaped teaspoon,17.0,17.0,,2,2
16214951,29659005,37734808,50193,Pumpkin seeds,15.0,,,,,,3,2
16214951,29659253,37735059,50789,"Yogurt, low fat, plain",1.0,42238,average pot,125.0,125.0,,4,2
16214951,29658870,37734674,50485,"Soup, minestrone, homemade",1.0,41765,medium portion,220.0,220.0,,1,0
16214951,29658886,37734681,48280,"Bread rolls, white, crusty",2.0,37894,unit,50.0,100.0,,1,1
16214951,29658891,37734685,49011,"Fat spread, reduced fat (62-75%), polyunsaturated",2.0,39480,medium spread,7.0,14.0,,2,1
16214951,29658988,37734793,50221,"Raspberries, raw",1.0,41361,portion,60.0,60.0,,1,2
16214951,29658993,37734794,49216,Honey,1.0,39759,heaped teaspoon,17.0,17.0,,2,2
16214951,29659005,37734808,50193,Pumpkin seeds,15.0,,,,,,3,2
16214951,29659253,37735059,50789,"Yogurt, low fat, plain",1.0,42238,average pot,125.0,125.0,,4,2
16214952,29659247,37735053,49137,"Grapes, green",1.0,39665,small bunch,100.0,100.0,,1,
16214952,29659377,37735227,48530,"Cheese, spreadable, soft white, low fat",100.0,,,,,,2,
16214952,29659381,37735231,48771,Cream crackers,3.0,39045,unit,7.0,21.0,,3,
16214953,29659384,37735234,50015,"Pork, fillet slices, grilled, lean",1.0,40935,large portion,150.0,150.0,,1,1
16214953,29659483,37735333,49868,"Pepper, capsicum, red, raw",5.0,40663,sliced ring,10.0,50.0,,2,1
16214953,29659486,37735336,50326,"Salad, tomato and onion",100.0,,,,,,3,1
16214953,29659569,37735420,50571,"Sweetcorn, kernels, boiled 'on the cob' in unsalted water, weighed with core",1.0,41904,unit,125.0,125.0,,4,1
16214953,29659570,37735424,50276,"Rice, wild, boiled in unsalted water",1.0,41425,small portion,100.0,100.0,,5,1
16214953,29659586,37735442,48025,"Beans, blackeye, whole, dried, raw",50.0,,,,,,6,1
16214953,29659864,37735726,47995,"Banana bread, homemade",1.0,37365,slice,85.0,85.0,,1,2
16214953,29659865,37735727,49829,"Peanut butter, smooth",1.0,40590,portion pack,25.0,25.0,,2,2
16214953,29659384,37735234,50015,"Pork, fillet slices, grilled, lean",1.0,40935,large portion,150.0,150.0,,1,1
16214953,29659483,37735333,49868,"Pepper, capsicum, red, raw",5.0,40663,sliced ring,10.0,50.0,,2,1
16214953,29659486,37735336,50326,"Salad, tomato and onion",100.0,,,,,,3,1
16214953,29659569,37735420,50571,"Sweetcorn, kernels, boiled 'on the cob' in unsalted water, weighed with core",1.0,41904,unit,125.0,125.0,,4,1
16214953,29659570,37735424,50276,"Rice, wild, boiled in unsalted water",1.0,41425,small portion,100.0,100.0,,5,1
16214953,29659586,37735442,48025,"Beans, blackeye, whole, dried, raw",50.0,,,,,,6,1
16214953,29659864,37735726,47995,"Banana bread, homemade",1.0,37365,slice,85.0,85.0,,1,2
16214953,29659865,37735727,49829,"Peanut butter, smooth",1.0,40590,portion pack,25.0,25.0,,2,2
16214953,29659384,37735234,50015,"Pork, fillet slices, grilled, lean",1.0,40935,large portion,150.0,150.0,,1,1
16214953,29659483,37735333,49868,"Pepper, capsicum, red, raw",5.0,40663,sliced ring,10.0,50.0,,2,1
16214953,29659486,37735336,50326,"Salad, tomato and onion",100.0,,,,,,3,1
16214953,29659569,37735420,50571,"Sweetcorn, kernels, boiled 'on the cob' in unsalted water, weighed with core",1.0,41904,unit,125.0,125.0,,4,1
16214953,29659570,37735425,50250,"Rice, brown, basmati, boiled in unsalted water",1.0,41382,small portion,100.0,100.0,,5,1
16214953,29659586,37735442,48025,"Beans, blackeye, whole, dried, raw",50.0,,,,,,6,1
16214953,29659864,37735726,47995,"Banana bread, homemade",1.0,37365,slice,85.0,85.0,,1,2
16214953,29659865,37735727,49829,"Peanut butter, smooth",1.0,40590,portion pack,25.0,25.0,,2,2
16214953,29659384,37735337,48571,"Chicken, breast, grilled without skin, meat only",1.0,38548,medium portion,130.0,130.0,,1,1
16214953,29659483,37735333,49868,"Pepper, capsicum, red, raw",5.0,40663,sliced ring,10.0,50.0,,2,1
16214953,29659486,37735336,50326,"Salad, tomato and onion",100.0,,,,,,3,1
16214953,29659569,37735420,50571,"Sweetcorn, kernels, boiled 'on the cob' in unsalted water, weighed with core",1.0,41904,unit,125.0,125.0,,4,1
16214953,29659570,37735425,50250,"Rice, brown, basmati, boiled in unsalted water",1.0,41382,small portion,100.0,100.0,,5,1
16214953,29659586,37735442,48025,"Beans, blackeye, whole, dried, raw",50.0,,,,,,6,1
16214953,29659864,37735726,47995,"Banana bread, homemade",1.0,37365,slice,85.0,85.0,,1,2
16214953,29659865,37735727,49829,"Peanut butter, smooth",1.0,40590,portion pack,25.0,25.0,,2,2
16214953,29659384,37735337,48571,"Chicken, breast, grilled without skin, meat only",1.0,38548,medium portion,130.0,130.0,,1,1
16214953,29659483,37735333,49868,"Pepper, capsicum, red, raw",5.0,40663,sliced ring,10.0,50.0,,2,1
16214953,29659486,37735336,50326,"Salad, tomato and onion",100.0,,,,,,3,1
16214953,29659569,37735420,50571,"Sweetcorn, kernels, boiled 'on the cob' in unsalted water, weighed with core",1.0,41904,unit,125.0,125.0,,4,1
16214953,29659570,37735426,50272,"Rice, white, long grain, easy cook, boiled in unsalted water",1.0,41421,small portion,100.0,100.0,,5,1
16214953,29659586,37735442,48025,"Beans, blackeye, whole, dried, raw",50.0,,,,,,6,1
16214953,29659864,37735726,47995,"Banana bread, homemade",1.0,37365,slice,85.0,85.0,,1,2
16214953,29659865,37735727,49829,"Peanut butter, smooth",1.0,40590,portion pack,25.0,25.0,,2,2
16214953,29659384,37735337,48571,"Chicken, breast, grilled without skin, meat only",1.0,38548,medium portion,130.0,130.0,,1,1
16214953,29659483,37735333,49868,"Pepper, capsicum, red, raw",5.0,40663,sliced ring,10.0,50.0,,2,1
16214953,29659486,37735336,50326,"Salad, tomato and onion",100.0,,,,,,3,1
16214953,29659569,37735420,50571,"Sweetcorn, kernels, boiled 'on the cob' in unsalted water, weighed with core",1.0,41904,unit,125.0,125.0,,4,1
16214953,29659570,37735426,50272,"Rice, white, long grain, easy cook, boiled in unsalted water",1.0,41421,small portion,100.0,100.0,,5,1
16214953,29659586,37735442,48025,"Beans, blackeye, whole, dried, raw",50.0,,,,,,6,1
16214953,29659864,37735726,47995,"Banana bread, homemade",1.0,37365,slice,85.0,85.0,,1,2
16214953,29659865,37735727,49829,"Peanut butter, smooth",1.0,40590,portion pack,25.0,25.0,,2,2
15853556,28773533,36480508,81338,Oatmeal flakes,50.0,,,,,,1,
15853556,28773534,36480509,49561,"Milk, semi-skimmed, pasteurised, average",250.0,,,,,,2,
15853556,28773541,36480519,49756,"Papaya, raw, flesh only",1.0,40514,average slice,140.0,140.0,,3,
15853556,28773544,36480525,81660,"Flaxseed, brown",5.0,,,,,,4,
15853556,28773546,36480527,50734,"Walnuts, kernel only",6.0,,,,,,5,
15853556,28773547,36480529,49198,"Hazelnuts, kernel only, weighed with shells",5.0,39742,unit,1.0,5.0,,6,
15853560,28774176,36482073,49791,"Pasta, wholewheat, spaghetti, dried, boiled in unsalted water",1.0,40562,small portion,150.0,150.0,,1,2
15853560,28774178,36482076,48507,"Cheese, Feta",40.0,,,,,,2,2
15853560,28774181,36482079,49703,"Onions, baked",1.0,40452,average serving,40.0,40.0,,3,2
15853560,28774182,36482080,49631,"Mushrooms, white, stewed in unsalted water",2.0,40348,average serving,56.0,112.0,,4,2
15853560,28774239,36482332,5159,"Tomatoes, sun-dried, packed in oil, drained",5.0,10037,piece,3.0,15.0,,5,2
15853560,28774498,36482611,22015,"Tomato sauce, with onions, prepacked",50.0,,,,,,6,2
15869701,28817486,36547941,48499,"Cheese, cottage, plain",200.0,,,,,,1,
15869701,28817594,36548061,48262,Blueberries,100.0,,,,,,2,
15869701,28817597,36548064,47997,"Bananas, flesh only",10.0,37369,slice,5.0,50.0,,3,
15869701,28817600,36548071,48669,"Cinnamon, ground",1.0,38790,teaspoon,3.0,3.0,,4,
15869703,28817768,36548320,50254,"Rice, brown, wholegrain, boiled in unsalted water",1.0,41391,medium portion,180.0,180.0,,1,1
15869703,28817979,36548562,48507,"Cheese, Feta",40.0,,,,,,2,1
15869703,28817984,36548567,50512,"Spring onions, bulbs only, raw",2.0,41827,unit,10.0,20.0,,3,1
15869703,28817990,36548574,49631,"Mushrooms, white, stewed in unsalted water",100.0,,,,,,4,1
15869703,28818000,36548590,49868,"Pepper, capsicum, red, raw",1.0,40662,medium unit,160.0,160.0,,5,1
15869703,28818006,36548669,49678,"Oil, olive",1.0,40416,tablespoon,11.0,11.0,,6,1
15869705,28818156,36549150,81896,"Courgette or zucchini, pulp and peel, frozen, raw",250.0,,,,,,1,1
15869705,28818162,36549159,50631,"Tofu, soya bean, steamed, fried",100.0,,,,,,2,1
15869705,28818164,36549161,48517,"Cheese, Parmesan, fresh",30.0,,,,,,3,1
15869705,28818227,36549271,50384,"Sauce, pasta, tomato based, napoletana",100.0,,,,,,4,1
15854391,28775955,36484500,82578,"Oat flakes, pre-cooked, raw",40.0,,,,,,1,
15854391,28775960,36484507,50789,"Yogurt, low fat, plain",200.0,,,,,,2,
15854391,28776013,36484691,49719,"Oranges, flesh only, weighed with peel and pips",100.0,,,,,,3,
15854391,28776014,36484693,47997,"Bananas, flesh only",1.0,37366,small unit,80.0,80.0,,4,
15854391,28776197,36484884,50734,"Walnuts, kernel only",5.0,,,,,,5,
15854394,28776475,36485370,50786,"Yogurt, Greek style, plain",1.0,42230,large pot,150.0,150.0,,1,
15854394,28776944,36486113,48541,"Cherries, flesh and skin, raw, weighed with stones",100.0,,,,,,2,
15854395,28776563,36485462,48760,"Couscous, plain, cooked",3.0,39013,tablespoon,33.0,99.0,,1,1
15854395,28776673,36485574,22385,"Eggplant, cooked",80.0,,,,,,2,1
15854395,28776694,36485596,50640,"Tomatoes, standard, grilled, flesh and seeds only",1.0,42004,small unit,65.0,65.0,,3,1
15854395,28776699,36485601,21991,"Parsley, fresh",10.0,,,,,,4,1
15854395,28776702,36485603,49101,"Garlic, raw",6.0,,,,,,5,1
15854395,28776706,36485608,49422,"Lemon juice, fresh",5.0,,,,,,6,1
15854395,28776716,36485621,22261,Coconut milk or coconut cream,30.0,,,,,,7,1
15862890,28797749,36519392,82578,"Oat flakes, pre-cooked, raw",40.0,,,,,,1,
15862890,28797757,36519400,49561,"Milk, semi-skimmed, pasteurised, average",250.0,,,,,,2,
15862890,28797911,36519578,47997,"Bananas, flesh only",1.0,37366,small unit,80.0,80.0,,3,
15862890,28797927,36519594,49198,"Hazelnuts, kernel only, weighed with shells",1.0,39741,portion,10.0,10.0,,4,
15862894,28798365,36520254,22713,"Gnocchi, from potato, cooked",150.0,,,,,,1,1
15862894,28798476,36520378,22409,"Spinach, cooked",60.0,,,,,,2,1
15862894,28798504,36520428,49101,"Garlic, raw",1.0,39621,unit,10.0,10.0,,3,1
15862894,28798529,36520455,50300,"Rocket, raw",2.0,41469,portion,20.0,40.0,,4,1
15862894,28798535,36520461,49666,"Nutmeg, ground",1.0,40396,teaspoon,3.0,3.0,,5,1
15862894,28798540,36520466,49678,"Oil, olive",1.0,40417,teaspoon,3.0,3.0,,6,1
15862894,28798542,36520468,48525,"Cheese, Ricotta",120.0,,,,,,7,1
16249093,29740095,37834379,172889,Spaghetti Hoops (No Added Sugar),1.0,135619,Small Can,205.0,205.0,,1,
16249093,29740332,37834617,67446,"Sausage, chicken or turkey, Italian style, lower sodium",88.5,,,,,,2,
16249093,29740337,37834622,48306,"Bread, white, toasted",1.0,37948,medium slice,27.0,27.0,,3,
16249093,29740354,37834640,50502,"Spinach, frozen, boiled in unsalted water",1.25,41807,serving,90.0,112.5,,4,
16249093,29740095,37834379,172889,Spaghetti Hoops (No Added Sugar),1.0,135619,Small Can,205.0,205.0,,1,
16249093,29740332,37834617,67446,"Sausage, chicken or turkey, Italian style, lower sodium",88.5,,,,,,2,
16249093,29740337,37834623,48287,"Bread, brown, toasted",1.0,37906,medium slice,31.0,31.0,,3,
16249093,29740354,37834640,50502,"Spinach, frozen, boiled in unsalted water",1.25,41807,serving,90.0,112.5,,4,
16249094,29740503,37834793,49537,"Melon, watermelon, flesh only, weighed whole",200.0,,,,,,1,
16249095,29742143,37836525,172894,Cannelini Beans in Water,0.5,135621,Can,230.0,115.0,,1,1
16249095,29742146,37836528,48474,"Celery, raw",3.0,38321,stick,30.0,90.0,,2,1
16249095,29742247,37836629,50672,"Tuna, canned in brine, drained",1.0,42040,small can,100.0,100.0,,3,1
16249095,29742250,37836634,48038,"Beans, green, boiled in unsalted water",1.0,37408,large portion,120.0,120.0,,4,1
16249095,29742299,37836683,50637,"Tomatoes, cherry, raw",1.0,41995,salad portion,34.0,34.0,,5,1
16249095,29742300,37836684,48984,"Eggs, chicken, whole, boiled",1.0,39395,(size 1) unit,67.0,67.0,,6,1
16249095,29742376,37836775,50731,Vinegar,1.0,42126,tablespoon,15.0,15.0,,7,1
16249096,29742308,37836696,48249,"Blackberries, raw",3.0,37857,unit,5.0,15.0,,1,
16249096,29742309,37836697,50221,"Raspberries, raw",1.0,41361,portion,60.0,60.0,,2,
16249096,29742313,37836701,48262,Blueberries,60.0,,,,,,3,
16249096,29742318,37836707,50786,"Yogurt, Greek style, plain",1.0,42229,average pot,125.0,125.0,,4,
16249096,29742319,37836708,49216,Honey,1.0,39759,heaped teaspoon,17.0,17.0,,5,
16249097,29742666,37837069,49902,"Pie, Cottage, homemade",1.1,40719,portion,310.0,341.0,,1,1
16249097,29742668,37837071,49850,"Peas, frozen, boiled in unsalted water",1.0,40626,medium portion,70.0,70.0,,2,1
16249097,29742672,37837075,48381,"Butter, unsalted",1.0,38159,thin average spread,7.0,7.0,,3,1
16249097,29742725,37837175,48349,"Broccoli, green, steamed",1.0,38076,medium portion,85.0,85.0,,4,1
16249097,29742888,37837338,48476,"Cereal bars, with fruit and/or nuts, with chocolate, unfortified",1.0,38323,unit,30.0,30.0,,1,2
16249097,29742927,37837379,49561,"Milk, semi-skimmed, pasteurised, average",1.0,40164,average glass,200.0,200.0,,2,2
16249097,29742666,37837069,49902,"Pie, Cottage, homemade",1.1,40719,portion,310.0,341.0,,1,1
16249097,29742668,37837071,49850,"Peas, frozen, boiled in unsalted water",1.0,40626,medium portion,70.0,70.0,,2,1
16249097,29742672,37837075,48381,"Butter, unsalted",1.0,38159,thin average spread,7.0,7.0,,3,1
16249097,29742725,37837175,48349,"Broccoli, green, steamed",1.0,38076,medium portion,85.0,85.0,,4,1
16249097,29742888,37837338,48476,"Cereal bars, with fruit and/or nuts, with chocolate, unfortified",1.0,38323,unit,30.0,30.0,,1,2
16249097,29742927,37837533,49569,"Milk, skimmed, pasteurised, winter",1.0,40216,average glass,200.0,200.0,,2,2
16602661,30601697,38857908,50092,"Porridge oats, unfortified",3.0,41083,tablespoon,15.0,45.0,,1,
16602661,30601699,38857915,49864,"Pecan nuts, kernel only, weighed with shells",5.0,40658,unit,6.0,30.0,,2,
16602661,30601700,38857916,50550,Sunflower seeds,0.5,41879,tablespoon,16.0,8.0,,3,
16602661,30601704,38857920,50216,Raisins,1.0,41358,tablespoon,30.0,30.0,,4,
16602661,30601790,38858006,49681,"Oil, rapeseed",1.0,40423,teaspoon,3.0,3.0,,5,
16602661,30601791,38858010,49216,Honey,1.0,39760,level teaspoon,8.0,8.0,,6,
16602661,30601793,38858014,47931,"Apricots, dried",3.0,37270,unit,8.0,24.0,,7,
16602661,30601804,38858029,50789,"Yogurt, low fat, plain",1.0,42238,average pot,125.0,125.0,,8,
16602661,30601805,38858030,50223,"Raspberries, stewed without sugar",1.0,41363,portion,90.0,90.0,,9,
16602662,30603335,38859687,49525,"Melon, Canteloupe-type, flesh only",2.0,40119,slice,150.0,300.0,,1,
16602663,30602781,38859108,49448,"Lettuce, average, raw",200.0,,,,,,1,1
16602663,30602823,38859154,48309,"Bread, wholemeal, average",1.0,37960,medium slice,36.0,36.0,,2,1
16602663,30602927,38859258,48571,"Chicken, breast, grilled without skin, meat only",1.0,38548,medium portion,130.0,130.0,,3,1
16602663,30602930,38859261,47915,"Anchovies, canned in oil, drained",25.0,,,,,,4,1
16602663,30603300,38859639,48945,"Dressing, French, fat free",2.0,39365,tablespoon,15.0,30.0,,5,1
16602664,30603337,38859689,49569,"Milk, skimmed, pasteurised, winter",1.0,40216,average glass,200.0,200.0,,1,
16602664,30603340,38859693,48223,"Biscuits, digestive, plain",2.0,37827,unit,15.0,30.0,,2,
16602665,30601810,38858038,49313,"Lamb, chump chops, fried, lean and fat, weighed with bone",2.0,39904,portion,120.0,240.0,,1,1
16602665,30601942,38858170,49846,"Peas, boiled in unsalted water",2.0,40617,small portion,40.0,80.0,,2,1
16602665,30601944,38858172,50146,"Potatoes, old, mashed with reduced fat spread",1.0,41253,medium portion,175.0,175.0,,3,1
16602665,30601948,38858181,48436,"Carrots, young, boiled in unsalted water",1.0,38244,medium portion,60.0,60.0,,4,1
16602665,30603554,38859909,49242,"Instant dessert powder, made up with skimmed milk",1.0,39804,portion,120.0,120.0,,1,7
15866703,28806805,36531707,81338,Oatmeal flakes,40.0,,,,,,1,
15866703,28806967,36531940,48522,"Cheese, Quark",150.0,,,,,,2,
15866703,28810492,36536790,48684,"Coconut, desiccated",5.0,,,,,,3,
15866703,28811131,36537585,22916,"Dark chocolate bar, less than 70% cocoa",10.0,,,,,,4,
15866703,28811223,36537716,47997,"Bananas, flesh only",50.0,,,,,,5,
15866703,28811751,36538810,27487,Tangerines,50.0,,,,,,6,
15866705,28811902,36538967,48571,"Chicken, breast, grilled without skin, meat only",1.0,38548,medium portion,130.0,130.0,,1,1
15866705,28811905,36538971,49681,"Oil, rapeseed",1.0,40422,tablespoon,11.0,11.0,,2,1
15866705,28812023,36539092,49418,"Leeks, raw",1.0,39991,average serving,75.0,75.0,,3,1
15866705,28812027,36539098,48433,"Carrots, old, boiled in unsalted water",1.0,38223,medium portion,60.0,60.0,,4,1
15866705,28812048,36539129,49631,"Mushrooms, white, stewed in unsalted water",40.0,,,,,,5,1
15866705,28812091,36539227,49763,"Parsley, fresh",1.0,40520,large sprig,1.0,1.0,,6,1
15866705,28812103,36539241,50772,"Wine, white, medium",50.0,,,,,,7,1
15866705,28812180,36539319,49791,"Pasta, wholewheat, spaghetti, dried, boiled in unsalted water",200.0,,,,,,8,1
15866707,28812546,36539917,48435,"Carrots, old, raw",180.0,,,,,,1,1
15866707,28812550,36539921,50734,"Walnuts, kernel only",1.0,42128,portion,20.0,20.0,,2,1
15866707,28812553,36539924,22078,"Gorgonzola cheese, from cow's milk",40.0,,,,,,3,1
15866707,28812606,36540023,48780,"Cream, fresh, single",3.0,39061,tablespoon,15.0,45.0,,4,1
15905607,28902172,36662736,49601,"Muesli, Swiss style, no added sugar or salt, unfortified",1.0,40302,medium portion,50.0,50.0,,1,
15905607,28902177,36662742,49561,"Milk, semi-skimmed, pasteurised, average",70.0,,,,,,2,
15905607,28902178,36662747,48309,"Bread, wholemeal, average",1.0,37961,thick slice,44.0,44.0,,3,
15905607,28902308,36662880,48498,"Cheese, Cheddar, English",1.0,38376,matchbox sized piece,30.0,30.0,,4,
15905609,28902773,36664053,50495,"Soy sauce, light and dark varieties",20.0,,,,,,1,1
15905609,28902774,36664054,49631,"Mushrooms, white, stewed in unsalted water",2.0,40348,average serving,56.0,112.0,,2,1
15905609,28902775,36664058,50146,"Potatoes, old, mashed with reduced fat spread",1.0,41253,medium portion,175.0,175.0,,3,1
15905609,28902346,36662943,49837,"Pears, average, raw, flesh only",1.0,40608,large comice unit,250.0,250.0,,1,2
15905611,28902698,36663881,50698,"Turkey, thighs, diced, casseroled, meat only",1.0,42081,small portion,180.0,180.0,,1,1
15905611,28902703,36663892,48433,"Carrots, old, boiled in unsalted water",2.0,38224,large portion,85.0,170.0,,2,1
15905611,28903274,36664586,50137,"Potatoes, new and salad, boiled in unsalted water, flesh and skin",150.0,,,,,,3,1
15905611,28903337,36664664,49681,"Oil, rapeseed",1.0,40423,teaspoon,3.0,3.0,,4,1
15871281,28818729,36550135,27030,Cottage cheese,200.0,,,,,,1,
15871281,28818732,36550138,48262,Blueberries,150.0,,,,,,2,
15871281,28818789,36550212,48669,"Cinnamon, ground",1.0,38790,teaspoon,3.0,3.0,,3,
15871281,28818796,36550219,49216,Honey,1.0,39760,level teaspoon,8.0,8.0,,4,
15871282,28820389,36553451,27318,"Crispbread rye, whole grain",20.0,,,,,,1,
15871282,28820392,36553460,22045,"Soft-ripened cheese, triple cream, around 40% fat",10.0,,,,,,2,
15871282,28820393,36553461,48438,"Carrots, young, raw",1.0,38251,small portion,40.0,40.0,,3,
15871283,28819913,36552180,81896,"Courgette or zucchini, pulp and peel, frozen, raw",250.0,,,,,,1,1
15871283,28819975,36552283,82481,"Poultry, minced meat",100.0,,,,,,2,1
15871283,28819976,36552288,22064,"Parmesan cheese, from cow's milk",30.0,,,,,,3,1
15871283,28819980,36552309,22392,"Mushroom, all types, raw",100.0,,,,,,4,1
15871283,28820002,36552373,48641,"Chives, fresh",2.0,38721,sprig,1.0,2.0,,5,1
15871283,28820004,36552375,49642,"Mustard, wholegrain",1.0,40375,level teaspoon,8.0,8.0,,6,1
15871283,28820006,36552378,49681,"Oil, rapeseed",1.0,40422,tablespoon,11.0,11.0,,7,1
15871283,28820008,36552385,22443,"Tomato paste, concentrated, canned",20.0,,,,,,8,1
15871283,28820325,36553387,47929,"Apples, eating, raw, flesh and skin",1.0,37265,medium eating,100.0,100.0,,1,2
15871285,28820014,36552665,28271,"Potato croquettes, frozen, grilled/baked (Green Isle)",120.0,,,,,,1,1
15871285,28820015,36552666,48599,"Chicken, meat, average, roasted",1.0,38624,medium portion,100.0,100.0,,2,1
15871285,28820016,36552667,22385,"Eggplant, cooked",100.0,,,,,,3,1
15871285,28820018,36552815,2812,"Sauce, teriyaki, ready-to-serve",30.0,,,,,,4,1
16225270,29683077,37765620,48287,"Bread, brown, toasted",2.0,37906,medium slice,31.0,62.0,,1,
16225270,29683094,37765650,48987,"Eggs, chicken, whole, fried, without fat",2.0,39401,unit,60.0,120.0,,2,
16225270,29683129,37765689,50640,"Tomatoes, standard, grilled, flesh and seeds only",1.0,42005,medium unit,85.0,85.0,,3,
16225270,29683154,37765717,49868,"Pepper, capsicum, red, raw",1.0,40662,medium unit,160.0,160.0,,4,
16225270,29683077,37765643,48306,"Bread, white, toasted",2.0,37948,medium slice,27.0,54.0,,1,
16225270,29683094,37765650,48987,"Eggs, chicken, whole, fried, without fat",2.0,39401,unit,60.0,120.0,,2,
16225270,29683129,37765689,50640,"Tomatoes, standard, grilled, flesh and seeds only",1.0,42005,medium unit,85.0,85.0,,3,
16225270,29683154,37765717,49868,"Pepper, capsicum, red, raw",1.0,40662,medium unit,160.0,160.0,,4,
16225271,29683733,37766517,50463,Smoothies,210.0,,,,,,1,
16225271,29683735,37766519,47997,"Bananas, flesh only",1.0,37368,large unit,120.0,120.0,,2,
16225272,29683501,37766109,47954,"Aubergine, raw",130.0,,,,,,1,1
16225272,29683502,37766110,48517,"Cheese, Parmesan, fresh",70.0,,,,,,2,1
16225272,29683543,37766151,50390,"Sauce, tomato based, homemade",1.0,41578,portion,170.0,170.0,,3,1
16225272,29684321,37767140,50265,"Rice, white, basmati, boiled in unsalted water",1.0,41406,medium portion,180.0,180.0,,4,1
16225272,29683501,37766109,47954,"Aubergine, raw",130.0,,,,,,1,1
16225272,29683502,37766110,48517,"Cheese, Parmesan, fresh",70.0,,,,,,2,1
16225272,29683543,37766151,50390,"Sauce, tomato based, homemade",1.0,41578,portion,170.0,170.0,,3,1
16225272,29684321,37767140,50265,"Rice, white, basmati, boiled in unsalted water",1.0,41406,medium portion,180.0,180.0,,4,1
16225272,29683501,37766109,47954,"Aubergine, raw",130.0,,,,,,1,1
16225272,29683502,37766110,48517,"Cheese, Parmesan, fresh",70.0,,,,,,2,1
16225272,29683543,37766151,50390,"Sauce, tomato based, homemade",1.0,41578,portion,170.0,170.0,,3,1
16225272,29684321,37767143,50254,"Rice, brown, wholegrain, boiled in unsalted water",1.0,41391,medium portion,180.0,180.0,,4,1
16225272,29683501,37766516,48758,"Courgette, raw",1.0,39008,large unit,150.0,150.0,,1,1
16225272,29683502,37766110,48517,"Cheese, Parmesan, fresh",70.0,,,,,,2,1
16225272,29683543,37766151,50390,"Sauce, tomato based, homemade",1.0,41578,portion,170.0,170.0,,3,1
16225272,29684321,37767143,50254,"Rice, brown, wholegrain, boiled in unsalted water",1.0,41391,medium portion,180.0,180.0,,4,1
16225272,29683501,37766516,48758,"Courgette, raw",1.0,39008,large unit,150.0,150.0,,1,1
16225272,29683502,37766110,48517,"Cheese, Parmesan, fresh",70.0,,,,,,2,1
16225272,29683543,37766151,50390,"Sauce, tomato based, homemade",1.0,41578,portion,170.0,170.0,,3,1
16225272,29684321,37767146,50276,"Rice, wild, boiled in unsalted water",1.0,41426,medium portion,180.0,180.0,,4,1
16225272,29683501,37766516,48758,"Courgette, raw",1.0,39008,large unit,150.0,150.0,,1,1
16225272,29683502,37766110,48517,"Cheese, Parmesan, fresh",70.0,,,,,,2,1
16225272,29683543,37766151,50390,"Sauce, tomato based, homemade",1.0,41578,portion,170.0,170.0,,3,1
16225272,29684321,37767146,50276,"Rice, wild, boiled in unsalted water",1.0,41426,medium portion,180.0,180.0,,4,1
16225273,29684394,37767232,49561,"Milk, semi-skimmed, pasteurised, average",1.0,40164,average glass,200.0,200.0,,1,
16225273,29684611,37767500,49248,Jaffa cakes,2.0,39810,unit,13.0,26.0,,2,
16225273,29684394,37767362,49569,"Milk, skimmed, pasteurised, winter",1.0,40216,average glass,200.0,200.0,,1,
16225273,29684611,37767500,49248,Jaffa cakes,2.0,39810,unit,13.0,26.0,,2,
16225274,29684835,37767744,49650,"Noodles, rice, fine, dried, boiled in unsalted water",280.0,,,,,,1,1
16225274,29684980,37767928,50724,"Vegetables, mixed, stir-fry type, frozen, fried in rapeseed oil",200.0,,,,,,2,1
16225274,29684991,37767946,50208,"Quorn, pieces, as purchased",2.0,41351,serving,85.0,170.0,,3,1
16225274,29684998,37767955,2849,"Sauce, oyster, ready-to-serve",4.0,6197,tbsp,18.0,72.0,,4,1
16225274,29685000,37767957,50437,Sesame seeds,1.0,41648,tablespoon,12.0,12.0,,5,1
16225274,29684835,37767876,49649,"Noodles, egg, thick, dried, boiled in unsalted water",1.0,40381,serving,280.0,280.0,,1,1
16225274,29684980,37767928,50724,"Vegetables, mixed, stir-fry type, frozen, fried in rapeseed oil",200.0,,,,,,2,1
16225274,29684991,37767946,50208,"Quorn, pieces, as purchased",2.0,41351,serving,85.0,170.0,,3,1
16225274,29684998,37767955,2849,"Sauce, oyster, ready-to-serve",4.0,6197,tbsp,18.0,72.0,,4,1
16225274,29685000,37767957,50437,Sesame seeds,1.0,41648,tablespoon,12.0,12.0,,5,1
16225274,29684835,37767924,49646,"Noodles, egg, fine, dried, boiled in unsalted water",1.0,40378,serving,280.0,280.0,,1,1
16225274,29684980,37767928,50724,"Vegetables, mixed, stir-fry type, frozen, fried in rapeseed oil",200.0,,,,,,2,1
16225274,29684991,37767946,50208,"Quorn, pieces, as purchased",2.0,41351,serving,85.0,170.0,,3,1
16225274,29684998,37767955,2849,"Sauce, oyster, ready-to-serve",4.0,6197,tbsp,18.0,72.0,,4,1
16225274,29685000,37767957,50437,Sesame seeds,1.0,41648,tablespoon,12.0,12.0,,5,1
15872078,28900609,36660654,48309,"Bread, wholemeal, average",2.0,37961,thick slice,44.0,88.0,,1,
15872078,28900634,36660680,22569,Fresh cream cheese cake,30.0,,,,,,2,
15872078,28900741,36660787,48981,"Eggs, chicken, white, boiled",60.0,,,,,,3,
15872078,28900745,36660791,50640,"Tomatoes, standard, grilled, flesh and seeds only",1.0,42004,small unit,65.0,65.0,,4,
15872078,28900749,36660796,47930,"Apples, eating, raw, flesh and skin, weighed with core",1.0,37268,medium eating,112.0,112.0,,5,
15872080,28820979,36554557,50668,"Trout, rainbow, flesh only, baked",100.0,,,,,,1,1
15872080,28821048,36554626,50140,"Potatoes, old, baked, flesh and skin",200.0,,,,,,2,1
15872080,28821050,36554628,48381,"Butter, unsalted",1.0,38164,restaurant portion,20.0,20.0,,3,1
15872080,28821074,36554658,50313,"Sage, fresh",2.0,41484,large sprig,1.0,2.0,,4,1
15872080,28821075,36554659,50440,"Shallots, raw",3.0,41649,unit,10.0,30.0,,5,1
15872080,28821077,36554661,50738,"Watercress, raw",1.0,42132,quarter of a bunch,20.0,20.0,,6,1
15872082,28900976,36661150,48515,"Cheese, Mozzarella, fresh",40.0,,,,,,1,1
15872082,28900984,36661162,48436,"Carrots, young, boiled in unsalted water",1.0,38245,large portion,85.0,85.0,,2,1
15872082,28901085,36661304,49703,"Onions, baked",1.0,40452,average serving,40.0,40.0,,3,1
15872082,28901093,36661320,49721,"Oregano, fresh",5.0,,,,,,4,1
15872082,28901286,36661518,50636,"Tomatoes, canned, whole contents",150.0,,,,,,5,1
15872082,28901340,36661597,49791,"Pasta, wholewheat, spaghetti, dried, boiled in unsalted water",1.0,40562,small portion,150.0,150.0,,6,1
16603407,30605347,38861928,48988,"Eggs, chicken, whole, poached",2.0,39403,(size 1) unit,67.0,134.0,,1,
16603407,30605349,38861930,48511,"Cheese, Halloumi",50.0,,,,,,2,
16603407,30605350,38861931,49868,"Pepper, capsicum, red, raw",1.0,40662,medium unit,160.0,160.0,,3,
16603407,30605399,38861985,48287,"Bread, brown, toasted",1.0,37906,medium slice,31.0,31.0,,4,
16603407,30605403,38861991,47991,"Baked beans, canned in tomato sauce, reduced sugar, reduced salt",1.0,37348,small can,205.0,205.0,,5,
16603407,30605409,38861999,50738,"Watercress, raw",1.0,42132,quarter of a bunch,20.0,20.0,,6,
16603407,30605347,38861928,48988,"Eggs, chicken, whole, poached",2.0,39403,(size 1) unit,67.0,134.0,,1,
16603407,30605349,38861930,48511,"Cheese, Halloumi",50.0,,,,,,2,
16603407,30605350,38861931,49868,"Pepper, capsicum, red, raw",1.0,40662,medium unit,160.0,160.0,,3,
16603407,30605399,38861987,48287,"Bread, brown, toasted",1.0,37906,medium slice,31.0,31.0,,4,
16603407,30605403,38861991,47991,"Baked beans, canned in tomato sauce, reduced sugar, reduced salt",1.0,37348,small can,205.0,205.0,,5,
16603407,30605409,38861999,50738,"Watercress, raw",1.0,42132,quarter of a bunch,20.0,20.0,,6,
16603408,30605414,38862008,49935,"Pineapple juice, unsweetened",1.0,40790,individual cartoon,200.0,200.0,,1,
16603409,30605422,38862018,50672,"Tuna, canned in brine, drained",1.0,42040,small can,100.0,100.0,,1,1
16603409,30605450,38862141,50265,"Rice, white, basmati, boiled in unsalted water",1.0,41406,medium portion,180.0,180.0,,2,1
16603409,30605456,38862147,50567,"Sweetcorn kernels, canned in water, drained",1.0,41898,average portion,85.0,85.0,,3,1
16603409,30605458,38862149,48800,"Cucumber, raw, flesh and skin",1.0,39095,1'' piece,60.0,60.0,,4,1
16603409,30605483,38862174,49846,"Peas, boiled in unsalted water",1.0,40618,medium portion,70.0,70.0,,5,1
16603409,30605631,38862320,50637,"Tomatoes, cherry, raw",1.0,41995,salad portion,34.0,34.0,,6,1
16603409,30605994,38862693,50797,"Yogurt, whole milk, twin pot, not fruit",1.0,42260,large pot,150.0,150.0,,1,7
16603410,30605998,38862697,47929,"Apples, eating, raw, flesh and skin",1.0,37266,large eating,153.0,153.0,,1,
16603410,30606000,38862699,49829,"Peanut butter, smooth",1.0,40590,portion pack,25.0,25.0,,2,
16603411,30606307,38863030,50446,"Shepherd's pie, vegetable",1.0,41658,portion,310.0,310.0,,1,1
16603411,30606308,38863031,49853,"Peas, mange-tout, boiled in unsalted water",1.0,40634,medium portion,70.0,70.0,,2,1
16603411,30606310,38863033,48436,"Carrots, young, boiled in unsalted water",1.0,38244,medium portion,60.0,60.0,,3,1
16603411,30606397,38863120,49599,"Mousse, chocolate, low fat",1.0,40299,portion,60.0,60.0,,1,7
14716303,26167244,33016246,7133,"Bread, whole-wheat, commercially prepared",1.0,13672,slice,32.0,32.0,,1,
14716303,26167245,33016247,7133,"Bread, whole-wheat, commercially prepared",1.0,13672,slice,32.0,32.0,,2,
14716303,26167247,33016250,7906,"Jams and preserves, apricot",1.0,15327,tbsp,20.0,20.0,,3,
14716303,26167250,33016253,1581,"Cheese, gouda",1.0,3327,oz,28.35,28.35,,4,
14716303,26167252,33016259,5846,"Beverages, coffee, brewed, prepared with tap water",1.0,11365,fl oz,29.6,29.6,,5,
14716304,26167255,33016274,4059,"Apples, raw, gala, with skin",1.0,7997,medium unit,172.0,172.0,,1,
14716305,26167364,33016432,28488,"Soup, vegetable (carrot, celery, tomato, onion), homemade",250.0,,,,,,1,0
14716305,26167394,33016488,50144,"Potatoes, old, boiled in unsalted water, flesh only",1.0,41240,medium portion,175.0,175.0,,1,1
14716305,26167397,33016492,48571,"Chicken, breast, grilled without skin, meat only",1.0,38547,small portion,100.0,100.0,,2,1
14716305,26167402,33016501,5028,"Peas and carrots, frozen, cooked, boiled, drained, with salt",2.0,9773,cup,80.0,160.0,,3,1
14716305,26167601,33016806,5916,"Beverages, water, tap, drinking",1.0,11506,fl oz,29.6,29.6,,1,2
14716306,26167531,33016716,7718,"Puddings, chocolate, ready-to-eat",1.0,15002,oz,28.35,28.35,,1,
14716306,26167602,33016808,5916,"Beverages, water, tap, drinking",1.0,11506,fl oz,29.6,29.6,,2,
14716307,26167546,33016732,28888,"Salad, mixed (lettuce, peppers, tomatoes, onion), homemade",150.0,,,,,,1,1
14716307,26167547,33016733,7133,"Bread, whole-wheat, commercially prepared",1.0,13672,slice,32.0,32.0,,2,1
14716307,26167548,33016734,7133,"Bread, whole-wheat, commercially prepared",1.0,13672,slice,32.0,32.0,,3,1
14716307,26167550,33016736,2200,"Margarine, regular, hard, soybean (hydrogenated)",1.0,4847,tsp,4.7,4.7,,4,1
14716307,26167551,33016737,2200,"Margarine, regular, hard, soybean (hydrogenated)",1.0,4847,tsp,4.7,4.7,,5,1
14716307,26167553,33016739,49191,Ham,1.0,39733,very thin slice,11.0,11.0,,6,1
14716307,26167554,33016741,49191,Ham,1.0,39733,very thin slice,11.0,11.0,,7,1
14716307,26167603,33016809,5916,"Beverages, water, tap, drinking",1.0,11506,fl oz,29.6,29.6,,1,2
14716308,26167596,33016799,7462,"Archway Home Style Cookies, Oatmeal",1.0,14535,serving,25.0,25.0,,1,
14716308,26167597,33016800,7462,"Archway Home Style Cookies, Oatmeal",1.0,14535,serving,25.0,25.0,,2,
14716308,26167598,33016802,5906,"Beverages, tea, herb, other than chamomile, brewed",1.0,11477,fl oz,29.6,29.6,,3,
15904201,28897979,36656340,47997,"Bananas, flesh only",130.0,,,,,,1,
15904201,28898134,36656499,49829,"Peanut butter, smooth",20.0,,,,,,2,
15904201,28899598,36658695,48704,"Coffee, cappuccino, latte",1.0,38873,mug,260.0,260.0,,3,
15904202,28899723,36658867,6519,"Chickpeas (garbanzo beans, bengal gram), mature seeds, canned, solids and liquids, low sodium",100.0,,,,,,1,
15904202,28899733,36658879,48438,"Carrots, young, raw",1.0,38253,large portion,85.0,85.0,,2,
15904203,28898193,36656569,49848,"Peas, dried, boiled in unsalted water",30.0,,,,,,1,0
15904203,28898223,36656601,48436,"Carrots, young, boiled in unsalted water",30.0,,,,,,2,0
15904203,28898333,36656712,48349,"Broccoli, green, steamed",50.0,,,,,,3,0
15904203,28898635,36657203,49561,"Milk, semi-skimmed, pasteurised, average",4.0,40168,tablespoon,15.0,60.0,,4,0
15904203,28898682,36657457,49641,"Mustard, smooth",10.0,,,,,,5,0
15904203,28898688,36657514,49101,"Garlic, raw",7.0,,,,,,6,0
15904203,28898715,36657541,22443,"Tomato paste, concentrated, canned",12.0,,,,,,7,0
15904203,28898855,36657684,4676,"Potatoes, white, flesh and skin, raw",300.0,,,,,,8,0
15904204,28899623,36658720,48926,"Dates, dried, flesh and skin",30.0,,,,,,1,
15904205,28898897,36657735,48498,"Cheese, Cheddar, English",20.0,,,,,,1,1
15904205,28898901,36657739,81536,"Grana Padano cheese, from cow's milk",10.0,,,,,,2,1
15904205,28898911,36657751,22443,"Tomato paste, concentrated, canned",10.0,,,,,,3,1
15904205,28898923,36657766,22385,"Eggplant, cooked",210.0,,,,,,4,1
15904205,28899098,36657988,50384,"Sauce, pasta, tomato based, napoletana",1.0,41573,portion,90.0,90.0,,5,1
15904205,28899124,36658064,49703,"Onions, baked",2.0,40452,average serving,40.0,80.0,,6,1
15904205,28900092,36659435,48381,"Butter, unsalted",1.0,38163,packed portion,10.0,10.0,,7,1
15904205,28900238,36659581,48309,"Bread, wholemeal, average",1.0,37959,small slice,25.0,25.0,,8,1
15925003,28946822,36724134,48989,"Eggs, chicken, whole, raw",120.0,,,,,,1,
15925003,28946824,36724138,50500,"Spinach, baby, raw",100.0,,,,,,2,
15925003,28947061,36725163,48287,"Bread, brown, toasted",2.0,37906,medium slice,31.0,62.0,,3,
15925003,28947063,36725238,47930,"Apples, eating, raw, flesh and skin, weighed with core",1.0,37269,large eating,170.0,170.0,,4,
15925003,28947066,36725325,48669,"Cinnamon, ground",1.0,38790,teaspoon,3.0,3.0,,5,
15925003,28947069,36725388,48381,"Butter, unsalted",1.0,38160,medium spread,10.0,10.0,,6,
15925004,28949825,36729645,48540,"Cherries, flesh and skin, raw",35.0,38485,unit,4.0,140.0,,1,
15925004,28949827,36729648,50789,"Yogurt, low fat, plain",1.0,42239,large pot,150.0,150.0,,2,
15925004,28949828,36729650,5304,"Seeds, flaxseed",1.0,10302,"tsp, whole",3.4,3.4,,3,
15925005,28947478,36726326,50654,"Tortilla, wheat, soft",60.0,,,,,,1,1
15925005,28947631,36726771,82212,"Sandwich made with French bread, tuna, sweet corn and raw vegetables",100.0,,,,,,2,1
15925005,28947784,36726923,50672,"Tuna, canned in brine, drained",100.0,,,,,,3,1
15925005,28947787,36726934,49868,"Pepper, capsicum, red, raw",7.0,40663,sliced ring,10.0,70.0,,4,1
15925005,28947791,36726938,48800,"Cucumber, raw, flesh and skin",10.0,39094,slice,6.0,60.0,,5,1
15925006,28948203,36727359,48287,"Bread, brown, toasted",2.0,37905,small slice,23.0,46.0,,1,
15925006,28948254,36727417,48650,Chocolate spread,2.0,38735,heaped teaspoon,16.0,32.0,,2,
15925006,28948264,36727429,47998,"Bananas, raw, flesh only, weighed with skin",16.0,37373,slice,5.0,80.0,,3,
15925007,28948345,36727540,49791,"Pasta, wholewheat, spaghetti, dried, boiled in unsalted water",200.0,,,,,,1,1
15925007,28948888,36728223,5159,"Tomatoes, sun-dried, packed in oil, drained",40.0,,,,,,2,1
15925007,28948972,36728308,49694,"Olives, green, in brine, drained, flesh and skin",10.0,40443,unit,3.0,30.0,,3,1
15925007,28948978,36728318,50500,"Spinach, baby, raw",100.0,,,,,,4,1
16248501,29889256,38016235,48317,"Breakfast cereal, cornflakes, crunchy / honey nut coated, fortified",1.0,37978,large portion,50.0,50.0,,1,
16248501,29889257,38016236,49561,"Milk, semi-skimmed, pasteurised, average",1.0,40165,average portion with cereals,100.0,100.0,,2,
16248501,29889298,38016283,49134,"Grapefruit, raw, flesh only",0.5,39657,small unit,250.0,125.0,,3,
16248501,29889256,38016235,48317,"Breakfast cereal, cornflakes, crunchy / honey nut coated, fortified",1.0,37978,large portion,50.0,50.0,,1,
16248501,29889257,38016275,49569,"Milk, skimmed, pasteurised, winter",1.0,40217,average portion with cereals,100.0,100.0,,2,
16248501,29889298,38016283,49134,"Grapefruit, raw, flesh only",0.5,39657,small unit,250.0,125.0,,3,
16248502,29890061,38017237,47997,"Bananas, flesh only",1.0,37368,large unit,120.0,120.0,,1,
16248503,29889365,38016380,50491,"Soup, potato and leek, homemade",1.0,41787,medium portion,220.0,220.0,,1,0
16248503,29889370,38016388,48277,"Bread rolls, brown, crusty",2.0,37886,unit,48.0,96.0,,1,1
16248503,29889374,38016393,49009,"Fat spread, reduced fat (41-62%), polyunsaturated",2.0,39462,medium spread,7.0,14.0,,2,1
16248503,29889365,38016380,50491,"Soup, potato and leek, homemade",1.0,41787,medium portion,220.0,220.0,,1,0
16248503,29889370,38016390,48280,"Bread rolls, white, crusty",2.0,37894,unit,50.0,100.0,,1,1
16248503,29889374,38016393,49009,"Fat spread, reduced fat (41-62%), polyunsaturated",2.0,39462,medium spread,7.0,14.0,,2,1
16248504,29889746,38016847,173501,Wild West Beef Jerky,0.5,135960,pack,100.0,50.0,,1,
16248506,29889854,38016964,50089,"Pork, sweet and sour, made with lean pork, homemade",200.0,,,,,,1,1
16248506,29889856,38016969,50254,"Rice, brown, wholegrain, boiled in unsalted water",1.0,41390,small portion,100.0,100.0,,2,1
16248506,29889861,38016980,50567,"Sweetcorn kernels, canned in water, drained",1.0,41898,average portion,85.0,85.0,,3,1
16248506,29889907,38017064,48433,"Carrots, old, boiled in unsalted water",1.0,38223,medium portion,60.0,60.0,,4,1
16248506,29890069,38017247,49525,"Melon, Canteloupe-type, flesh only",2.0,40119,slice,150.0,300.0,,1,2
16248506,29889854,38016964,50089,"Pork, sweet and sour, made with lean pork, homemade",200.0,,,,,,1,1
16248506,29889856,38016974,50276,"Rice, wild, boiled in unsalted water",1.0,41425,small portion,100.0,100.0,,2,1
16248506,29889861,38016980,50567,"Sweetcorn kernels, canned in water, drained",1.0,41898,average portion,85.0,85.0,,3,1
16248506,29889907,38017064,48433,"Carrots, old, boiled in unsalted water",1.0,38223,medium portion,60.0,60.0,,4,1
16248506,29890069,38017247,49525,"Melon, Canteloupe-type, flesh only",2.0,40119,slice,150.0,300.0,,1,2
16248506,29889854,38016964,50089,"Pork, sweet and sour, made with lean pork, homemade",200.0,,,,,,1,1
16248506,29889856,38016977,50272,"Rice, white, long grain, easy cook, boiled in unsalted water",1.0,41421,small portion,100.0,100.0,,2,1
16248506,29889861,38016980,50567,"Sweetcorn kernels, canned in water, drained",1.0,41898,average portion,85.0,85.0,,3,1
16248506,29889907,38017064,48433,"Carrots, old, boiled in unsalted water",1.0,38223,medium portion,60.0,60.0,,4,1
16248506,29890069,38017247,49525,"Melon, Canteloupe-type, flesh only",2.0,40119,slice,150.0,300.0,,1,2
16250486,29744263,37838791,49496,"Mackerel, flesh only, smoked",1.0,40073,small portion,100.0,100.0,,1,
16250486,29744510,37839038,48349,"Broccoli, green, steamed",1.0,38075,small portion,60.0,60.0,,2,
16250486,29745787,37840864,48287,"Bread, brown, toasted",1.0,37906,medium slice,31.0,31.0,,3,
16250486,29744263,37838791,49496,"Mackerel, flesh only, smoked",1.0,40073,small portion,100.0,100.0,,1,
16250486,29744510,37839038,48349,"Broccoli, green, steamed",1.0,38075,small portion,60.0,60.0,,2,
16250486,29745787,37840866,48306,"Bread, white, toasted",1.0,37948,medium slice,27.0,27.0,,3,
16250488,29745243,37839999,50137,"Potatoes, new and salad, boiled in unsalted water, flesh and skin",1.0,41219,medium portion,175.0,175.0,,1,1
16250488,29745480,37840236,49516,"Mayonnaise, reduced fat",1.0,40101,heaped tablespoon,33.0,33.0,,2,1
16250488,29745483,37840243,50319,"Salad, green",1.0,41495,tub,250.0,250.0,,3,1
16250488,29745486,37840246,48171,"Beetroot, pickled, drained",1.0,37731,small unit,35.0,35.0,,4,1
16250488,29745590,37840352,50688,"Turkey, light meat, roasted",1.0,42061,large portion,140.0,140.0,,5,1
16250488,29745243,37839999,50137,"Potatoes, new and salad, boiled in unsalted water, flesh and skin",1.0,41219,medium portion,175.0,175.0,,1,1
16250488,29745480,37840236,49516,"Mayonnaise, reduced fat",1.0,40101,heaped tablespoon,33.0,33.0,,2,1
16250488,29745483,37840243,50319,"Salad, green",1.0,41495,tub,250.0,250.0,,3,1
16250488,29745486,37840246,48171,"Beetroot, pickled, drained",1.0,37731,small unit,35.0,35.0,,4,1
16250488,29745590,37840704,50083,"Pork, steaks, grilled, lean and fat",1.0,41073,loin steak,120.0,120.0,,5,1
16250488,29745243,37839999,50137,"Potatoes, new and salad, boiled in unsalted water, flesh and skin",1.0,41219,medium portion,175.0,175.0,,1,1
16250488,29745480,37840236,49516,"Mayonnaise, reduced fat",1.0,40101,heaped tablespoon,33.0,33.0,,2,1
16250488,29745483,37840243,50319,"Salad, green",1.0,41495,tub,250.0,250.0,,3,1
16250488,29745486,37840246,48171,"Beetroot, pickled, drained",1.0,37731,small unit,35.0,35.0,,4,1
16250488,29745590,37840769,48143,"Beef, sirloin steak, grilled medium-rare, lean and fat",1.0,37643,medium portion,144.0,144.0,,5,1
16250489,29746103,37841257,47997,"Bananas, flesh only",1.0,37368,large unit,120.0,120.0,,1,
16250490,29746002,37841122,49789,"Pasta, white, spaghetti, dried, boiled in unsalted water",1.0,40558,large portion,270.0,270.0,,1,1
16250490,29746004,37841124,48289,"Bread, garlic and herb, retail",1.0,37908,slice,20.0,20.0,,2,1
16250490,29746007,37841139,50381,"Sauce, pasta, carbonara type",1.0,41570,portion,90.0,90.0,,3,1
16250490,29746393,37841565,48027,"Beans, broad, whole, boiled in unsalted water",1.0,37394,tablespoon,60.0,60.0,,4,1
16250490,29746106,37841260,49255,"Jelly, made with skimmed milk",1.0,39822,portion,115.0,115.0,,1,2
16247393,29735509,37828884,7428,"Taco shells, baked, without added salt",2.0,14489,"medium unit (approx 5"" dia)",13.0,26.0,,1,
16247393,29735513,37828888,50637,"Tomatoes, cherry, raw",1.0,41995,salad portion,34.0,34.0,,2,
16247393,29735515,37828890,48635,Chilli sauce,1.0,38710,teaspoon,5.0,5.0,,3,
16247393,29735520,37828896,50567,"Sweetcorn kernels, canned in water, drained",1.0,41898,average portion,85.0,85.0,,4,
16247393,29735522,37828937,48980,"Eggs, chicken, scrambled, with semi-skimmed milk",1.0,39391,portion,120.0,120.0,,5,
16247393,29735529,37828944,49714,"Orange juice, chilled",1.0,40471,average glass,160.0,160.0,,6,
16247394,29735534,37828949,50463,Smoothies,200.0,,,,,,1,
16247394,29735542,37828960,50789,"Yogurt, low fat, plain",1.0,42238,average pot,125.0,125.0,,2,
16247395,29736170,37829675,50254,"Rice, brown, wholegrain, boiled in unsalted water",1.0,41391,medium portion,180.0,180.0,,1,1
16247395,29736657,37830240,48558,"Chicken in white sauce, made with semi-skimmed milk",1.0,38510,small portion,180.0,180.0,,2,1
16247395,29736659,37830243,48027,"Beans, broad, whole, boiled in unsalted water",1.0,37395,portion,120.0,120.0,,3,1
16247395,29736781,37830366,49940,"Pineapple, raw, flesh only",2.0,40798,large slice,80.0,160.0,,4,1
16247395,29736170,37829814,50265,"Rice, white, basmati, boiled in unsalted water",1.0,41406,medium portion,180.0,180.0,,1,1
16247395,29736657,37830240,48558,"Chicken in white sauce, made with semi-skimmed milk",1.0,38510,small portion,180.0,180.0,,2,1
16247395,29736659,37830243,48027,"Beans, broad, whole, boiled in unsalted water",1.0,37395,portion,120.0,120.0,,3,1
16247395,29736781,37830366,49940,"Pineapple, raw, flesh only",2.0,40798,large slice,80.0,160.0,,4,1
16247395,29736170,37829821,50276,"Rice, wild, boiled in unsalted water",1.0,41426,medium portion,180.0,180.0,,1,1
16247395,29736657,37830240,48558,"Chicken in white sauce, made with semi-skimmed milk",1.0,38510,small portion,180.0,180.0,,2,1
16247395,29736659,37830243,48027,"Beans, broad, whole, boiled in unsalted water",1.0,37395,portion,120.0,120.0,,3,1
16247395,29736781,37830366,49940,"Pineapple, raw, flesh only",2.0,40798,large slice,80.0,160.0,,4,1
16247397,29735784,37829281,50445,"Shepherd's pie, homemade",1.0,41657,portion,310.0,310.0,,1,1
16247397,29735900,37829398,49850,"Peas, frozen, boiled in unsalted water",1.0,40626,medium portion,70.0,70.0,,2,1
16247397,29735901,37829399,48433,"Carrots, old, boiled in unsalted water",1.0,38223,medium portion,60.0,60.0,,3,1
16247397,29736819,37830407,49256,"Jelly, made with water",1.0,39825,pot,125.0,125.0,,1,2
16606752,30613828,38871570,2872,"Soup, vegetable, canned, low sodium, condensed",1.0,6224,cup,126.0,126.0,,1,0
16606752,30614016,38871766,50265,"Rice, white, basmati, boiled in unsalted water",1.0,41406,medium portion,180.0,180.0,,1,1
16606752,30614017,38871767,48571,"Chicken, breast, grilled without skin, meat only",1.0,38549,large portion,150.0,150.0,,2,1
16606752,30614018,38871769,4848,"Vegetables, mixed, frozen, cooked, boiled, drained, without salt",1.0,9495,cup,91.0,91.0,,3,1
16606752,30614026,38871778,3894,"Orange juice, raw",1.0,7672,cup,248.0,248.0,,1,2
16606754,30614530,38872287,2872,"Soup, vegetable, canned, low sodium, condensed",1.0,6224,cup,126.0,126.0,,1,0
16606754,30614586,38872348,49791,"Pasta, wholewheat, spaghetti, dried, boiled in unsalted water",1.0,40563,medium portion,220.0,220.0,,1,1
16606754,30614593,38872355,174,"Bife de vaca (acém, alcatra ou lombo) grelhado",160.0,,,,,,2,1
16606754,30615171,38872942,3894,"Orange juice, raw",1.0,7672,cup,248.0,248.0,,1,2
16606755,30614702,38872468,1775,"Yogurt, Greek, plain, nonfat",1.0,3812,container,170.0,170.0,,1,
16606755,30614835,38872601,6415,"Peanut butter, smooth, reduced fat",1.0,12441,tablespoon,36.0,36.0,,2,
16611879,30623710,38883074,28198,"Yoghurt, low fat (Danone Vitalinea/Shape)",100.0,,,,,,1,
16611879,30623711,38883075,27522,"Figs, dried",50.0,,,,,,2,
16611879,30623713,38883077,7797,Honey,1.0,15123,tbsp,21.0,21.0,,3,
16611878,30623882,38883294,22136,"Kiwi fruit, pulp and seeds, raw",100.0,,,,,,1,
16611877,30623703,38883067,50319,"Salad, green",1.0,41495,tub,250.0,250.0,,1,1
16611877,30623704,38883068,4553,"Cucumber, with peel, raw",1.0,8926,cup slices,52.0,52.0,,2,1
16611877,30623705,38883069,4817,"Tomatoes, red, ripe, raw, year round average",1.0,9423,cup cherry tomatoes,149.0,149.0,,3,1
16611877,30623707,38883071,47958,"Avocado, average, flesh only",1.0,37287,half,75.0,75.0,,4,1
16611877,30623708,38883072,2196,"Oil, olive, salad or cooking",1.0,4837,tsp,4.5,4.5,,5,1
16611877,30624043,38883529,50631,"Tofu, soya bean, steamed, fried",100.0,,,,,,6,1
16611876,30623702,38883066,4037,"Clementines, raw",1.0,7962,unit,74.0,74.0,,1,
16611875,30623699,38883063,4504,"Cauliflower, cooked, boiled, drained, without salt",1.0,8834,"cup (1"" pieces)",62.0,62.0,,1,1
16611875,30623701,38883065,50254,"Rice, brown, wholegrain, boiled in unsalted water",1.0,41390,small portion,100.0,100.0,,2,1
16611875,30624218,38883715,6330,"Chickpeas (garbanzo beans, bengal gram), mature seeds, cooked, boiled, without salt",1.0,12302,cup,164.0,164.0,,3,1
16251566,29746449,37841663,50406,"Sausages, pork, reduced fat, grilled",3.0,41607,large unit,40.0,120.0,,1,
16251566,29746479,37841710,47991,"Baked beans, canned in tomato sauce, reduced sugar, reduced salt",1.0,37346,medium portion,135.0,135.0,,2,
16251566,29746481,37841712,48306,"Bread, white, toasted",1.0,37948,medium slice,27.0,27.0,,3,
16251566,29746543,37841798,50502,"Spinach, frozen, boiled in unsalted water",1.0,41807,serving,90.0,90.0,,4,
16251566,29746768,37842069,49131,"Grapefruit juice, unsweetened",1.0,39644,average glass,160.0,160.0,,5,
16251566,29747000,37842396,48987,"Eggs, chicken, whole, fried, without fat",2.0,39401,unit,60.0,120.0,,6,
16251566,29747268,37842701,50640,"Tomatoes, standard, grilled, flesh and seeds only",1.0,42005,medium unit,85.0,85.0,,7,
16251566,29746449,37841663,50406,"Sausages, pork, reduced fat, grilled",3.0,41607,large unit,40.0,120.0,,1,
16251566,29746479,37841710,47991,"Baked beans, canned in tomato sauce, reduced sugar, reduced salt",1.0,37346,medium portion,135.0,135.0,,2,
16251566,29746481,37841784,48287,"Bread, brown, toasted",1.0,37906,medium slice,31.0,31.0,,3,
16251566,29746543,37841798,50502,"Spinach, frozen, boiled in unsalted water",1.0,41807,serving,90.0,90.0,,4,
16251566,29746768,37842069,49131,"Grapefruit juice, unsweetened",1.0,39644,average glass,160.0,160.0,,5,
16251566,29747000,37842396,48987,"Eggs, chicken, whole, fried, without fat",2.0,39401,unit,60.0,120.0,,6,
16251566,29747268,37842701,50640,"Tomatoes, standard, grilled, flesh and seeds only",1.0,42005,medium unit,85.0,85.0,,7,
16251567,29746799,37842142,48476,"Cereal bars, with fruit and/or nuts, with chocolate, unfortified",1.0,38323,unit,30.0,30.0,,1,
16251567,29747004,37842404,49577,"Milkshake, thick, takeaway",1.0,40277,medium glass,300.0,300.0,,2,
16251568,29746852,37842243,49490,"Macaroni cheese, homemade",1.0,40064,portion,220.0,220.0,,1,0
16251568,29746999,37842391,50319,"Salad, green",1.0,41495,tub,250.0,250.0,,2,0
16251568,29747269,37842703,50567,"Sweetcorn kernels, canned in water, drained",1.0,41897,tablespoon,30.0,30.0,,3,0
16251568,29747172,37842601,47998,"Bananas, raw, flesh only, weighed with skin",1.0,37372,large unit,120.0,120.0,,1,2
16251569,29747006,37842408,49861,"Peas, sugar-snap, boiled in unsalted water",1.0,40653,small portion,40.0,40.0,,1,
16251569,29747034,37842436,48435,"Carrots, old, raw",1.0,38237,medium portion,60.0,60.0,,2,
16251569,29747037,37842439,48936,"Dips, sour-cream based, reduced fat",1.0,39355,heaped tablespoon,33.0,33.0,,3,
16251570,29747166,37842576,49342,"Lamb, loin chops, grilled, lean, weighed with fat and bone",3.0,39945,portion,120.0,360.0,,1,1
16251570,29747168,37842593,50145,"Potatoes, old, mashed with butter",1.0,41248,large portion,220.0,220.0,,2,1
16251570,29747169,37842596,50723,"Vegetables, mixed, frozen, boiled in unsalted water",1.5,42120,serving,90.0,135.0,,3,1
16251570,29747261,37842692,49894,"Pie, apple, wholemeal, one crust, homemade",1.0,40711,portion,110.0,110.0,,1,2
15921957,28939216,36714373,49751,"Pancakes, sweet, made with whole milk, homemade",1.0,40511,medium portion,110.0,110.0,,1,
15921957,28939217,36714374,49827,"Peaches, raw, flesh and skin",1.0,40588,medium piece,110.0,110.0,,2,
15921957,28939218,36714375,49216,Honey,1.0,39759,heaped teaspoon,17.0,17.0,,3,
15921959,28939311,36714470,50137,"Potatoes, new and salad, boiled in unsalted water, flesh and skin",1.0,41220,large portion,220.0,220.0,,1,1
15921959,28939480,36714639,50015,"Pork, fillet slices, grilled, lean",1.0,40934,medium portion,90.0,90.0,,2,1
15921959,28939482,36714641,47949,"Asparagus, boiled in unsalted water",250.0,,,,,,3,1
15921959,28939568,36714727,49681,"Oil, rapeseed",1.0,40423,teaspoon,3.0,3.0,,4,1
15921959,28939569,36714728,48381,"Butter, unsalted",1.0,38159,thin average spread,7.0,7.0,,5,1
15921959,28939570,36714729,49763,"Parsley, fresh",1.0,40520,large sprig,1.0,1.0,,6,1
15921959,28939572,36714734,49714,"Orange juice, chilled",1.0,40471,average glass,160.0,160.0,,1,2
15921959,28945271,36722090,22264,"Water, mineral, carbonated, bottled (average)",100.0,,,,,,2,2
15921960,28944672,36721415,49503,"Mangosteen, flesh only",100.0,,,,,,1,
15921960,28944955,36721700,50789,"Yogurt, low fat, plain",250.0,,,,,,2,
15921960,28944962,36721708,48681,Coconut milk,50.0,,,,,,3,
15921960,28944968,36721714,49216,Honey,10.0,,,,,,4,
15921960,28945074,36721820,22916,"Dark chocolate bar, less than 70% cocoa",10.0,,,,,,5,
16612091,30624398,38883953,48287,"Bread, brown, toasted",2.0,37905,small slice,23.0,46.0,,1,
16612091,30624400,38883955,1678,"Egg, whole, cooked, omelet",80.0,,,,,,2,
16612091,30624939,38884679,81533,"Emmental cheese, grated, from cow's milk",30.0,,,,,,3,
16612093,30624403,38883958,67669,"Bread, french or vienna, whole wheat",2.0,54558,slice (1 serving),48.0,96.0,,1,0
16612093,30624405,38883960,28488,"Soup, vegetable (carrot, celery, tomato, onion), homemade",250.0,,,,,,2,0
16612093,30625019,38884809,10117,"Cheese, cottage, lowfat, 1% milkfat, with vegetables",1.0,18359,cup,226.0,226.0,,3,0
16612093,30625186,38884976,4742,"Radishes, oriental, raw",1.0,9303,cup of slices,116.0,116.0,,4,0
16612094,30625196,38884987,3892,"Oranges, raw, Florida",1.0,7668,"unit (2-5/8"" dia)",141.0,141.0,,1,
16612095,30624411,38883966,50509,"Spring greens, boiled in unsalted water",100.0,,,,,,1,1
16612095,30625489,38885280,22821,"Tuna, roasted/baked",100.0,,,,,,2,1
16612095,30625602,38885413,5140,"Potatoes, mashed, home-prepared, whole milk and butter added",1.0,9968,cup,210.0,210.0,,3,1
15258021,29932806,38068380,48287,"Bread, brown, toasted",2.0,37906,medium slice,31.0,62.0,,1,
15258021,29932807,38068384,48989,"Eggs, chicken, whole, raw",67.0,,,,,,2,
15258021,29932809,38068386,49561,"Milk, semi-skimmed, pasteurised, average",3.0,40168,tablespoon,15.0,45.0,,3,
15258021,29932909,38068487,48669,"Cinnamon, ground",1.0,38790,teaspoon,3.0,3.0,,4,
15258021,29932941,38068518,50545,"Sugar, brown",1.0,41864,heaped teaspoon,6.0,6.0,,5,
15258021,29932945,38068523,50223,"Raspberries, stewed without sugar",1.0,41363,portion,90.0,90.0,,6,
15258021,29932947,38068525,48251,"Blackberries, stewed without sugar",80.0,,,,,,7,
15258021,29932949,38068527,48262,Blueberries,20.0,37865,unit,2.0,40.0,,8,
15258021,29932953,38068531,48381,"Butter, unsalted",1.0,38159,thin average spread,7.0,7.0,,9,
15258021,29932806,38068381,48304,"Bread, white, sliced",2.0,37944,medium slice,36.0,72.0,,1,
15258021,29932807,38068384,48989,"Eggs, chicken, whole, raw",67.0,,,,,,2,
15258021,29932809,38068386,49561,"Milk, semi-skimmed, pasteurised, average",3.0,40168,tablespoon,15.0,45.0,,3,
15258021,29932909,38068487,48669,"Cinnamon, ground",1.0,38790,teaspoon,3.0,3.0,,4,
15258021,29932941,38068518,50545,"Sugar, brown",1.0,41864,heaped teaspoon,6.0,6.0,,5,
15258021,29932945,38068523,50223,"Raspberries, stewed without sugar",1.0,41363,portion,90.0,90.0,,6,
15258021,29932947,38068525,48251,"Blackberries, stewed without sugar",80.0,,,,,,7,
15258021,29932949,38068527,48262,Blueberries,20.0,37865,unit,2.0,40.0,,8,
15258021,29932953,38068531,48381,"Butter, unsalted",1.0,38159,thin average spread,7.0,7.0,,9,
15258021,29932806,38068382,48309,"Bread, wholemeal, average",2.0,37960,medium slice,36.0,72.0,,1,
15258021,29932807,38068384,48989,"Eggs, chicken, whole, raw",67.0,,,,,,2,
15258021,29932809,38068386,49561,"Milk, semi-skimmed, pasteurised, average",3.0,40168,tablespoon,15.0,45.0,,3,
15258021,29932909,38068487,48669,"Cinnamon, ground",1.0,38790,teaspoon,3.0,3.0,,4,
15258021,29932941,38068518,50545,"Sugar, brown",1.0,41864,heaped teaspoon,6.0,6.0,,5,
15258021,29932945,38068523,50223,"Raspberries, stewed without sugar",1.0,41363,portion,90.0,90.0,,6,
15258021,29932947,38068525,48251,"Blackberries, stewed without sugar",80.0,,,,,,7,
15258021,29932949,38068527,48262,Blueberries,20.0,37865,unit,2.0,40.0,,8,
15258021,29932953,38068531,48381,"Butter, unsalted",1.0,38159,thin average spread,7.0,7.0,,9,
15258023,29933148,38068776,48143,"Beef, sirloin steak, grilled medium-rare, lean and fat",1.0,37640,small piece,105.0,105.0,,1,1
15258023,29933149,38068777,49646,"Noodles, egg, fine, dried, boiled in unsalted water",1.0,40378,serving,280.0,280.0,,2,1
15258023,29933150,38068778,50721,"Vegetable stir fry mix, fried in sunflower oil",1.0,42117,portion,340.0,340.0,,3,1
15258025,29932997,38068621,173743,Spinach & Ricotta Tortelloni Fresh,1.0,136146,Pack,150.0,150.0,,1,1
15258025,29933002,38068628,50384,"Sauce, pasta, tomato based, napoletana",1.0,41573,portion,90.0,90.0,,2,1
15258025,29933003,38068629,48571,"Chicken, breast, grilled without skin, meat only",1.0,38548,medium portion,130.0,130.0,,3,1
15258025,29933007,38068635,49624,"Mushrooms, oyster, raw",1.0,40336,medium serving,10.0,10.0,,4,1
15258025,29933009,38068637,48802,"Curly kale, boiled in unsalted water",1.0,39098,serving,90.0,90.0,,5,1
15258025,29933013,38068641,49236,"Ice cream, virtually fat free alternative",2.0,39801,average scoop,60.0,120.0,,1,2
15258025,29933016,38068644,49230,"Ice cream sauce, topping, strawberry and chocolate flavours",30.0,,,,,,2,2
16251902,29747439,37843458,50406,"Sausages, pork, reduced fat, grilled",3.0,41607,large unit,40.0,120.0,,1,
16251902,29747440,37842886,48287,"Bread, brown, toasted",2.0,37906,medium slice,31.0,62.0,,2,
16251902,29747441,37842893,50633,Tomato ketchup,1.0,41988,sachet,12.0,12.0,,3,
16251902,29747442,37842895,49714,"Orange juice, chilled",1.0,40471,average glass,160.0,160.0,,4,
16251902,29747439,37843458,50406,"Sausages, pork, reduced fat, grilled",3.0,41607,large unit,40.0,120.0,,1,
16251902,29747440,37842887,48306,"Bread, white, toasted",2.0,37948,medium slice,27.0,54.0,,2,
16251902,29747441,37842893,50633,Tomato ketchup,1.0,41988,sachet,12.0,12.0,,3,
16251902,29747442,37842895,49714,"Orange juice, chilled",1.0,40471,average glass,160.0,160.0,,4,
16251903,29747991,37843497,50790,"Yogurt, low fat, toffee",1.0,42241,average pot,125.0,125.0,,1,
16251903,29747994,37843500,47930,"Apples, eating, raw, flesh and skin, weighed with core",1.0,37269,large eating,170.0,170.0,,2,
16251904,29747623,37843110,48143,"Beef, sirloin steak, grilled medium-rare, lean and fat",1.0,37643,medium portion,144.0,144.0,,1,1
16251904,29747625,37843119,50561,"Sweet potato, baked",1.0,41892,average portion,130.0,130.0,,2,1
16251904,29747628,37843123,48936,"Dips, sour-cream based, reduced fat",1.0,39355,heaped tablespoon,33.0,33.0,,3,1
16251904,29747770,37843266,48349,"Broccoli, green, steamed",1.0,38076,medium portion,85.0,85.0,,4,1
16251904,29750007,37846904,49138,"Grapes, red",1.0,39667,small bunch,100.0,100.0,,1,2
16251905,29747955,37843455,48500,"Cheese, cottage, plain, reduced fat",1.0,38383,small pot,112.0,112.0,,1,
16251905,29747956,37843456,48771,Cream crackers,5.0,39045,unit,7.0,35.0,,2,
16251906,29747449,37842906,50625,"Toad in the hole, homemade",200.0,,,,,,1,1
16251906,29747451,37842908,50146,"Potatoes, old, mashed with reduced fat spread",1.0,41253,medium portion,175.0,175.0,,2,1
16251906,29747565,37843022,48433,"Carrots, old, boiled in unsalted water",1.0,38223,medium portion,60.0,60.0,,3,1
16251906,29747567,37843027,49853,"Peas, mange-tout, boiled in unsalted water",1.0,40634,medium portion,70.0,70.0,,4,1
16251906,29747570,37843030,48793,"Crumble, fruit, wholemeal, homemade",1.0,39079,average portion,170.0,170.0,,1,2
16251906,29747572,37843032,48913,"Custard, made up with skimmed milk",1.0,39324,average portion,120.0,120.0,,2,2
16254185,29753988,37853597,172919,Fruit Toast,2.0,135641,Slice,35.3,70.6,,1,
16254185,29753991,37853612,48380,"Butter, spreadable, light (60% fat)",1.0,38152,medium spread,10.0,10.0,,2,
16254185,29754046,37853676,49250,"Jam, fruit with edible seeds",1.0,39815,spread,25.0,25.0,,3,
16254185,29754050,37853690,49569,"Milk, skimmed, pasteurised, winter",1.0,40216,average glass,200.0,200.0,,4,
16254185,29753988,37853597,172919,Fruit Toast,2.0,135641,Slice,35.3,70.6,,1,
16254185,29753991,37853612,48380,"Butter, spreadable, light (60% fat)",1.0,38152,medium spread,10.0,10.0,,2,
16254185,29754046,37853676,49250,"Jam, fruit with edible seeds",1.0,39815,spread,25.0,25.0,,3,
16254185,29754050,37853699,49561,"Milk, semi-skimmed, pasteurised, average",1.0,40164,average glass,200.0,200.0,,4,
16254187,29754268,37853989,47949,"Asparagus, boiled in unsalted water",1.5,37279,portion,125.0,187.5,,1,0
16254187,29754276,37854008,48987,"Eggs, chicken, whole, fried, without fat",2.0,39401,unit,60.0,120.0,,2,0
16254187,29754291,37854033,48287,"Bread, brown, toasted",2.0,37906,medium slice,31.0,62.0,,3,0
16254187,29754302,37854083,50640,"Tomatoes, standard, grilled, flesh and seeds only",1.0,42005,medium unit,85.0,85.0,,4,0
16254187,29755737,37856082,49008,"Fat spread, reduced fat (41-62%), not polyunsaturated, with olive oil",2.0,39452,thin spread,5.0,10.0,,5,0
16254187,29754700,37854596,49256,"Jelly, made with water",1.0,39825,pot,125.0,125.0,,1,2
16254187,29754730,37854626,48913,"Custard, made up with skimmed milk",1.0,39324,average portion,120.0,120.0,,2,2
16254187,29754268,37853989,47949,"Asparagus, boiled in unsalted water",1.5,37279,portion,125.0,187.5,,1,0
16254187,29754276,37854008,48987,"Eggs, chicken, whole, fried, without fat",2.0,39401,unit,60.0,120.0,,2,0
16254187,29754291,37854035,48310,"Bread, wholemeal, toasted",2.0,37963,medium slice,31.0,62.0,,3,0
16254187,29754302,37854083,50640,"Tomatoes, standard, grilled, flesh and seeds only",1.0,42005,medium unit,85.0,85.0,,4,0
16254187,29755737,37856082,49008,"Fat spread, reduced fat (41-62%), not polyunsaturated, with olive oil",2.0,39452,thin spread,5.0,10.0,,5,0
16254187,29754700,37854596,49256,"Jelly, made with water",1.0,39825,pot,125.0,125.0,,1,2
16254187,29754730,37854626,48913,"Custard, made up with skimmed milk",1.0,39324,average portion,120.0,120.0,,2,2
16254188,29755213,37855444,48799,"Crumpets, toasted",2.0,39093,portion,40.0,80.0,,1,
16254188,29755214,37855445,50782,Yeast extract,2.0,42223,thick scraping,4.0,8.0,,2,
16254188,29755609,37855915,48800,"Cucumber, raw, flesh and skin",1.0,39095,1'' piece,60.0,60.0,,3,
16254188,29755611,37855933,49868,"Pepper, capsicum, red, raw",3.0,40663,sliced ring,10.0,30.0,,4,
16254189,29754477,37854322,48467,"Cauliflower, boiled in unsalted water",1.0,38308,small portion,60.0,60.0,,1,1
16254189,29754479,37854324,48347,"Broccoli, green, boiled in unsalted water",1.0,38067,small portion,60.0,60.0,,2,1
16254189,29754480,37854329,48436,"Carrots, young, boiled in unsalted water",1.0,38244,medium portion,60.0,60.0,,3,1
16254189,29754881,37855064,48164,"Beef, topside, roasted medium-rare, lean and fat",1.0,37700,large portion,150.0,150.0,,4,1
16254189,29754883,37855068,49140,"Gravy instant granules, made up with water",1.0,39669,medium portion,50.0,50.0,,5,1
16254189,29754926,37855116,50151,"Potatoes, old, roasted in lard",1.0,41259,medium unit,85.0,85.0,,6,1
16254189,29755069,37855263,50187,"Pudding, sponge, canned",1.0,41308,portion,110.0,110.0,,1,2
16254189,29755071,37855265,48780,"Cream, fresh, single",3.0,39061,tablespoon,15.0,45.0,,2,2
16253935,29752791,37852045,47988,"Bagels, plain",1.0,37332,portion,70.0,70.0,,1,
16253935,29752794,37852050,48530,"Cheese, spreadable, soft white, low fat",80.0,,,,,,2,
16253935,29752795,37852051,50342,"Salmon, smoked (cold-smoked)",2.0,41535,average portion,56.0,112.0,,3,
16253935,29752798,37852054,50738,"Watercress, raw",1.0,42132,quarter of a bunch,20.0,20.0,,4,
16253936,29752820,37852121,48928,"Dates, raw, flesh and skin",5.0,39344,unit,25.0,125.0,,1,
16253936,29752873,37852220,48475,"Cereal bars, with fruit and/or nuts, no chocolate, unfortified",1.0,38322,unit,30.0,30.0,,2,
16253937,29752888,37852242,50358,"Sandwich, white bread, chicken salad",1.0,41554,portion,205.0,205.0,,1,1
16253937,29752976,37852331,50122,"Potato crisps, low fat",1.0,41185,small pack,25.0,25.0,,2,1
16253937,29752880,37852230,47929,"Apples, eating, raw, flesh and skin",1.0,37265,medium eating,100.0,100.0,,1,2
16253937,29752881,37852231,49827,"Peaches, raw, flesh and skin",1.0,40588,medium piece,110.0,110.0,,2,2
16253937,29752888,37852345,50359,"Sandwich, white bread, egg mayonnaise",1.0,41555,portion,145.0,145.0,,1,1
16253937,29752976,37852331,50122,"Potato crisps, low fat",1.0,41185,small pack,25.0,25.0,,2,1
16253937,29752880,37852230,47929,"Apples, eating, raw, flesh and skin",1.0,37265,medium eating,100.0,100.0,,1,2
16253937,29752881,37852231,49827,"Peaches, raw, flesh and skin",1.0,40588,medium piece,110.0,110.0,,2,2
16253939,29752747,37851862,49921,"Pie, steak and kidney, single crust, homemade",1.0,40764,individual unit,160.0,160.0,,1,1
16253939,29752750,37851865,48384,"Cabbage, average, boiled in unsalted water",1.0,38170,medium portion,95.0,95.0,,2,1
16253939,29752751,37851866,50146,"Potatoes, old, mashed with reduced fat spread",1.0,41253,medium portion,175.0,175.0,,3,1
16253939,29752752,37851867,49846,"Peas, boiled in unsalted water",1.0,40618,medium portion,70.0,70.0,,4,1
16253939,29752753,37851868,48057,"Beans, runner, boiled in unsalted water",1.0,37426,medium portion,90.0,90.0,,5,1
16253939,29752980,37852335,50798,"Yogurt, whole milk, twin pot, thick and creamy with fruit",1.0,42261,average pot,125.0,125.0,,1,2
16611419,30625606,38885417,2872,"Soup, vegetable, canned, low sodium, condensed",1.0,6224,cup,126.0,126.0,,1,0
16611419,30625156,38884946,48500,"Cheese, cottage, plain, reduced fat",30.0,,,,,,1,1
16611419,30625159,38884949,50641,"Tomatoes, standard, raw",50.0,,,,,,2,1
16611419,30625750,38885579,49790,"Pasta, white, twists, fusilli, dried, boiled in salted water",1.0,40559,small portion,150.0,150.0,,3,1
16611419,30625754,38885583,1677,"Egg, whole, cooked, hard-boiled",2.0,3618,large unit,50.0,100.0,,4,1
16611419,30625807,38885643,4587,"Mushrooms, portabella, grilled",1.0,8986,cup of slices,121.0,121.0,,5,1
16611419,30625822,38885669,5132,"Lentils, sprouted, cooked, stir-fried, with salt",60.0,,,,,,6,1
16611419,30625903,38885785,2196,"Oil, olive, salad or cooking",1.0,4837,tsp,4.5,4.5,,7,1
16611419,30626418,38886357,4059,"Apples, raw, gala, with skin",1.0,7997,medium unit,172.0,172.0,,1,2
16611421,30626434,38886378,2872,"Soup, vegetable, canned, low sodium, condensed",1.0,6224,cup,126.0,126.0,,1,0
16611421,30626783,38886753,81268,"Corn tortilla wrap, to be filled",140.0,,,,,,1,1
16611421,30626802,38886772,1677,"Egg, whole, cooked, hard-boiled",2.0,3618,large unit,50.0,100.0,,2,1
16611421,30626945,38886918,47958,"Avocado, average, flesh only",1.0,37287,half,75.0,75.0,,3,1
16611421,30626963,38886936,4817,"Tomatoes, red, ripe, raw, year round average",4.0,9434,thin/small slice,15.0,60.0,,4,1
16611421,30627040,38887040,10079,"Cheese, cream, low fat",4.0,18285,tbsp,15.0,60.0,,5,1
16611421,31057255,39376759,2196,"Oil, olive, salad or cooking",1.0,4837,tsp,4.5,4.5,,6,1
16611421,30627062,38887062,3894,"Orange juice, raw",1.0,7672,cup,248.0,248.0,,1,2
16611422,30627406,38887432,1775,"Yogurt, Greek, plain, nonfat",1.0,3812,container,170.0,170.0,,1,
16611422,30627453,38887480,5228,"Nuts, almonds, dry roasted, without salt added",1.0,10155,oz (22 whole kernels),28.35,28.35,,2,
16609533,30618629,38876934,48310,"Bread, wholemeal, toasted",1.0,37963,medium slice,31.0,31.0,,1,
16609533,30618677,38877026,5286,"Seeds, sesame butter, paste",20.0,,,,,,2,
16609533,30618678,38877029,4496,"Carrots, raw",1.0,8806,cup chopped,128.0,128.0,,3,
16609533,30620304,38879078,28198,"Yoghurt, low fat (Danone Vitalinea/Shape)",125.0,,,,,,4,
16609533,30620560,38879429,21654,"Coffee infusion, with milk",250.0,,,,,,5,
16609532,30618810,38877161,47930,"Apples, eating, raw, flesh and skin, weighed with core",1.0,37268,medium eating,112.0,112.0,,1,
16609531,30618626,38876931,50300,"Rocket, raw",1.0,41469,portion,20.0,20.0,,1,1
16609531,30618815,38877174,4509,"Celery, raw",1.0,8841,chopped cup,101.0,101.0,,2,1
16609531,30619961,38878578,7133,"Bread, whole-wheat, commercially prepared",2.0,13672,slice,32.0,64.0,,3,1
16609531,30619965,38878600,50680,Turkey slices,2.0,42045,portion,23.0,46.0,,4,1
16609531,30620505,38879372,2196,"Oil, olive, salad or cooking",1.0,4837,tsp,4.5,4.5,,5,1
16609530,30618623,38876928,47929,"Apples, eating, raw, flesh and skin",1.0,37265,medium eating,100.0,100.0,,1,
16609529,30618619,38876924,28579,"Chicken and vegetable stir-fry with soy sauce, home prepared",250.0,,,,,,1,1
16609529,30618622,38876927,28303,"Salad, mixed",150.0,,,,,,2,1
16609529,30620148,38878809,81343,"Millet, cooked, unsalted",200.0,,,,,,3,1
16609529,30620301,38879074,47998,"Bananas, raw, flesh only, weighed with skin",1.0,37371,medium unit,100.0,100.0,,1,2
16621261,30648404,38911283,2872,"Soup, vegetable, canned, low sodium, condensed",1.0,6224,cup,126.0,126.0,,1,0
16621261,30648412,38911291,50265,"Rice, white, basmati, boiled in unsalted water",1.0,41405,small portion,100.0,100.0,,1,1
16621261,30648444,38911328,48571,"Chicken, breast, grilled without skin, meat only",1.0,38548,medium portion,130.0,130.0,,2,1
16621261,30648447,38911331,4817,"Tomatoes, red, ripe, raw, year round average",4.0,9434,thin/small slice,15.0,60.0,,3,1
16621261,30648524,38911409,49448,"Lettuce, average, raw",1.0,40021,portion,20.0,20.0,,4,1
16621261,30648742,38911697,47929,"Apples, eating, raw, flesh and skin",1.0,37265,medium eating,100.0,100.0,,1,2
16621263,30649103,38912105,2872,"Soup, vegetable, canned, low sodium, condensed",1.0,6224,cup,126.0,126.0,,1,0
16621263,30649491,38912560,5084,"Sweet potato, cooked, baked in skin, flesh, with salt",2.0,9859,"medium unit (2"" dia, 5"" long, raw)",114.0,228.0,,1,1
16621263,30649498,38912567,6219,"Fish, salmon, Atlantic, wild, cooked, dry heat",1.0,12139,fillet,154.0,154.0,,2,1
16621264,30649734,38912828,1775,"Yogurt, Greek, plain, nonfat",1.0,3812,container,170.0,170.0,,1,
16621264,30649743,38912852,5228,"Nuts, almonds, dry roasted, without salt added",1.0,10155,oz (22 whole kernels),28.35,28.35,,2,
14853062,26466275,33388542,27273,"Flakes, oat",50.0,,,,,,1,
14853062,26466309,33388586,81614,"Apple, var. Golden, pulp and skin, raw",60.0,,,,,,2,
14853062,26466312,33388593,50734,"Walnuts, kernel only",20.0,,,,,,3,
14853062,26466321,33388602,48669,"Cinnamon, ground",2.0,38790,teaspoon,3.0,6.0,,4,
14853062,31075224,39398138,49561,"Milk, semi-skimmed, pasteurised, average",250.0,,,,,,5,
14853064,31075105,39397967,22680,Quiche Lorraine (eggs and lardoons quiche),180.0,,,,,,1,1
14853064,31075103,39397964,49940,"Pineapple, raw, flesh only",1.0,40798,large slice,80.0,80.0,,1,2
14853065,26466515,33388799,47997,"Bananas, flesh only",1.0,37368,large unit,120.0,120.0,,1,
16626557,30661462,38928201,2872,"Soup, vegetable, canned, low sodium, condensed",1.0,6224,cup,126.0,126.0,,1,0
16626557,30662355,38929329,565,Pão de mistura de trigo e centeio,30.0,,,,,,2,0
16626557,30661608,38928357,50265,"Rice, white, basmati, boiled in unsalted water",1.0,41406,medium portion,180.0,180.0,,1,1
16626557,30661609,38928361,48571,"Chicken, breast, grilled without skin, meat only",1.0,38549,large portion,150.0,150.0,,2,1
16626557,30661627,38928382,4848,"Vegetables, mixed, frozen, cooked, boiled, drained, without salt",1.0,9495,cup,91.0,91.0,,3,1
16626557,30661736,38928509,3894,"Orange juice, raw",1.0,7672,cup,248.0,248.0,,1,2
16626559,30662171,38928966,2872,"Soup, vegetable, canned, low sodium, condensed",1.0,6224,cup,126.0,126.0,,1,0
16626559,30662348,38929315,565,Pão de mistura de trigo e centeio,30.0,,,,,,2,0
16626559,30662256,38929190,5084,"Sweet potato, cooked, baked in skin, flesh, with salt",2.0,9859,"medium unit (2"" dia, 5"" long, raw)",114.0,228.0,,1,1
16626559,30662257,38929193,6219,"Fish, salmon, Atlantic, wild, cooked, dry heat",1.0,12139,fillet,154.0,154.0,,2,1
16626559,30662344,38929311,3894,"Orange juice, raw",1.0,7672,cup,248.0,248.0,,1,2
16626560,30662357,38929339,1775,"Yogurt, Greek, plain, nonfat",1.0,3812,container,170.0,170.0,,1,
16626560,31062845,39383253,5228,"Nuts, almonds, dry roasted, without salt added",1.0,10155,oz (22 whole kernels),28.35,28.35,,2,
16620403,30645270,38907317,2872,"Soup, vegetable, canned, low sodium, condensed",1.0,6224,cup,126.0,126.0,,1,0
16620403,30645275,38907322,50265,"Rice, white, basmati, boiled in unsalted water",1.0,41406,medium portion,180.0,180.0,,1,1
16620403,30645281,38907329,48571,"Chicken, breast, grilled without skin, meat only",1.0,38548,medium portion,130.0,130.0,,2,1
16620403,30645287,38907335,4817,"Tomatoes, red, ripe, raw, year round average",6.0,9434,thin/small slice,15.0,90.0,,3,1
16620403,30645419,38907468,4595,"Lettuce, cos or romaine, raw",1.0,9001,outer leaf,28.0,28.0,,4,1
16620403,30646344,38908444,2196,"Oil, olive, salad or cooking",1.0,4837,tsp,4.5,4.5,,5,1
16620403,30645283,38907331,3894,"Orange juice, raw",1.0,7672,cup,248.0,248.0,,1,2
16620406,30646375,38908481,1775,"Yogurt, Greek, plain, nonfat",1.0,3812,container,170.0,170.0,,1,
16620406,30646380,38908486,5228,"Nuts, almonds, dry roasted, without salt added",1.0,10155,oz (22 whole kernels),28.35,28.35,,2,
16624216,30654838,38919149,2872,"Soup, vegetable, canned, low sodium, condensed",1.0,6224,cup,126.0,126.0,,1,0
16624216,30654840,38919153,565,Pão de mistura de trigo e centeio,30.0,,,,,,2,0
16624216,30654936,38919250,50265,"Rice, white, basmati, boiled in unsalted water",1.0,41406,medium portion,180.0,180.0,,1,1
16624216,30654940,38919257,48571,"Chicken, breast, grilled without skin, meat only",1.0,38549,large portion,150.0,150.0,,2,1
16624216,30656851,38921816,2196,"Oil, olive, salad or cooking",1.0,4837,tsp,4.5,4.5,,3,1
16624216,30655418,38919856,3894,"Orange juice, raw",2.0,7672,cup,248.0,496.0,,1,2
16624216,31159924,39492791,4059,"Apples, raw, gala, with skin",1.0,7997,medium unit,172.0,172.0,,2,2
16624217,30655419,38919857,565,Pão de mistura de trigo e centeio,60.0,,,,,,1,
16624217,30655427,38919869,1677,"Egg, whole, cooked, hard-boiled",3.0,3618,large unit,50.0,150.0,,2,
16624218,30655730,38920273,2872,"Soup, vegetable, canned, low sodium, condensed",1.0,6224,cup,126.0,126.0,,1,0
16624218,30655739,38920284,565,Pão de mistura de trigo e centeio,30.0,,,,,,2,0
16624218,30655930,38920567,5084,"Sweet potato, cooked, baked in skin, flesh, with salt",2.0,9859,"medium unit (2"" dia, 5"" long, raw)",114.0,228.0,,1,1
16624218,30655931,38920574,48571,"Chicken, breast, grilled without skin, meat only",1.0,38549,large portion,150.0,150.0,,2,1
16624218,30656322,38921076,4848,"Vegetables, mixed, frozen, cooked, boiled, drained, without salt",1.0,9495,cup,91.0,91.0,,3,1
16624218,30656852,38921817,2196,"Oil, olive, salad or cooking",1.0,4837,tsp,4.5,4.5,,4,1
16624218,30656323,38921077,47929,"Apples, eating, raw, flesh and skin",1.0,37265,medium eating,100.0,100.0,,1,2
16624218,30656324,38921079,3894,"Orange juice, raw",1.0,7672,cup,248.0,248.0,,2,2
16624219,30656637,38921511,1775,"Yogurt, Greek, plain, nonfat",1.0,3812,container,170.0,170.0,,1,
16624219,30656652,38921527,5228,"Nuts, almonds, dry roasted, without salt added",1.0,10155,oz (22 whole kernels),28.35,28.35,,2,
14922763,26619092,33567912,50791,"Yogurt, soya, non-dairy alternative to yogurt, fruit, fortified",200.0,,,,,,1,
14922763,26620864,33570083,82578,"Oat flakes, pre-cooked, raw",50.0,,,,,,2,
14922763,26621271,33570550,50537,"Strawberries, raw",1.0,41860,average portion,100.0,100.0,,3,
14922763,26621318,33570612,50734,"Walnuts, kernel only",1.0,42128,portion,20.0,20.0,,4,
14922765,26764414,33756696,50140,"Potatoes, old, baked, flesh and skin",1.0,41228,large unit,220.0,220.0,,1,1
14922765,26764473,33756760,48936,"Dips, sour-cream based, reduced fat",3.0,39355,heaped tablespoon,33.0,99.0,,2,1
14922765,26764480,33756771,28300,"Vegetable stir fry (peppers, broccoli, carrots, sweetcorn, water chesnuts), homemade",200.0,,,,,,3,1
14922766,26764539,33756851,27664,"Pudding, chocolate, ready-to-eat",150.0,,,,,,1,
14924280,29934774,38070463,48335,"Breakfast cereal, Ricicles, Kellogg's",1.0,38032,medium portion,30.0,30.0,,1,
14924280,29934775,38070464,49561,"Milk, semi-skimmed, pasteurised, average",1.0,40165,average portion with cereals,100.0,100.0,,2,
14924280,29934778,38070472,47997,"Bananas, flesh only",1.0,37368,large unit,120.0,120.0,,3,
14924280,29934774,38070463,48335,"Breakfast cereal, Ricicles, Kellogg's",1.0,38032,medium portion,30.0,30.0,,1,
14924280,29934775,38070466,49569,"Milk, skimmed, pasteurised, winter",1.0,40217,average portion with cereals,100.0,100.0,,2,
14924280,29934778,38070472,47997,"Bananas, flesh only",1.0,37368,large unit,120.0,120.0,,3,
14924281,29934854,38070548,48441,"Cashew nuts, kernel only, roasted and salted",1.0,38263,medium bag,50.0,50.0,,1,
14924282,29934771,38070460,8479,"Fast foods, grilled chicken, bacon and tomato club sandwich, with cheese, lettuce, and mayonnaise",1.0,16071,sandwich,268.0,268.0,,1,1
14924283,29934857,38070551,50797,"Yogurt, whole milk, twin pot, not fruit",1.0,42259,average pot,125.0,125.0,,1,
14924283,29934914,38070662,47929,"Apples, eating, raw, flesh and skin",1.0,37265,medium eating,100.0,100.0,,2,
14924284,29934860,38070555,50728,"Venison, roast",1.0,42124,average portion,120.0,120.0,,1,1
14924284,29934861,38070556,49140,"Gravy instant granules, made up with water",1.0,39669,medium portion,50.0,50.0,,2,1
14924284,29934863,38070558,48251,"Blackberries, stewed without sugar",80.0,,,,,,3,1
14924284,29934868,38070563,50145,"Potatoes, old, mashed with butter",1.0,41247,medium portion,175.0,175.0,,4,1
14924284,29934871,38070566,48390,"Cabbage, red, cooked with apple",1.0,38183,medium portion,95.0,95.0,,5,1
14924284,29934873,38070568,48355,"Brussels sprouts, boiled in unsalted water",1.0,38092,medium portion,90.0,90.0,,6,1
14924284,29934892,38070598,50177,"Pudding, bread and butter, homemade",0.8,41294,portion,170.0,136.0,,1,2
14924284,29934940,38070690,48913,"Custard, made up with skimmed milk",1.0,39324,average portion,120.0,120.0,,2,2
14989896,30383958,38603275,49601,"Muesli, Swiss style, no added sugar or salt, unfortified",1.0,40301,small portion,30.0,30.0,,1,
14989896,30384050,38603406,50789,"Yogurt, low fat, plain",1.0,42238,average pot,125.0,125.0,,2,
14989896,30384182,38603538,50537,"Strawberries, raw",1.0,41860,average portion,100.0,100.0,,3,
14989898,30384185,38603541,50140,"Potatoes, old, baked, flesh and skin",1.0,41227,medium unit,180.0,180.0,,1,1
14989898,30384239,38603596,47991,"Baked beans, canned in tomato sauce, reduced sugar, reduced salt",1.0,37348,small can,205.0,205.0,,2,1
14989898,30384333,38603689,48498,"Cheese, Cheddar, English",1.0,38376,matchbox sized piece,30.0,30.0,,3,1
14989898,30384336,38603692,50319,"Salad, green",1.0,41495,tub,250.0,250.0,,4,1
14989899,30384339,38603695,48435,"Carrots, old, raw",1.0,38237,medium portion,60.0,60.0,,1,
14989899,30384341,38603697,48800,"Cucumber, raw, flesh and skin",1.0,39095,1'' piece,60.0,60.0,,2,
14989899,30384343,38603699,48936,"Dips, sour-cream based, reduced fat",1.0,39355,heaped tablespoon,33.0,33.0,,3,
14989900,30384491,38603848,48011,"Bass, sea, flesh only, baked",120.0,,,,,,1,1
14989900,30384492,38603849,50250,"Rice, brown, basmati, boiled in unsalted water",1.0,41383,medium portion,180.0,180.0,,2,1
14989900,30384494,38603851,49732,"Pak choi, steamed",100.0,,,,,,3,1
14989900,30384497,38603854,50495,"Soy sauce, light and dark varieties",1.0,41800,teaspoon,5.0,5.0,,4,1
14989900,30384668,38604030,48391,"Cabbage, red, raw",1.0,38186,portion,90.0,90.0,,5,1
14989900,30384669,38604031,48435,"Carrots, old, raw",1.0,38236,small portion,40.0,40.0,,6,1
14989900,30384673,38604035,49712,"Onions, raw",1.0,40464,slice,20.0,20.0,,7,1
15294564,27429733,34581017,565,Pão de mistura de trigo e centeio,100.0,,,,,,1,
15294564,27429787,34581103,35,"Queijo Flamengo, 30% gordura",20.0,,,,,,2,
15294564,27429791,34581109,264,Fiambre,30.0,,,,,,3,
15294564,27429815,34581182,10,Leite de vaca UHT magro,150.0,,,,,,4,
15294564,27429822,34581192,591,Flocos de trigo,45.0,,,,,,5,
15294564,27429826,34581197,738,Manga,100.0,,,,,,6,
15294565,27429991,34581384,58,"Iogurte açucarado com edulcorante de síntese, sólido magro",125.0,,,,,,1,
15294565,27430047,34581456,731,Maçã com casca,120.0,,,,,,2,
15294565,27430077,34581499,565,Pão de mistura de trigo e centeio,50.0,,,,,,3,
15294565,27430086,34581534,264,Fiambre,15.0,,,,,,4,
15294565,27430100,34581548,35,"Queijo Flamengo, 30% gordura",20.0,,,,,,5,
15294566,27430103,34581566,907,Sopa de abóbora,200.0,,,,,,1,0
15294566,27430248,34581891,300,Peito de frango com pele cru,120.0,,,,,100 grams of peito de frango com pele cru,1,1
15294566,27430390,34582112,532,Arroz cozido simples,200.0,,,,,,2,1
15294566,27430416,34582147,651,Alface crua,30.0,,,,,,3,1
15294566,27430420,34582155,664,Cenoura crua,30.0,,,,,,4,1
15294566,27430425,34582167,657,Beterraba (raiz) crua,30.0,,,,,,5,1
15294566,27430442,34582220,747,Pera,130.0,,,,,,6,1
15294566,27431061,34583044,777,Azeite,10.0,,,,,,7,1
15294567,27431799,34584151,565,Pão de mistura de trigo e centeio,100.0,,,,,,1,
15294567,27431933,34584291,478,Ovo de galinha inteiro cru,55.0,,,,,,2,
15294567,27431936,34584294,35,"Queijo Flamengo, 30% gordura",20.0,,,,,,3,
15294567,27431942,34584300,591,Flocos de trigo,45.0,,,,,,4,
15294567,27431945,34584303,10,Leite de vaca UHT magro,150.0,,,,,,5,
15294567,27431948,34584305,713,Banana,150.0,,,,,,6,
15296887,27431735,34584042,55,Iogurte açucarado batido meio gordo com fruta,400.0,,,,,,1,
15294568,27430578,34582388,908,Sopa de agrião,200.0,,,,,,1,0
15294568,27430658,34582499,423,Pescada europeia cozida,120.0,,,,,,1,1
15294568,27430679,34582541,638,Batata cozida,320.0,,,,,,2,1
15294568,27430683,34582545,660,Brócolos cozidos,90.0,,,,,,3,1
15294568,27431068,34583055,777,Azeite,10.0,,,,,,4,1
15294569,27430751,34582653,608,Bolacha Maria,24.0,,,,,,1,
15294569,27430945,34582897,10,Leite de vaca UHT magro,200.0,,,,,,2,
16627449,30662677,38929798,2872,"Soup, vegetable, canned, low sodium, condensed",1.0,6224,cup,126.0,126.0,,1,0
16627449,31064720,39385350,565,Pão de mistura de trigo e centeio,30.0,,,,,,2,0
16627449,30662680,38929801,50265,"Rice, white, basmati, boiled in unsalted water",1.0,41406,medium portion,180.0,180.0,,1,1
16627449,30662691,38929813,48571,"Chicken, breast, grilled without skin, meat only",1.0,38549,large portion,150.0,150.0,,2,1
16627449,30662694,38929816,4848,"Vegetables, mixed, frozen, cooked, boiled, drained, without salt",1.0,9495,cup,91.0,91.0,,3,1
16627449,30663585,38931088,2196,"Oil, olive, salad or cooking",1.0,4837,tsp,4.5,4.5,,4,1
16627449,30662743,38929869,47929,"Apples, eating, raw, flesh and skin",1.0,37265,medium eating,100.0,100.0,,1,2
16627449,30662794,38929966,3894,"Orange juice, raw",1.0,7672,cup,248.0,248.0,,2,2
16627451,30663289,38930517,2872,"Soup, vegetable, canned, low sodium, condensed",1.0,6224,cup,126.0,126.0,,1,0
16627451,31064722,39385352,565,Pão de mistura de trigo e centeio,30.0,,,,,,2,0
16627451,30663308,38930543,5084,"Sweet potato, cooked, baked in skin, flesh, with salt",3.0,9859,"medium unit (2"" dia, 5"" long, raw)",114.0,342.0,,1,1
16627451,30663479,38930926,145,"Lombo de porco assado, sem molho",160.0,,,,,,2,1
16627451,30663481,38930928,4848,"Vegetables, mixed, frozen, cooked, boiled, drained, without salt",1.0,9495,cup,91.0,91.0,,3,1
16627451,30663484,38930941,2196,"Oil, olive, salad or cooking",1.0,4837,tsp,4.5,4.5,,4,1
16627451,30663848,38931361,47929,"Apples, eating, raw, flesh and skin",1.0,37265,medium eating,100.0,100.0,,1,2
16627452,30663524,38930985,1775,"Yogurt, Greek, plain, nonfat",1.0,3812,container,170.0,170.0,,1,
16627452,30663567,38931067,82536,"Jam, raspberry",20.0,,,,,,2,
16627452,30663583,38931086,5228,"Nuts, almonds, dry roasted, without salt added",1.0,10155,oz (22 whole kernels),28.35,28.35,,3,
16622831,30653971,38917864,2872,"Soup, vegetable, canned, low sodium, condensed",1.0,6224,cup,126.0,126.0,,1,0
16622831,30654073,38918026,550,Esparguete cozido,160.0,,,,,,1,1
16622831,30654081,38918042,48571,"Chicken, breast, grilled without skin, meat only",1.0,38548,medium portion,130.0,130.0,,2,1
16622831,30654084,38918046,4817,"Tomatoes, red, ripe, raw, year round average",4.0,9434,thin/small slice,15.0,60.0,,3,1
15964418,29046843,36867813,50184,"Pudding, rice, homemade, with semi-skimmed milk",1.0,41305,portion,200.0,200.0,,1,
15964418,29046850,36867823,48262,Blueberries,170.0,,,,,,2,
15964419,29047616,36868831,48309,"Bread, wholemeal, average",1.0,37961,thick slice,44.0,44.0,,1,
15964419,29047724,36868939,50214,"Radish, red, raw, flesh and skin",5.0,41356,unit,8.0,40.0,,2,
15964419,29047832,36869051,48522,"Cheese, Quark",1.0,38432,heaped tablespoon,55.0,55.0,,3,
15964421,29047068,36868133,48788,"Crispbread, rye",4.0,39068,unit,10.0,40.0,,1,
15964421,29047135,36868286,49216,Honey,2.0,39759,heaped teaspoon,17.0,34.0,,2,
15964421,29047142,36868297,48381,"Butter, unsalted",1.0,38160,medium spread,10.0,10.0,,3,
15964422,29047311,36868495,49444,"Lentils, green and brown, whole, dried, boiled in unsalted water",5.0,40018,tablespoon,40.0,200.0,,1,1
15964422,29047491,36868690,50250,"Rice, brown, basmati, boiled in unsalted water",1.0,41382,small portion,100.0,100.0,,2,1
15964422,29047516,36868723,50502,"Spinach, frozen, boiled in unsalted water",1.0,41807,serving,90.0,90.0,,3,1
15964422,29047526,36868735,49681,"Oil, rapeseed",1.0,40422,tablespoon,11.0,11.0,,4,1
15964423,29047952,36869174,48498,"Cheese, Cheddar, English",1.0,38373,medium chunk,40.0,40.0,,1,
15964423,29048083,36869312,50735,"Walnuts, kernel only, weighed with shells",10.0,,,,,,2,
15960887,29344313,37306272,50789,"Yogurt, low fat, plain",1.0,42239,large pot,150.0,150.0,,1,
15960887,29344319,37306278,49601,"Muesli, Swiss style, no added sugar or salt, unfortified",1.0,40302,medium portion,50.0,50.0,,2,
15960887,29344320,37306279,49829,"Peanut butter, smooth",1.0,40590,portion pack,25.0,25.0,,3,
15960887,29344322,37306281,48262,Blueberries,75.0,,,,,,4,
15960887,29344348,37306328,48306,"Bread, white, toasted",1.0,37948,medium slice,27.0,27.0,,5,
15960887,29344349,37306329,49216,Honey,1.0,39759,heaped teaspoon,17.0,17.0,,6,
15960888,29344374,37306354,48475,"Cereal bars, with fruit and/or nuts, no chocolate, unfortified",1.0,38322,unit,30.0,30.0,,1,
15960888,29344421,37306445,49019,"Figs, dried, stewed with sugar",5.0,39490,unit,20.0,100.0,,2,
15960889,29344745,37306854,50654,"Tortilla, wheat, soft",2.0,42027,unit,40.0,80.0,,1,1
15960889,29344746,37306855,48935,"Dips, sour-cream based, assorted flavours",1.0,39352,level tablespoon,15.0,15.0,,2,1
15960889,29344752,37306861,47958,"Avocado, average, flesh only",1.0,37285,small pear,100.0,100.0,,3,1
15960889,29344756,37306865,50641,"Tomatoes, standard, raw",1.0,42009,medium unit,85.0,85.0,,4,1
15960889,29344757,37306921,49448,"Lettuce, average, raw",1.0,40021,portion,20.0,20.0,,5,1
15960889,29345056,37307301,48571,"Chicken, breast, grilled without skin, meat only",1.0,38549,large portion,150.0,150.0,,6,1
15960889,29344980,37307208,48704,"Coffee, cappuccino, latte",1.0,38873,mug,260.0,260.0,,1,2
15960889,29344984,37307213,48223,"Biscuits, digestive, plain",2.0,37827,unit,15.0,30.0,,2,2
15960890,29345173,37307469,7922,"Snacks, rice cakes, brown rice, sesame seed, unsalted",3.0,15358,unit,9.0,27.0,,1,
15960890,29345184,37307480,50782,Yeast extract,1.0,42224,heaped teaspoon,18.0,18.0,,2,
15960890,29345375,37307685,48984,"Eggs, chicken, whole, boiled",1.0,39395,(size 1) unit,67.0,67.0,,3,
15960891,29345109,37307400,50338,"Salmon, farmed, flesh only, steamed, fillets weighed with bones and skin",1.0,41528,large steaks,170.0,170.0,,1,1
15960891,29345110,37307401,50137,"Potatoes, new and salad, boiled in unsalted water, flesh and skin",1.0,41219,medium portion,175.0,175.0,,2,1
15960891,29345129,37307420,48171,"Beetroot, pickled, drained",1.0,37733,portion,40.0,40.0,,3,1
15960891,29345152,37307443,50319,"Salad, green",1.0,41495,tub,250.0,250.0,,4,1
15960891,29345408,37307718,47997,"Bananas, flesh only",1.0,37368,large unit,120.0,120.0,,1,2
16664360,30751299,39031510,47997,"Bananas, flesh only",150.0,,,,,,1,
16664360,30751306,39031519,4059,"Apples, raw, gala, with skin",120.0,,,,,,2,
16664360,30751307,39031520,7797,Honey,15.0,,,,,,3,
16664360,30751316,39031536,7239,"Crackers, crispbread, rye",4.0,13947,Wasa rye type,10.0,40.0,,4,
16664360,30751318,39031538,5226,"Nuts, almonds",8.0,10150,unit,1.2,9.6,,5,
16664360,30751320,39031540,3406,"Cereals ready-to-eat, QUAKER, QUAKER OAT LIFE, plain",45.0,,,,,,6,
16664360,31124925,39451325,67402,"Yogurt, Greek, whole, plain, CHOBANI",200.0,,,,,,7,
16664360,31125056,39451457,4496,"Carrots, raw",2.0,8810,medium unit,61.0,122.0,,8,
16664362,30751895,39032238,3829,"Grapefruit, raw, pink and red and white, all areas",1.0,7527,"small unit (approx 3-1/2"" dia)",100.0,100.0,,1,
16664362,30751912,39032256,47997,"Bananas, flesh only",150.0,,,,,,2,
16664362,30751916,39032260,7797,Honey,15.0,,,,,,3,
16664362,30751922,39032268,50216,Raisins,15.0,,,,,,4,
16664362,30752078,39032428,5226,"Nuts, almonds",16.0,10150,unit,1.2,19.2,,5,
16664362,30752349,39032719,5304,"Seeds, flaxseed",15.0,,,,,,6,
16664362,30752384,39032787,7239,"Crackers, crispbread, rye",4.0,13947,Wasa rye type,10.0,40.0,,7,
16664362,31125059,39451460,5284,"Seeds, sesame butter, tahini, from roasted and toasted kernels (most common type)",1.0,10265,tbsp,15.0,15.0,,8,
16664362,31125060,39451461,5304,"Seeds, flaxseed",15.0,,,,,,9,
16665607,31125061,39451462,49485,Lucozade,1.0,40058,medium bottle,500.0,500.0,,1,
15963836,29045493,36865978,82076,"Crepe, plain, prepacked, refrigerated",100.0,,,,,,1,
15963836,29045504,36865989,50537,"Strawberries, raw",150.0,,,,,,2,
15963836,29045535,36866028,48704,"Coffee, cappuccino, latte",1.0,38873,mug,260.0,260.0,,3,
15963837,29045235,36865457,47997,"Bananas, flesh only",1.0,37368,large unit,120.0,120.0,,1,
15963837,29045249,36865473,47910,"Almonds, toasted",15.0,,,,,,2,
15963838,29044376,36865021,49711,"Onions, pickled, drained",50.0,,,,,,1,1
15963838,29044392,36864485,21757,"Chili pepper, red",5.0,,,,,,2,1
15963838,29044468,36864563,48474,"Celery, raw",1.0,38321,stick,30.0,30.0,,3,1
15963838,29044476,36864572,49878,"Peppers, capsicum, green, raw",80.0,,,,,,4,1
15963838,29044480,36864576,49681,"Oil, rapeseed",2.0,40423,teaspoon,3.0,6.0,,5,1
15963838,29044486,36864583,23116,"Beef, minced steak, 10% fat, raw",160.0,,,,,,6,1
15963838,29044673,36864790,4817,"Tomatoes, red, ripe, raw, year round average",100.0,,,,,,7,1
15963838,29044713,36864865,81899,"Sweet corn, frozen, raw",75.0,,,,,,8,1
15963838,29044777,36864962,48054,"Beans, red kidney, canned in water, re-heated, drained",2.0,37423,heaped tablespoon,35.0,70.0,,9,1
15963838,29044790,36864977,49763,"Parsley, fresh",1.0,40520,large sprig,1.0,1.0,,10,1
15963838,29044852,36865056,22775,"Broth, stock or bouillon, meat and vegetables, dehydrated and reconstituted",125.0,,,,,,11,1
15963838,29044859,36865063,48309,"Bread, wholemeal, average",2.0,37959,small slice,25.0,50.0,,12,1
15963839,29045771,36866432,48767,"Crackers, wholemeal, homemade",50.0,,,,,,1,
15963839,29045893,36866555,47929,"Apples, eating, raw, flesh and skin",1.0,37265,medium eating,100.0,100.0,,2,
15963839,29045920,36866588,1800,"Spices, cinnamon, ground",1.0,3852,tsp,2.6,2.6,,3,
15963840,29045318,36865597,50250,"Rice, brown, basmati, boiled in unsalted water",1.0,41382,small portion,100.0,100.0,,1,1
15963840,29045322,36865601,49444,"Lentils, green and brown, whole, dried, boiled in unsalted water",3.0,40018,tablespoon,40.0,120.0,,2,1
15963840,29045401,36865854,48467,"Cauliflower, boiled in unsalted water",1.0,38309,medium portion,90.0,90.0,,3,1
15963840,29045424,36865879,48641,"Chives, fresh",1.0,38721,sprig,1.0,1.0,,4,1
15963841,29045980,36866650,48435,"Carrots, old, raw",1.0,38238,large portion,85.0,85.0,,1,
15963841,29045985,36866655,6518,"Chickpeas (garbanzo beans, bengal gram), mature seeds, canned, drained, rinsed in tap water",100.0,,,,,,2,
16310531,29933900,38069587,50733,"Waffles, homemade",1.0,42127,individual portion,65.0,65.0,,1,
16310531,29933902,38069589,50406,"Sausages, pork, reduced fat, grilled",2.0,41607,large unit,40.0,80.0,,2,
16310531,29933904,38069591,47991,"Baked beans, canned in tomato sauce, reduced sugar, reduced salt",1.0,37346,medium portion,135.0,135.0,,3,
16310531,29933906,38069593,48987,"Eggs, chicken, whole, fried, without fat",1.0,39401,unit,60.0,60.0,,4,
16310531,29933907,38069594,48353,"Brown sauce, reduced salt/sugar",1.0,38088,sachet,12.0,12.0,,5,
16310531,29934599,38070278,50640,"Tomatoes, standard, grilled, flesh and seeds only",1.0,42005,medium unit,85.0,85.0,,6,
16310532,29933908,38069595,47997,"Bananas, flesh only",1.0,37368,large unit,120.0,120.0,,1,
16310532,29933909,38069596,49078,"Fromage frais, virtually fat free, natural",1.0,39592,large pot,100.0,100.0,,2,
16310533,29933920,38069607,50206,"Quinoa, raw",100.0,,,,,,1,1
16310533,29933922,38069610,48467,"Cauliflower, boiled in unsalted water",1.0,38309,medium portion,90.0,90.0,,2,1
16310533,29933925,38069613,48802,"Curly kale, boiled in unsalted water",1.0,39098,serving,90.0,90.0,,3,1
16310533,29933928,38069616,48349,"Broccoli, green, steamed",1.0,38076,medium portion,85.0,85.0,,4,1
16310533,29933929,38069617,49226,Houmous,1.0,39773,portion,60.0,60.0,,5,1
16310533,29933931,38069619,49422,"Lemon juice, fresh",1.0,40000,measure,10.0,10.0,,6,1
16310534,29934604,38070283,7597,"Snacks, pretzels, hard, plain, salted",0.8,14728,twist,60.0,48.0,,1,
16310535,29934450,38070134,48152,"Beef, stewing steak, pressure cooked, lean",1.0,37672,medium portion,140.0,140.0,,1,1
16310535,29934453,38070137,50146,"Potatoes, old, mashed with reduced fat spread",1.0,41253,medium portion,175.0,175.0,,2,1
16310535,29934454,38070138,48433,"Carrots, old, boiled in unsalted water",1.0,38223,medium portion,60.0,60.0,,3,1
16310535,29934455,38070139,49861,"Peas, sugar-snap, boiled in unsalted water",1.0,40654,medium portion,70.0,70.0,,4,1
16310535,29934600,38070279,48954,"Drinking chocolate, powder",1.0,39374,portion,18.0,18.0,,1,2
16310535,29934602,38070281,49561,"Milk, semi-skimmed, pasteurised, average",1.0,40164,average glass,200.0,200.0,,2,2
16736238,30922889,39226151,5202,"Seeds, chia seeds, dried",15.0,,,,,,1,
16736238,30922920,39226182,5226,"Nuts, almonds",6.0,10150,unit,1.2,7.199999999999999,,2,
16736238,30923052,39226319,47997,"Bananas, flesh only",120.0,,,,,,3,
16736238,30923055,39226322,50216,Raisins,15.0,,,,,,4,
16736238,30923153,39226420,4059,"Apples, raw, gala, with skin",100.0,,,,,,5,
16736238,31125193,39451594,67402,"Yogurt, Greek, whole, plain, CHOBANI",200.0,,,,,,6,
16736238,31125230,39451631,3892,"Oranges, raw, Florida",100.0,,,,,,7,
16736238,31125231,39451632,4496,"Carrots, raw",2.0,8811,"small unit (5-1/2"" long)",50.0,100.0,,8,
16736238,31126207,39452691,3554,"Cereals, QUAKER, Quick Oats, Dry",60.0,,,,,,9,
16736240,30923254,39226583,5304,"Seeds, flaxseed",15.0,,,,,,1,
16736240,30923330,39226667,5279,"Nuts, walnuts, english",7.0,,,,,,2,
16736240,31125493,39451928,67402,"Yogurt, Greek, whole, plain, CHOBANI",200.0,,,,,,3,
16736240,31125717,39452152,7797,Honey,15.0,,,,,,4,
16736240,31126208,39452692,3554,"Cereals, QUAKER, Quick Oats, Dry",60.0,,,,,,5,
16736844,30924118,39227524,49485,Lucozade,500.0,,,,,,1,
16736845,30924141,39227596,49485,Lucozade,500.0,,,,,,1,
16736242,30923797,39227192,48309,"Bread, wholemeal, average",60.0,,,,,,1,
16736242,30923874,39227269,48515,"Cheese, Mozzarella, fresh",30.0,,,,,,2,
16736242,30923876,39227273,50680,Turkey slices,30.0,,,,,,3,
16736242,31125939,39452422,4059,"Apples, raw, gala, with skin",1.0,7997,medium unit,172.0,172.0,,4,
16736242,31126358,39452843,1635,"Milk, lowfat, fluid, 1% milkfat, with added nonfat milk solids, vitamin A and vitamin D",1.0,3502,cup,245.0,245.0,,5,
16310224,29888416,38015092,50463,Smoothies,250.0,,,,,,1,
16310224,29888417,38015094,48306,"Bread, white, toasted",1.0,37948,medium slice,27.0,27.0,,2,
16310224,29888553,38015233,49505,Marmalade,1.0,40085,level teaspoon,8.0,8.0,,3,
16310224,29888416,38015092,50463,Smoothies,250.0,,,,,,1,
16310224,29888417,38015095,48287,"Bread, brown, toasted",1.0,37906,medium slice,31.0,31.0,,2,
16310224,29888553,38015233,49505,Marmalade,1.0,40085,level teaspoon,8.0,8.0,,3,
16310224,29888416,38015092,50463,Smoothies,250.0,,,,,,1,
16310224,29888417,38015098,48310,"Bread, wholemeal, toasted",1.0,37963,medium slice,31.0,31.0,,2,
16310224,29888553,38015233,49505,Marmalade,1.0,40085,level teaspoon,8.0,8.0,,3,
16310225,29888556,38015236,48496,"Cheese, Cheddar type, '30% less fat'",1.0,38360,matchbox sized piece,30.0,30.0,,1,
16310225,29889031,38015958,48767,"Crackers, wholemeal, homemade",14.0,,,,,,2,
16310226,29888584,38015282,48054,"Beans, red kidney, canned in water, re-heated, drained",1.5,37423,heaped tablespoon,35.0,52.5,,1,1
16310226,29888604,38015319,50265,"Rice, white, basmati, boiled in unsalted water",1.0,41405,small portion,100.0,100.0,,2,1
16310226,29888608,38015326,50502,"Spinach, frozen, boiled in unsalted water",1.0,41807,serving,90.0,90.0,,3,1
16310226,29888610,38015328,50568,"Sweetcorn, baby, fresh and frozen, boiled in unsalted water",1.0,41900,average portion,85.0,85.0,,4,1
16310226,29888760,38015545,48637,"Chilli, Quorn, homemade",1.0,38715,medium portion,260.0,260.0,,5,1
16310226,29888657,38015401,47998,"Bananas, raw, flesh only, weighed with skin",1.0,37372,large unit,120.0,120.0,,1,2
16310226,29888584,38015282,48054,"Beans, red kidney, canned in water, re-heated, drained",1.5,37423,heaped tablespoon,35.0,52.5,,1,1
16310226,29888604,38015321,50254,"Rice, brown, wholegrain, boiled in unsalted water",1.0,41390,small portion,100.0,100.0,,2,1
16310226,29888608,38015326,50502,"Spinach, frozen, boiled in unsalted water",1.0,41807,serving,90.0,90.0,,3,1
16310226,29888610,38015328,50568,"Sweetcorn, baby, fresh and frozen, boiled in unsalted water",1.0,41900,average portion,85.0,85.0,,4,1
16310226,29888760,38015545,48637,"Chilli, Quorn, homemade",1.0,38715,medium portion,260.0,260.0,,5,1
16310226,29888657,38015401,47998,"Bananas, raw, flesh only, weighed with skin",1.0,37372,large unit,120.0,120.0,,1,2
16310226,29888584,38015282,48054,"Beans, red kidney, canned in water, re-heated, drained",1.5,37423,heaped tablespoon,35.0,52.5,,1,1
16310226,29888604,38015324,50250,"Rice, brown, basmati, boiled in unsalted water",1.0,41382,small portion,100.0,100.0,,2,1
16310226,29888608,38015326,50502,"Spinach, frozen, boiled in unsalted water",1.0,41807,serving,90.0,90.0,,3,1
16310226,29888610,38015328,50568,"Sweetcorn, baby, fresh and frozen, boiled in unsalted water",1.0,41900,average portion,85.0,85.0,,4,1
16310226,29888760,38015545,48637,"Chilli, Quorn, homemade",1.0,38715,medium portion,260.0,260.0,,5,1
16310226,29888657,38015401,47998,"Bananas, raw, flesh only, weighed with skin",1.0,37372,large unit,120.0,120.0,,1,2
16310227,29888659,38015403,49987,"Popcorn, salted, retail",1.0,40898,small bag,25.0,25.0,,1,
16310228,29888901,38015761,49448,"Lettuce, average, raw",1.0,40022,iceberg unit,80.0,80.0,,1,1
16310228,29888902,38015762,50637,"Tomatoes, cherry, raw",1.0,41995,salad portion,34.0,34.0,,2,1
16310228,29888903,38015763,48800,"Cucumber, raw, flesh and skin",1.0,39095,1'' piece,60.0,60.0,,3,1
16310228,29888904,38015765,48172,"Beetroot, raw",1.0,37734,small unit,35.0,35.0,,4,1
16310228,29889019,38015945,50202,"Quiche, mushroom, homemade",1.0,41338,medium slice,140.0,140.0,,5,1
16310228,29888906,38015767,47934,"Apricots, raw, flesh and skin",2.0,37271,unit,40.0,80.0,,1,2
16310228,29888958,38015865,49216,Honey,1.0,39760,level teaspoon,8.0,8.0,,2,2
16310228,29889009,38015935,50789,"Yogurt, low fat, plain",1.0,42239,large pot,150.0,150.0,,3,2
16312304,29894120,38022964,50798,"Yogurt, whole milk, twin pot, thick and creamy with fruit",1.0,42261,average pot,125.0,125.0,,1,
16312304,29894169,38023024,48769,Cranberry fruit juice drink,1.0,39035,average glass,160.0,160.0,,2,
16312305,29895524,38024723,48512,"Cheese, hard, average",1.0,38401,medium chunk,40.0,40.0,,1,
16312305,29895708,38024937,48767,"Crackers, wholemeal, homemade",20.0,,,,,,2,
16312306,29894083,38022920,50388,"Sauce, sweet and sour, take-away",1.0,41576,portion,150.0,150.0,,1,1
16312306,29894085,38022922,48571,"Chicken, breast, grilled without skin, meat only",1.0,38549,large portion,150.0,150.0,,2,1
16312306,29894087,38022924,50265,"Rice, white, basmati, boiled in unsalted water",1.0,41406,medium portion,180.0,180.0,,3,1
16312306,29894094,38022936,48433,"Carrots, old, boiled in unsalted water",1.0,38223,medium portion,60.0,60.0,,4,1
16312306,29894096,38022939,50567,"Sweetcorn kernels, canned in water, drained",1.0,41898,average portion,85.0,85.0,,5,1
16312306,29895139,38024200,49868,"Pepper, capsicum, red, raw",1.0,40662,medium unit,160.0,160.0,,6,1
16312306,29894083,38022920,50388,"Sauce, sweet and sour, take-away",1.0,41576,portion,150.0,150.0,,1,1
16312306,29894085,38022922,48571,"Chicken, breast, grilled without skin, meat only",1.0,38549,large portion,150.0,150.0,,2,1
16312306,29894087,38022928,50254,"Rice, brown, wholegrain, boiled in unsalted water",1.0,41391,medium portion,180.0,180.0,,3,1
16312306,29894094,38022936,48433,"Carrots, old, boiled in unsalted water",1.0,38223,medium portion,60.0,60.0,,4,1
16312306,29894096,38022939,50567,"Sweetcorn kernels, canned in water, drained",1.0,41898,average portion,85.0,85.0,,5,1
16312306,29895139,38024200,49868,"Pepper, capsicum, red, raw",1.0,40662,medium unit,160.0,160.0,,6,1
16312306,29894083,38022920,50388,"Sauce, sweet and sour, take-away",1.0,41576,portion,150.0,150.0,,1,1
16312306,29894085,38022922,48571,"Chicken, breast, grilled without skin, meat only",1.0,38549,large portion,150.0,150.0,,2,1
16312306,29894087,38022933,50276,"Rice, wild, boiled in unsalted water",1.0,41426,medium portion,180.0,180.0,,3,1
16312306,29894094,38022936,48433,"Carrots, old, boiled in unsalted water",1.0,38223,medium portion,60.0,60.0,,4,1
16312306,29894096,38022939,50567,"Sweetcorn kernels, canned in water, drained",1.0,41898,average portion,85.0,85.0,,5,1
16312306,29895139,38024200,49868,"Pepper, capsicum, red, raw",1.0,40662,medium unit,160.0,160.0,,6,1
16312307,29895169,38024253,173501,Wild West Beef Jerky,1.0,135960,pack,100.0,100.0,,1,
16312308,29895225,38024386,50484,"Soup, minestrone, canned",1.0,41759,large can,405.0,405.0,,1,0
16312308,29895248,38024438,48282,"Bread rolls, wholemeal",1.0,37897,unit,48.0,48.0,,1,1
16312308,29895225,38024386,50484,"Soup, minestrone, canned",1.0,41759,large can,405.0,405.0,,1,0
16312308,29895248,38024444,48281,"Bread rolls, white, soft",1.0,37895,unit,45.0,45.0,,1,1
16312308,29895225,38024386,50484,"Soup, minestrone, canned",1.0,41759,large can,405.0,405.0,,1,0
16312308,29895248,38024448,48381,"Butter, unsalted",1.0,38160,medium spread,10.0,10.0,,1,1
16311005,29890258,38017520,48333,"Breakfast cereal, rice, chocolate flavoured, fortified",1.0,38022,medium portion,30.0,30.0,,1,
16311005,29890309,38017596,49569,"Milk, skimmed, pasteurised, winter",1.0,40217,average portion with cereals,100.0,100.0,,2,
16311005,29890420,38017721,49837,"Pears, average, raw, flesh only",1.0,40608,large comice unit,250.0,250.0,,3,
16311005,29890258,38017520,48333,"Breakfast cereal, rice, chocolate flavoured, fortified",1.0,38022,medium portion,30.0,30.0,,1,
16311005,29890309,38017600,49561,"Milk, semi-skimmed, pasteurised, average",1.0,40165,average portion with cereals,100.0,100.0,,2,
16311005,29890420,38017721,49837,"Pears, average, raw, flesh only",1.0,40608,large comice unit,250.0,250.0,,3,
16311007,29890423,38017725,50475,"Soup, cream of tomato, canned",1.0,41714,medium portion,220.0,220.0,,1,0
16311007,29890424,38017726,48277,"Bread rolls, brown, crusty",2.0,37887,mini loaf,40.0,80.0,,1,1
16311007,29890423,38017725,50475,"Soup, cream of tomato, canned",1.0,41714,medium portion,220.0,220.0,,1,0
16311007,29890424,38017727,48280,"Bread rolls, white, crusty",2.0,37894,unit,50.0,100.0,,1,1
16311008,29890490,38017824,48984,"Eggs, chicken, whole, boiled",2.0,39395,(size 1) unit,67.0,134.0,,1,
16311008,29890527,38017884,50499,"Spinach, baby, boiled in unsalted water",1.0,41805,serving,90.0,90.0,,2,
16311008,29890537,38017905,49226,Houmous,2.0,39772,tablespoon,30.0,60.0,,3,
16311009,29890726,38018103,49027,"Fish fingers, cod, grilled/baked",4.0,39498,unit,28.0,112.0,,1,1
16311009,29890728,38018105,49846,"Peas, boiled in unsalted water",1.0,40618,medium portion,70.0,70.0,,2,1
16311009,29890733,38018114,48436,"Carrots, young, boiled in unsalted water",1.0,38244,medium portion,60.0,60.0,,3,1
16311009,29890855,38018326,48257,"Blackcurrants, stewed with sugar",1.0,37863,portion,140.0,140.0,,1,2
16311009,29890858,38018329,49600,"Mousse, fruit",1.0,40300,portion,60.0,60.0,,2,2
16328871,29932566,38067862,49868,"Pepper, capsicum, red, raw",1.0,40662,medium unit,160.0,160.0,,1,
16328871,29932567,38067863,49878,"Peppers, capsicum, green, raw",1.0,40678,medium unit,160.0,160.0,,2,
16328871,29932568,38067864,48988,"Eggs, chicken, whole, poached",2.0,39403,(size 1) unit,67.0,134.0,,3,
16328871,29932572,38067868,48512,"Cheese, hard, average",1.0,38401,medium chunk,40.0,40.0,,4,
16328871,29932576,38067872,48306,"Bread, white, toasted",1.0,37948,medium slice,27.0,27.0,,5,
16328871,29932566,38067862,49868,"Pepper, capsicum, red, raw",1.0,40662,medium unit,160.0,160.0,,1,
16328871,29932567,38067863,49878,"Peppers, capsicum, green, raw",1.0,40678,medium unit,160.0,160.0,,2,
16328871,29932568,38067864,48988,"Eggs, chicken, whole, poached",2.0,39403,(size 1) unit,67.0,134.0,,3,
16328871,29932572,38067868,48512,"Cheese, hard, average",1.0,38401,medium chunk,40.0,40.0,,4,
16328871,29932576,38067873,48287,"Bread, brown, toasted",1.0,37906,medium slice,31.0,31.0,,5,
16328871,29932566,38067862,49868,"Pepper, capsicum, red, raw",1.0,40662,medium unit,160.0,160.0,,1,
16328871,29932567,38067863,49878,"Peppers, capsicum, green, raw",1.0,40678,medium unit,160.0,160.0,,2,
16328871,29932568,38067864,48988,"Eggs, chicken, whole, poached",2.0,39403,(size 1) unit,67.0,134.0,,3,
16328871,29932572,38067868,48512,"Cheese, hard, average",1.0,38401,medium chunk,40.0,40.0,,4,
16328871,29932576,38067875,48309,"Bread, wholemeal, average",1.0,37960,medium slice,36.0,36.0,,5,
16328872,29932600,38067899,49644,"Nectarines, flesh and skin, weighed with stones",2.0,40377,average piece,90.0,180.0,,1,
16328873,29932582,38067880,48007,"Barley, pearl, boiled",5.0,37378,tablespoon,20.0,100.0,,1,1
16328873,29932587,38067885,50516,"Squash, butternut, baked",1.0,41830,serving,65.0,65.0,,2,1
16328873,29932591,38067889,50313,"Sage, fresh",1.0,41484,large sprig,1.0,1.0,,3,1
16328873,29932593,38067892,50668,"Trout, rainbow, flesh only, baked",1.0,42039,unit,155.0,155.0,,4,1
16328873,29932597,38067896,48802,"Curly kale, boiled in unsalted water",1.0,39098,serving,90.0,90.0,,5,1
16328874,29932604,38067904,49577,"Milkshake, thick, takeaway",1.0,40276,large glass,386.0,386.0,,1,
16328874,29932691,38068218,47997,"Bananas, flesh only",1.0,37368,large unit,120.0,120.0,,2,
16328875,29932683,38068210,48001,Barbecue sauce,2.0,37374,tablespoon,17.0,34.0,,1,1
16328875,29932686,38068213,172894,Cannelini Beans in Water,0.5,135621,Can,230.0,115.0,,2,1
16328875,29932687,38068214,49140,"Gravy instant granules, made up with water",1.0,39670,large portion,120.0,120.0,,3,1
16328875,29932688,38068215,48057,"Beans, runner, boiled in unsalted water",1.0,37426,medium portion,90.0,90.0,,4,1
16328875,29932689,38068216,48349,"Broccoli, green, steamed",1.0,38076,medium portion,85.0,85.0,,5,1
16328875,29932703,38068238,49993,"Pork, belly joint, roasted, lean and fat",1.0,40907,medium portion,90.0,90.0,,6,1
16328875,29932709,38068244,50145,"Potatoes, old, mashed with butter",1.0,41246,small portion,120.0,120.0,,7,1
16653494,30723309,38999265,3664,"Cereals, QUAKER, Instant Oatmeal, Apple and Cinnamon, reduced sugar",80.0,,,,,,1,
16653494,30723310,38999266,3767,"Bananas, raw",1.0,7431,"medium unit (7"" to 7-7/8"" long)",118.0,118.0,,2,
16653494,30723311,38999267,28198,"Yoghurt, low fat (Danone Vitalinea/Shape)",125.0,,,,,,3,
16653494,30723313,38999269,21654,"Coffee infusion, with milk",250.0,,,,,,4,
16653494,30723533,38999491,49198,"Hazelnuts, kernel only, weighed with shells",10.0,,,,,,5,
16653491,30723303,38999259,49528,"Melon, flesh only, average",1.0,40121,slice,200.0,200.0,,1,
16653491,30723304,38999260,67388,"Milk, chocolate, fat free, with added vitamin A and vitamin D",125.0,,,,,,2,
16653490,30723301,38999257,4658,"Peas and carrots, frozen, cooked, boiled, drained, without salt",100.0,,,,,,1,1
16653490,30723302,38999258,28303,"Salad, mixed",125.0,,,,,,2,1
16653490,30724116,39000096,3310,"Frankfurter, beef, pork, and turkey, fat free",125.0,,,,,,3,1
16653490,30724225,39000266,28285,"Potatoes, mashed with low-fat milk",120.0,,,,,,4,1
14504524,25703927,32429783,27030,Cottage cheese,150.0,,,,,,1,
14504524,25704416,32430459,50221,"Raspberries, raw",80.0,,,,,,2,
14504524,25704446,32430504,48767,"Crackers, wholemeal, homemade",42.0,,,,,,3,
14504524,25704581,32430737,3316,Liverwurst spread,20.0,,,,,,4,
14504526,25703309,32428931,21555,"Pasta, whole, boiled",200.0,,,,,,1,1
14504526,25703566,32429266,48349,"Broccoli, green, steamed",1.0,38077,large portion,110.0,110.0,,2,1
14504526,25703695,32429443,28764,"Bolognese sauce (jarred sauce, red pepper), homemade",150.0,,,,,,3,1
14504527,25705465,32431976,48704,"Coffee, cappuccino, latte",1.0,38873,mug,260.0,260.0,,1,
14504527,25705511,32432029,27636,"Biscuits or cookies, wholemeal",50.0,,,,,,2,
16651651,30718472,38994015,28198,"Yoghurt, low fat (Danone Vitalinea/Shape)",125.0,,,,,,1,
16651651,30720166,38995793,21654,"Coffee infusion, with milk",250.0,,,,,,2,
16651651,31188764,39526621,48309,"Bread, wholemeal, average",2.0,37960,medium slice,36.0,72.0,,3,
16651651,31188835,39526699,28398,"Peanut butter (Kelkin, no added sugar)",40.0,,,,,,4,
16651652,31189023,39526997,49940,"Pineapple, raw, flesh only",1.0,40798,large slice,80.0,80.0,,1,
16651653,30719204,38994783,81224,"Brown bread, French bread (baguette or ball), with flour type 80 or 110",70.0,,,,,,1,0
16651653,30719679,38995261,48530,"Cheese, spreadable, soft white, low fat",40.0,,,,,,2,0
16651653,30721218,38996912,9953,"Ham, turkey, sliced, extra lean, prepackaged or deli",20.0,,,,,,3,0
16651653,31188871,39526736,28488,"Soup, vegetable (carrot, celery, tomato, onion), homemade",250.0,,,,,,4,0
16651654,30719680,38995264,49528,"Melon, flesh only, average",1.0,40121,slice,200.0,200.0,,1,
16651654,31188987,39526886,7704,"Candies, SPECIAL DARK Chocolate Bar",20.0,,,,,,2,
16651655,30719710,38995306,6979,"Game meat, elk, tenderloin, separable lean only, cooked, broiled",100.0,,,,,,1,1
16651655,30719712,38995308,81128,"Ware potato, boiled/cooked in water, peeled",100.0,,,,,,2,1
16651655,30719971,38995572,4658,"Peas and carrots, frozen, cooked, boiled, drained, without salt",120.0,,,,,,3,1
16651655,30720273,38995901,28303,"Salad, mixed",125.0,,,,,,4,1
16380314,30087570,38254250,1634,"Milk, lowfat, fluid, 1% milkfat, with added vitamin A and vitamin D",250.0,,,,,,1,
16380314,30087580,38254261,48314,"Breadsticks, plain",60.0,,,,,,2,
16380315,30087562,38254239,50537,"Strawberries, raw",15.0,41859,unit,12.0,180.0,,1,
16380315,31147142,39477125,3978,"Raspberries, raw",100.0,,,,,,2,
16380317,30129064,38302393,47997,"Bananas, flesh only",150.0,,,,,,1,
16380318,30087946,38254658,7133,"Bread, whole-wheat, commercially prepared",30.0,,,,,,1,1
16380318,30088058,38254800,50680,Turkey slices,30.0,,,,,,2,1
16380318,30088150,38254942,47958,"Avocado, average, flesh only",30.0,,,,,,3,1
16380318,30318176,38524201,50300,"Rocket, raw",50.0,,,,,,4,1
16380318,30318322,38524348,50641,"Tomatoes, standard, raw",80.0,,,,,,5,1
16662762,30746562,39026131,1633,"Milk, reduced fat, fluid, 2% milkfat, protein fortified, with added vitamin A and vitamin D",250.0,,,,,,1,
16662762,30746737,39026338,48309,"Bread, wholemeal, average",60.0,,,,,,2,
16662762,30746738,39026339,50680,Turkey slices,30.0,,,,,,3,
16662762,30746740,39026342,48515,"Cheese, Mozzarella, fresh",30.0,,,,,,4,
16662762,31052998,39372191,3767,"Bananas, raw",150.0,,,,,,5,
16662762,31053171,39372370,48435,"Carrots, old, raw",2.0,38237,medium portion,60.0,120.0,,6,
16662762,31053180,39372382,4059,"Apples, raw, gala, with skin",1.0,7997,medium unit,172.0,172.0,,7,
16662763,30746850,39026461,7797,Honey,15.0,,,,,,1,
16662763,30746855,39026466,3930,"Pears, raw",1.0,7750,medium unit,178.0,178.0,,2,
16662763,31053276,39372478,67402,"Yogurt, Greek, whole, plain, CHOBANI",200.0,,,,,,3,
16662763,31053298,39372505,5202,"Seeds, chia seeds, dried",15.0,,,,,,4,
16662763,31053808,39373062,3904,"Tangerines, (mandarin oranges), raw",2.0,7695,"small unit (2-1/4"" dia)",76.0,152.0,,5,
16662765,30747436,39027106,7239,"Crackers, crispbread, rye",2.0,13947,Wasa rye type,10.0,20.0,,1,
16662765,30747568,39027238,3894,"Orange juice, raw",250.0,,,,,,2,
16662765,30747653,39027369,1677,"Egg, whole, cooked, hard-boiled",2.0,3618,large unit,50.0,100.0,,3,
16662765,30747898,39027628,48507,"Cheese, Feta",60.0,,,,,,4,
16662765,31053449,39372657,3859,"Kiwifruit, green, raw",2.0,7577,"unit (2"" dia)",69.0,138.0,,5,
16662767,30748221,39027997,1633,"Milk, reduced fat, fluid, 2% milkfat, protein fortified, with added vitamin A and vitamin D",250.0,,,,,,1,
16662767,31053507,39372740,4058,"Apples, raw, granny smith, with skin",1.0,7993,medium unit,167.0,167.0,,2,
16394528,30892185,39191569,7133,"Bread, whole-wheat, commercially prepared",1.0,13672,slice,32.0,32.0,,1,
16394528,30892189,39191574,6428,"Peanut Butter, smooth",5.0,,,,,,2,
16394528,30893301,39192823,1634,"Milk, lowfat, fluid, 1% milkfat, with added vitamin A and vitamin D",200.0,,,,,,3,
16394527,30088568,38255434,3894,"Orange juice, raw",250.0,,,,,,1,
16394527,30892590,39191977,50550,Sunflower seeds,5.0,,,,,,2,
16394525,30893587,39193144,1665,"Yogurt, plain, low fat",200.0,,,,,,1,
16394525,30893607,39193170,3989,"Strawberries, raw",1.0,7860,"cup, halves",152.0,152.0,,2,
16394525,30893951,39193522,4059,"Apples, raw, gala, with skin",1.0,7998,small unit,157.0,157.0,,3,
16379948,30295530,38497201,3554,"Cereals, QUAKER, Quick Oats, Dry",30.0,,,,,,1,
16379948,30875201,39171076,48262,Blueberries,100.0,,,,,,2,
16379948,30875203,39171079,48669,"Cinnamon, ground",1.0,38790,teaspoon,3.0,3.0,,3,
16379948,30906562,39207761,1665,"Yogurt, plain, low fat",200.0,,,,,,4,
16379949,30295511,38497178,4059,"Apples, raw, gala, with skin",140.0,,,,,,1,
16379951,30062060,38222324,47997,"Bananas, flesh only",150.0,,,,,,1,
16663515,30748401,39028205,3814,"Figs, dried, uncooked",3.0,7508,unit,8.4,25.200000000000003,,1,
16663515,31072901,39395283,67653,Rice crackers,3.0,54534,serving,30.0,90.0,,2,
16663515,31072902,39395284,6428,"Peanut Butter, smooth",30.0,,,,,,3,
16663515,31073008,39395415,1629,"Milk, whole, 3.25% milkfat, with added vitamin D",1.0,3486,cup,244.0,244.0,,4,
16663516,30748405,39028221,47997,"Bananas, flesh only",150.0,,,,,,1,
16663516,30748412,39028235,7797,Honey,15.0,,,,,,2,
16663516,30748414,39028247,3859,"Kiwifruit, green, raw",1.0,7577,"unit (2"" dia)",69.0,69.0,,3,
16663516,30748559,39028399,3877,"Mangos, raw",75.0,,,,,,4,
16663516,31073009,39395416,67402,"Yogurt, Greek, whole, plain, CHOBANI",200.0,,,,,,5,
16663516,31073163,39395570,3944,"Pineapple, raw, all varieties",100.0,,,,,,6,
16663518,30749572,39029525,7239,"Crackers, crispbread, rye",4.0,13947,Wasa rye type,10.0,40.0,,1,
16663518,31073413,39395891,67402,"Yogurt, Greek, whole, plain, CHOBANI",200.0,,,,,,2,
16663518,31073415,39395894,4059,"Apples, raw, gala, with skin",1.0,7997,medium unit,172.0,172.0,,3,
16663518,31073416,39395895,5202,"Seeds, chia seeds, dried",15.0,,,,,,4,
16798247,31073546,39396152,49485,Lucozade,1.0,40058,medium bottle,500.0,500.0,,1,
16664137,31073419,39395900,49485,Lucozade,1.0,40058,medium bottle,500.0,500.0,,1,
16390543,30889599,39188337,6472,SILK Plain soy yogurt,200.0,,,,,,1,
16390543,30889927,39188714,3554,"Cereals, QUAKER, Quick Oats, Dry",30.0,,,,,,2,
16390543,30890036,39188891,5304,"Seeds, flaxseed",1.0,10299,"tbsp, whole",10.3,10.3,,3,
16390542,30128945,38302270,47997,"Bananas, flesh only",1.0,37366,small unit,80.0,80.0,,1,
16390540,30083448,38249138,4059,"Apples, raw, gala, with skin",120.0,,,,,,1,
16390540,30890982,39190032,47909,"Almonds, flaked and ground",6.0,37241,unit,2.0,12.0,,2,
16390539,30084291,38250209,8004,"Couscous, cooked",100.0,,,,,,1,1
16390539,30084942,38251002,49868,"Pepper, capsicum, red, raw",160.0,,,,,,2,1
16390539,30084944,38251004,49870,"Pepper, capsicum, yellow, raw",160.0,,,,,,3,1
16390539,30085511,38251748,48500,"Cheese, cottage, plain, reduced fat",30.0,,,,,,4,1
16390539,30296660,38498439,50216,Raisins,1.0,41358,tablespoon,30.0,30.0,,5,1
16390539,30296791,38498570,47958,"Avocado, average, flesh only",30.0,,,,,,6,1
16654126,30724787,39000910,9953,"Ham, turkey, sliced, extra lean, prepackaged or deli",20.0,,,,,,1,0
16654126,30725089,39001253,2976,"Soup, cream of asparagus, canned, prepared with equal volume water",250.0,,,,,,2,0
16654126,30725332,39001507,48309,"Bread, wholemeal, average",2.0,37960,medium slice,36.0,72.0,,3,0
16654126,30725756,39001935,27030,Cottage cheese,30.0,,,,,,4,0
16654126,30726257,39002472,4496,"Carrots, raw",1.0,8811,"small unit (5-1/2"" long)",50.0,50.0,,5,0
16654125,30726248,39002452,49967,"Plums, average, raw, flesh and skin, weighed with stones",4.0,40873,small unit,30.0,120.0,,1,
16654125,30726292,39002523,81795,"Yoghurt, high in protein, on a fruit layer",125.0,,,,,,2,
16654124,30724781,39000904,28303,"Salad, mixed",125.0,,,,,,1,1
16654124,30726103,39002305,49409,"Lasagne, spinach, wholemeal, homemade",250.0,,,,,,2,1
16654124,30726443,39002676,5229,"Nuts, almonds, oil roasted, without salt added",25.0,,,,,,1,2
16661936,30744709,39023952,48309,"Bread, wholemeal, average",60.0,,,,,,1,
16661936,30744710,39023953,50680,Turkey slices,30.0,,,,,,2,
16661936,30744972,39024262,48984,"Eggs, chicken, whole, boiled",1.0,39394,unit,50.0,50.0,,3,
16661936,31032778,39349623,1631,"Milk, reduced fat, fluid, 2% milkfat, with added vitamin A and vitamin D",1.0,3492,cup,244.0,244.0,,4,
16661937,30745049,39024369,3770,"Blackberry juice, canned",1.0,7438,cup,250.0,250.0,,1,
16661937,30745050,39024370,7797,Honey,15.0,,,,,,2,
16661937,30745051,39024371,50216,Raisins,30.0,,,,,,3,
16661937,30745292,39024628,3814,"Figs, dried, uncooked",4.0,7508,unit,8.4,33.6,,4,
16661937,31032162,39348808,67402,"Yogurt, Greek, whole, plain, CHOBANI",200.0,,,,,,5,
16661937,31032472,39349183,5202,"Seeds, chia seeds, dried",20.0,,,,,,6,
16661939,30745854,39025303,47997,"Bananas, flesh only",150.0,,,,,,1,
16661939,30745856,39025305,4059,"Apples, raw, gala, with skin",120.0,,,,,,2,
16661939,30745858,39025307,7797,Honey,15.0,,,,,,3,
16661939,30745859,39025308,3859,"Kiwifruit, green, raw",1.0,7577,"unit (2"" dia)",69.0,69.0,,4,
16661939,30745878,39025350,67452,"Goji berries, dried",30.0,,,,,,5,
16661939,31032219,39348919,67402,"Yogurt, Greek, whole, plain, CHOBANI",200.0,,,,,,6,
16661939,31032364,39349071,5304,"Seeds, flaxseed",20.0,,,,,,7,
16414510,30320223,38526541,3554,"Cereals, QUAKER, Quick Oats, Dry",30.0,,,,,,1,
16414510,30320399,38526721,7797,Honey,15.0,,,,,,2,
16414510,31165539,39499490,67384,"Yogurt, Greek, plain, lowfat",1.0,53975,container (7 oz),200.0,200.0,,3,
16414511,30320443,38526770,3877,"Mangos, raw",100.0,,,,,,1,
16414513,30150311,38328129,3809,"Figs, raw",4.0,7498,"medium unit (2-1/4"" dia)",50.0,200.0,,1,
16414513,30320535,38526905,5226,"Nuts, almonds",6.0,10150,unit,1.2,7.199999999999999,,2,
16410054,30385295,38604918,50092,"Porridge oats, unfortified",1.0,41085,small portion,110.0,110.0,,1,
16410054,30385296,38604919,50216,Raisins,1.0,41358,tablespoon,30.0,30.0,,2,
16410054,30385335,38604962,49569,"Milk, skimmed, pasteurised, winter",1.0,40217,average portion with cereals,100.0,100.0,,3,
16410054,30385336,38604963,48669,"Cinnamon, ground",1.0,38790,teaspoon,3.0,3.0,,4,
16410055,30385339,38604966,49827,"Peaches, raw, flesh and skin",1.0,40588,medium piece,110.0,110.0,,1,
16410056,30385341,38604968,50140,"Potatoes, old, baked, flesh and skin",1.0,41227,medium unit,180.0,180.0,,1,1
16410056,30385343,38604970,50672,"Tuna, canned in brine, drained",1.0,42040,small can,100.0,100.0,,2,1
16410056,30385369,38605002,50567,"Sweetcorn kernels, canned in water, drained",1.0,41898,average portion,85.0,85.0,,3,1
16410056,30385415,38605074,49868,"Pepper, capsicum, red, raw",3.0,40663,sliced ring,10.0,30.0,,4,1
16410056,30385418,38605078,50319,"Salad, green",1.0,41495,tub,250.0,250.0,,5,1
16410058,30385420,38605082,50728,"Venison, roast",1.0,42124,average portion,120.0,120.0,,1,1
16410058,30385422,38605084,49853,"Peas, mange-tout, boiled in unsalted water",1.0,40634,medium portion,70.0,70.0,,2,1
16410058,30385426,38605088,50146,"Potatoes, old, mashed with reduced fat spread",1.0,41252,small portion,120.0,120.0,,3,1
16410058,30385504,38605166,49599,"Mousse, chocolate, low fat",1.0,40299,portion,60.0,60.0,,1,7
16658900,30743543,39022695,47988,"Bagels, plain",1.0,37332,portion,70.0,70.0,,1,
16658900,30743553,39022714,7797,Honey,15.0,,,,,,2,
16658900,30743557,39022718,50216,Raisins,15.0,,,,,,3,
16658900,31003774,39316598,67389,"Yogurt, Greek, plain, whole milk",200.0,,,,,,4,
16658902,31003164,39315891,1629,"Milk, whole, 3.25% milkfat, with added vitamin D",250.0,,,,,,1,
16418632,30150872,38328782,7138,"Bread, sticks, plain",60.0,,,,,,1,
16418632,30151963,38330185,7797,Honey,15.0,,,,,,2,
16418632,30324119,38531409,48669,"Cinnamon, ground",1.0,38790,teaspoon,3.0,3.0,,3,
16418632,31165546,39499499,67384,"Yogurt, Greek, plain, lowfat",1.0,53975,container (7 oz),200.0,200.0,,4,
16418633,30151629,38329635,49940,"Pineapple, raw, flesh only",100.0,,,,,,1,
16418635,30151768,38329801,3894,"Orange juice, raw",250.0,,,,,,1,
16738336,30928611,39233324,7533,"Bagels, wheat",80.0,,,,,,1,
16738336,30928613,39233326,6428,"Peanut Butter, smooth",15.0,,,,,,2,
16738336,30929537,39234520,49572,"Milk, soya, non-dairy alternative to milk, unsweetened, fortified",244.0,,,,,,3,
16738337,30927852,39232460,4059,"Apples, raw, gala, with skin",120.0,,,,,,1,
16738337,30928760,39233628,3859,"Kiwifruit, green, raw",2.0,7577,"unit (2"" dia)",69.0,138.0,,2,
16738339,30927860,39232468,1665,"Yogurt, plain, low fat",200.0,,,,,,1,
16738339,30929006,39233907,50092,"Porridge oats, unfortified",60.0,,,,,,2,
16738339,30929055,39234012,3978,"Raspberries, raw",1.0,7843,cup,123.0,123.0,,3,
16738339,30929057,39234016,3774,"Blueberries, raw",100.0,,,,,,4,
16738339,30929061,39234020,5202,"Seeds, chia seeds, dried",15.0,,,,,,5,
16738339,30929062,39234023,48669,"Cinnamon, ground",2.0,38790,teaspoon,3.0,6.0,,6,
16413232,30147876,38325011,48316,"Breakfast cereal, bran type cereal, fortified",40.0,,,,,,1,
16413232,30147885,38325021,49216,Honey,15.0,,,,,,2,
16413232,31165128,39499036,1633,"Milk, reduced fat, fluid, 2% milkfat, protein fortified, with added vitamin A and vitamin D",250.0,,,,,,3,
16413233,30147442,38324467,47997,"Bananas, flesh only",150.0,,,,,,1,
16413233,30148205,38325369,5226,"Nuts, almonds",6.0,10150,unit,1.2,7.199999999999999,,2,
16413235,30147480,38324559,49845,"Pears, raw, flesh only, peeled, weighed with skin and core",2.0,40614,medium comice unit,150.0,300.0,,1,
16413235,31165204,39499145,67384,"Yogurt, Greek, plain, lowfat",1.0,53975,container (7 oz),200.0,200.0,,2,
16736853,30924370,39227878,48984,"Eggs, chicken, whole, boiled",2.0,39394,unit,50.0,100.0,,1,
16736853,31126640,39453187,67402,"Yogurt, Greek, whole, plain, CHOBANI",200.0,,,,,,2,
16736853,31126641,39453188,3564,"Cereals, QUAKER, Quick Oats with Iron, Dry",1.0,7186,cup,40.0,40.0,,3,
16736853,31126643,39453190,3774,"Blueberries, raw",1.0,7444,berry,68.0,68.0,,4,
16736853,31126644,39453191,3989,"Strawberries, raw",100.0,,,,,,5,
16736853,31126645,39453195,5304,"Seeds, flaxseed",15.0,,,,,,6,
16736855,30924737,39228397,5304,"Seeds, flaxseed",15.0,,,,,,1,
16736855,30924742,39228402,5226,"Nuts, almonds",6.0,10150,unit,1.2,7.199999999999999,,2,
16736855,30924749,39228417,3799,"Cranberries, raw",100.0,,,,,,3,
16736855,31126646,39453196,67402,"Yogurt, Greek, whole, plain, CHOBANI",200.0,,,,,,4,
16736855,31126796,39453347,3564,"Cereals, QUAKER, Quick Oats with Iron, Dry",30.0,,,,,,5,
16737334,30925233,39229092,49485,Lucozade,500.0,,,,,,1,
16737335,30925320,39229182,49485,Lucozade,500.0,,,,,,1,
16736857,30925203,39229052,7239,"Crackers, crispbread, rye",4.0,13947,Wasa rye type,10.0,40.0,,1,
16736857,30925214,39229071,50680,Turkey slices,2.0,42045,portion,23.0,46.0,,2,
16736857,31126799,39453350,1739,"Milk, whole, 3.25% milkfat, without added vitamin A and vitamin D",1.0,3740,cup,244.0,244.0,,3,
16740331,30932843,39238928,1665,"Yogurt, plain, low fat",1.0,3577,container (6 oz),170.0,170.0,"1 container of yogurt, plain, low fat (170 g)",1,
16740331,30932844,39238929,7133,"Bread, whole-wheat, commercially prepared",2.0,13672,slice,32.0,64.0,,2,
16740331,30932845,39238930,9953,"Ham, turkey, sliced, extra lean, prepackaged or deli",1.0,18059,cubic inch,20.0,20.0,1 slice of turkey ham extra lean (20 g),3,
16740331,30932868,39238966,5846,"Beverages, coffee, brewed, prepared with tap water",250.0,,,,,,4,
16740331,30932873,39238973,6417,"Peanut butter, chunky, vitamin and mineral fortified",1.0,12444,tbsp,32.0,32.0,,5,
16740330,30932950,39239053,3944,"Pineapple, raw, all varieties",1.0,7775,"cup, chunks",165.0,165.0,,1,
16740332,30932846,39238931,2872,"Soup, vegetable, canned, low sodium, condensed",250.0,,,,,,1,0
16740332,30932847,39238932,8061,"Pasta, fresh-refrigerated, plain, cooked",130.0,,,,,"130 grams of pasta, cooked",1,1
16740332,30932848,39238934,4848,"Vegetables, mixed, frozen, cooked, boiled, drained, without salt",0.5,9495,cup,91.0,45.5,"1/4 cup of vegetables, mixed, fresh or boiled (46 g)",2,1
16740332,30933122,39239227,50672,"Tuna, canned in brine, drained",1.0,42040,small can,100.0,100.0,,3,1
16740332,30933189,39239294,4059,"Apples, raw, gala, with skin",1.0,7998,small unit,157.0,157.0,,1,2
16740334,30933195,39239300,5257,"Nuts, hazelnuts or filberts",10.0,,,,,,1,
16740334,30933732,39240065,81748,"Oat-based drink, plain",200.0,,,,,,2,
16740333,30932852,39238939,2872,"Soup, vegetable, canned, low sodium, condensed",1.0,6224,cup,126.0,126.0,"1/2 cup of soup, vegetable (126 g)",1,0
16740333,30932853,39238941,8012,"Rice, brown, long-grain, cooked",130.0,,,,,"130 grams of rice, brown, cooked",1,1
16740333,30932857,39238946,2196,"Oil, olive, salad or cooking",1.0,4837,tsp,4.5,4.5,,2,1
16740333,30933308,39239438,47949,"Asparagus, boiled in unsalted water",125.0,,,,,,3,1
16740333,30933310,39239440,1677,"Egg, whole, cooked, hard-boiled",1.0,3618,large unit,50.0,50.0,,4,1
16740333,30933313,39239447,49448,"Lettuce, average, raw",20.0,,,,,,5,1
16740333,30933698,39240017,49528,"Melon, flesh only, average",250.0,,,,,,1,2
16740335,30932861,39238950,1635,"Milk, lowfat, fluid, 1% milkfat, with added nonfat milk solids, vitamin A and vitamin D",0.5,3502,cup,245.0,122.5,"1/2 cup of milk, lowfat (123 g)",1,
16740335,30932862,39238951,5228,"Nuts, almonds, dry roasted, without salt added",0.5,10155,oz (22 whole kernels),28.35,14.175,"3 almonds roasted, without salt added (14 g)",2,
16411541,30126348,38299481,7797,Honey,15.0,,,,,,1,
16411541,30126375,38299528,3664,"Cereals, QUAKER, Instant Oatmeal, Apple and Cinnamon, reduced sugar",40.0,,,,,,2,
16411541,30129524,38303005,1634,"Milk, lowfat, fluid, 1% milkfat, with added vitamin A and vitamin D",125.0,,,,,,3,
16411541,30129720,38303232,48500,"Cheese, cottage, plain, reduced fat",90.0,,,,,,4,
16411542,30126822,38299981,3859,"Kiwifruit, green, raw",2.0,7577,"unit (2"" dia)",69.0,138.0,,1,
16411544,30129845,38303358,3894,"Orange juice, raw",250.0,,,,,,1,
16411544,30137959,38313260,50734,"Walnuts, kernel only",10.0,,,,,,2,
16414203,30148709,38326004,3707,"Cereals, QUAKER, Instant Oatmeal, Cinnamon Swirl, high fiber",40.0,,,,,,1,
16414203,30148724,38326035,48669,"Cinnamon, ground",15.0,,,,,,2,
16414203,30148726,38326039,67452,"Goji berries, dried",15.0,,,,,,3,
16414203,30248555,38442955,7797,Honey,15.0,,,,,,4,
16414203,31165339,39499281,67384,"Yogurt, Greek, plain, lowfat",1.0,53975,container (7 oz),200.0,200.0,,5,
16414204,30148745,38326064,3989,"Strawberries, raw",1.0,7860,"cup, halves",152.0,152.0,,1,
16414206,30149431,38327045,50221,"Raspberries, raw",100.0,,,,,,1,
16414206,30149474,38327109,3989,"Strawberries, raw",1.0,7860,"cup, halves",152.0,152.0,,2,
16414206,31165406,39499353,1632,"Milk, reduced fat, fluid, 2% milkfat, with added nonfat milk solids and vitamin A and vitamin D",250.0,,,,,,3,
16413507,30131790,38305629,1665,"Yogurt, plain, low fat",200.0,,,,,,1,
16413507,30132586,38306476,3399,"Cereals ready-to-eat, granola, homemade",15.0,,,,,,2,
16413507,30298898,38500971,49216,Honey,15.0,,,,,,3,
16413507,30319063,38525119,3774,"Blueberries, raw",100.0,,,,,,4,
16413507,30319237,38525293,48669,"Cinnamon, ground",1.0,38790,teaspoon,3.0,3.0,,5,
16413508,30132719,38306667,3968,"Plums, dried (prunes), uncooked",3.0,7822,"unit, pitted",9.5,28.5,,1,
16413508,30319247,38525309,5226,"Nuts, almonds",5.0,10150,unit,1.2,6.0,,2,
16413510,30132738,38306709,3894,"Orange juice, raw",250.0,,,,,,1,
16413511,30132917,38306936,9589,"Tortillas, ready-to-bake or -fry, whole wheat",1.0,17741,tortilla,41.0,41.0,,1,1
16413511,30133125,38307159,48170,"Beetroot, boiled in unsalted water",50.0,,,,,,2,1
16413511,30135943,38310580,50637,"Tomatoes, cherry, raw",15.0,41994,unit,15.0,225.0,,3,1
16413511,30136200,38310858,49226,Houmous,15.0,,,,,,4,1
16413511,30137005,38312064,4533,"Corn, sweet, yellow, canned, drained solids, rinsed with tap water",30.0,,,,,,5,1
16413511,30137378,38312533,49763,"Parsley, fresh",30.0,,,,,,6,1
16413511,30319268,38525340,48525,"Cheese, Ricotta",60.0,,,,,,7,1
16680462,30790778,39078679,48310,"Bread, wholemeal, toasted",2.0,37963,medium slice,31.0,62.0,,1,
16680462,30790867,39078822,9953,"Ham, turkey, sliced, extra lean, prepackaged or deli",2.0,18059,cubic inch,20.0,40.0,,2,
16680462,30790888,39078848,3930,"Pears, raw",1.0,7750,medium unit,178.0,178.0,,3,
16680462,30791194,39079178,22284,"Coffee with milk or white coffee or cappuccino, instant coffee or not, without sugar, ready-to-drink",250.0,,,,,,4,
16680461,30792208,39080488,5236,"Nuts, cashew nuts, raw",30.0,,,,,,1,
16680461,30792215,39080503,3847,"Grapes, red or green (European type, such as Thompson seedless), raw",1.0,7559,cup,151.0,151.0,,2,
16680460,30790262,39078093,4817,"Tomatoes, red, ripe, raw, year round average",1.0,9423,cup cherry tomatoes,149.0,149.0,,1,1
16680460,30790263,39078094,81585,"Olives, black, in oil (Greek olive)",10.0,,,,,,2,1
16680460,30790264,39078095,1677,"Egg, whole, cooked, hard-boiled",1.0,3618,large unit,50.0,50.0,,3,1
16680460,30790265,39078096,4595,"Lettuce, cos or romaine, raw",1.0,8999,cup shredded,47.0,47.0,,4,1
16680460,30790266,39078097,1820,"Spices, pepper, black",1.0,3892,"tsp, ground",2.3,2.3,,5,1
16680460,30791198,39079183,8089,"Pasta, whole-wheat, cooked",120.0,,,,,,6,1
16680459,30790259,39078090,4059,"Apples, raw, gala, with skin",1.0,7997,medium unit,172.0,172.0,,1,
16680458,30790256,39078087,4587,"Mushrooms, portabella, grilled",1.0,8986,cup of slices,121.0,121.0,,1,1
16680458,30791508,39079508,27855,"Lamb, cutlets, without visible fat",100.0,,,,,,2,1
16680458,30791850,39080021,81929,"Spring vegetables, frozen, raw (French beans, carrots, potatoes, green peas, onions)",200.0,,,,,,3,1
16680458,30790257,39078088,82546,"Dark chocolate bar, more than 40% cocoa, for cooking",15.0,,,,,,1,2
16681874,30793736,39082487,7133,"Bread, whole-wheat, commercially prepared",1.0,13672,slice,32.0,32.0,,1,
16681874,30793737,39082488,7133,"Bread, whole-wheat, commercially prepared",1.0,13672,slice,32.0,32.0,,2,
16681874,30793738,39082489,7906,"Jams and preserves, apricot",1.0,15327,tbsp,20.0,20.0,,3,
16681874,30793739,39082490,1581,"Cheese, gouda",1.0,3327,oz,28.35,28.35,,4,
16681874,30793760,39082515,48706,"Coffee, infusion, average, with semi-skimmed milk",250.0,,,,,,5,
16681873,30793972,39082745,3978,"Raspberries, raw",125.0,,,,,,1,
16681873,30794111,39082888,28190,"Soya, alternative to yoghurt (Provamel Dairy Free (Yofu) with added calcium)",125.0,,,,,,2,
16681871,30793728,39082479,7718,"Puddings, chocolate, ready-to-eat",1.0,15002,oz,28.35,28.35,,1,
16681871,30793729,39082480,5916,"Beverages, water, tap, drinking",1.0,11506,fl oz,29.6,29.6,,2,
16681870,30793720,39082471,28888,"Salad, mixed (lettuce, peppers, tomatoes, onion), homemade",150.0,,,,,,1,1
16681870,30793721,39082472,7133,"Bread, whole-wheat, commercially prepared",1.0,13672,slice,32.0,32.0,,2,1
16681870,30793722,39082473,7133,"Bread, whole-wheat, commercially prepared",1.0,13672,slice,32.0,32.0,,3,1
16681870,30793723,39082474,2200,"Margarine, regular, hard, soybean (hydrogenated)",1.0,4847,tsp,4.7,4.7,,4,1
16681870,30793724,39082475,2200,"Margarine, regular, hard, soybean (hydrogenated)",1.0,4847,tsp,4.7,4.7,,5,1
16681870,30793727,39082478,5916,"Beverages, water, tap, drinking",1.0,11506,fl oz,29.6,29.6,,1,2
16681870,30794661,39083671,3767,"Bananas, raw",1.0,7430,"small unit (6"" to 6-7/8"" long)",101.0,101.0,,2,2
16681869,30793718,39082469,7462,"Archway Home Style Cookies, Oatmeal",1.0,14535,serving,25.0,25.0,,1,
16681869,30793719,39082470,5906,"Beverages, tea, herb, other than chamomile, brewed",1.0,11477,fl oz,29.6,29.6,,2,
16739506,30930846,39236539,1634,"Milk, lowfat, fluid, 1% milkfat, with added vitamin A and vitamin D",250.0,,,,,,1,
16739506,30930848,39236541,3766,"Avocados, raw, Florida",30.0,,,,,,2,
16739506,30930849,39236542,48984,"Eggs, chicken, whole, boiled",1.0,39394,unit,50.0,50.0,,3,
16739506,30930931,39236632,7874,"Snacks, rice cakes, brown rice, corn",2.0,15270,unit,9.0,18.0,,4,
16739506,30932837,39238898,50680,Turkey slices,1.0,42045,portion,23.0,23.0,,5,
16739505,30931208,39236914,3892,"Oranges, raw, Florida",1.0,7668,"unit (2-5/8"" dia)",141.0,141.0,,1,
16739505,30931237,39236996,3859,"Kiwifruit, green, raw",2.0,7577,"unit (2"" dia)",69.0,138.0,,2,
16739505,30931263,39237039,48669,"Cinnamon, ground",2.0,38790,teaspoon,3.0,6.0,,3,
16739503,30930829,39236522,1665,"Yogurt, plain, low fat",200.0,,,,,,1,
16739503,30930830,39236523,7797,Honey,15.0,,,,,,2,
16739503,30930832,39236525,5202,"Seeds, chia seeds, dried",15.0,,,,,,3,
16739503,30930833,39236526,48669,"Cinnamon, ground",5.0,,,,,,4,
16739503,30930834,39236527,50216,Raisins,1.0,41358,tablespoon,30.0,30.0,,5,
16739503,30932167,39238135,3554,"Cereals, QUAKER, Quick Oats, Dry",30.0,,,,,,6,
16681352,30792426,39080776,49601,"Muesli, Swiss style, no added sugar or salt, unfortified",1.0,40302,medium portion,50.0,50.0,,1,
16681352,30792477,39080837,49572,"Milk, soya, non-dairy alternative to milk, unsweetened, fortified",1.0,40242,average portion with cereals,100.0,100.0,,2,
16681352,30792499,39080886,5846,"Beverages, coffee, brewed, prepared with tap water",250.0,,,,,,3,
16681352,30792524,39080932,47930,"Apples, eating, raw, flesh and skin, weighed with core",1.0,37268,medium eating,112.0,112.0,,4,
16681355,30793159,39081848,49826,"Peaches, flesh and skin, raw, weighed with stone",1.0,40586,large piece,150.0,150.0,,1,
16681355,30793292,39081983,48060,"Beans, soya, dried, raw",25.0,,,,,,2,
16418831,30152356,38330579,48316,"Breakfast cereal, bran type cereal, fortified",1.0,37972,small portion,30.0,30.0,,1,
16418831,30152451,38330845,5202,"Seeds, chia seeds, dried",15.0,,,,,,2,
16418831,31165906,39499921,1633,"Milk, reduced fat, fluid, 2% milkfat, protein fortified, with added vitamin A and vitamin D",250.0,,,,,,3,
16418832,30153374,38332073,3892,"Oranges, raw, Florida",2.0,7668,"unit (2-5/8"" dia)",141.0,282.0,,1,
16418834,30153087,38331669,3767,"Bananas, raw",150.0,,,,,,1,
16418834,31165907,39499924,67384,"Yogurt, Greek, plain, lowfat",1.0,53975,container (7 oz),200.0,200.0,,2,
16420144,30148748,38326067,49715,"Orange juice, freshly squeezed",200.0,,,,,,1,
16420144,30148771,38326104,18669,"Melón, pulpa, fresco",80.0,,,,,,2,
16420144,30794516,39083526,565,Pão de mistura de trigo e centeio,60.0,,,,,,3,
16420144,30794648,39083658,36,"Queijo Flamengo, 45% gordura",20.0,,,,,,4,
16420145,30148945,38326408,728,Kiwi,100.0,,,,,,1,
16420146,30794662,39083672,922,Sopa juliana,200.0,,,,,,1,0
16420146,30149676,38327343,48571,"Chicken, breast, grilled without skin, meat only",1.0,38547,small portion,100.0,100.0,,1,1
16420146,30149966,38327704,50265,"Rice, white, basmati, boiled in unsalted water",200.0,,,,,,2,1
16420146,30150078,38327881,48435,"Carrots, old, raw",100.0,,,,,,3,1
16420146,30150216,38328019,50637,"Tomatoes, cherry, raw",50.0,,,,,,4,1
16420146,30150876,38328802,4059,"Apples, raw, gala, with skin",1.0,7998,small unit,157.0,157.0,,5,1
16420147,30150906,38328856,3767,"Bananas, raw",100.0,,,,,,1,
16420147,30151161,38329160,10,Leite de vaca UHT magro,180.0,,,,,,2,
16420147,30794893,39083968,593,"Flocos de milho tipo ""Corn Flakes""",30.0,,,,,,3,
16421312,30151370,38329372,3909,"Papayas, raw",100.0,,,,,,1,
16421312,30151503,38329507,1559,Noz crua,20.0,,,,,,2,
16421312,30151609,38329615,7133,"Bread, whole-wheat, commercially prepared",1.0,13672,slice,32.0,32.0,,3,
16444756,30210134,38398577,48309,"Bread, wholemeal, average",60.0,,,,,,1,
16444756,30331616,38540826,48525,"Cheese, Ricotta",60.0,,,,,,2,
16444756,31935192,40366659,4059,"Apples, raw, gala, with skin",1.0,7998,small unit,157.0,157.0,,3,
16444757,30210510,38398956,7797,Honey,15.0,,,,,,1,
16444757,30210512,38398966,3774,"Blueberries, raw",1.0,7444,berry,68.0,68.0,,2,
16444757,30331872,38541090,48669,"Cinnamon, ground",5.0,,,,,,3,
16444757,31173819,39509204,67384,"Yogurt, Greek, plain, lowfat",1.0,53975,container (7 oz),200.0,200.0,,4,
16444759,30210517,38398972,3894,"Orange juice, raw",250.0,,,,,,1,
16419220,30163834,38345148,9803,"Salmon, red (sockeye), filets with skin, smoked (Alaska Native)",90.0,,,,,,1,
16419220,30163887,38345208,50300,"Rocket, raw",40.0,,,,,,2,
16419220,30169458,38351814,7239,"Crackers, crispbread, rye",3.0,13947,Wasa rye type,10.0,30.0,,3,
16419220,31167112,39501300,10081,"Cheese spread, cream cheese base",1.0,18292,oz,28.35,28.35,,4,
16419221,30167453,38349420,3767,"Bananas, raw",150.0,,,,,,1,
16419223,30165203,38346758,4059,"Apples, raw, gala, with skin",120.0,,,,,,1,
16419024,30154739,38333821,7138,"Bread, sticks, plain",30.0,,,,,,1,
16419024,30157480,38337271,49216,Honey,15.0,,,,,,2,
16419024,31166246,39500334,1633,"Milk, reduced fat, fluid, 2% milkfat, protein fortified, with added vitamin A and vitamin D",250.0,,,,,,3,
16419025,30154895,38334001,3930,"Pears, raw",1.0,7749,small unit,148.0,148.0,,1,
16419025,30253637,38449023,67384,"Yogurt, Greek, plain, lowfat",200.0,,,,,,2,
16419027,30254037,38449561,3877,"Mangos, raw",1.0,7616,cup pieces,165.0,165.0,,1,
16419027,30254091,38449623,4034,"Pineapple, raw, extra sweet variety",80.0,,,,,,2,
16422692,30155135,38334270,565,Pão de mistura de trigo e centeio,80.0,,,,,,1,
16422692,30155344,38334550,264,Fiambre,30.0,,,,,,2,
16422692,30769030,39052709,50,Iogurte natural sólido magro,100.0,,,,,,3,
16422693,30155738,38334996,5760,"Beverages, Protein powder whey based",25.0,,,,,,1,
16422694,30155753,38335023,174,"Bife de vaca (acém, alcatra ou lombo) grelhado",100.0,,,,,,1,1
16422694,30155806,38335111,550,Esparguete cozido,160.0,,,,,,2,1
16422694,30155862,38335251,660,Brócolos cozidos,150.0,,,,,,3,1
16422694,30155869,38335260,746,Papaia,100.0,,,,,,4,1
16422695,30155887,38335290,50,Iogurte natural sólido magro,125.0,,,,,,1,
16422695,30155890,38335294,713,Banana,90.0,,,,,,2,
16422695,30156047,38335467,593,"Flocos de milho tipo ""Corn Flakes""",25.0,,,,,,3,
16423094,30156065,38335488,565,Pão de mistura de trigo e centeio,60.0,,,,,,1,
16423094,30156094,38335532,32,Queijo Creme para barrar,20.0,,,,,,2,
16422696,30156237,38335678,914,Sopa de couve lombarda,200.0,,,,,,1,0
16422696,30156097,38335536,356,"Bacalhau seco e salgado, demolhado assado no forno com azeite",100.0,,,,,,1,1
16422696,30156100,38335539,645,Batata doce assada,150.0,,,,,,2,1
16422696,30156103,38335544,664,Cenoura crua,150.0,,,,,,3,1
16419399,30167894,38349922,48984,"Eggs, chicken, whole, boiled",1.0,39394,unit,50.0,50.0,,1,
16419399,30167898,38349928,7239,"Crackers, crispbread, rye",2.0,13947,Wasa rye type,10.0,20.0,,2,
16419399,30167899,38349929,5202,"Seeds, chia seeds, dried",10.0,,,,,,3,
16419399,30167902,38349932,50300,"Rocket, raw",30.0,,,,,,4,
16419399,30168036,38350067,47959,"Avocado, flesh only, average, weighed with skin and stone",30.0,,,,,,5,
16419400,30168795,38350974,3904,"Tangerines, (mandarin oranges), raw",5.0,7695,"small unit (2-1/4"" dia)",76.0,380.0,,1,
16419400,30168907,38351093,7138,"Bread, sticks, plain",2.0,13686,"stick (7-5/8"" x 5/8"")",10.0,20.0,,2,
16419402,30256267,38452733,7797,Honey,15.0,,,,,,1,
16419402,31167383,39501619,67384,"Yogurt, Greek, plain, lowfat",1.0,53975,container (7 oz),200.0,200.0,,2,
16419403,30168134,38350190,48309,"Bread, wholemeal, average",60.0,,,,,,1,1
16419403,30168179,38350279,50680,Turkey slices,30.0,,,,,,2,1
16419403,30168180,38350281,48500,"Cheese, cottage, plain, reduced fat",45.0,,,,,,3,1
16419403,30326513,38534422,50300,"Rocket, raw",50.0,,,,,,4,1
16419403,30326620,38534529,50641,"Tomatoes, standard, raw",100.0,,,,,,5,1
16444654,30208015,38395768,5284,"Seeds, sesame butter, tahini, from roasted and toasted kernels (most common type)",10.0,,,,,,1,
16444654,30257429,38454067,3554,"Cereals, QUAKER, Quick Oats, Dry",45.0,,,,,,2,
16444654,30257491,38454178,3974,"Raisins, golden, seedless",30.0,,,,,,3,
16444654,31167384,39501621,1633,"Milk, reduced fat, fluid, 2% milkfat, protein fortified, with added vitamin A and vitamin D",250.0,,,,,,4,
16444655,30208400,38396201,4059,"Apples, raw, gala, with skin",100.0,,,,,,1,
16444655,30208409,38396210,6428,"Peanut Butter, smooth",10.0,,,,,,2,
16444655,30329792,38538247,48669,"Cinnamon, ground",5.0,,,,,,3,
16444655,31167394,39501631,67384,"Yogurt, Greek, plain, lowfat",1.0,53975,container (7 oz),200.0,200.0,,4,
16444657,30208417,38396223,3847,"Grapes, red or green (European type, such as Thompson seedless), raw",150.0,,,,,,1,
16444657,30208451,38396258,7138,"Bread, sticks, plain",20.0,,,,,,2,
16444657,30208452,38396260,7797,Honey,15.0,,,,,,3,
16422155,30153590,38332395,5760,"Beverages, Protein powder whey based",25.0,,,,,,1,
16422158,30154389,38333378,381,Dourada grelhada,100.0,,,,,,1,1
16422158,30154401,38333395,50250,"Rice, brown, basmati, boiled in unsalted water",150.0,,,,,,2,1
16422158,30154416,38333411,700,Tomate cru,70.0,,,,,,3,1
16422158,30154421,38333417,664,Cenoura crua,80.0,,,,,,4,1
16422158,30154741,38333823,732,Maçã sem casca,100.0,,,,,,1,2
15694037,28391007,35916831,5760,"Beverages, Protein powder whey based",25.0,,,,,,1,
15693731,28391029,35916861,907,Sopa de abóbora,200.0,,,,,,1,0
15693731,28391030,35916862,300,Peito de frango com pele cru,120.0,,,,,100 grams of peito de frango com pele cru,1,1
15693731,28391031,35916864,532,Arroz cozido simples,200.0,,,,,,2,1
15693731,28391032,35916867,651,Alface crua,30.0,,,,,,3,1
15693731,28391033,35916868,657,Beterraba (raiz) crua,30.0,,,,,,4,1
15693731,28391034,35916869,777,Azeite,8.0,,,,,,5,1
15693731,28391035,35916870,700,Tomate cru,50.0,,,,,,6,1
15693731,28391073,35916912,741,Melão,80.0,,,,,,7,1
15693731,28391029,35916861,907,Sopa de abóbora,200.0,,,,,,1,0
15693731,28391030,35916862,300,Peito de frango com pele cru,120.0,,,,,100 grams of peito de frango com pele cru,1,1
15693731,28391031,35916864,532,Arroz cozido simples,200.0,,,,,,2,1
15693731,28391032,35916867,651,Alface crua,30.0,,,,,,3,1
15693731,28391033,35916868,657,Beterraba (raiz) crua,30.0,,,,,,4,1
15693731,28391034,35916869,777,Azeite,8.0,,,,,,5,1
15693731,28391035,35916870,700,Tomate cru,50.0,,,,,,6,1
15693731,28391073,35916912,741,Melão,80.0,,,,,,7,1
15693731,28391029,35916861,907,Sopa de abóbora,200.0,,,,,,1,0
15693731,28391030,35916862,300,Peito de frango com pele cru,120.0,,,,,100 grams of peito de frango com pele cru,1,1
15693731,28391031,35916865,550,Esparguete cozido,280.0,,,,,,2,1
15693731,28391032,35916867,651,Alface crua,30.0,,,,,,3,1
15693731,28391033,35916868,657,Beterraba (raiz) crua,30.0,,,,,,4,1
15693731,28391034,35916869,777,Azeite,8.0,,,,,,5,1
15693731,28391035,35916870,700,Tomate cru,50.0,,,,,,6,1
15693731,28391073,35916912,741,Melão,80.0,,,,,,7,1
15693731,28391029,35916861,907,Sopa de abóbora,200.0,,,,,,1,0
15693731,28391030,35916863,423,Pescada europeia cozida,120.0,,,,,,1,1
15693731,28391031,35916865,550,Esparguete cozido,280.0,,,,,,2,1
15693731,28391032,35916867,651,Alface crua,30.0,,,,,,3,1
15693731,28391033,35916868,657,Beterraba (raiz) crua,30.0,,,,,,4,1
15693731,28391034,35916869,777,Azeite,8.0,,,,,,5,1
15693731,28391035,35916870,700,Tomate cru,50.0,,,,,,6,1
15693731,28391073,35916912,741,Melão,80.0,,,,,,7,1
15693731,28391029,35916861,907,Sopa de abóbora,200.0,,,,,,1,0
15693731,28391030,35916863,423,Pescada europeia cozida,120.0,,,,,,1,1
15693731,28391031,35916866,638,Batata cozida,300.0,,,,,,2,1
15693731,28391032,35916867,651,Alface crua,30.0,,,,,,3,1
15693731,28391033,35916868,657,Beterraba (raiz) crua,30.0,,,,,,4,1
15693731,28391034,35916869,777,Azeite,8.0,,,,,,5,1
15693731,28391035,35916870,700,Tomate cru,50.0,,,,,,6,1
15693731,28391073,35916912,741,Melão,80.0,,,,,,7,1
15693731,28391029,35916861,907,Sopa de abóbora,200.0,,,,,,1,0
15693731,28391030,35916863,423,Pescada europeia cozida,120.0,,,,,,1,1
15693731,28391031,35916866,638,Batata cozida,300.0,,,,,,2,1
15693731,28391032,35916867,651,Alface crua,30.0,,,,,,3,1
15693731,28391033,35916868,657,Beterraba (raiz) crua,30.0,,,,,,4,1
15693731,28391034,35916869,777,Azeite,8.0,,,,,,5,1
15693731,28391035,35916870,700,Tomate cru,50.0,,,,,,6,1
15693731,28391073,35916912,741,Melão,80.0,,,,,,7,1
15693733,28391357,35917516,907,Sopa de abóbora,200.0,,,,,,1,0
15693733,28391356,35917515,660,Brócolos cozidos,90.0,,,,,,1,1
15693733,28391358,35917517,300,Peito de frango com pele cru,120.0,,,,,100 grams of peito de frango com pele cru,2,1
15693733,28391360,35917522,777,Azeite,8.0,,,,,,3,1
15693733,28391383,35917570,665,Cenoura cozida,50.0,,,,,,4,1
15693733,28391392,35917579,731,Maçã com casca,120.0,,,,,,5,1
15693733,28391357,35917516,907,Sopa de abóbora,200.0,,,,,,1,0
15693733,28391356,35917515,660,Brócolos cozidos,90.0,,,,,,1,1
15693733,28391358,35917518,423,Pescada europeia cozida,120.0,,,,,,2,1
15693733,28391360,35917522,777,Azeite,8.0,,,,,,3,1
15693733,28391383,35917570,665,Cenoura cozida,50.0,,,,,,4,1
15693733,28391392,35917579,731,Maçã com casca,120.0,,,,,,5,1
15693734,28391714,35917948,1775,"Yogurt, Greek, plain, nonfat",150.0,,,,,,1,
16683753,30798540,39088192,50144,"Potatoes, old, boiled in unsalted water, flesh only",1.0,41240,medium portion,175.0,175.0,,1,
16683753,30798560,39088212,48990,"Eggs, chicken, whole, scrambled, without milk",100.0,,,,,,2,
16683753,30798563,39088215,48704,"Coffee, cappuccino, latte",1.0,38873,mug,260.0,260.0,,3,
16683753,30798565,39088217,49715,"Orange juice, freshly squeezed",2.0,40477,unit,50.0,100.0,,4,
16683753,30798568,39088220,48498,"Cheese, Cheddar, English",1.0,38372,small chunk,20.0,20.0,,5,
16683753,30798570,39088222,49703,"Onions, baked",1.0,40452,average serving,40.0,40.0,,6,
16683754,30798576,39088229,49093,"Fruit salad, homemade",150.0,,,,,,1,
16683754,30798589,39088245,49216,Honey,1.0,39759,heaped teaspoon,17.0,17.0,,2,
16683755,30798692,39088357,48349,"Broccoli, green, steamed",2.0,38077,large portion,110.0,220.0,,1,0
16683755,30798698,39088393,49561,"Milk, semi-skimmed, pasteurised, average",1.0,40165,average portion with cereals,100.0,100.0,,2,0
16683755,30798966,39088673,50254,"Rice, brown, wholegrain, boiled in unsalted water",1.0,41390,small portion,100.0,100.0,,1,1
16683755,30798968,39088675,48571,"Chicken, breast, grilled without skin, meat only",1.0,38548,medium portion,130.0,130.0,,2,1
16683755,30799018,39088728,50384,"Sauce, pasta, tomato based, napoletana",1.0,41573,portion,90.0,90.0,,3,1
16683755,30799306,39089085,47929,"Apples, eating, raw, flesh and skin",1.0,37265,medium eating,100.0,100.0,,1,2
16683756,30799140,39088915,49606,"Muffins, bran, homemade",100.0,,,,,,1,
16683757,30799075,39088802,49945,"Pizza, cheese and tomato, retail",1.0,40803,deep pan 12'' diameter slice,88.0,88.0,,1,1
16683757,30799086,39088813,28303,"Salad, mixed",150.0,,,,,,2,1
16683757,30799087,39088815,48947,"Dressing, oil and lemon, homemade",1.0,39367,tablespoon,15.0,15.0,,3,1
16683758,30798235,39087883,48435,"Carrots, old, raw",1.0,38237,medium portion,60.0,60.0,,1,
16683758,30798236,39087884,48474,"Celery, raw",2.0,38321,stick,30.0,60.0,,2,
16683758,30798237,39087885,49226,Houmous,3.0,39772,tablespoon,30.0,90.0,,3,
16444721,30209519,38397874,3707,"Cereals, QUAKER, Instant Oatmeal, Cinnamon Swirl, high fiber",60.0,,,,,,1,
16444721,30209521,38397876,67452,"Goji berries, dried",20.0,,,,,,2,
16444721,30258154,38455174,5202,"Seeds, chia seeds, dried",15.0,,,,,,3,
16444721,31168024,39502396,1633,"Milk, reduced fat, fluid, 2% milkfat, protein fortified, with added vitamin A and vitamin D",250.0,,,,,,4,
16444722,30209525,38397880,3963,"Pomegranates, raw",100.0,,,,,,1,
16444722,30330332,38539127,50221,"Raspberries, raw",100.0,,,,,,2,
16444724,30209528,38397883,3930,"Pears, raw",148.0,,,,,,1,
16444724,30258110,38455018,47909,"Almonds, flaked and ground",6.0,37241,unit,2.0,12.0,,2,
16444728,30210123,38398562,47910,"Almonds, toasted",1.0,37242,portion,13.0,13.0,,1,
16444728,30330953,38540058,4059,"Apples, raw, gala, with skin",140.0,,,,,,2,
16444728,31173661,39509041,67384,"Yogurt, Greek, plain, lowfat",1.0,53975,container (7 oz),200.0,200.0,,3,
16444730,30210116,38398555,50537,"Strawberries, raw",15.0,41859,unit,12.0,180.0,,1,
16444730,30258519,38455671,5304,"Seeds, flaxseed",15.0,,,,,,2,
16444731,30209623,38397984,49791,"Pasta, wholewheat, spaghetti, dried, boiled in unsalted water",100.0,,,,,,1,1
16444731,30209755,38398116,50680,Turkey slices,60.0,,,,,,2,1
16444731,30209773,38398135,48999,"Endive, raw",100.0,,,,,,3,1
16444731,30209776,38398138,49870,"Pepper, capsicum, yellow, raw",1.0,40666,medium unit,160.0,160.0,,4,1
16444731,30258585,38455781,5032,"Peppers, sweet, red, raw",160.0,,,,,,5,1
16444731,30331489,38540627,50216,Raisins,15.0,,,,,,6,1
16444666,30208593,38396436,7239,"Crackers, crispbread, rye",3.0,13947,Wasa rye type,10.0,30.0,,1,
16444666,30208595,38396437,48984,"Eggs, chicken, whole, boiled",1.0,39394,unit,50.0,50.0,,2,
16444666,30208600,38396442,3766,"Avocados, raw, Florida",30.0,,,,,,3,
16444666,30208987,38397334,5202,"Seeds, chia seeds, dried",15.0,,,,,,4,
16444667,30208605,38396475,3799,"Cranberries, raw",100.0,,,,,,1,
16444667,30209087,38397437,67452,"Goji berries, dried",15.0,,,,,,2,
16444667,31167504,39501748,67384,"Yogurt, Greek, plain, lowfat",1.0,53975,container (7 oz),200.0,200.0,,3,
16444669,30208932,38397230,49826,"Peaches, flesh and skin, raw, weighed with stone",2.0,40586,large piece,150.0,300.0,,1,
16444669,30330291,38539036,50734,"Walnuts, kernel only",8.0,,,,,,2,
16444670,30208607,38396478,7535,"Tortillas, ready-to-bake or -fry, flour, shelf stable",80.0,,,,,,1,1
16444670,30208625,38396544,48525,"Cheese, Ricotta",60.0,,,,,,2,1
16444670,30208627,38396547,4985,"Corn, sweet, yellow, canned, vacuum pack, no salt added",20.0,,,,,,3,1
16444670,30208628,38396548,50680,Turkey slices,60.0,,,,,,4,1
16444670,30208631,38396551,50637,"Tomatoes, cherry, raw",15.0,41994,unit,15.0,225.0,,5,1
16444670,30208635,38396559,50300,"Rocket, raw",100.0,,,,,,6,1
16444762,30210665,38399229,48309,"Bread, wholemeal, average",60.0,,,,,,1,
16444762,30210676,38399241,7797,Honey,15.0,,,,,,2,
16444762,30210677,38399242,5202,"Seeds, chia seeds, dried",15.0,,,,,,3,
16444762,31173964,39509350,3800,"Cranberries, dried, sweetened",15.0,,,,,,4,
16444763,30210699,38399269,3767,"Bananas, raw",150.0,,,,,,1,
16444763,31173825,39509210,67384,"Yogurt, Greek, plain, lowfat",1.0,53975,container (7 oz),200.0,200.0,,2,
16444765,30210701,38399272,50734,"Walnuts, kernel only",10.0,,,,,,1,
16444765,30332207,38541536,3892,"Oranges, raw, Florida",200.0,,,,,,2,
16444766,30210559,38399077,6249,"Fish, salmon, coho, farmed, cooked, dry heat",120.0,,,,,,1,1
16444766,30210562,38399080,7239,"Crackers, crispbread, rye",2.0,13947,Wasa rye type,10.0,20.0,,2,1
16444766,30210647,38399165,48500,"Cheese, cottage, plain, reduced fat",30.0,,,,,,3,1
16444766,30258863,38456095,50637,"Tomatoes, cherry, raw",10.0,41994,unit,15.0,150.0,,4,1
16444766,30332270,38541618,48800,"Cucumber, raw, flesh and skin",50.0,,,,,,5,1
16683149,30796581,39085997,48309,"Bread, wholemeal, average",2.0,37961,thick slice,44.0,88.0,,1,
16683149,30796582,39085998,49505,Marmalade,2.0,40085,level teaspoon,8.0,16.0,,2,
16683149,30796584,39086000,49845,"Pears, raw, flesh only, peeled, weighed with skin and core",1.0,40616,medium conference unit,170.0,170.0,,3,
16683149,30796585,39086002,81521,"Brie de Meaux cheese, from cow's milk",20.0,,,,,,4,
16683149,30797436,39087007,2326,"Margarine-like spread, SMART BALANCE Light Buttery Spread",2.0,5151,tbsp,14.0,28.0,,5,
16683147,30796574,39085990,48349,"Broccoli, green, steamed",150.0,,,,,,1,1
16683147,30796575,39085991,48509,"Cheese, Gouda",60.0,,,,,,2,1
16683147,30797093,39086601,8089,"Pasta, whole-wheat, cooked",1.0,54356,cup farfalle,107.0,107.0,,3,1
16683147,30797096,39086604,3894,"Orange juice, raw",1.0,7672,cup,248.0,248.0,,1,2
16683145,30796569,39085985,48681,Coconut milk,100.0,,,,,,1,1
16683145,30796571,39085987,50500,"Spinach, baby, raw",50.0,,,,,,2,1
16683145,30796573,39085989,49589,"Mixed herbs, dried",2.0,40292,teaspoon,1.0,2.0,,3,1
16683145,30797116,39086638,6518,"Chickpeas (garbanzo beans, bengal gram), mature seeds, canned, drained, rinsed in tap water",1.0,12566,"cup (drained, rinsed)",152.0,152.0,,4,1
16683145,30797195,39086764,23290,"Couscous (durum wheat semolina pre-cooked with steam), cooked, unsalted",100.0,,,,,,5,1
16682376,30794870,39083930,48310,"Bread, wholemeal, toasted",2.0,37963,medium slice,31.0,62.0,,1,
16682376,30794872,39083932,3930,"Pears, raw",1.0,7750,medium unit,178.0,178.0,,2,
16682376,30794873,39083933,22284,"Coffee with milk or white coffee or cappuccino, instant coffee or not, without sugar, ready-to-drink",250.0,,,,,,3,
16682376,30794894,39083969,49698,"Omelette, plain, homemade",1.0,40447,portion,120.0,120.0,,4,
16682376,30795306,39084422,2282,"Margarine-like, vegetable oil spread, fat free, liquid, with salt",20.0,,,,,,5,
16682377,30794875,39083935,3847,"Grapes, red or green (European type, such as Thompson seedless), raw",1.0,7559,cup,151.0,151.0,,1,
16682378,30794876,39083936,4817,"Tomatoes, red, ripe, raw, year round average",1.0,9423,cup cherry tomatoes,149.0,149.0,,1,1
16682378,30794877,39083937,81585,"Olives, black, in oil (Greek olive)",10.0,,,,,,2,1
16682378,30794879,39083939,4595,"Lettuce, cos or romaine, raw",1.0,8999,cup shredded,47.0,47.0,,3,1
16682378,30794880,39083940,1820,"Spices, pepper, black",1.0,3892,"tsp, ground",2.3,2.3,,4,1
16682378,30794881,39083941,8089,"Pasta, whole-wheat, cooked",120.0,,,,,,5,1
16682378,30795020,39084132,27791,"Chicken, breast, without skin",100.0,,,,,,6,1
16682378,30795307,39084424,2196,"Oil, olive, salad or cooking",1.0,4837,tsp,4.5,4.5,,7,1
16682379,30795158,39084271,49967,"Plums, average, raw, flesh and skin, weighed with stones",1.0,40875,large unit,85.0,85.0,,1,
16682380,30794883,39083943,4587,"Mushrooms, portabella, grilled",1.0,8986,cup of slices,121.0,121.0,,1,1
16682380,30794885,39083945,27855,"Lamb, cutlets, without visible fat",100.0,,,,,,2,1
16682380,30794886,39083946,81929,"Spring vegetables, frozen, raw (French beans, carrots, potatoes, green peas, onions)",200.0,,,,,,3,1
16682380,30795168,39084282,4687,"Potatoes, boiled, cooked in skin, flesh, without salt",1.0,9220,cup,78.0,78.0,,4,1
16682380,30794884,39083944,82546,"Dark chocolate bar, more than 40% cocoa, for cooking",15.0,,,,,,1,2
16446110,30211991,38400695,48316,"Breakfast cereal, bran type cereal, fortified",60.0,,,,,,1,
16446110,30212060,38400763,49216,Honey,15.0,,,,,,2,
16446110,31174078,39509469,67384,"Yogurt, Greek, plain, lowfat",1.0,53975,container (7 oz),200.0,200.0,,3,
16446111,30212064,38400768,3904,"Tangerines, (mandarin oranges), raw",2.0,7697,"large unit (2-3/4"" dia)",120.0,240.0,,1,
16446111,30337452,38548020,4059,"Apples, raw, gala, with skin",120.0,,,,,,2,
16446113,30212184,38400918,49216,Honey,5.0,,,,,,1,
16446113,30212322,38401057,3766,"Avocados, raw, Florida",60.0,,,,,,2,
16446113,30259310,38456699,47997,"Bananas, flesh only",120.0,,,,,,3,
16446113,30259754,38457329,7964,"Chocolate, dark, 70-85% cacao solids",30.0,,,,,,4,
16446702,30212637,38401408,7239,"Crackers, crispbread, rye",4.0,13947,Wasa rye type,10.0,40.0,,1,
16446702,30212639,38401410,48500,"Cheese, cottage, plain, reduced fat",30.0,,,,,,2,
16446702,31174082,39509475,1633,"Milk, reduced fat, fluid, 2% milkfat, protein fortified, with added vitamin A and vitamin D",250.0,,,,,,3,
16446703,30212787,38401559,4059,"Apples, raw, gala, with skin",120.0,,,,,,1,
16446703,30212791,38401563,48669,"Cinnamon, ground",15.0,,,,,,2,
16446703,30212792,38401564,5304,"Seeds, flaxseed",15.0,,,,,,3,
16446703,30259916,38457557,3892,"Oranges, raw, Florida",1.0,7668,"unit (2-5/8"" dia)",141.0,141.0,,4,
16446705,30212805,38401601,3495,"Cereals ready-to-eat, QUAKER, Low Fat 100% Natural Granola with Raisins",20.0,,,,,,1,
16446705,30212811,38401612,3963,"Pomegranates, raw",2.0,7813,cup arils (seed/juice sacs),87.0,174.0,,2,
16446705,30260075,38457717,1800,"Spices, cinnamon, ground",15.0,,,,,,3,
16446705,31174086,39509480,67384,"Yogurt, Greek, plain, lowfat",1.0,53975,container (7 oz),200.0,200.0,,4,
16446706,30212603,38401370,7535,"Tortillas, ready-to-bake or -fry, flour, shelf stable",80.0,,,,,,1,1
16446706,30212604,38401371,49226,Houmous,30.0,,,,,,2,1
16446706,30212606,38401373,50680,Turkey slices,30.0,,,,,,3,1
16446706,30212609,38401378,4985,"Corn, sweet, yellow, canned, vacuum pack, no salt added",20.0,,,,,,4,1
16446706,30212610,38401379,50300,"Rocket, raw",100.0,,,,,,5,1
16446706,30212634,38401405,4741,"Radishes, raw",6.0,9301,small unit,2.0,12.0,,6,1
16446706,30260080,38457722,3765,"Avocados, raw, California",30.0,,,,,,7,1
16446870,30213451,38402320,7239,"Crackers, crispbread, rye",4.0,13947,Wasa rye type,10.0,40.0,,1,
16446870,30213461,38402339,3766,"Avocados, raw, Florida",30.0,,,,,,2,
16446870,30213472,38402358,48984,"Eggs, chicken, whole, boiled",1.0,39394,unit,50.0,50.0,,3,
16446870,31174447,39509848,1633,"Milk, reduced fat, fluid, 2% milkfat, protein fortified, with added vitamin A and vitamin D",250.0,,,,,,4,
16446871,30213777,38402700,3894,"Orange juice, raw",250.0,,,,,,1,
16446873,30213506,38402403,7797,Honey,15.0,,,,,,1,
16446873,30213652,38402563,48316,"Breakfast cereal, bran type cereal, fortified",30.0,,,,,,2,
16446873,30213669,38402592,5202,"Seeds, chia seeds, dried",15.0,,,,,,3,
16446873,30260803,38458547,48669,"Cinnamon, ground",5.0,,,,,,4,
16446873,30338548,38549378,50216,Raisins,1.0,41358,tablespoon,30.0,30.0,,5,
16446873,31174598,39510005,67384,"Yogurt, Greek, plain, lowfat",1.0,53975,container (7 oz),200.0,200.0,,6,
16452451,30382758,38601775,50502,"Spinach, frozen, boiled in unsalted water",1.0,41807,serving,90.0,90.0,,1,
16452451,30382759,38601776,50637,"Tomatoes, cherry, raw",1.0,41995,salad portion,34.0,34.0,,2,
16452451,30383317,38602342,49698,"Omelette, plain, homemade",1.0,40447,portion,120.0,120.0,,3,
16452451,30383318,38602343,48306,"Bread, white, toasted",1.0,37947,small slice,20.0,20.0,,4,
16452451,30382758,38601775,50502,"Spinach, frozen, boiled in unsalted water",1.0,41807,serving,90.0,90.0,,1,
16452451,30382759,38601776,50637,"Tomatoes, cherry, raw",1.0,41995,salad portion,34.0,34.0,,2,
16452451,30383317,38602342,49698,"Omelette, plain, homemade",1.0,40447,portion,120.0,120.0,,3,
16452451,30383318,38602344,48287,"Bread, brown, toasted",1.0,37905,small slice,23.0,23.0,,4,
16452451,30382758,38601775,50502,"Spinach, frozen, boiled in unsalted water",1.0,41807,serving,90.0,90.0,,1,
16452451,30382759,38601776,50637,"Tomatoes, cherry, raw",1.0,41995,salad portion,34.0,34.0,,2,
16452451,30383317,38602342,49698,"Omelette, plain, homemade",1.0,40447,portion,120.0,120.0,,3,
16452451,30383318,38602345,48309,"Bread, wholemeal, average",1.0,37959,small slice,25.0,25.0,,4,
16452452,30383037,38602058,47997,"Bananas, flesh only",1.0,37368,large unit,120.0,120.0,,1,
16452453,30383024,38602045,50163,"Prawns, standard, purchased cooked",1.0,41274,half pint,142.0,142.0,,1,1
16452453,30383028,38602049,50214,"Radish, red, raw, flesh and skin",50.0,,,,,,2,1
16452453,30383030,38602051,49448,"Lettuce, average, raw",2.0,40022,iceberg unit,80.0,160.0,,3,1
16452453,30383033,38602054,48945,"Dressing, French, fat free",1.0,39365,tablespoon,15.0,15.0,,4,1
16452453,30383327,38602355,48171,"Beetroot, pickled, drained",1.0,37733,portion,40.0,40.0,,5,1
16452453,30383328,38602356,50321,"Salad, potato, with French dressing",100.0,,,,,,6,1
16452454,30383330,38602361,49987,"Popcorn, salted, retail",1.0,40898,small bag,25.0,25.0,,1,
16452455,30383171,38602194,48687,"Cod, flesh only, baked",1.0,38812,medium fillet,120.0,120.0,,1,1
16452455,30383309,38602332,50224,"Ratatouille, homemade",1.0,41365,average serving,180.0,180.0,,2,1
16452455,30383312,38602335,50250,"Rice, brown, basmati, boiled in unsalted water",1.0,41382,small portion,100.0,100.0,,3,1
16452455,30383321,38602349,50789,"Yogurt, low fat, plain",1.0,42238,average pot,125.0,125.0,,1,7
16452455,30383322,38602350,50221,"Raspberries, raw",1.0,41361,portion,60.0,60.0,,2,7
16452455,30383324,38602352,48262,Blueberries,50.0,,,,,,3,7
16452455,30383171,38602194,48687,"Cod, flesh only, baked",1.0,38812,medium fillet,120.0,120.0,,1,1
16452455,30383309,38602332,50224,"Ratatouille, homemade",1.0,41365,average serving,180.0,180.0,,2,1
16452455,30383312,38602340,50272,"Rice, white, long grain, easy cook, boiled in unsalted water",1.0,41421,small portion,100.0,100.0,,3,1
16452455,30383321,38602349,50789,"Yogurt, low fat, plain",1.0,42238,average pot,125.0,125.0,,1,7
16452455,30383322,38602350,50221,"Raspberries, raw",1.0,41361,portion,60.0,60.0,,2,7
16452455,30383324,38602352,48262,Blueberries,50.0,,,,,,3,7
16452455,30383171,38602194,48687,"Cod, flesh only, baked",1.0,38812,medium fillet,120.0,120.0,,1,1
16452455,30383309,38602332,50224,"Ratatouille, homemade",1.0,41365,average serving,180.0,180.0,,2,1
16452455,30383312,38602341,50263,"Rice, Thai fragrant, boiled in unsalted water",1.0,41401,small portion,100.0,100.0,,3,1
16452455,30383321,38602349,50789,"Yogurt, low fat, plain",1.0,42238,average pot,125.0,125.0,,1,7
16452455,30383322,38602350,50221,"Raspberries, raw",1.0,41361,portion,60.0,60.0,,2,7
16452455,30383324,38602352,48262,Blueberries,50.0,,,,,,3,7
16683022,30796404,39085819,49503,"Mangosteen, flesh only",125.0,,,,,,1,
16683022,30796408,39085824,48287,"Bread, brown, toasted",2.0,37905,small slice,23.0,46.0,,2,
16683022,30796417,39085833,49191,Ham,1.0,39732,average slice,23.0,23.0,,3,
16683022,30796516,39085933,48984,"Eggs, chicken, whole, boiled",1.0,39394,unit,50.0,50.0,,4,
16683022,30796556,39085972,48704,"Coffee, cappuccino, latte",1.0,38873,mug,260.0,260.0,,5,
16683023,30796393,39085808,50789,"Yogurt, low fat, plain",200.0,,,,,,1,
16683023,30796398,39085813,49601,"Muesli, Swiss style, no added sugar or salt, unfortified",1.0,40302,medium portion,50.0,50.0,,2,
16683024,30796587,39086005,49712,"Onions, raw",2.0,40464,slice,20.0,40.0,,1,1
16683024,30796681,39086159,49630,"Mushrooms, white, raw",3.0,40347,large serving,20.0,60.0,,2,1
16683024,30796788,39086267,49868,"Pepper, capsicum, red, raw",10.0,40663,sliced ring,10.0,100.0,,3,1
16683024,30796950,39086453,48746,"Corned beef, canned",30.0,,,,,,4,1
16683024,30796952,39086460,50654,"Tortilla, wheat, soft",3.0,42027,unit,40.0,120.0,,5,1
16683024,30797578,39087150,48990,"Eggs, chicken, whole, scrambled, without milk",1.0,39407,portion,120.0,120.0,,6,1
16683025,30797731,39087310,3803,"Currants, european black, raw",125.0,,,,,,1,
16683025,30797741,39087321,50789,"Yogurt, low fat, plain",1.0,42239,large pot,150.0,150.0,,2,
16683025,30797751,39087338,48771,Cream crackers,2.0,39045,unit,7.0,14.0,,3,
16683026,30797848,39087475,48349,"Broccoli, green, steamed",2.0,38076,medium portion,85.0,170.0,,1,1
16683026,30797850,39087477,49522,"Meatballs, pork and beef, in tomato sauce, homemade",1.0,40116,portion,80.0,80.0,,2,1
16683026,30797858,39087485,49783,"Pasta, plain, fresh, boiled",100.0,,,,,,3,1
16683026,30798146,39087778,48800,"Cucumber, raw, flesh and skin",100.0,,,,,,4,1
16683026,30798171,39087808,50637,"Tomatoes, cherry, raw",100.0,,,,,,5,1
16683026,30798172,39087809,49678,"Oil, olive",2.0,40417,teaspoon,3.0,6.0,,6,1
16683026,30798123,39087750,49845,"Pears, raw, flesh only, peeled, weighed with skin and core",1.0,40616,medium conference unit,170.0,170.0,,1,2
16683027,30798213,39087855,48509,"Cheese, Gouda",30.0,,,,,,1,
16683027,30798218,39087860,48771,Cream crackers,2.0,39045,unit,7.0,14.0,,2,
16463833,30255192,38451399,565,Pão de mistura de trigo e centeio,100.0,,,,,,1,
16463833,30255310,38451593,478,Ovo de galinha inteiro cru,100.0,,,,,,2,
16463833,30255312,38451595,900,Sumo de laranja (100%),200.0,,,,,,3,
16463833,30255314,38451597,741,Melão,100.0,,,,,,4,
16463834,30255365,38451672,5760,"Beverages, Protein powder whey based",25.0,,,,,,1,
16463834,30255366,38451674,713,Banana,100.0,,,,,,2,
16463835,30256894,38453488,920,Sopa de feijão verde,200.0,,,,,,1,0
16463835,30255422,38451754,174,"Bife de vaca (acém, alcatra ou lombo) grelhado",100.0,,,,,,1,1
16463835,30255423,38451756,550,Esparguete cozido,200.0,,,,,,2,1
16463835,30255424,38451757,660,Brócolos cozidos,100.0,,,,,,3,1
16463835,30255425,38451758,746,Papaia,100.0,,,,,,1,2
16463836,30255428,38451761,713,Banana,100.0,,,,,,1,
16463836,30255433,38451767,50,Iogurte natural sólido magro,150.0,,,,,,2,
16463836,30255435,38451769,593,"Flocos de milho tipo ""Corn Flakes""",25.0,,,,,,3,
16464275,30255458,38451793,50,Iogurte natural sólido magro,150.0,,,,,,1,
16464275,30255676,38452050,774,"Noz, miolo",20.0,,,,,,2,
16463837,30255739,38452118,415,Peixe-espada-preto grelhado,100.0,,,,,,1,1
16463837,30256269,38452735,532,Arroz cozido simples,150.0,,,,,,2,1
16463837,30256303,38452771,678,Couve-flor cozida,100.0,,,,,,3,1
16463837,30256308,38452778,743,Morango,100.0,,,,,,4,1
16459310,30243408,38436901,7239,"Crackers, crispbread, rye",4.0,13947,Wasa rye type,10.0,40.0,,1,
16459310,30243409,38436902,48500,"Cheese, cottage, plain, reduced fat",30.0,,,,,,2,
16459310,30243410,38436903,50680,Turkey slices,60.0,,,,,,3,
16459310,31129874,39457126,1629,"Milk, whole, 3.25% milkfat, with added vitamin D",1.0,3486,cup,244.0,244.0,,4,
16459309,30261968,38459811,3892,"Oranges, raw, Florida",140.0,,,,,,1,
16459309,30261971,38459816,48669,"Cinnamon, ground",5.0,,,,,,2,
16459309,30261975,38459822,5226,"Nuts, almonds",10.0,10150,unit,1.2,12.0,,3,
16459309,30262232,38460100,47997,"Bananas, flesh only",150.0,,,,,,4,
16459307,31129734,39456982,3978,"Raspberries, raw",100.0,,,,,,1,
16459307,31129890,39457151,67402,"Yogurt, Greek, whole, plain, CHOBANI",200.0,,,,,,2,
16459307,31130021,39457282,3774,"Blueberries, raw",100.0,,,,,,3,
16457650,30239355,38432276,47910,"Almonds, toasted",1.0,37242,portion,13.0,13.0,,1,
16457650,30244091,38437737,4059,"Apples, raw, gala, with skin",120.0,,,,,,2,
16457650,31129719,39456966,3767,"Bananas, raw",150.0,,,,,,3,
16457650,31129720,39456967,4496,"Carrots, raw",2.0,8810,medium unit,61.0,122.0,,4,
16457648,30239346,38432267,50537,"Strawberries, raw",24.0,41859,unit,12.0,288.0,,1,
16457648,30260842,38458613,48669,"Cinnamon, ground",15.0,,,,,,2,
16457648,31174781,39510192,67384,"Yogurt, Greek, plain, lowfat",1.0,53975,container (7 oz),200.0,200.0,,3,
16459357,30243506,38437018,7797,Honey,15.0,,,,,,1,
16459357,30244927,38438857,1664,"Yogurt, plain, whole milk",100.0,,,,,,2,
16459357,30245081,38439016,1634,"Milk, lowfat, fluid, 1% milkfat, with added vitamin A and vitamin D",125.0,,,,,,3,
16459357,30245246,38439191,50221,"Raspberries, raw",1.0,41361,portion,60.0,60.0,,4,
16459357,30245258,38439204,50537,"Strawberries, raw",50.0,,,,,,5,
16459357,30245281,38439232,47997,"Bananas, flesh only",150.0,,,,,,6,
16459357,30245438,38439393,3554,"Cereals, QUAKER, Quick Oats, Dry",45.0,,,,,,7,
16459358,30245588,38439563,47997,"Bananas, flesh only",150.0,,,,,,1,
16459360,30243518,38437030,50537,"Strawberries, raw",24.0,41859,unit,12.0,288.0,,1,
16459361,30243520,38437032,50680,Turkey slices,2.0,42045,portion,23.0,46.0,,1,1
16459361,30243521,38437033,48500,"Cheese, cottage, plain, reduced fat",45.0,,,,,,2,1
16459361,30243524,38437036,49870,"Pepper, capsicum, yellow, raw",1.0,40666,medium unit,160.0,160.0,,3,1
16459361,30261031,38458830,9589,"Tortillas, ready-to-bake or -fry, whole wheat",80.0,,,,,,4,1
16459361,30261226,38459028,50300,"Rocket, raw",100.0,,,,,,5,1
16459361,30261253,38459056,50637,"Tomatoes, cherry, raw",10.0,41994,unit,15.0,150.0,,6,1
16459361,30261254,38459057,47958,"Avocado, average, flesh only",60.0,,,,,,7,1
16459361,30338830,38549759,48800,"Cucumber, raw, flesh and skin",50.0,,,,,,8,1
15598783,28164209,35598088,565,Pão de mistura de trigo e centeio,100.0,,,,,,1,
15598783,28164210,35598089,35,"Queijo Flamengo, 30% gordura",20.0,,,,,,2,
15598783,28164211,35598090,264,Fiambre,30.0,,,,,,3,
15598783,28164212,35598091,10,Leite de vaca UHT magro,150.0,,,,,,4,
15598783,28164213,35598092,591,Flocos de trigo,45.0,,,,,,5,
15598783,28164268,35598164,822,Mel,10.0,,,,,,6,
15598784,28164216,35598095,731,Maçã com casca,120.0,,,,,,1,
15598784,28164217,35598096,565,Pão de mistura de trigo e centeio,50.0,,,,,,2,
15598784,28164218,35598097,264,Fiambre,15.0,,,,,,3,
15598784,28164219,35598098,35,"Queijo Flamengo, 30% gordura",20.0,,,,,,4,
15598784,28164273,35598170,60,Iogurte aromatizado açucarado batido meio gordo,160.0,,,,,,5,
15598785,28164220,35598099,907,Sopa de abóbora,200.0,,,,,,1,0
15598785,28164221,35598100,300,Peito de frango com pele cru,120.0,,,,,100 grams of peito de frango com pele cru,1,1
15598785,28164222,35598101,532,Arroz cozido simples,250.0,,,,,,2,1
15598785,28164223,35598102,651,Alface crua,30.0,,,,,,3,1
15598785,28164224,35598103,664,Cenoura crua,30.0,,,,,,4,1
15598785,28164225,35598104,657,Beterraba (raiz) crua,30.0,,,,,,5,1
15598785,28164226,35598105,747,Pera,130.0,,,,,,6,1
15598785,28164227,35598106,777,Azeite,10.0,,,,,,7,1
15598786,28164247,35598142,565,Pão de mistura de trigo e centeio,100.0,,,,,,1,
15598786,28164249,35598144,35,"Queijo Flamengo, 30% gordura",20.0,,,,,,2,
15598786,28164283,35598180,764,"Amendoim, miolo",30.0,,,,,,3,
15598786,28164288,35598186,264,Fiambre,30.0,,,,,,4,
15598786,28164292,35598190,62,Iogurte aromatizado açucarado líquido meio gordo,160.0,,,,,,5,
15598797,28164286,35598183,55,Iogurte açucarado batido meio gordo com fruta,200.0,,,,,,1,
15598787,28164295,35598196,565,Pão de mistura de trigo e centeio,160.0,,,,,,1,1
15598787,28164296,35598197,350,Atum conserva em óleo,84.0,,,,,,2,1
15598787,28164300,35598201,895,Néctar de pêssego,330.0,,,,,,3,1
15598787,28164301,35598203,713,Banana,150.0,,,,,,4,1
15598788,28164259,35598155,608,Bolacha Maria,24.0,,,,,,1,
15598788,28164260,35598156,10,Leite de vaca UHT magro,200.0,,,,,,2,
16462699,30252180,38447459,565,Pão de mistura de trigo e centeio,90.0,,,,,,1,
16462699,30252531,38447814,478,Ovo de galinha inteiro cru,100.0,,,,,,2,
16462699,30252534,38447820,900,Sumo de laranja (100%),200.0,,,,,,3,
16462700,30252934,38448234,5760,"Beverages, Protein powder whey based",25.0,,,,,,1,
16462700,30252952,38448253,713,Banana,100.0,,,,,,2,
16462701,30253294,38448601,922,Sopa juliana,200.0,,,,,,1,0
16462701,30253297,38448604,174,"Bife de vaca (acém, alcatra ou lombo) grelhado",100.0,,,,,,1,1
16462701,30253353,38448715,534,Arroz de cenoura com azeite,200.0,,,,,,2,1
16462701,30253354,38448716,660,Brócolos cozidos,100.0,,,,,,3,1
16462701,30253356,38448718,700,Tomate cru,60.0,,,,,,4,1
16462701,30253640,38449028,58,"Iogurte açucarado com edulcorante de síntese, sólido magro",125.0,,,,,,1,2
16462701,30253642,38449030,710,Ananás,100.0,,,,,,2,2
16462702,30253694,38449129,713,Banana,100.0,,,,,,1,
16462702,30253723,38449181,593,"Flocos de milho tipo ""Corn Flakes""",25.0,,,,,,2,
16462702,30253829,38449289,50,Iogurte natural sólido magro,200.0,,,,,,3,
16462703,30253929,38449391,907,Sopa de abóbora,150.0,,,,,,1,0
16462703,30253969,38449435,381,Dourada grelhada,100.0,,,,,,1,1
16462703,30253973,38449439,645,Batata doce assada,150.0,,,,,,2,1
16462703,30253976,38449442,664,Cenoura crua,70.0,,,,,,3,1
16462703,30253977,38449444,700,Tomate cru,80.0,,,,,,4,1
16462703,30253985,38449453,746,Papaia,100.0,,,,,,1,2
16464892,30308144,38512041,49608,"Muffins, English style, white, toasted",2.0,40310,portion,68.0,136.0,,1,
16464892,30308163,38512133,48987,"Eggs, chicken, whole, fried, without fat",2.0,39401,unit,60.0,120.0,,2,
16464892,30308218,38512190,50633,Tomato ketchup,1.0,41988,sachet,12.0,12.0,,3,
16464892,30308222,38512199,50502,"Spinach, frozen, boiled in unsalted water",1.0,41807,serving,90.0,90.0,,4,
16464892,30308225,38512205,50632,Tomato juice,1.0,41982,average glass,160.0,160.0,,5,
16464893,30308453,38512439,49969,"Plums, Victoria, flesh and skin, raw",2.0,40878,medium unit,55.0,110.0,,1,
16464894,30308716,38512734,50319,"Salad, green",150.0,,,,,,1,1
16464894,30308718,38512740,50637,"Tomatoes, cherry, raw",1.0,41995,salad portion,34.0,34.0,,2,1
16464894,30308719,38512741,48171,"Beetroot, pickled, drained",1.0,37731,small unit,35.0,35.0,,3,1
16464894,30308730,38512752,48800,"Cucumber, raw, flesh and skin",1.0,39095,1'' piece,60.0,60.0,,4,1
16464894,94382777,123653734,50201,"Quiche, Lorraine, wholemeal pastry, homemade",1.0,41334,medium slice,140.0,140.0,,5,1
16464894,30309824,38513991,47998,"Bananas, raw, flesh only, weighed with skin",1.0,37372,large unit,120.0,120.0,,1,2
16464895,30308748,38512794,50463,Smoothies,250.0,,,,,,1,
16464895,30308755,38512802,50789,"Yogurt, low fat, plain",1.0,42238,average pot,125.0,125.0,,2,
16464896,30309173,38513261,48873,"Curry, lentil, red/masoor dahl, with vegetable oil, homemade",1.0,39245,serving,200.0,200.0,,1,1
16464896,30309248,38513349,48516,"Cheese, Paneer",50.0,,,,,,2,1
16464896,30309313,38513439,48478,"Chapatis, made without fat",2.0,38325,unit,55.0,110.0,,3,1
16465152,30257718,38454414,565,Pão de mistura de trigo e centeio,120.0,,,,,,1,
16465152,30257719,38454415,478,Ovo de galinha inteiro cru,80.0,,,,,,2,
16465152,30257722,38454421,900,Sumo de laranja (100%),200.0,,,,,,3,
16465153,30257782,38454529,713,Banana,120.0,,,,,,1,
16465153,30257788,38454536,5760,"Beverages, Protein powder whey based",25.0,,,,,,2,
16465154,30257791,38454542,922,Sopa juliana,200.0,,,,,,1,0
16465154,30257798,38454549,534,Arroz de cenoura com azeite,200.0,,,,,,1,1
16465154,30257805,38454573,381,Dourada grelhada,100.0,,,,,,2,1
16465154,30257871,38454706,660,Brócolos cozidos,150.0,,,,,,3,1
16465154,30257863,38454693,752,Pêssego,100.0,,,,,,1,2
16465155,30258162,38455201,586,Flocos de aveia,40.0,,,,,,1,
16465155,30258170,38455218,478,Ovo de galinha inteiro cru,60.0,,,,,,2,
16465155,30258172,38455220,774,"Noz, miolo",25.0,,,,,,3,
16465155,30258176,38455228,746,Papaia,120.0,,,,,,4,
16465156,30258313,38455371,907,Sopa de abóbora,200.0,,,,,,1,0
16465156,30258315,38455375,436,Salmão grelhado,100.0,,,,,,1,1
16465156,30258317,38455377,645,Batata doce assada,200.0,,,,,,2,1
16465156,30258328,38455422,501,Feijão verde fresco cozido,100.0,,,,,,3,1
16465156,30258329,38455423,710,Ananás,100.0,,,,,,1,2
16682534,30795548,39084685,3774,"Blueberries, raw",150.0,,,,,,1,
16682534,30795596,39084757,28198,"Yoghurt, low fat (Danone Vitalinea/Shape)",125.0,,,,,,2,
16682534,30795600,39084761,50735,"Walnuts, kernel only, weighed with shells",15.0,,,,,,3,
16682535,30795870,39085031,2862,"Soup, cream of asparagus, canned, prepared with equal volume milk",200.0,,,,,,1,0
16682535,30795877,39085038,48309,"Bread, wholemeal, average",2.0,37960,medium slice,36.0,72.0,,1,1
16682535,30795937,39085144,27039,"Ricotta cheese, german type, light",60.0,,,,,,2,1
16682535,30795940,39085148,4741,"Radishes, raw",100.0,,,,,,3,1
16682535,30795944,39085152,48541,"Cherries, flesh and skin, raw, weighed with stones",150.0,,,,,,1,2
16682535,30796395,39085810,81653,"Pistachio nut, grilled",25.0,,,,,,2,2
16682537,30796197,39085409,28676,"Bolognese sauce (turkey mince, tomatoes, peppers, onions), homemade",200.0,,,,,,1,1
16682537,30796379,39085794,49791,"Pasta, wholewheat, spaghetti, dried, boiled in unsalted water",150.0,,,,,,2,1
16682537,30796402,39085817,47929,"Apples, eating, raw, flesh and skin",1.0,37265,medium eating,100.0,100.0,,1,2
15598599,28163760,35596757,565,Pão de mistura de trigo e centeio,100.0,,,,,,1,
15598599,28163762,35596759,264,Fiambre,30.0,,,,,,2,
15598599,28163763,35596760,10,Leite de vaca UHT magro,150.0,,,,,,3,
15598599,28163764,35596761,591,Flocos de trigo,60.0,,,,,,4,
15598599,28163843,35596874,478,Ovo de galinha inteiro cru,55.0,,,,,,5,
15598599,28163885,35596951,60,Iogurte aromatizado açucarado batido meio gordo,160.0,,,,,,6,
15598600,28163805,35596833,58,"Iogurte açucarado com edulcorante de síntese, sólido magro",125.0,,,,,,1,
15598600,28163806,35596834,731,Maçã com casca,120.0,,,,,,2,
15598600,28163807,35596835,565,Pão de mistura de trigo e centeio,50.0,,,,,,3,
15598600,28163808,35596836,264,Fiambre,15.0,,,,,,4,
15598600,28163809,35596837,35,"Queijo Flamengo, 30% gordura",20.0,,,,,,5,
15598601,28163811,35596839,907,Sopa de abóbora,200.0,,,,,,1,0
15598601,28163812,35596840,300,Peito de frango com pele cru,120.0,,,,,100 grams of peito de frango com pele cru,1,1
15598601,28163813,35596841,532,Arroz cozido simples,300.0,,,,,,2,1
15598601,28163814,35596842,651,Alface crua,30.0,,,,,,3,1
15598601,28163815,35596843,664,Cenoura crua,30.0,,,,,,4,1
15598601,28163816,35596844,657,Beterraba (raiz) crua,30.0,,,,,,5,1
15598601,28163817,35596845,747,Pera,130.0,,,,,,6,1
15598601,28163818,35596846,777,Azeite,10.0,,,,,,7,1
15598602,28163823,35596851,565,Pão de mistura de trigo e centeio,100.0,,,,,,1,
15598602,28163824,35596852,478,Ovo de galinha inteiro cru,55.0,,,,,,2,
15598602,28163825,35596853,35,"Queijo Flamengo, 30% gordura",20.0,,,,,,3,
15598602,28163826,35596854,591,Flocos de trigo,60.0,,,,,,4,
15598602,28163827,35596855,10,Leite de vaca UHT magro,150.0,,,,,,5,
15598602,28163828,35596856,713,Banana,150.0,,,,,,6,
15598725,28163958,35597093,608,Bolacha Maria,36.0,,,,,,1,
15598725,28163960,35597095,760,Uva tinta,100.0,,,,,,2,
15598603,28163832,35596860,908,Sopa de agrião,200.0,,,,,,1,0
15598603,28163833,35596861,423,Pescada europeia cozida,120.0,,,,,,1,1
15598603,28163834,35596862,638,Batata cozida,450.0,,,,,,2,1
15598603,28163835,35596863,660,Brócolos cozidos,90.0,,,,,,3,1
15598603,28163836,35596864,777,Azeite,10.0,,,,,,4,1
15598603,28163963,35597099,731,Maçã com casca,120.0,,,,,,5,1
15598604,28163830,35596858,608,Bolacha Maria,24.0,,,,,,1,
15598604,28163831,35596859,10,Leite de vaca UHT magro,200.0,,,,,,2,
15598604,28163964,35597101,764,"Amendoim, miolo",40.0,,,,,,3,
16465431,30258485,38455615,478,Ovo de galinha inteiro cru,80.0,,,,,,1,
16465431,30258507,38455656,264,Fiambre,30.0,,,,,,2,
16465431,30258509,38455660,565,Pão de mistura de trigo e centeio,100.0,,,,,,3,
16465431,30258511,38455663,728,Kiwi,100.0,,,,,,4,
16465431,30258513,38455665,900,Sumo de laranja (100%),200.0,,,,,,5,
16465432,30258520,38455673,5760,"Beverages, Protein powder whey based",25.0,,,,,,1,
16465432,30258522,38455675,713,Banana,120.0,,,,,,2,
16465433,30258523,38455676,922,Sopa juliana,200.0,,,,,,1,0
16465433,30258527,38455681,174,"Bife de vaca (acém, alcatra ou lombo) grelhado",100.0,,,,,,1,1
16465433,30258583,38455777,550,Esparguete cozido,200.0,,,,,,2,1
16465433,30258589,38455786,660,Brócolos cozidos,100.0,,,,,,3,1
16465433,30258590,38455787,710,Ananás,100.0,,,,,,1,2
16465434,30258592,38455791,50,Iogurte natural sólido magro,250.0,,,,,,1,
16465434,30258594,38455793,586,Flocos de aveia,40.0,,,,,,2,
16465434,30258608,38455839,774,"Noz, miolo",20.0,,,,,,3,
16465434,30258610,38455841,565,Pão de mistura de trigo e centeio,80.0,,,,,,4,
16465435,30258761,38455992,922,Sopa juliana,200.0,,,,,,1,0
16465435,30258763,38455994,381,Dourada grelhada,100.0,,,,,,1,1
16465435,30258764,38455995,534,Arroz de cenoura com azeite,200.0,,,,,,2,1
16465435,30258766,38455997,678,Couve-flor cozida,100.0,,,,,,3,1
16465435,30258768,38455999,746,Papaia,100.0,,,,,,1,2
16482379,30297041,38498833,49216,Honey,15.0,,,,,,1,
16482379,30316784,38522352,3554,"Cereals, QUAKER, Quick Oats, Dry",30.0,,,,,,2,
16482379,30386469,38606274,50796,"Yogurt, whole milk, plain",200.0,,,,,,3,
16482378,30316839,38522453,4059,"Apples, raw, gala, with skin",140.0,,,,,,1,
16482378,30317039,38522698,49829,"Peanut butter, smooth",10.0,,,,,,2,
16482376,30297022,38498808,47997,"Bananas, flesh only",150.0,,,,,,1,
16740735,30933800,39240181,48310,"Bread, wholemeal, toasted",3.0,37964,thick slice,40.0,120.0,,1,
16740735,30933802,39240183,50637,"Tomatoes, cherry, raw",10.0,41994,unit,15.0,150.0,,2,
16740735,30933957,39240407,48530,"Cheese, spreadable, soft white, low fat",100.0,,,,,,3,
16740735,30934359,39240831,4553,"Cucumber, with peel, raw",100.0,,,,,,4,
16740734,30934397,39240921,5304,"Seeds, flaxseed",1.0,10299,"tbsp, whole",10.3,10.3,,1,
16740734,30934602,39241147,49970,"Plums, Victoria, flesh and skin, raw, weighed with stones",1.0,40882,large unit,85.0,85.0,,2,
16740733,30933787,39240168,82229,Falafel,120.0,,,,,,1,1
16740733,30933788,39240169,81232,Pita bread,60.0,,,,,,2,1
16740733,30933789,39240170,49448,"Lettuce, average, raw",2.0,40021,portion,20.0,40.0,,3,1
16740733,30933790,39240171,49712,"Onions, raw",2.0,40464,slice,20.0,40.0,,4,1
16740733,30933791,39240172,50637,"Tomatoes, cherry, raw",5.0,41994,unit,15.0,75.0,,5,1
16740733,30933792,39240173,50786,"Yogurt, Greek style, plain",1.0,42231,tablespoon,45.0,45.0,,6,1
16740733,30933793,39240174,48800,"Cucumber, raw, flesh and skin",3.0,39094,slice,6.0,18.0,,7,1
16740733,30933794,39240175,48933,"Dill, dried",1.0,39350,teaspoon,1.0,1.0,,8,1
16740733,30933795,39240176,81104,"Lemon juice, pure juice",5.0,,,,,,9,1
16740733,30933796,39240177,49678,"Oil, olive",1.0,40417,teaspoon,3.0,3.0,,10,1
16740733,30933797,39240178,49866,"Pepper, black",1.0,40659,level teaspoon,2.0,2.0,,11,1
16740732,30934888,39241443,81795,"Yoghurt, high in protein, on a fruit layer",125.0,,,,,,1,
16740732,30934913,39241472,3767,"Bananas, raw",1.0,7430,"small unit (6"" to 6-7/8"" long)",101.0,101.0,,2,
16740731,30934420,39240947,4687,"Potatoes, boiled, cooked in skin, flesh, without salt",150.0,,,,,,1,1
16740731,30934424,39240954,4969,"Carrots, cooked, boiled, drained, with salt",100.0,,,,,,2,1
16740731,30934435,39240977,22412,"French bean, cooked",100.0,,,,,,3,1
16740731,30934596,39241141,6342,"Lentils, mature seeds, cooked, boiled, without salt",125.0,,,,,,4,1
16740731,30935085,39241706,22063,"Hard cheese, emmental-type cheese, reduced fat",40.0,,,,,,5,1
16482404,30297066,38498860,48316,"Breakfast cereal, bran type cereal, fortified",1.0,37972,small portion,30.0,30.0,,1,
16482404,30297067,38498861,5304,"Seeds, flaxseed",10.0,,,,,,2,
16482404,30297068,38498862,5202,"Seeds, chia seeds, dried",10.0,,,,,,3,
16482404,30297069,38498863,1665,"Yogurt, plain, low fat",200.0,,,,,,4,
16482405,30297070,38498864,47997,"Bananas, flesh only",150.0,,,,,,1,
16482407,30297076,38498870,4059,"Apples, raw, gala, with skin",120.0,,,,,,1,
16482408,30297077,38498871,8004,"Couscous, cooked",100.0,,,,,,1,1
16482408,30297078,38498872,49868,"Pepper, capsicum, red, raw",160.0,,,,,,2,1
16482408,30297079,38498873,49870,"Pepper, capsicum, yellow, raw",160.0,,,,,,3,1
16482408,30297080,38498874,48500,"Cheese, cottage, plain, reduced fat",30.0,,,,,,4,1
16482408,30318046,38523967,3766,"Avocados, raw, Florida",30.0,,,,,,5,1
16482408,30318138,38524115,50216,Raisins,15.0,,,,,,6,1
16482392,30297141,38498982,47988,"Bagels, plain",60.0,,,,,,1,
16482392,31147095,39477050,1739,"Milk, whole, 3.25% milkfat, without added vitamin A and vitamin D",250.0,,,,,,2,
16482393,30297053,38498847,3894,"Orange juice, raw",250.0,,,,,,1,
16482395,30297057,38498851,1665,"Yogurt, plain, low fat",200.0,,,,,,1,
16482395,30297058,38498852,3974,"Raisins, golden, seedless",15.0,,,,,,2,
14254230,30310396,38514568,49606,"Muffins, bran, homemade",100.0,,,,,,1,
14254230,30310400,38514573,48704,"Coffee, cappuccino, latte",1.0,38873,mug,260.0,260.0,,2,
14254230,30310435,38514671,47930,"Apples, eating, raw, flesh and skin, weighed with core",1.0,37268,medium eating,112.0,112.0,,3,
14254230,30310396,38514568,49606,"Muffins, bran, homemade",100.0,,,,,,1,
14254230,30310400,38514573,48704,"Coffee, cappuccino, latte",1.0,38873,mug,260.0,260.0,,2,
14254230,30310435,38514671,47930,"Apples, eating, raw, flesh and skin, weighed with core",1.0,37268,medium eating,112.0,112.0,,3,
14254230,30310396,38514570,49605,"Muffins, American, not chocolate, retail",100.0,,,,,,1,
14254230,30310400,38514576,50615,"Tea, infusion, average, with semi-skimmed milk",1.0,41968,cup,190.0,190.0,,2,
14254230,30310435,38514671,47930,"Apples, eating, raw, flesh and skin, weighed with core",1.0,37268,medium eating,112.0,112.0,,3,
14254230,30310396,38514570,49605,"Muffins, American, not chocolate, retail",100.0,,,,,,1,
14254230,30310400,38514576,50615,"Tea, infusion, average, with semi-skimmed milk",1.0,41968,cup,190.0,190.0,,2,
14254230,30310435,38514671,47930,"Apples, eating, raw, flesh and skin, weighed with core",1.0,37268,medium eating,112.0,112.0,,3,
14254231,30310596,38514859,48984,"Eggs, chicken, whole, boiled",1.0,39396,(size 2) unit,61.0,61.0,,1,
14254231,30311958,38516269,48491,"Cheese straws/twists, retail",60.0,,,,,,2,
14254232,30310579,38514838,47944,"Artichoke, globe, base of leaves and heart, boiled in unsalted water",3.0,37273,heart,50.0,150.0,,1,1
14254232,30310581,38514840,48757,"Courgette, fried in rapeseed oil",1.0,39006,large portion,120.0,120.0,,2,1
14254232,30310584,38514843,48007,"Barley, pearl, boiled",150.0,,,,,,3,1
14254232,30310585,38514845,48947,"Dressing, oil and lemon, homemade",1.0,39367,tablespoon,15.0,15.0,,4,1
14254232,30310589,38514852,48027,"Beans, broad, whole, boiled in unsalted water",1.0,37395,portion,120.0,120.0,,5,1
14254232,30310593,38514856,49427,"Lemon sole, flesh only, steamed",1.0,40006,large unit,220.0,220.0,,6,1
14254232,30310760,38515023,50502,"Spinach, frozen, boiled in unsalted water",1.0,41807,serving,90.0,90.0,,7,1
14254232,30312201,38516535,49714,"Orange juice, chilled",1.0,40471,average glass,160.0,160.0,,1,2
14254233,30311965,38516276,49226,Houmous,1.0,39773,portion,60.0,60.0,,1,
14254233,30311967,38516278,49868,"Pepper, capsicum, red, raw",5.0,40663,sliced ring,10.0,50.0,,2,
14254233,30312006,38516321,48435,"Carrots, old, raw",1.0,38237,medium portion,60.0,60.0,,3,
14254233,30312008,38516324,48800,"Cucumber, raw, flesh and skin",1.0,39096,portion,23.0,23.0,,4,
14254234,30310949,38515216,50486,"Soup, mulligatawny, homemade",1.0,41769,large portion,300.0,300.0,,1,1
14254234,30310950,38515218,48287,"Bread, brown, toasted",2.0,37906,medium slice,31.0,62.0,,2,1
14254234,30311063,38515335,50792,"Yogurt, virtually fat free/diet, fruit",1.0,42246,large pot,150.0,150.0,,1,2
14254234,30311201,38515473,50221,"Raspberries, raw",1.0,41361,portion,60.0,60.0,,2,2
14254234,30311202,38515474,48262,Blueberries,60.0,,,,,,3,2
14254234,30312204,38516538,49216,Honey,1.0,39760,level teaspoon,8.0,8.0,,4,2
14254234,30310949,38515216,50486,"Soup, mulligatawny, homemade",1.0,41769,large portion,300.0,300.0,,1,1
14254234,30310950,38515219,48310,"Bread, wholemeal, toasted",2.0,37963,medium slice,31.0,62.0,,2,1
14254234,30311063,38515335,50792,"Yogurt, virtually fat free/diet, fruit",1.0,42246,large pot,150.0,150.0,,1,2
14254234,30311201,38515473,50221,"Raspberries, raw",1.0,41361,portion,60.0,60.0,,2,2
14254234,30311202,38515474,48262,Blueberries,60.0,,,,,,3,2
14254234,30312204,38516538,49216,Honey,1.0,39760,level teaspoon,8.0,8.0,,4,2
14254234,30310949,38515216,50486,"Soup, mulligatawny, homemade",1.0,41769,large portion,300.0,300.0,,1,1
14254234,30310950,38515224,48308,"Bread, white, 'with added fibre', toasted",2.0,37956,medium slice,27.0,54.0,,2,1
14254234,30311063,38515335,50792,"Yogurt, virtually fat free/diet, fruit",1.0,42246,large pot,150.0,150.0,,1,2
14254234,30311201,38515473,50221,"Raspberries, raw",1.0,41361,portion,60.0,60.0,,2,2
14254234,30311202,38515474,48262,Blueberries,60.0,,,,,,3,2
14254234,30312204,38516538,49216,Honey,1.0,39760,level teaspoon,8.0,8.0,,4,2
15651133,29932270,38067541,48789,Croissants,1.0,39074,portion,60.0,60.0,,1,
15651133,29932271,38067542,49191,Ham,1.0,39732,average slice,23.0,23.0,,2,
15651133,29932274,38067545,48520,"Cheese, processed, slices, reduced fat",2.0,38420,slice,20.0,40.0,,3,
15651133,29932276,38067547,50504,"Spinach, mature, raw",1.0,41811,serving,90.0,90.0,,4,
15651133,29932278,38067552,49935,"Pineapple juice, unsweetened",1.0,40789,average glass,160.0,160.0,,5,
15651134,29932282,38067556,49502,"Mangoes, ripe, raw, flesh only",1.0,40081,unit,150.0,150.0,,1,
15651135,29932343,38067637,50137,"Potatoes, new and salad, boiled in unsalted water, flesh and skin",1.0,41218,small portion,120.0,120.0,,1,1
15651135,29932344,38067638,50319,"Salad, green",1.0,41495,tub,250.0,250.0,,2,1
15651135,29932347,38067641,50159,"Prawns, king, purchased cooked",20.0,41269,unit,8.0,160.0,,3,1
15651135,29932357,38067652,48435,"Carrots, old, raw",1.0,38236,small portion,40.0,40.0,,4,1
15651135,29932361,38067657,48171,"Beetroot, pickled, drained",1.0,37733,portion,40.0,40.0,,5,1
15651135,29932363,38067659,48947,"Dressing, oil and lemon, homemade",10.0,,,,,,6,1
15651135,94381951,123652617,50641,"Tomatoes, standard, raw",2.0,42009,medium unit,85.0,170.0,,7,1
15651135,94381954,123652620,48800,"Cucumber, raw, flesh and skin",1.0,39095,1'' piece,60.0,60.0,,8,1
15651135,94382023,123652689,49868,"Pepper, capsicum, red, raw",1.0,40662,medium unit,160.0,160.0,,9,1
15651135,94382115,123652781,49101,"Garlic, raw",2.0,39621,unit,10.0,20.0,,10,1
15651135,94382139,123652805,50731,Vinegar,1.0,42126,tablespoon,15.0,15.0,,11,1
15651135,94382140,123652806,49678,"Oil, olive",1.0,40417,teaspoon,3.0,3.0,,12,1
15651136,29932465,38067761,47997,"Bananas, flesh only",1.0,37367,medium unit,100.0,100.0,,1,
15651137,29932283,38067557,48281,"Bread rolls, white, soft",1.0,37896,6'' bap,112.0,112.0,,1,1
15651137,29932330,38067620,48553,"Chicken breast/steak, coated, baked",1.0,38497,portion,100.0,100.0,,2,1
15651137,29932331,38067621,49448,"Lettuce, average, raw",1.0,40020,small leaf,5.0,5.0,,3,1
15651137,29932334,38067624,50641,"Tomatoes, standard, raw",1.0,42011,slice,17.0,17.0,,4,1
15651137,29932336,38067626,49516,"Mayonnaise, reduced fat",1.0,40101,heaped tablespoon,33.0,33.0,,5,1
15651137,29932337,38067627,50633,Tomato ketchup,1.0,41988,sachet,12.0,12.0,,6,1
15651137,29932338,38067628,49703,"Onions, baked",1.0,40452,average serving,40.0,40.0,,7,1
15651137,29932339,38067630,50115,"Potato chips, oven ready, no batter, baked",1.0,41157,small portion,100.0,100.0,,8,1
15651137,29932353,38067647,48520,"Cheese, processed, slices, reduced fat",1.0,38420,slice,20.0,20.0,,9,1
15690448,29895969,38025249,50093,"Porridge oats, unfortified, cooked, made up with semi-skimmed milk",1.0,41090,small portion,110.0,110.0,,1,
15690448,29895971,38025252,48758,"Courgette, raw",1.0,39007,medium unit,100.0,100.0,,2,
15690448,29895992,38025275,47997,"Bananas, flesh only",1.0,37366,small unit,80.0,80.0,,3,
15690448,29896040,38025347,48676,Cocoa powder,1.0,38799,heaped teaspoon,6.0,6.0,,4,
15690448,29896048,38025356,50537,"Strawberries, raw",1.0,41860,average portion,100.0,100.0,,5,
15690448,29896050,38025359,50221,"Raspberries, raw",1.0,41361,portion,60.0,60.0,,6,
15690448,29896072,38025384,48648,Chocolate nut spread,1.0,38731,heaped teaspoon,16.0,16.0,,7,
15690450,29896412,38025770,48564,"Chicken soup, cream of, canned, condensed, as served",1.0,38526,medium portion,220.0,220.0,,1,0
15690450,29896456,38025821,48306,"Bread, white, toasted",1.0,37948,medium slice,27.0,27.0,,1,1
15690450,29896412,38025770,48564,"Chicken soup, cream of, canned, condensed, as served",1.0,38526,medium portion,220.0,220.0,,1,0
15690450,29896456,38025824,48309,"Bread, wholemeal, average",1.0,37960,medium slice,36.0,36.0,,1,1
15690451,29896865,38026348,48704,"Coffee, cappuccino, latte",1.0,38873,mug,260.0,260.0,,1,
15690451,29896970,38026613,48420,"Cakes, crispie, homemade",1.0,38211,portion,25.0,25.0,,2,
15690452,29896170,38025490,49522,"Meatballs, pork and beef, in tomato sauce, homemade",4.0,40116,portion,80.0,320.0,,1,1
15690452,29896171,38025492,49791,"Pasta, wholewheat, spaghetti, dried, boiled in unsalted water",1.0,40563,medium portion,220.0,220.0,,2,1
15690452,29896176,38025498,48433,"Carrots, old, boiled in unsalted water",1.0,38223,medium portion,60.0,60.0,,3,1
15690452,29896178,38025500,49868,"Pepper, capsicum, red, raw",1.0,40662,medium unit,160.0,160.0,,4,1
15690452,29896231,38025584,50319,"Salad, green",1.0,41495,tub,250.0,250.0,,5,1
15690452,29896235,38025588,48289,"Bread, garlic and herb, retail",3.0,37908,slice,20.0,60.0,,6,1
15690452,29896242,38025596,48517,"Cheese, Parmesan, fresh",30.0,,,,,,7,1
15690452,29897020,38026690,49256,"Jelly, made with water",1.0,39824,portion,115.0,115.0,,1,2
15690452,29896170,38025490,49522,"Meatballs, pork and beef, in tomato sauce, homemade",4.0,40116,portion,80.0,320.0,,1,1
15690452,29896171,38025495,49789,"Pasta, white, spaghetti, dried, boiled in unsalted water",1.0,40557,medium portion,220.0,220.0,,2,1
15690452,29896176,38025498,48433,"Carrots, old, boiled in unsalted water",1.0,38223,medium portion,60.0,60.0,,3,1
15690452,29896178,38025500,49868,"Pepper, capsicum, red, raw",1.0,40662,medium unit,160.0,160.0,,4,1
15690452,29896231,38025584,50319,"Salad, green",1.0,41495,tub,250.0,250.0,,5,1
15690452,29896235,38025588,48289,"Bread, garlic and herb, retail",3.0,37908,slice,20.0,60.0,,6,1
15690452,29896242,38025596,48517,"Cheese, Parmesan, fresh",30.0,,,,,,7,1
15690452,29897020,38026690,49256,"Jelly, made with water",1.0,39824,portion,115.0,115.0,,1,2
15650027,28283196,35764271,264,Fiambre,30.0,,,,,,1,
15650027,28283197,35764273,10,Leite de vaca UHT magro,250.0,,,,,,2,
15650027,28283198,35764274,591,Flocos de trigo,50.0,,,,,,3,
15650027,28283363,35764539,478,Ovo de galinha inteiro cru,55.0,,,,,,4,
15650028,28283364,35764541,58,"Iogurte açucarado com edulcorante de síntese, sólido magro",125.0,,,,,,1,
15650028,28283365,35764542,731,Maçã com casca,120.0,,,,,,2,
15650029,28283389,35764583,907,Sopa de abóbora,200.0,,,,,,1,0
15650029,28283390,35764584,300,Peito de frango com pele cru,120.0,,,,,100 grams of peito de frango com pele cru,1,1
15650029,28283392,35764586,651,Alface crua,30.0,,,,,,2,1
15650029,28283393,35764587,664,Cenoura crua,30.0,,,,,,3,1
15650029,28283394,35764588,657,Beterraba (raiz) crua,30.0,,,,,,4,1
15650029,28283396,35764590,777,Azeite,10.0,,,,,,5,1
15650029,28283397,35764593,550,Esparguete cozido,200.0,,,,,,6,1
15650030,28283402,35764624,565,Pão de mistura de trigo e centeio,70.0,,,,,,1,
15650030,28283403,35764625,478,Ovo de galinha inteiro cru,55.0,,,,,,2,
15650030,28283406,35764628,10,Leite de vaca UHT magro,200.0,,,,,,3,
15650030,28283429,35764721,264,Fiambre,30.0,,,,,,4,
15650205,28283456,35764760,713,Banana,150.0,,,,,,1,
15650206,28283487,35764805,565,Pão de mistura de trigo e centeio,50.0,,,,,,1,
15650206,28283488,35764806,35,"Queijo Flamengo, 30% gordura",20.0,,,,,,2,
15650206,28283489,35764807,264,Fiambre,30.0,,,,,,3,
15650206,28283598,35764925,58,"Iogurte açucarado com edulcorante de síntese, sólido magro",160.0,,,,,,4,
15650031,28283600,35764928,922,Sopa juliana,200.0,,,,,,1,0
15650031,28283601,35764986,350,Atum conserva em óleo,84.0,,,,,,2,0
15650031,28283603,35764988,747,Pera,120.0,,,,,,3,0
15652122,28285641,35768055,565,Pão de mistura de trigo e centeio,50.0,,,,,,1,
15652122,28285642,35768056,35,"Queijo Flamengo, 30% gordura",20.0,,,,,,2,
15652122,28285662,35768078,478,Ovo de galinha inteiro cru,55.0,,,,,,3,
15652122,28286065,35768544,10,Leite de vaca UHT magro,200.0,,,,,,4,
15652123,28286100,35768582,731,Maçã com casca,120.0,,,,,,1,
15652124,28286111,35768598,907,Sopa de abóbora,200.0,,,,,,1,0
15652124,28286113,35768600,300,Peito de frango com pele cru,120.0,,,,,100 grams of peito de frango com pele cru,1,1
15652124,28286114,35768602,532,Arroz cozido simples,100.0,,,,,,2,1
15652124,28286115,35768605,651,Alface crua,30.0,,,,,,3,1
15652124,28286116,35768606,664,Cenoura crua,30.0,,,,,,4,1
15652124,28286117,35768607,657,Beterraba (raiz) crua,30.0,,,,,,5,1
15652124,28286118,35768608,777,Azeite,8.0,,,,,,6,1
15652124,28286398,35769016,729,Laranja,120.0,,,,,,7,1
15652124,28286111,35768598,907,Sopa de abóbora,200.0,,,,,,1,0
15652124,28286113,35768600,300,Peito de frango com pele cru,120.0,,,,,100 grams of peito de frango com pele cru,1,1
15652124,28286114,35768602,532,Arroz cozido simples,100.0,,,,,,2,1
15652124,28286115,35768605,651,Alface crua,30.0,,,,,,3,1
15652124,28286116,35768606,664,Cenoura crua,30.0,,,,,,4,1
15652124,28286117,35768607,657,Beterraba (raiz) crua,30.0,,,,,,5,1
15652124,28286118,35768608,777,Azeite,8.0,,,,,,6,1
15652124,28286398,35769016,729,Laranja,120.0,,,,,,7,1
15652124,28286111,35768598,907,Sopa de abóbora,200.0,,,,,,1,0
15652124,28286113,35768600,300,Peito de frango com pele cru,120.0,,,,,100 grams of peito de frango com pele cru,1,1
15652124,28286114,35768603,550,Esparguete cozido,140.0,,,,,,2,1
15652124,28286115,35768605,651,Alface crua,30.0,,,,,,3,1
15652124,28286116,35768606,664,Cenoura crua,30.0,,,,,,4,1
15652124,28286117,35768607,657,Beterraba (raiz) crua,30.0,,,,,,5,1
15652124,28286118,35768608,777,Azeite,8.0,,,,,,6,1
15652124,28286398,35769016,729,Laranja,120.0,,,,,,7,1
15652124,28286111,35768598,907,Sopa de abóbora,200.0,,,,,,1,0
15652124,28286113,35768601,423,Pescada europeia cozida,120.0,,,,,,1,1
15652124,28286114,35768603,550,Esparguete cozido,140.0,,,,,,2,1
15652124,28286115,35768605,651,Alface crua,30.0,,,,,,3,1
15652124,28286116,35768606,664,Cenoura crua,30.0,,,,,,4,1
15652124,28286117,35768607,657,Beterraba (raiz) crua,30.0,,,,,,5,1
15652124,28286118,35768608,777,Azeite,8.0,,,,,,6,1
15652124,28286398,35769016,729,Laranja,120.0,,,,,,7,1
15652124,28286111,35768598,907,Sopa de abóbora,200.0,,,,,,1,0
15652124,28286113,35768601,423,Pescada europeia cozida,120.0,,,,,,1,1
15652124,28286114,35768604,638,Batata cozida,150.0,,,,,,2,1
15652124,28286115,35768605,651,Alface crua,30.0,,,,,,3,1
15652124,28286116,35768606,664,Cenoura crua,30.0,,,,,,4,1
15652124,28286117,35768607,657,Beterraba (raiz) crua,30.0,,,,,,5,1
15652124,28286118,35768608,777,Azeite,8.0,,,,,,6,1
15652124,28286398,35769016,729,Laranja,120.0,,,,,,7,1
15652124,28286111,35768598,907,Sopa de abóbora,200.0,,,,,,1,0
15652124,28286113,35768601,423,Pescada europeia cozida,120.0,,,,,,1,1
15652124,28286114,35768604,638,Batata cozida,150.0,,,,,,2,1
15652124,28286115,35768605,651,Alface crua,30.0,,,,,,3,1
15652124,28286116,35768606,664,Cenoura crua,30.0,,,,,,4,1
15652124,28286117,35768607,657,Beterraba (raiz) crua,30.0,,,,,,5,1
15652124,28286118,35768608,777,Azeite,8.0,,,,,,6,1
15652124,28286398,35769016,729,Laranja,120.0,,,,,,7,1
15652125,28286634,35769379,478,Ovo de galinha inteiro cru,55.0,,,,,,1,
15652125,28286635,35769380,591,Flocos de trigo,45.0,,,,,,2,
15652125,28286636,35769381,10,Leite de vaca UHT magro,150.0,,,,,,3,
15652125,28286637,35770199,35,"Queijo Flamengo, 30% gordura",20.0,,,,,,4,
15652404,28286648,35769394,760,Uva tinta,80.0,,,,,,1,
15652126,28286773,35769650,907,Sopa de abóbora,200.0,,,,,,1,0
15652126,28286756,35769625,660,Brócolos cozidos,90.0,,,,,,1,1
15652126,28286774,35769651,300,Peito de frango com pele cru,120.0,,,,,100 grams of peito de frango com pele cru,2,1
15652126,28286775,35769653,532,Arroz cozido simples,150.0,,,,,,3,1
15652126,28286779,35769659,777,Azeite,8.0,,,,,,4,1
15652126,28286810,35769759,713,Banana,120.0,,,,,,5,1
15652126,28286773,35769650,907,Sopa de abóbora,200.0,,,,,,1,0
15652126,28286756,35769625,660,Brócolos cozidos,90.0,,,,,,1,1
15652126,28286774,35769651,300,Peito de frango com pele cru,120.0,,,,,100 grams of peito de frango com pele cru,2,1
15652126,28286775,35769653,532,Arroz cozido simples,150.0,,,,,,3,1
15652126,28286779,35769659,777,Azeite,8.0,,,,,,4,1
15652126,28286810,35769759,713,Banana,120.0,,,,,,5,1
15652126,28286773,35769650,907,Sopa de abóbora,200.0,,,,,,1,0
15652126,28286756,35769625,660,Brócolos cozidos,90.0,,,,,,1,1
15652126,28286774,35769651,300,Peito de frango com pele cru,120.0,,,,,100 grams of peito de frango com pele cru,2,1
15652126,28286775,35769654,550,Esparguete cozido,200.0,,,,,,3,1
15652126,28286779,35769659,777,Azeite,8.0,,,,,,4,1
15652126,28286810,35769759,713,Banana,120.0,,,,,,5,1
15652126,28286773,35769650,907,Sopa de abóbora,200.0,,,,,,1,0
15652126,28286756,35769625,660,Brócolos cozidos,90.0,,,,,,1,1
15652126,28286774,35769652,423,Pescada europeia cozida,120.0,,,,,,2,1
15652126,28286775,35769654,550,Esparguete cozido,200.0,,,,,,3,1
15652126,28286779,35769659,777,Azeite,8.0,,,,,,4,1
15652126,28286810,35769759,713,Banana,120.0,,,,,,5,1
15652126,28286773,35769650,907,Sopa de abóbora,200.0,,,,,,1,0
15652126,28286756,35769625,660,Brócolos cozidos,90.0,,,,,,1,1
15652126,28286774,35769652,423,Pescada europeia cozida,120.0,,,,,,2,1
15652126,28286775,35769655,638,Batata cozida,220.0,,,,,,3,1
15652126,28286779,35769659,777,Azeite,8.0,,,,,,4,1
15652126,28286810,35769759,713,Banana,120.0,,,,,,5,1
15652126,28286773,35769650,907,Sopa de abóbora,200.0,,,,,,1,0
15652126,28286756,35769625,660,Brócolos cozidos,90.0,,,,,,1,1
15652126,28286774,35769652,423,Pescada europeia cozida,120.0,,,,,,2,1
15652126,28286775,35769655,638,Batata cozida,220.0,,,,,,3,1
15652126,28286779,35769659,777,Azeite,8.0,,,,,,4,1
15652126,28286810,35769759,713,Banana,120.0,,,,,,5,1
15652127,28286747,35769604,10,Leite de vaca UHT magro,200.0,,,,,,1,
16741528,30935963,39242986,50093,"Porridge oats, unfortified, cooked, made up with semi-skimmed milk",1.0,41091,medium portion,160.0,160.0,,1,
16741528,30935964,39242987,48758,"Courgette, raw",1.0,39007,medium unit,100.0,100.0,,2,
16741528,30935965,39242988,47997,"Bananas, flesh only",1.0,37366,small unit,80.0,80.0,,3,
16741528,30935966,39242989,48676,Cocoa powder,1.0,38799,heaped teaspoon,6.0,6.0,,4,
16741528,30935978,39243002,5304,"Seeds, flaxseed",1.0,10299,"tbsp, whole",10.3,10.3,,5,
16741527,30936117,39243177,49845,"Pears, raw, flesh only, peeled, weighed with skin and core",1.0,40616,medium conference unit,170.0,170.0,,1,
16741527,30936167,39243245,28190,"Soya, alternative to yoghurt (Provamel Dairy Free (Yofu) with added calcium)",125.0,,,,,,2,
16741526,30936049,39243075,28488,"Soup, vegetable (carrot, celery, tomato, onion), homemade",250.0,,,,,,1,0
16741526,30935962,39242985,48309,"Bread, wholemeal, average",3.0,37960,medium slice,36.0,108.0,,1,1
16741526,30936058,39243090,1574,"Cheese, cottage, lowfat, 2% milkfat",60.0,,,,,,2,1
16741526,30936199,39243353,48800,"Cucumber, raw, flesh and skin",100.0,,,,,,3,1
16741525,30935960,39242982,48420,"Cakes, crispie, homemade",1.0,38211,portion,25.0,25.0,,1,
16741525,30936063,39243096,5846,"Beverages, coffee, brewed, prepared with tap water",250.0,,,,,,2,
16741525,30936219,39243378,5236,"Nuts, cashew nuts, raw",20.0,,,,,,3,
16741524,30935951,39242972,49522,"Meatballs, pork and beef, in tomato sauce, homemade",250.0,,,,,,1,1
16741524,30935952,39242973,49791,"Pasta, wholewheat, spaghetti, dried, boiled in unsalted water",1.0,40563,medium portion,220.0,220.0,,2,1
16741524,30935953,39242975,48433,"Carrots, old, boiled in unsalted water",80.0,,,,,,3,1
16741524,30935954,39242976,49868,"Pepper, capsicum, red, raw",1.0,40662,medium unit,160.0,160.0,,4,1
16741524,30935955,39242977,50319,"Salad, green",1.0,41495,tub,250.0,250.0,,5,1
16741524,30935957,39242979,48517,"Cheese, Parmesan, fresh",30.0,,,,,,6,1
16741523,30936399,39243576,3774,"Blueberries, raw",170.0,,,,,,1,
15651139,28283858,35765338,565,Pão de mistura de trigo e centeio,50.0,,,,,,1,
15651139,28283859,35765339,35,"Queijo Flamengo, 30% gordura",20.0,,,,,,2,
15651139,28283860,35765340,264,Fiambre,30.0,,,,,,3,
15651139,28283861,35765341,10,Leite de vaca UHT magro,200.0,,,,,,4,
15651139,28283864,35765343,738,Manga,100.0,,,,,60 grams of manga,5,
15651140,28283895,35765376,58,"Iogurte açucarado com edulcorante de síntese, sólido magro",125.0,,,,,,1,
15651140,28283896,35765377,731,Maçã com casca,120.0,,,,,,2,
15651141,28283906,35765389,907,Sopa de abóbora,200.0,,,,,,1,0
15651141,28283907,35765390,300,Peito de frango com pele cru,120.0,,,,,100 grams of peito de frango com pele cru,1,1
15651141,28283908,35765391,532,Arroz cozido simples,150.0,,,,,,2,1
15651141,28283909,35765392,651,Alface crua,30.0,,,,,,3,1
15651141,28283910,35765393,664,Cenoura crua,30.0,,,,,,4,1
15651141,28283911,35765394,657,Beterraba (raiz) crua,30.0,,,,,,5,1
15651141,28283913,35765396,777,Azeite,10.0,,,,,,6,1
15651141,28283906,35765389,907,Sopa de abóbora,200.0,,,,,,1,0
15651141,28283907,35765390,300,Peito de frango com pele cru,120.0,,,,,100 grams of peito de frango com pele cru,1,1
15651141,28283908,35765391,532,Arroz cozido simples,150.0,,,,,,2,1
15651141,28283909,35765392,651,Alface crua,30.0,,,,,,3,1
15651141,28283910,35765393,664,Cenoura crua,30.0,,,,,,4,1
15651141,28283911,35765394,657,Beterraba (raiz) crua,30.0,,,,,,5,1
15651141,28283913,35765396,777,Azeite,10.0,,,,,,6,1
15651141,28283906,35765389,907,Sopa de abóbora,200.0,,,,,,1,0
15651141,28283907,35765390,300,Peito de frango com pele cru,120.0,,,,,100 grams of peito de frango com pele cru,1,1
15651141,28283908,35765404,550,Esparguete cozido,200.0,,,,,,2,1
15651141,28283909,35765392,651,Alface crua,30.0,,,,,,3,1
15651141,28283910,35765393,664,Cenoura crua,30.0,,,,,,4,1
15651141,28283911,35765394,657,Beterraba (raiz) crua,30.0,,,,,,5,1
15651141,28283913,35765396,777,Azeite,10.0,,,,,,6,1
15651141,28283906,35765389,907,Sopa de abóbora,200.0,,,,,,1,0
15651141,28283907,35765432,423,Pescada europeia cozida,120.0,,,,,,1,1
15651141,28283908,35765404,550,Esparguete cozido,200.0,,,,,,2,1
15651141,28283909,35765392,651,Alface crua,30.0,,,,,,3,1
15651141,28283910,35765393,664,Cenoura crua,30.0,,,,,,4,1
15651141,28283911,35765394,657,Beterraba (raiz) crua,30.0,,,,,,5,1
15651141,28283913,35765396,777,Azeite,10.0,,,,,,6,1
15651141,28283906,35765389,907,Sopa de abóbora,200.0,,,,,,1,0
15651141,28283907,35765432,423,Pescada europeia cozida,120.0,,,,,,1,1
15651141,28283908,35765408,638,Batata cozida,220.0,,,,,,2,1
15651141,28283909,35765392,651,Alface crua,30.0,,,,,,3,1
15651141,28283910,35765393,664,Cenoura crua,30.0,,,,,,4,1
15651141,28283911,35765394,657,Beterraba (raiz) crua,30.0,,,,,,5,1
15651141,28283913,35765396,777,Azeite,10.0,,,,,,6,1
15651141,28283906,35765389,907,Sopa de abóbora,200.0,,,,,,1,0
15651141,28283907,35765432,423,Pescada europeia cozida,120.0,,,,,,1,1
15651141,28283908,35765408,638,Batata cozida,220.0,,,,,,2,1
15651141,28283909,35765392,651,Alface crua,30.0,,,,,,3,1
15651141,28283910,35765393,664,Cenoura crua,30.0,,,,,,4,1
15651141,28283911,35765394,657,Beterraba (raiz) crua,30.0,,,,,,5,1
15651141,28283913,35765396,777,Azeite,10.0,,,,,,6,1
15651142,28283943,35765562,478,Ovo de galinha inteiro cru,55.0,,,,,,1,
15651142,28283945,35765564,591,Flocos de trigo,50.0,,,,,,2,
15651142,28283946,35765565,10,Leite de vaca UHT magro,150.0,,,,,,3,
15651142,28283954,35765644,264,Fiambre,30.0,,,,,,4,
15651466,28284027,35765737,760,Uva tinta,80.0,,,,,,1,
15651143,28284030,35765740,908,Sopa de agrião,200.0,,,,,,1,0
15651143,28284031,35765741,423,Pescada europeia cozida,120.0,,,,,,1,1
15651143,28284032,35765742,638,Batata cozida,220.0,,,,,,2,1
15651143,28284033,35765743,660,Brócolos cozidos,90.0,,,,,,3,1
15651143,28284034,35765744,777,Azeite,10.0,,,,,,4,1
15651144,28283935,35765554,10,Leite de vaca UHT magro,200.0,,,,,,1,
15690454,28378455,35899095,565,Pão de mistura de trigo e centeio,80.0,,,,,,1,
15690454,28378457,35899097,10,Leite de vaca UHT magro,300.0,,,,,,2,
15690454,28378459,35899099,478,Ovo de galinha inteiro cru,110.0,,,,,,3,
15690454,28378506,35899165,825,Chocolate em pó,9.0,,,,,,4,
15690455,28378546,35899221,58,"Iogurte açucarado com edulcorante de síntese, sólido magro",125.0,,,,,,1,
15690455,28378548,35899223,565,Pão de mistura de trigo e centeio,50.0,,,,,,2,
15690455,28378550,35899225,35,"Queijo Flamengo, 30% gordura",20.0,,,,,,3,
15690456,28378551,35899226,907,Sopa de abóbora,200.0,,,,,,1,0
15690456,28378552,35899227,300,Peito de frango com pele cru,120.0,,,,,100 grams of peito de frango com pele cru,1,1
15690456,28378553,35899229,532,Arroz cozido simples,200.0,,,,,,2,1
15690456,28378554,35899232,651,Alface crua,30.0,,,,,,3,1
15690456,28378555,35899233,664,Cenoura crua,30.0,,,,,,4,1
15690456,28378556,35899234,657,Beterraba (raiz) crua,30.0,,,,,,5,1
15690456,28378557,35899235,777,Azeite,8.0,,,,,,6,1
15690456,28378551,35899226,907,Sopa de abóbora,200.0,,,,,,1,0
15690456,28378552,35899227,300,Peito de frango com pele cru,120.0,,,,,100 grams of peito de frango com pele cru,1,1
15690456,28378553,35899229,532,Arroz cozido simples,200.0,,,,,,2,1
15690456,28378554,35899232,651,Alface crua,30.0,,,,,,3,1
15690456,28378555,35899233,664,Cenoura crua,30.0,,,,,,4,1
15690456,28378556,35899234,657,Beterraba (raiz) crua,30.0,,,,,,5,1
15690456,28378557,35899235,777,Azeite,8.0,,,,,,6,1
15690456,28378551,35899226,907,Sopa de abóbora,200.0,,,,,,1,0
15690456,28378552,35899227,300,Peito de frango com pele cru,120.0,,,,,100 grams of peito de frango com pele cru,1,1
15690456,28378553,35899230,550,Esparguete cozido,250.0,,,,,,2,1
15690456,28378554,35899232,651,Alface crua,30.0,,,,,,3,1
15690456,28378555,35899233,664,Cenoura crua,30.0,,,,,,4,1
15690456,28378556,35899234,657,Beterraba (raiz) crua,30.0,,,,,,5,1
15690456,28378557,35899235,777,Azeite,8.0,,,,,,6,1
15690456,28378551,35899226,907,Sopa de abóbora,200.0,,,,,,1,0
15690456,28378552,35899228,423,Pescada europeia cozida,120.0,,,,,,1,1
15690456,28378553,35899230,550,Esparguete cozido,250.0,,,,,,2,1
15690456,28378554,35899232,651,Alface crua,30.0,,,,,,3,1
15690456,28378555,35899233,664,Cenoura crua,30.0,,,,,,4,1
15690456,28378556,35899234,657,Beterraba (raiz) crua,30.0,,,,,,5,1
15690456,28378557,35899235,777,Azeite,8.0,,,,,,6,1
15690456,28378551,35899226,907,Sopa de abóbora,200.0,,,,,,1,0
15690456,28378552,35899228,423,Pescada europeia cozida,120.0,,,,,,1,1
15690456,28378553,35899231,638,Batata cozida,270.0,,,,,,2,1
15690456,28378554,35899232,651,Alface crua,30.0,,,,,,3,1
15690456,28378555,35899233,664,Cenoura crua,30.0,,,,,,4,1
15690456,28378556,35899234,657,Beterraba (raiz) crua,30.0,,,,,,5,1
15690456,28378557,35899235,777,Azeite,8.0,,,,,,6,1
15690456,28378551,35899226,907,Sopa de abóbora,200.0,,,,,,1,0
15690456,28378552,35899228,423,Pescada europeia cozida,120.0,,,,,,1,1
15690456,28378553,35899231,638,Batata cozida,270.0,,,,,,2,1
15690456,28378554,35899232,651,Alface crua,30.0,,,,,,3,1
15690456,28378555,35899233,664,Cenoura crua,30.0,,,,,,4,1
15690456,28378556,35899234,657,Beterraba (raiz) crua,30.0,,,,,,5,1
15690456,28378557,35899235,777,Azeite,8.0,,,,,,6,1
15690457,28378942,35899966,565,Pão de mistura de trigo e centeio,80.0,,,,,,1,
15690457,28378943,35899967,35,"Queijo Flamengo, 30% gordura",40.0,,,,,,2,
15690457,28379889,35901274,58,"Iogurte açucarado com edulcorante de síntese, sólido magro",160.0,,,,,,3,
15690746,28379273,35900345,713,Banana,120.0,,,,,,1,
15690747,28379452,35900532,565,Pão de mistura de trigo e centeio,50.0,,,,,,1,
15690747,28379472,35900552,35,"Queijo Flamengo, 30% gordura",20.0,,,,,,2,
15690747,28379473,35900555,264,Fiambre,30.0,,,,,,3,
15690747,28380054,35901457,58,"Iogurte açucarado com edulcorante de síntese, sólido magro",160.0,,,,,,4,
15690458,28379551,35900633,907,Sopa de abóbora,200.0,,,,,,1,0
15690458,28379550,35900632,660,Brócolos cozidos,90.0,,,,,,1,1
15690458,28379552,35900634,300,Peito de frango com pele cru,120.0,,,,,100 grams of peito de frango com pele cru,2,1
15690458,28379553,35900636,532,Arroz cozido simples,150.0,,,,,,3,1
15690458,28379554,35900639,777,Azeite,8.0,,,,,,4,1
15690458,28379551,35900633,907,Sopa de abóbora,200.0,,,,,,1,0
15690458,28379550,35900632,660,Brócolos cozidos,90.0,,,,,,1,1
15690458,28379552,35900634,300,Peito de frango com pele cru,120.0,,,,,100 grams of peito de frango com pele cru,2,1
15690458,28379553,35900636,532,Arroz cozido simples,150.0,,,,,,3,1
15690458,28379554,35900639,777,Azeite,8.0,,,,,,4,1
15690458,28379551,35900633,907,Sopa de abóbora,200.0,,,,,,1,0
15690458,28379550,35900632,660,Brócolos cozidos,90.0,,,,,,1,1
15690458,28379552,35900634,300,Peito de frango com pele cru,120.0,,,,,100 grams of peito de frango com pele cru,2,1
15690458,28379553,35900637,550,Esparguete cozido,200.0,,,,,,3,1
15690458,28379554,35900639,777,Azeite,8.0,,,,,,4,1
15690458,28379551,35900633,907,Sopa de abóbora,200.0,,,,,,1,0
15690458,28379550,35900632,660,Brócolos cozidos,90.0,,,,,,1,1
15690458,28379552,35900635,423,Pescada europeia cozida,120.0,,,,,,2,1
15690458,28379553,35900637,550,Esparguete cozido,200.0,,,,,,3,1
15690458,28379554,35900639,777,Azeite,8.0,,,,,,4,1
15690458,28379551,35900633,907,Sopa de abóbora,200.0,,,,,,1,0
15690458,28379550,35900632,660,Brócolos cozidos,90.0,,,,,,1,1
15690458,28379552,35900635,423,Pescada europeia cozida,120.0,,,,,,2,1
15690458,28379553,35900638,638,Batata cozida,220.0,,,,,,3,1
15690458,28379554,35900639,777,Azeite,8.0,,,,,,4,1
15690458,28379551,35900633,907,Sopa de abóbora,200.0,,,,,,1,0
15690458,28379550,35900632,660,Brócolos cozidos,90.0,,,,,,1,1
15690458,28379552,35900635,423,Pescada europeia cozida,120.0,,,,,,2,1
15690458,28379553,35900638,638,Batata cozida,220.0,,,,,,3,1
15690458,28379554,35900639,777,Azeite,8.0,,,,,,4,1
16707864,30852312,39145388,3904,"Tangerines, (mandarin oranges), raw",2.0,7695,"small unit (2-1/4"" dia)",76.0,152.0,,1,
16707865,30852404,39145485,28507,"Soup, vegetable (carrot, onion, celery, parsnip, turnip), homemade",250.0,,,,,,1,0
16707865,30852409,39145514,3363,"Chicken breast, deli, rotisserie seasoned, sliced, prepackaged",2.0,6933,slice,12.0,24.0,,1,1
16707865,30852589,39145699,81520,"Soft-ripened round cheese with bloomy rind, around 5% fat, Camembert-type cheese, reduced fat",25.0,,,,,,2,1
16707865,30853690,39146874,48310,"Bread, wholemeal, toasted",3.0,37962,small slice,23.0,69.0,,3,1
16707866,30852708,39145820,3978,"Raspberries, raw",125.0,,,,,,1,
16707866,30852710,39145822,28198,"Yoghurt, low fat (Danone Vitalinea/Shape)",125.0,,,,,,2,
16707867,30852718,39145832,28348,Salmon with vegetables in stock,250.0,,,,,,1,1
16707867,30852721,39145835,28285,"Potatoes, mashed with low-fat milk",225.0,,,,,,2,1
16707867,30852852,39145974,28888,"Salad, mixed (lettuce, peppers, tomatoes, onion), homemade",125.0,,,,,,3,1
16707867,30854748,39148093,4025,"Pears, raw, green anjou",1.0,7946,large unit,242.0,242.0,,1,2
16709250,30855053,39148449,3904,"Tangerines, (mandarin oranges), raw",2.0,7695,"small unit (2-1/4"" dia)",76.0,152.0,,1,
16709249,30855049,39148445,28507,"Soup, vegetable (carrot, onion, celery, parsnip, turnip), homemade",250.0,,,,,,1,0
16709249,30855052,39148448,48310,"Bread, wholemeal, toasted",2.0,37962,small slice,23.0,46.0,,1,1
16709249,30855304,39148759,6407,"Hummus, home prepared",4.0,12431,tablespoon,15.0,60.0,,2,1
16709248,30855048,39148444,28198,"Yoghurt, low fat (Danone Vitalinea/Shape)",125.0,,,,,,1,
16709248,30855263,39148673,47934,"Apricots, raw, flesh and skin",4.0,37271,unit,40.0,160.0,,2,
16709247,30855044,39148440,28285,"Potatoes, mashed with low-fat milk",150.0,,,,,,1,1
16709247,30855045,39148441,28888,"Salad, mixed (lettuce, peppers, tomatoes, onion), homemade",125.0,,,,,,2,1
16709247,30855266,39148676,50631,"Tofu, soya bean, steamed, fried",80.0,,,,,,3,1
16709247,30855315,39148774,6296,"Beans, french, mature seeds, cooked, boiled, without salt",150.0,,,,,,4,1
16709247,30855046,39148442,4025,"Pears, raw, green anjou",1.0,7945,medium unit,202.0,202.0,,1,2
16712297,30862178,39156410,50093,"Porridge oats, unfortified, cooked, made up with semi-skimmed milk",150.0,,,,,,1,
16712297,30862394,39156627,50216,Raisins,1.0,41358,tablespoon,30.0,30.0,,2,
16712297,30862396,39156630,5236,"Nuts, cashew nuts, raw",30.0,,,,,,3,
16712297,30864938,39159477,49837,"Pears, average, raw, flesh only",1.0,40607,medium comice unit,150.0,150.0,,4,
16712297,30865130,39159676,21654,"Coffee infusion, with milk",250.0,,,,,,5,
16712296,30862760,39157088,47930,"Apples, eating, raw, flesh and skin, weighed with core",1.0,37268,medium eating,112.0,112.0,,1,
16712295,30862163,39156383,48310,"Bread, wholemeal, toasted",3.0,37962,small slice,23.0,69.0,,1,1
16712295,30862781,39157135,48522,"Cheese, Quark",3.0,38432,heaped tablespoon,55.0,165.0,,2,1
16712295,30862783,39157137,4741,"Radishes, raw",1.0,9302,cup of slices,58.0,58.0,,3,1
16712295,30862787,39157141,50500,"Spinach, baby, raw",30.0,,,,,,4,1
16712295,30864501,39159012,1719,"Parmesan cheese topping, fat free",50.0,,,,,,5,1
16712294,30862158,39156378,3978,"Raspberries, raw",125.0,,,,,,1,
16712294,30865040,39159584,81795,"Yoghurt, high in protein, on a fruit layer",125.0,,,,,,2,
16712293,30863289,39157645,50405,"Sausages, pork, reduced fat, fried in vegetable oil",1.0,41605,large unit,40.0,40.0,,1,1
16712293,30863359,39157715,81343,"Millet, cooked, unsalted",120.0,,,,,,2,1
16712293,30863394,39157788,48464,"Cauliflower in white sauce, made with skimmed milk, homemade",1.0,38302,main dish portion,200.0,200.0,,3,1
16712293,30864151,39158568,27408,Carrots,100.0,,,,,,4,1
16712293,30862157,39156377,4025,"Pears, raw, green anjou",1.0,7946,large unit,242.0,242.0,,1,2
16710010,30856810,39150546,3904,"Tangerines, (mandarin oranges), raw",2.0,7695,"small unit (2-1/4"" dia)",76.0,152.0,,1,
16710009,30856806,39150542,28507,"Soup, vegetable (carrot, onion, celery, parsnip, turnip), homemade",250.0,,,,,,1,0
16710009,30856809,39150545,48310,"Bread, wholemeal, toasted",3.0,37962,small slice,23.0,69.0,,1,1
16710009,30856821,39150557,50629,Tofu spread,3.0,41981,tablespoon,30.0,90.0,,2,1
16710008,30856804,39150540,3978,"Raspberries, raw",125.0,,,,,,1,
16710008,30857057,39150834,28190,"Soya, alternative to yoghurt (Provamel Dairy Free (Yofu) with added calcium)",125.0,,,,,,2,
16711264,30859860,39153801,7123,"Bread, rye",2.0,13633,regular slice,32.0,64.0,,1,
16711264,30859921,39153954,27730,"Jam, plums",15.0,,,,,,2,
16711264,30860057,39154090,48522,"Cheese, Quark",2.0,38432,heaped tablespoon,55.0,110.0,,3,
16711264,30860108,39154151,21654,"Coffee infusion, with milk",250.0,,,,,,4,
16711263,30860185,39154230,3830,"Grapefruit, raw, pink and red, all areas",1.0,7529,"unit (3-3/4"" dia)",123.0,123.0,,1,
16711261,30859852,39153793,3978,"Raspberries, raw",125.0,,,,,,1,
16711261,30859853,39153794,28198,"Yoghurt, low fat (Danone Vitalinea/Shape)",125.0,,,,,,2,
16711260,30860626,39154718,22821,"Tuna, roasted/baked",150.0,,,,,,1,1
16711260,30860718,39154831,4687,"Potatoes, boiled, cooked in skin, flesh, without salt",125.0,,,,,,2,1
16711260,30860905,39155033,50722,"Vegetables, mixed, cooked with onion, spice and tomatoes, homemade",200.0,,,,,,3,1
16711260,30859851,39153792,4025,"Pears, raw, green anjou",1.0,7946,large unit,242.0,242.0,,1,2
15258015,30384797,38604341,50342,"Salmon, smoked (cold-smoked)",2.0,41535,average portion,56.0,112.0,,1,
15258015,30384844,38604414,48990,"Eggs, chicken, whole, scrambled, without milk",1.0,39407,portion,120.0,120.0,,2,
15258015,30384846,38604416,50738,"Watercress, raw",1.0,42132,quarter of a bunch,20.0,20.0,,3,
15258015,30384874,38604445,48171,"Beetroot, pickled, drained",1.0,37731,small unit,35.0,35.0,,4,
15258015,30385133,38604741,50632,Tomato juice,1.0,41982,average glass,160.0,160.0,,5,
15258016,30384948,38604531,49837,"Pears, average, raw, flesh only",1.0,40607,medium comice unit,150.0,150.0,,1,
15258017,94375583,123644221,4848,"Vegetables, mixed, frozen, cooked, boiled, drained, without salt",150.0,,,,,,1,1
15258017,94375672,123644312,50533,"Stock cubes, vegetable",1.0,41852,Knorr unit,9.0,9.0,,2,1
15258017,94375673,123644314,49712,"Onions, raw",1.0,40461,small unit,60.0,60.0,,3,1
15258017,94375675,123644316,49101,"Garlic, raw",1.0,39621,unit,10.0,10.0,,4,1
15258017,30385124,38604731,49009,"Fat spread, reduced fat (41-62%), polyunsaturated",1.0,39469,teaspoon,5.0,5.0,,5,1
15258017,94375676,123644319,48309,"Bread, wholemeal, average",1.0,37960,medium slice,36.0,36.0,,6,1
15258019,30384953,38604540,48143,"Beef, sirloin steak, grilled medium-rare, lean and fat",1.0,37643,medium portion,144.0,144.0,,1,1
15258019,30384954,38604550,50148,"Potatoes, old, potato wedges, with skin, cooked in sunflower oil, homemade",100.0,,,,,,2,1
15258019,30384955,38604551,48038,"Beans, green, boiled in unsalted water",1.0,37407,medium portion,90.0,90.0,,3,1
15258019,30385100,38604699,49642,"Mustard, wholegrain",1.0,40375,level teaspoon,8.0,8.0,,4,1
15258019,30384959,38604556,50789,"Yogurt, low fat, plain",1.0,42238,average pot,125.0,125.0,,1,7
15258019,30384962,38604559,47998,"Bananas, raw, flesh only, weighed with skin",1.0,37371,medium unit,100.0,100.0,,2,7
16517544,30386460,38606252,48323,"Breakfast cereal, fruit and fibre type, fortified",1.0,37998,large portion,50.0,50.0,,1,
16517544,30386461,38606263,49569,"Milk, skimmed, pasteurised, winter",1.0,40217,average portion with cereals,100.0,100.0,,2,
16517544,30386464,38606267,47930,"Apples, eating, raw, flesh and skin, weighed with core",1.0,37268,medium eating,112.0,112.0,,3,
16517545,30387070,38607020,48704,"Coffee, cappuccino, latte",1.0,38873,mug,260.0,260.0,,1,
16517546,30386831,38606737,50358,"Sandwich, white bread, chicken salad",1.0,41554,portion,205.0,205.0,,1,1
16517546,30386964,38606871,49987,"Popcorn, salted, retail",1.0,40898,small bag,25.0,25.0,,2,1
16517546,30386968,38606878,49093,"Fruit salad, homemade",1.0,39616,portion,140.0,140.0,,1,7
16517546,30386969,38606880,50787,"Yogurt, low fat, fruit",1.0,42232,average pot,125.0,125.0,,2,7
16517547,30386977,38606890,48475,"Cereal bars, with fruit and/or nuts, no chocolate, unfortified",1.0,38322,unit,30.0,30.0,,1,
16517548,30386587,38606448,50049,"Pork, loin chops, roasted, lean and fat, weighed with bone",1.0,41019,portion,150.0,150.0,,1,1
16517548,30386591,38606452,50555,"Swede, boiled in unsalted water, flesh only",1.0,41883,large portion,85.0,85.0,,2,1
16517548,30386728,38606592,48433,"Carrots, old, boiled in unsalted water",1.0,38223,medium portion,60.0,60.0,,3,1
16517548,30386819,38606723,49861,"Peas, sugar-snap, boiled in unsalted water",1.0,40654,medium portion,70.0,70.0,,4,1
16517548,30386826,38606732,49140,"Gravy instant granules, made up with water",1.0,39669,medium portion,50.0,50.0,,5,1
15692388,28383517,35906040,67384,"Yogurt, Greek, plain, lowfat",150.0,,,,,,1,
15692388,28383535,35906093,587,"Flocos de cereais e frutos secos tipo ""Muesli""",45.0,,,,,,2,
15692390,28383922,35906574,907,Sopa de abóbora,200.0,,,,,,1,0
15692390,28383923,35906575,300,Peito de frango com pele cru,120.0,,,,,100 grams of peito de frango com pele cru,1,1
15692390,28383924,35906577,532,Arroz cozido simples,100.0,,,,,,2,1
15692390,28383925,35906580,651,Alface crua,30.0,,,,,,3,1
15692390,28383926,35906581,657,Beterraba (raiz) crua,30.0,,,,,,4,1
15692390,28383927,35906582,777,Azeite,8.0,,,,,,5,1
15692390,28383928,35906583,700,Tomate cru,50.0,,,,,,6,1
15692390,28383922,35906574,907,Sopa de abóbora,200.0,,,,,,1,0
15692390,28383923,35906575,300,Peito de frango com pele cru,120.0,,,,,100 grams of peito de frango com pele cru,1,1
15692390,28383924,35906577,532,Arroz cozido simples,100.0,,,,,,2,1
15692390,28383925,35906580,651,Alface crua,30.0,,,,,,3,1
15692390,28383926,35906581,657,Beterraba (raiz) crua,30.0,,,,,,4,1
15692390,28383927,35906582,777,Azeite,8.0,,,,,,5,1
15692390,28383928,35906583,700,Tomate cru,50.0,,,,,,6,1
15692390,28383922,35906574,907,Sopa de abóbora,200.0,,,,,,1,0
15692390,28383923,35906575,300,Peito de frango com pele cru,120.0,,,,,100 grams of peito de frango com pele cru,1,1
15692390,28383924,35906578,550,Esparguete cozido,140.0,,,,,,2,1
15692390,28383925,35906580,651,Alface crua,30.0,,,,,,3,1
15692390,28383926,35906581,657,Beterraba (raiz) crua,30.0,,,,,,4,1
15692390,28383927,35906582,777,Azeite,8.0,,,,,,5,1
15692390,28383928,35906583,700,Tomate cru,50.0,,,,,,6,1
15692390,28383922,35906574,907,Sopa de abóbora,200.0,,,,,,1,0
15692390,28383923,35906576,423,Pescada europeia cozida,120.0,,,,,,1,1
15692390,28383924,35906578,550,Esparguete cozido,140.0,,,,,,2,1
15692390,28383925,35906580,651,Alface crua,30.0,,,,,,3,1
15692390,28383926,35906581,657,Beterraba (raiz) crua,30.0,,,,,,4,1
15692390,28383927,35906582,777,Azeite,8.0,,,,,,5,1
15692390,28383928,35906583,700,Tomate cru,50.0,,,,,,6,1
15692390,28383922,35906574,907,Sopa de abóbora,200.0,,,,,,1,0
15692390,28383923,35906576,423,Pescada europeia cozida,120.0,,,,,,1,1
15692390,28383924,35906579,638,Batata cozida,150.0,,,,,,2,1
15692390,28383925,35906580,651,Alface crua,30.0,,,,,,3,1
15692390,28383926,35906581,657,Beterraba (raiz) crua,30.0,,,,,,4,1
15692390,28383927,35906582,777,Azeite,8.0,,,,,,5,1
15692390,28383928,35906583,700,Tomate cru,50.0,,,,,,6,1
15692390,28383922,35906574,907,Sopa de abóbora,200.0,,,,,,1,0
15692390,28383923,35906576,423,Pescada europeia cozida,120.0,,,,,,1,1
15692390,28383924,35906579,638,Batata cozida,150.0,,,,,,2,1
15692390,28383925,35906580,651,Alface crua,30.0,,,,,,3,1
15692390,28383926,35906581,657,Beterraba (raiz) crua,30.0,,,,,,4,1
15692390,28383927,35906582,777,Azeite,8.0,,,,,,5,1
15692390,28383928,35906583,700,Tomate cru,50.0,,,,,,6,1
15692879,28384486,35907299,747,Pera,120.0,,,,,,1,
15692392,28384497,35907388,907,Sopa de abóbora,200.0,,,,,,1,0
15692392,28384496,35907387,660,Brócolos cozidos,90.0,,,,,,1,1
15692392,28384498,35907389,300,Peito de frango com pele cru,120.0,,,,,100 grams of peito de frango com pele cru,2,1
15692392,28384499,35907391,532,Arroz cozido simples,150.0,,,,,,3,1
15692392,28384500,35907394,777,Azeite,8.0,,,,,,4,1
15692392,28384497,35907388,907,Sopa de abóbora,200.0,,,,,,1,0
15692392,28384496,35907387,660,Brócolos cozidos,90.0,,,,,,1,1
15692392,28384498,35907389,300,Peito de frango com pele cru,120.0,,,,,100 grams of peito de frango com pele cru,2,1
15692392,28384499,35907391,532,Arroz cozido simples,150.0,,,,,,3,1
15692392,28384500,35907394,777,Azeite,8.0,,,,,,4,1
15692392,28384497,35907388,907,Sopa de abóbora,200.0,,,,,,1,0
15692392,28384496,35907387,660,Brócolos cozidos,90.0,,,,,,1,1
15692392,28384498,35907389,300,Peito de frango com pele cru,120.0,,,,,100 grams of peito de frango com pele cru,2,1
15692392,28384499,35907392,550,Esparguete cozido,200.0,,,,,,3,1
15692392,28384500,35907394,777,Azeite,8.0,,,,,,4,1
15692392,28384497,35907388,907,Sopa de abóbora,200.0,,,,,,1,0
15692392,28384496,35907387,660,Brócolos cozidos,90.0,,,,,,1,1
15692392,28384498,35907390,423,Pescada europeia cozida,120.0,,,,,,2,1
15692392,28384499,35907392,550,Esparguete cozido,200.0,,,,,,3,1
15692392,28384500,35907394,777,Azeite,8.0,,,,,,4,1
15692392,28384497,35907388,907,Sopa de abóbora,200.0,,,,,,1,0
15692392,28384496,35907387,660,Brócolos cozidos,90.0,,,,,,1,1
15692392,28384498,35907390,423,Pescada europeia cozida,120.0,,,,,,2,1
15692392,28384499,35907393,638,Batata cozida,220.0,,,,,,3,1
15692392,28384500,35907394,777,Azeite,8.0,,,,,,4,1
15692392,28384497,35907388,907,Sopa de abóbora,200.0,,,,,,1,0
15692392,28384496,35907387,660,Brócolos cozidos,90.0,,,,,,1,1
15692392,28384498,35907390,423,Pescada europeia cozida,120.0,,,,,,2,1
15692392,28384499,35907393,638,Batata cozida,220.0,,,,,,3,1
15692392,28384500,35907394,777,Azeite,8.0,,,,,,4,1
15691303,28381520,35903337,35,"Queijo Flamengo, 30% gordura",20.0,,,,,,1,
15691303,28381535,35903409,586,Flocos de aveia,45.0,,,,,,2,
15691303,28381547,35903472,10,Leite de vaca UHT magro,200.0,,,,,,3,
15691303,28381675,35903615,478,Ovo de galinha inteiro cru,55.0,,,,,,4,
15691304,28381787,35903729,752,Pêssego,120.0,,,,,,1,
15691305,28381789,35903734,907,Sopa de abóbora,200.0,,,,,,1,0
15691305,28381790,35903735,300,Peito de frango com pele cru,120.0,,,,,100 grams of peito de frango com pele cru,1,1
15691305,28381791,35903737,532,Arroz cozido simples,100.0,,,,,,2,1
15691305,28381792,35903740,651,Alface crua,30.0,,,,,,3,1
15691305,28381794,35903742,657,Beterraba (raiz) crua,30.0,,,,,,4,1
15691305,28381795,35903743,777,Azeite,8.0,,,,,,5,1
15691305,28381829,35903795,700,Tomate cru,50.0,,,,,,6,1
15691305,28381831,35903798,731,Maçã com casca,120.0,,,,,,7,1
15691305,28381789,35903734,907,Sopa de abóbora,200.0,,,,,,1,0
15691305,28381790,35903735,300,Peito de frango com pele cru,120.0,,,,,100 grams of peito de frango com pele cru,1,1
15691305,28381791,35903737,532,Arroz cozido simples,100.0,,,,,,2,1
15691305,28381792,35903740,651,Alface crua,30.0,,,,,,3,1
15691305,28381794,35903742,657,Beterraba (raiz) crua,30.0,,,,,,4,1
15691305,28381795,35903743,777,Azeite,8.0,,,,,,5,1
15691305,28381829,35903795,700,Tomate cru,50.0,,,,,,6,1
15691305,28381831,35903798,731,Maçã com casca,120.0,,,,,,7,1
15691305,28381789,35903734,907,Sopa de abóbora,200.0,,,,,,1,0
15691305,28381790,35903735,300,Peito de frango com pele cru,120.0,,,,,100 grams of peito de frango com pele cru,1,1
15691305,28381791,35903738,550,Esparguete cozido,140.0,,,,,,2,1
15691305,28381792,35903740,651,Alface crua,30.0,,,,,,3,1
15691305,28381794,35903742,657,Beterraba (raiz) crua,30.0,,,,,,4,1
15691305,28381795,35903743,777,Azeite,8.0,,,,,,5,1
15691305,28381829,35903795,700,Tomate cru,50.0,,,,,,6,1
15691305,28381831,35903798,731,Maçã com casca,120.0,,,,,,7,1
15691305,28381789,35903734,907,Sopa de abóbora,200.0,,,,,,1,0
15691305,28381790,35903736,423,Pescada europeia cozida,120.0,,,,,,1,1
15691305,28381791,35903738,550,Esparguete cozido,140.0,,,,,,2,1
15691305,28381792,35903740,651,Alface crua,30.0,,,,,,3,1
15691305,28381794,35903742,657,Beterraba (raiz) crua,30.0,,,,,,4,1
15691305,28381795,35903743,777,Azeite,8.0,,,,,,5,1
15691305,28381829,35903795,700,Tomate cru,50.0,,,,,,6,1
15691305,28381831,35903798,731,Maçã com casca,120.0,,,,,,7,1
15691305,28381789,35903734,907,Sopa de abóbora,200.0,,,,,,1,0
15691305,28381790,35903736,423,Pescada europeia cozida,120.0,,,,,,1,1
15691305,28381791,35903739,638,Batata cozida,150.0,,,,,,2,1
15691305,28381792,35903740,651,Alface crua,30.0,,,,,,3,1
15691305,28381794,35903742,657,Beterraba (raiz) crua,30.0,,,,,,4,1
15691305,28381795,35903743,777,Azeite,8.0,,,,,,5,1
15691305,28381829,35903795,700,Tomate cru,50.0,,,,,,6,1
15691305,28381831,35903798,731,Maçã com casca,120.0,,,,,,7,1
15691305,28381789,35903734,907,Sopa de abóbora,200.0,,,,,,1,0
15691305,28381790,35903736,423,Pescada europeia cozida,120.0,,,,,,1,1
15691305,28381791,35903739,638,Batata cozida,150.0,,,,,,2,1
15691305,28381792,35903740,651,Alface crua,30.0,,,,,,3,1
15691305,28381794,35903742,657,Beterraba (raiz) crua,30.0,,,,,,4,1
15691305,28381795,35903743,777,Azeite,8.0,,,,,,5,1
15691305,28381829,35903795,700,Tomate cru,50.0,,,,,,6,1
15691305,28381831,35903798,731,Maçã com casca,120.0,,,,,,7,1
15691306,28381839,35903807,565,Pão de mistura de trigo e centeio,70.0,,,,,,1,
15691306,28381840,35903808,35,"Queijo Flamengo, 30% gordura",20.0,,,,,,2,
15691306,28381864,35903839,264,Fiambre,30.0,,,,,,3,
15691306,28381870,35903853,10,Leite de vaca UHT magro,200.0,,,,,,4,
15691941,28381977,35904010,760,Uva tinta,80.0,,,,,,1,
15691307,28381992,35904036,907,Sopa de abóbora,200.0,,,,,,1,0
15691307,28381991,35904035,660,Brócolos cozidos,90.0,,,,,,1,1
15691307,28381993,35904037,300,Peito de frango com pele cru,120.0,,,,,100 grams of peito de frango com pele cru,2,1
15691307,28381994,35904039,532,Arroz cozido simples,150.0,,,,,,3,1
15691307,28381995,35904042,777,Azeite,8.0,,,,,,4,1
15691307,28381992,35904036,907,Sopa de abóbora,200.0,,,,,,1,0
15691307,28381991,35904035,660,Brócolos cozidos,90.0,,,,,,1,1
15691307,28381993,35904037,300,Peito de frango com pele cru,120.0,,,,,100 grams of peito de frango com pele cru,2,1
15691307,28381994,35904039,532,Arroz cozido simples,150.0,,,,,,3,1
15691307,28381995,35904042,777,Azeite,8.0,,,,,,4,1
15691307,28381992,35904036,907,Sopa de abóbora,200.0,,,,,,1,0
15691307,28381991,35904035,660,Brócolos cozidos,90.0,,,,,,1,1
15691307,28381993,35904037,300,Peito de frango com pele cru,120.0,,,,,100 grams of peito de frango com pele cru,2,1
15691307,28381994,35904040,550,Esparguete cozido,200.0,,,,,,3,1
15691307,28381995,35904042,777,Azeite,8.0,,,,,,4,1
15691307,28381992,35904036,907,Sopa de abóbora,200.0,,,,,,1,0
15691307,28381991,35904035,660,Brócolos cozidos,90.0,,,,,,1,1
15691307,28381993,35904038,423,Pescada europeia cozida,120.0,,,,,,2,1
15691307,28381994,35904040,550,Esparguete cozido,200.0,,,,,,3,1
15691307,28381995,35904042,777,Azeite,8.0,,,,,,4,1
15691307,28381992,35904036,907,Sopa de abóbora,200.0,,,,,,1,0
15691307,28381991,35904035,660,Brócolos cozidos,90.0,,,,,,1,1
15691307,28381993,35904038,423,Pescada europeia cozida,120.0,,,,,,2,1
15691307,28381994,35904041,638,Batata cozida,220.0,,,,,,3,1
15691307,28381995,35904042,777,Azeite,8.0,,,,,,4,1
15691307,28381992,35904036,907,Sopa de abóbora,200.0,,,,,,1,0
15691307,28381991,35904035,660,Brócolos cozidos,90.0,,,,,,1,1
15691307,28381993,35904038,423,Pescada europeia cozida,120.0,,,,,,2,1
15691307,28381994,35904041,638,Batata cozida,220.0,,,,,,3,1
15691307,28381995,35904042,777,Azeite,8.0,,,,,,4,1
15691308,28381989,35904032,10,Leite de vaca UHT magro,200.0,,,,,,1,
16523188,30402201,38624751,48327,"Breakfast cereal, malted wheat, fortified",1.0,38012,average portion,45.0,45.0,,1,
16523188,30402203,38624753,49569,"Milk, skimmed, pasteurised, winter",1.0,40217,average portion with cereals,100.0,100.0,,2,
16523188,30402209,38624759,50221,"Raspberries, raw",1.0,41361,portion,60.0,60.0,,3,
16523189,30402431,38625134,48788,"Crispbread, rye",2.0,39072,craker,15.0,30.0,,1,
16523189,30402433,38625136,48530,"Cheese, spreadable, soft white, low fat",1.0,38452,sandwich portion,30.0,30.0,,2,
16523189,30402443,38625146,50342,"Salmon, smoked (cold-smoked)",1.0,41535,average portion,56.0,56.0,,3,
16523190,30402475,38625181,173743,Spinach & Ricotta Tortelloni Fresh,1.0,136146,Pack,150.0,150.0,,1,1
16523190,30402476,38625182,50384,"Sauce, pasta, tomato based, napoletana",1.0,41573,portion,90.0,90.0,,2,1
16523190,30402484,38625191,48571,"Chicken, breast, grilled without skin, meat only",1.0,38547,small portion,100.0,100.0,,3,1
16523190,30402485,38625192,47998,"Bananas, raw, flesh only, weighed with skin",1.0,37372,large unit,120.0,120.0,,1,2
16523190,30402487,38625194,50787,"Yogurt, low fat, fruit",1.0,42233,large pot,150.0,150.0,,2,2
16523192,30402523,38625236,50654,"Tortilla, wheat, soft",2.0,42027,unit,40.0,80.0,,1,1
16523192,30402572,38625423,48145,"Beef, sirloin steak, grilled rare, lean and fat",1.0,37653,medium portion,144.0,144.0,,2,1
16523192,30402575,38625426,49868,"Pepper, capsicum, red, raw",0.5,40662,medium unit,160.0,80.0,,3,1
16523192,30402576,38625427,49870,"Pepper, capsicum, yellow, raw",0.5,40666,medium unit,160.0,80.0,,4,1
16523192,30402581,38625434,49712,"Onions, raw",1.0,40462,medium unit,150.0,150.0,,5,1
16523192,30402589,38625453,49588,Mixed curry spices,1.0,40291,teaspoon,3.0,3.0,,6,1
16523192,30402629,38625510,48936,"Dips, sour-cream based, reduced fat",1.0,39355,heaped tablespoon,33.0,33.0,,7,1
16518273,30388386,38608471,48334,"Breakfast cereal, rice, toasted/crisp, fortified",1.0,38028,large portion,45.0,45.0,,1,
16518273,30388387,38608473,49569,"Milk, skimmed, pasteurised, winter",1.0,40217,average portion with cereals,100.0,100.0,,2,
16518273,30388389,38608475,50463,Smoothies,150.0,,,,,,3,
16518274,30388391,38608477,47997,"Bananas, flesh only",1.0,37367,medium unit,100.0,100.0,,1,
16518275,30388603,38608780,50359,"Sandwich, white bread, egg mayonnaise",1.0,41555,portion,145.0,145.0,,1,1
16518275,30388613,38608794,50122,"Potato crisps, low fat",1.0,41186,medium pack,40.0,40.0,,2,1
16518275,30389311,38609602,49448,"Lettuce, average, raw",1.0,40021,portion,20.0,20.0,,3,1
16518275,30389317,38609610,50641,"Tomatoes, standard, raw",1.0,42009,medium unit,85.0,85.0,,4,1
16518277,30388394,38608480,50691,"Turkey, mince, stewed",1.0,42071,large portion,220.0,220.0,,1,1
16518277,30388464,38608608,50384,"Sauce, pasta, tomato based, napoletana",1.0,41573,portion,90.0,90.0,,2,1
16518277,30388465,38608611,50502,"Spinach, frozen, boiled in unsalted water",1.0,41807,serving,90.0,90.0,,3,1
16518277,30388467,38608613,49868,"Pepper, capsicum, red, raw",1.0,40662,medium unit,160.0,160.0,,4,1
16518277,30388469,38608615,48753,"Courgette, boiled in unsalted water",1.0,38991,large portion,120.0,120.0,,5,1
16518277,30388519,38608690,48784,"Creme caramel, retail",1.0,39065,portion,100.0,100.0,,1,7
16519243,30391013,38611470,28224,"Smoothie, raspberry and banana (low-fat yoghurt and orange juice)",250.0,,,,,,1,
16519243,30391017,38611476,48309,"Bread, wholemeal, average",1.0,37960,medium slice,36.0,36.0,,2,
16519243,30391185,38611675,49829,"Peanut butter, smooth",1.0,40590,portion pack,25.0,25.0,,3,
16519243,30391186,38611677,47997,"Bananas, flesh only",1.0,37367,medium unit,100.0,100.0,,4,
16519244,30391190,38611685,50216,Raisins,1.0,41358,tablespoon,30.0,30.0,,1,
16519245,30391230,38611731,50346,"Salmon, wild, grilled",1.0,41539,portion,100.0,100.0,,1,1
16519245,30391232,38611735,172894,Cannelini Beans in Water,0.5,135621,Can,230.0,115.0,,2,1
16519245,30391236,38611739,48027,"Beans, broad, whole, boiled in unsalted water",1.0,37395,portion,120.0,120.0,,3,1
16519245,30391242,38611745,48024,"Beans, blackeye, whole, dried, boiled in unsalted water",1.0,37391,portion,60.0,60.0,,4,1
16519245,30391248,38611751,49678,"Oil, olive",1.0,40417,teaspoon,3.0,3.0,,5,1
16519245,30391265,38611768,50731,Vinegar,1.0,42126,tablespoon,15.0,15.0,,6,1
16519245,30391266,38611769,48010,"Basil, fresh",6.0,,,,,,7,1
16519245,30391547,38612105,49868,"Pepper, capsicum, red, raw",50.0,,,,,,8,1
16519245,30391548,38612106,50567,"Sweetcorn kernels, canned in water, drained",1.0,41897,tablespoon,30.0,30.0,,9,1
16519246,30391871,38612443,48788,"Crispbread, rye",2.0,39072,craker,15.0,30.0,,1,
16519246,30392134,38612827,48500,"Cheese, cottage, plain, reduced fat",1.0,38385,sandwich portion,50.0,50.0,,2,
16519247,30392322,38613049,48572,"Chicken, breast, grilled, meat and skin",1.0,38552,medium portion,130.0,130.0,,1,0
16519247,30392328,38613055,50561,"Sweet potato, baked",1.0,41892,average portion,130.0,130.0,,2,0
16519247,30392333,38613060,48349,"Broccoli, green, steamed",1.0,38077,large portion,110.0,110.0,,3,0
16517805,30387220,38607177,48340,"Breakfast cereal, wheat biscuits, Weetabix type, fortified",3.0,38054,bisk,20.0,60.0,,1,
16517805,30387221,38607178,49569,"Milk, skimmed, pasteurised, winter",1.0,40217,average portion with cereals,100.0,100.0,,2,
16517805,30387223,38607180,48262,Blueberries,60.0,,,,,,3,
16517807,30387245,38607208,50672,"Tuna, canned in brine, drained",1.0,42040,small can,100.0,100.0,,1,1
16517807,30387255,38607219,81269,"Wheat tortilla wrap, to be filled",80.0,,,,,,2,1
16517807,30387258,38607223,50641,"Tomatoes, standard, raw",1.0,42009,medium unit,85.0,85.0,,3,1
16517807,30387259,38607224,49448,"Lettuce, average, raw",1.0,40021,portion,20.0,20.0,,4,1
16517807,30387262,38607227,49516,"Mayonnaise, reduced fat",1.0,40101,heaped tablespoon,33.0,33.0,,5,1
16517808,30387401,38607369,49829,"Peanut butter, smooth",1.0,40590,portion pack,25.0,25.0,,1,
16517808,30387402,38607370,47929,"Apples, eating, raw, flesh and skin",1.0,37266,large eating,153.0,153.0,,2,
16517809,30387265,38607232,50720,"Vegetable stir fry mix, fried in rapeseed oil",200.0,,,,,,1,1
16517809,30387542,38607514,48599,"Chicken, meat, average, roasted",1.0,38633,medium breast,130.0,130.0,,2,1
16517809,30387662,38607693,49650,"Noodles, rice, fine, dried, boiled in unsalted water",100.0,,,,,,3,1
16517809,30387397,38607364,49256,"Jelly, made with water",1.0,39825,pot,125.0,125.0,,1,7
16713658,30865334,39159932,50093,"Porridge oats, unfortified, cooked, made up with semi-skimmed milk",150.0,,,,,,1,
16713658,30865335,39159933,50216,Raisins,1.0,41358,tablespoon,30.0,30.0,,2,
16713658,30865336,39159934,5236,"Nuts, cashew nuts, raw",30.0,,,,,,3,
16713658,30865337,39159935,49837,"Pears, average, raw, flesh only",1.0,40607,medium comice unit,150.0,150.0,,4,
16713658,30865338,39159936,21654,"Coffee infusion, with milk",250.0,,,,,,5,
16713659,30865339,39159937,47930,"Apples, eating, raw, flesh and skin, weighed with core",1.0,37268,medium eating,112.0,112.0,,1,
16713660,30865340,39159938,48310,"Bread, wholemeal, toasted",3.0,37962,small slice,23.0,69.0,,1,1
16713660,30865341,39159939,48522,"Cheese, Quark",3.0,38432,heaped tablespoon,55.0,165.0,,2,1
16713660,30865342,39159940,4741,"Radishes, raw",1.0,9302,cup of slices,58.0,58.0,,3,1
16713660,30865343,39159941,50500,"Spinach, baby, raw",30.0,,,,,,4,1
16713660,30865344,39159942,1719,"Parmesan cheese topping, fat free",50.0,,,,,,5,1
16713661,30865346,39159944,81795,"Yoghurt, high in protein, on a fruit layer",125.0,,,,,,1,
16713661,30865740,39160349,49023,"Figs, whole green fruit, raw",1.0,39493,unit,55.0,55.0,,2,
16713662,30865349,39159947,81343,"Millet, cooked, unsalted",100.0,,,,,,1,1
16713662,30865350,39159948,48464,"Cauliflower in white sauce, made with skimmed milk, homemade",1.0,38302,main dish portion,200.0,200.0,,2,1
16713662,30865351,39159949,27408,Carrots,100.0,,,,,,3,1
16713662,30865679,39160280,28299,Vegetarian sausage fried in olive oil,100.0,,,,,,4,1
16522856,30401187,38623509,48319,"Breakfast cereal, cornflakes, frosted, fortified",1.0,37988,large portion,50.0,50.0,,1,
16522856,30401188,38623510,47997,"Bananas, flesh only",1.0,37368,large unit,120.0,120.0,,2,
16522856,30401379,38623747,49569,"Milk, skimmed, pasteurised, winter",1.0,40217,average portion with cereals,100.0,100.0,,3,
16522857,30401716,38624185,48713,"Coffee, instant, made up with water and whole milk",1.0,38900,mug,260.0,260.0,,1,
16522858,30401408,38623872,50360,"Sandwich, white bread, ham salad",1.0,41556,portion,180.0,180.0,,1,1
16522858,30401560,38624029,48800,"Cucumber, raw, flesh and skin",4.0,39094,slice,6.0,24.0,,2,1
16522858,30401565,38624034,50641,"Tomatoes, standard, raw",1.0,42011,slice,17.0,17.0,,3,1
16522858,30401566,38624035,49448,"Lettuce, average, raw",1.0,40020,small leaf,5.0,5.0,,4,1
16522858,30401806,38624279,49642,"Mustard, wholegrain",1.0,40375,level teaspoon,8.0,8.0,,5,1
16522858,30401812,38624285,48520,"Cheese, processed, slices, reduced fat",1.0,38420,slice,20.0,20.0,,6,1
16522858,30401711,38624180,49714,"Orange juice, chilled",1.0,40471,average glass,160.0,160.0,,1,7
16522859,30401712,38624181,49940,"Pineapple, raw, flesh only",2.0,40798,large slice,80.0,160.0,,1,
16522860,30401129,38623423,49649,"Noodles, egg, thick, dried, boiled in unsalted water",1.0,40381,serving,280.0,280.0,,1,1
16522860,30401134,38623429,48599,"Chicken, meat, average, roasted",1.0,38625,large portion,170.0,170.0,,2,1
16522860,30401137,38623432,50567,"Sweetcorn kernels, canned in water, drained",1.0,41898,average portion,85.0,85.0,,3,1
16522860,30401141,38623436,48984,"Eggs, chicken, whole, boiled",1.0,39395,(size 1) unit,67.0,67.0,,4,1
16522860,30401144,38623439,50433,"Seaweed, nori, dried, raw",50.0,,,,,,5,1
16522860,30401149,38623444,50511,"Spring onions, bulbs and tops, raw",50.0,,,,,,6,1
16522860,30401152,38623449,49732,"Pak choi, steamed",200.0,,,,,,7,1
16522860,30401154,38623459,50532,"Stock cubes, chicken, made up with water",2.0,41851,half pint,284.0,568.0,,8,1
16525516,30410009,38634301,565,Pão de mistura de trigo e centeio,60.0,,,,,,1,
16525516,30410012,38634304,478,Ovo de galinha inteiro cru,80.0,,,,,,2,
16525516,30410014,38634306,900,Sumo de laranja (100%),200.0,,,,,,3,
16525516,30410160,38634452,741,Melão,100.0,,,,,,4,
16525517,30410232,38634557,713,Banana,100.0,,,,,,1,
16525517,30410250,38634601,5760,"Beverages, Protein powder whey based",25.0,,,,,,2,
16525518,30410256,38634615,174,"Bife de vaca (acém, alcatra ou lombo) grelhado",100.0,,,,,,1,1
16525518,30410261,38634620,550,Esparguete cozido,180.0,,,,,,2,1
16525518,30410271,38634630,660,Brócolos cozidos,100.0,,,,,,3,1
16525518,30410272,38634631,700,Tomate cru,50.0,,,,,,4,1
16525518,30410276,38634635,746,Papaia,100.0,,,,,,1,2
16525519,30410293,38634653,713,Banana,100.0,,,,,,1,
16525519,30410298,38634658,50,Iogurte natural sólido magro,125.0,,,,,,2,
16525519,30410302,38634662,593,"Flocos de milho tipo ""Corn Flakes""",30.0,,,,,,3,
16525715,30410308,38634669,774,"Noz, miolo",20.0,,,,,,1,
16525715,30410354,38634715,50,Iogurte natural sólido magro,150.0,,,,,,2,
16525715,30410360,38634722,822,Mel,30.0,,,,,,3,
16525520,30410586,38634969,432,Robalo grelhado,100.0,,,,,,1,1
16525520,30410589,38634973,645,Batata doce assada,150.0,,,,,,2,1
16525520,30410622,38635006,678,Couve-flor cozida,150.0,,,,,,3,1
16525520,30410626,38635010,710,Ananás,100.0,,,,,,1,2
16516423,30384526,38603888,48287,"Bread, brown, toasted",1.0,37905,small slice,23.0,23.0,,1,
16516423,30384672,38604034,4817,"Tomatoes, red, ripe, raw, year round average",1.0,9423,cup cherry tomatoes,149.0,149.0,,2,
16516423,30386829,38606735,50734,"Walnuts, kernel only",1.0,42128,portion,20.0,20.0,,3,
16516423,30386981,38606894,3957,"Plums, raw",1.0,7802,"unit (2-1/8"" dia)",66.0,66.0,,4,
16516423,30387399,38607367,1678,"Egg, whole, cooked, omelet",60.0,,,,,,5,
16516426,30386076,38605767,4056,"Apples, raw, red delicious, with skin",1.0,7985,medium unit,212.0,212.0,,1,
16714374,30867210,39161957,49601,"Muesli, Swiss style, no added sugar or salt, unfortified",1.0,40302,medium portion,50.0,50.0,,1,
16714374,30867216,39161963,81795,"Yoghurt, high in protein, on a fruit layer",125.0,,,,,,2,
16714374,30867283,39162034,4056,"Apples, raw, red delicious, with skin",150.0,,,,,,3,
16714374,30868597,39163496,5228,"Nuts, almonds, dry roasted, without salt added",30.0,,,,,,4,
16714373,30867320,39162096,49715,"Orange juice, freshly squeezed",150.0,,,,,,1,
16714372,30870416,39165591,28870,"Salad, mixed, 7 vegetables",250.0,,,,,,1,1
16714372,30870421,39165596,1733,"Cheese, parmesan, dry grated, reduced fat",50.0,,,,,,2,1
16714372,30870425,39165600,67479,"Seeds, hemp seed, hulled",1.0,54159,tbsp,30.0,30.0,,3,1
16714371,30868298,39163195,7759,"Puddings, vanilla, ready-to-eat, fat free",125.0,,,,,,1,
16714370,30867021,39161754,28888,"Salad, mixed (lettuce, peppers, tomatoes, onion), homemade",100.0,,,,,,1,1
16714370,30867827,39162671,6270,"Fish, cod, Pacific, cooked",120.0,,,,,,2,1
16714370,30867852,39162745,50254,"Rice, brown, wholegrain, boiled in unsalted water",100.0,,,,,,3,1
16714370,30867994,39162888,4848,"Vegetables, mixed, frozen, cooked, boiled, drained, without salt",100.0,,,,,,4,1
16714370,30867022,39161755,4025,"Pears, raw, green anjou",1.0,7946,large unit,242.0,242.0,,1,2
16715336,30869421,39164334,49601,"Muesli, Swiss style, no added sugar or salt, unfortified",1.0,40302,medium portion,50.0,50.0,,1,
16715336,30869422,39164335,81795,"Yoghurt, high in protein, on a fruit layer",125.0,,,,,,2,
16715336,30869424,39164337,5228,"Nuts, almonds, dry roasted, without salt added",25.0,,,,,,3,
16715336,30869449,39164369,3915,"Peaches, yellow, raw",1.0,7720,"medium unit (2-2/3"" dia)",150.0,150.0,,4,
16715337,30869565,39164488,7283,"Muffins, English, raisin-cinnamon, toasted (includes apple-cinnamon)",1.0,14093,unit,52.0,52.0,,1,
16715338,30869426,39164339,82249,"Caesar's salad (salad, chicken, croûtons, sauce)",230.0,,,,,,1,1
16715339,30869683,39164651,3767,"Bananas, raw",1.0,7431,"medium unit (7"" to 7-7/8"" long)",118.0,118.0,,1,
16715340,30869431,39164344,50254,"Rice, brown, wholegrain, boiled in unsalted water",100.0,,,,,,1,1
16715340,30870179,39165240,48116,"Beef, minced, stewed with onions, extra lean",200.0,,,,,,2,1
16715340,30870372,39165521,4969,"Carrots, cooked, boiled, drained, with salt",100.0,,,,,,3,1
16715340,30870382,39165543,4468,"Broccoli, cooked, boiled, drained, without salt",100.0,,,,,,4,1
16715340,30869429,39164342,4025,"Pears, raw, green anjou",1.0,7946,large unit,242.0,242.0,,1,2
16520289,30394311,38615134,49093,"Fruit salad, homemade",1.0,39616,portion,140.0,140.0,,1,
16520289,30395412,38616294,50789,"Yogurt, low fat, plain",1.0,42239,large pot,150.0,150.0,,2,
16520289,30395414,38616300,49216,Honey,1.0,39759,heaped teaspoon,17.0,17.0,,3,
16520290,30394872,38615747,173501,Wild West Beef Jerky,0.5,135960,pack,100.0,50.0,,1,
16520291,30394647,38615501,50475,"Soup, cream of tomato, canned",1.0,41719,large can,405.0,405.0,,1,0
16520291,30394708,38615562,48310,"Bread, wholemeal, toasted",2.0,37963,medium slice,31.0,62.0,,1,1
16520291,30394715,38615570,49005,"Fat spread, low fat (26-39%), not polyunsaturated, with olive oil",1.0,39427,thick spread,10.0,10.0,,2,1
16520291,30395178,38616055,47998,"Bananas, raw, flesh only, weighed with skin",1.0,37371,medium unit,100.0,100.0,,1,7
16520291,30394647,38615501,50475,"Soup, cream of tomato, canned",1.0,41719,large can,405.0,405.0,,1,0
16520291,30394708,38615565,48287,"Bread, brown, toasted",2.0,37906,medium slice,31.0,62.0,,1,1
16520291,30394715,38615570,49005,"Fat spread, low fat (26-39%), not polyunsaturated, with olive oil",1.0,39427,thick spread,10.0,10.0,,2,1
16520291,30395178,38616055,47998,"Bananas, raw, flesh only, weighed with skin",1.0,37371,medium unit,100.0,100.0,,1,7
16520293,30395185,38616062,50074,"Pork, spare ribs, 'barbecue style', homemade",1.0,41065,portion,140.0,140.0,,1,1
16520293,30395272,38616149,48435,"Carrots, old, raw",1.0,38237,medium portion,60.0,60.0,,2,1
16520293,30395319,38616196,48385,"Cabbage, average, raw",1.0,38173,portion,90.0,90.0,,3,1
16520293,30395320,38616199,49712,"Onions, raw",1.0,40461,small unit,60.0,60.0,,4,1
16520293,30395323,38616202,48802,"Curly kale, boiled in unsalted water",1.0,39098,serving,90.0,90.0,,5,1
16520293,30395405,38616286,50154,"Potatoes, old, wedges, with skin, homemade, cooked in rapeseed oil",100.0,,,,,,6,1
16520293,30395409,38616291,50183,"Pudding, rice, canned, low fat",1.0,41304,portion,200.0,200.0,,1,7
16520293,30395550,38616441,48669,"Cinnamon, ground",1.0,38790,teaspoon,3.0,3.0,,2,7
16519683,30392346,38613077,49629,"Mushrooms, white, fried in salted butter",1.5,40344,average serving,44.0,66.0,,1,
16519683,30392348,38613079,48787,"Creme fraiche, half fat",15.0,,,,,,2,
16519683,30392350,38613081,50502,"Spinach, frozen, boiled in unsalted water",1.0,41807,serving,90.0,90.0,,3,
16519683,30392351,38613082,48310,"Bread, wholemeal, toasted",2.0,37963,medium slice,31.0,62.0,,4,
16519683,30392368,38613101,48987,"Eggs, chicken, whole, fried, without fat",1.0,39401,unit,60.0,60.0,,5,
16519683,30392448,38613181,47918,"Apple juice, clear, ambient and chilled",1.0,37249,average glass,160.0,160.0,,6,
16519684,30392451,38613184,48496,"Cheese, Cheddar type, '30% less fat'",1.0,38360,matchbox sized piece,30.0,30.0,,1,
16519684,30392454,38613187,48771,Cream crackers,2.0,39045,unit,7.0,14.0,,2,
16519684,30392455,38613188,49135,"Grapes, average",1.0,39661,small bunch,100.0,100.0,,3,
16519685,94377091,123646257,49786,"Pasta, white, twists, fusilli, dried, boiled in unsalted water",1.0,40553,small portion,150.0,150.0,,1,1
16519685,94377103,123646294,48758,"Courgette, raw",1.0,39007,medium unit,100.0,100.0,,2,1
16519685,94377113,123646306,50636,"Tomatoes, canned, whole contents",1.0,41993,large can,400.0,400.0,,3,1
16519685,94377117,123646315,49868,"Pepper, capsicum, red, raw",1.0,40662,medium unit,160.0,160.0,,4,1
16519685,94377120,123646319,49712,"Onions, raw",1.0,40461,small unit,60.0,60.0,,5,1
16519685,94377122,123646321,48010,"Basil, fresh",1.0,37380,large sprig,1.0,1.0,,6,1
16519685,94377124,123646324,49101,"Garlic, raw",1.0,39621,unit,10.0,10.0,,7,1
16519685,30393444,38614233,47929,"Apples, eating, raw, flesh and skin",1.0,37265,medium eating,100.0,100.0,,1,7
16519687,30392738,38613495,49337,"Lamb, leg, whole, roasted, lean and fat",1.0,39935,medium portion,90.0,90.0,,1,1
16519687,30392740,38613498,50145,"Potatoes, old, mashed with butter",1.0,41246,small portion,120.0,120.0,,2,1
16519687,30392741,38613499,50723,"Vegetables, mixed, frozen, boiled in unsalted water",1.0,42120,serving,90.0,90.0,,3,1
16519687,30392744,38613502,49140,"Gravy instant granules, made up with water",1.0,39669,medium portion,50.0,50.0,,4,1
16519687,30392750,38613511,50800,"Yorkshire pudding, made with skimmed milk, homemade",1.0,42264,portion,80.0,80.0,,5,1
16519687,30393596,38614409,49255,"Jelly, made with skimmed milk",1.0,39823,pot,125.0,125.0,,1,7
16518682,30389458,38609756,49502,"Mangoes, ripe, raw, flesh only",1.0,40081,unit,150.0,150.0,,1,
16518682,30389483,38609781,49601,"Muesli, Swiss style, no added sugar or salt, unfortified",1.0,40301,small portion,30.0,30.0,,2,
16518682,30389521,38609830,49569,"Milk, skimmed, pasteurised, winter",1.0,40217,average portion with cereals,100.0,100.0,,3,
16518682,30389627,38609937,50789,"Yogurt, low fat, plain",1.0,42238,average pot,125.0,125.0,,4,
16518780,30390809,38611252,48788,"Crispbread, rye",2.0,39069,thin cracker,5.0,10.0,,1,
16518780,30390831,38611274,49819,"Pate, tuna",1.0,40578,spread in slice of bread,40.0,40.0,,2,
16518780,30390834,38611277,48800,"Cucumber, raw, flesh and skin",1.0,39095,1'' piece,60.0,60.0,,3,
16518683,30389647,38609957,48500,"Cheese, cottage, plain, reduced fat",1.0,38385,sandwich portion,50.0,50.0,,1,
16518683,30389653,38609963,48309,"Bread, wholemeal, average",2.0,37960,medium slice,36.0,72.0,,2,
16518683,30389658,38609970,50504,"Spinach, mature, raw",1.0,41811,serving,90.0,90.0,,3,
16518683,30389647,38609957,48500,"Cheese, cottage, plain, reduced fat",1.0,38385,sandwich portion,50.0,50.0,,1,
16518683,30389653,38609965,48286,"Bread, brown, average",2.0,37903,medium slice,36.0,72.0,,2,
16518683,30389658,38609970,50504,"Spinach, mature, raw",1.0,41811,serving,90.0,90.0,,3,
16518685,30389803,38610125,47910,"Almonds, toasted",1.0,37242,portion,13.0,13.0,,1,
16518686,30389856,38610190,48126,"Beef, rump steak, strips, stir-fried in corn oil, lean",1.0,37580,medium portion,144.0,144.0,,1,1
16518686,30389857,38610191,50250,"Rice, brown, basmati, boiled in unsalted water",1.0,41383,medium portion,180.0,180.0,,2,1
16518686,30389876,38610212,50639,"Tomatoes, standard, fried in rapeseed oil",1.0,42001,medium unit,85.0,85.0,,3,1
16518686,30389881,38610217,48038,"Beans, green, boiled in unsalted water",1.0,37407,medium portion,90.0,90.0,,4,1
16518686,30389884,38610220,49870,"Pepper, capsicum, yellow, raw",1.0,40666,medium unit,160.0,160.0,,5,1
16518686,30389912,38610253,2812,"Sauce, teriyaki, ready-to-serve",1.0,6137,tbsp,18.0,18.0,,6,1
16518686,30389913,38610255,49216,Honey,1.0,39760,level teaspoon,8.0,8.0,,7,1
16518686,30390387,38610769,49112,"Ginger, fresh",5.0,,,,,,8,1
16518686,30390978,38611421,50789,"Yogurt, low fat, plain",1.0,42238,average pot,125.0,125.0,,1,7
16518686,30389856,38610190,48126,"Beef, rump steak, strips, stir-fried in corn oil, lean",1.0,37580,medium portion,144.0,144.0,,1,1
16518686,30389857,38610203,50276,"Rice, wild, boiled in unsalted water",1.0,41426,medium portion,180.0,180.0,,2,1
16518686,30389876,38610212,50639,"Tomatoes, standard, fried in rapeseed oil",1.0,42001,medium unit,85.0,85.0,,3,1
16518686,30389881,38610217,48038,"Beans, green, boiled in unsalted water",1.0,37407,medium portion,90.0,90.0,,4,1
16518686,30389884,38610220,49870,"Pepper, capsicum, yellow, raw",1.0,40666,medium unit,160.0,160.0,,5,1
16518686,30389912,38610253,2812,"Sauce, teriyaki, ready-to-serve",1.0,6137,tbsp,18.0,18.0,,6,1
16518686,30389913,38610255,49216,Honey,1.0,39760,level teaspoon,8.0,8.0,,7,1
16518686,30390387,38610769,49112,"Ginger, fresh",5.0,,,,,,8,1
16518686,30390978,38611421,50789,"Yogurt, low fat, plain",1.0,42238,average pot,125.0,125.0,,1,7
16518057,30387696,38607730,48328,"Breakfast cereal, multigrain hoops, fortified",1.0,38015,large portion,50.0,50.0,,1,
16518057,30387697,38607731,49569,"Milk, skimmed, pasteurised, winter",1.0,40217,average portion with cereals,100.0,100.0,,2,
16518057,30387836,38607870,49935,"Pineapple juice, unsweetened",1.0,40789,average glass,160.0,160.0,,3,
16518058,30387840,38607874,49718,"Oranges, flesh only",1.0,40480,medium unit,160.0,160.0,,1,
16518059,30387844,38607878,50204,"Quiche, vegetable, retail",1.0,41346,medium slice,140.0,140.0,,1,1
16518059,30387847,38607883,49448,"Lettuce, average, raw",1.0,40022,iceberg unit,80.0,80.0,,2,1
16518059,30387857,38607893,50637,"Tomatoes, cherry, raw",1.0,41995,salad portion,34.0,34.0,,3,1
16518059,30387989,38608027,48800,"Cucumber, raw, flesh and skin",1.0,39095,1'' piece,60.0,60.0,,4,1
16518059,30388186,38608270,49077,"Fromage frais, virtually fat free, fruit",1.0,39589,large pot,100.0,100.0,,1,7
16518060,30388065,38608113,48474,"Celery, raw",3.0,38321,stick,30.0,90.0,,1,
16518060,30388066,38608116,49870,"Pepper, capsicum, yellow, raw",4.0,40667,sliced ring,10.0,40.0,,2,
16518060,30388067,38608117,48500,"Cheese, cottage, plain, reduced fat",1.0,38383,small pot,112.0,112.0,,3,
16518061,30388072,38608125,49427,"Lemon sole, flesh only, steamed",1.0,40006,large unit,220.0,220.0,,1,1
16518061,30388166,38608241,50224,"Ratatouille, homemade",1.0,41365,average serving,180.0,180.0,,2,1
16518061,30388167,38608242,48802,"Curly kale, boiled in unsalted water",1.0,39098,serving,90.0,90.0,,3,1
16518061,30388170,38608246,50183,"Pudding, rice, canned, low fat",1.0,41304,portion,200.0,200.0,,1,7
16742873,30938969,39246623,50680,Turkey slices,60.0,,,,,,1,
16742873,30938970,39246624,1634,"Milk, lowfat, fluid, 1% milkfat, with added vitamin A and vitamin D",250.0,,,,,,2,
16742873,30938971,39246625,7533,"Bagels, wheat",1.0,14630,unit,98.0,98.0,,3,
16742872,30938967,39246621,5226,"Nuts, almonds",10.0,10150,unit,1.2,12.0,,1,
16742872,30938968,39246622,47997,"Bananas, flesh only",150.0,,,,,,2,
16742872,30938988,39246642,3731,"Apples, raw, without skin",1.0,7371,"medium unit (3"" dia)",161.0,161.0,,3,
16742870,30938954,39246608,1665,"Yogurt, plain, low fat",200.0,,,,,,1,
16742870,30938955,39246609,50092,"Porridge oats, unfortified",30.0,,,,,,2,
16742870,30938956,39246610,3799,"Cranberries, raw",1.0,7486,"cup, whole",100.0,100.0,,3,
16742870,30938957,39246611,3978,"Raspberries, raw",1.0,7843,cup,123.0,123.0,,4,
16524590,30407523,38631516,50,Iogurte natural sólido magro,200.0,,,,,,1,
16524590,30407533,38631526,731,Maçã com casca,60.0,,,,,,2,
16524590,30407537,38631531,710,Ananás,60.0,,,,,,3,
16524590,30407542,38631544,592,"Flocos de trigo integral tipo ""All-Bran Flakes""",30.0,,,,,,4,
16524591,30408137,38632205,5760,"Beverages, Protein powder whey based",25.0,,,,,,1,
16524592,30408269,38632369,174,"Bife de vaca (acém, alcatra ou lombo) grelhado",100.0,,,,,,1,1
16524592,30408326,38632426,532,Arroz cozido simples,180.0,,,,,,2,1
16524592,30408382,38632529,700,Tomate cru,100.0,,,,,,3,1
16524592,30408387,38632534,664,Cenoura crua,50.0,,,,,,4,1
16524593,30408430,38632604,565,Pão de mistura de trigo e centeio,80.0,,,,,,1,
16524593,30408432,38632607,45,"Requeijão, 13% de proteína",70.0,,,,,,2,
16524593,30408459,38632640,746,Papaia,80.0,,,,,,3,
16524996,30408544,38632754,774,"Noz, miolo",20.0,,,,,,1,
16524594,30408687,38632897,381,Dourada grelhada,100.0,,,,,,1,1
16524594,30408704,38632914,534,Arroz de cenoura com azeite,120.0,,,,,,2,1
16524594,30408707,38632919,664,Cenoura crua,100.0,,,,,,3,1
16524594,30408711,38632923,700,Tomate cru,50.0,,,,,,4,1
16524154,30405393,38628747,565,Pão de mistura de trigo e centeio,90.0,,,,,,1,
16524154,30405431,38628798,264,Fiambre,15.0,,,,,,2,
16524154,30405465,38628840,10,Leite de vaca UHT magro,200.0,,,,,,3,
16524154,30405466,38628841,746,Papaia,100.0,,,,,,4,
16524155,30405539,38628958,565,Pão de mistura de trigo e centeio,80.0,,,,,,1,
16524155,30405549,38628971,36,"Queijo Flamengo, 45% gordura",20.0,,,,,,2,
16524155,30405747,38629169,50,Iogurte natural sólido magro,125.0,,,,,,3,
16524156,30405753,38629175,174,"Bife de vaca (acém, alcatra ou lombo) grelhado",100.0,,,,,,1,1
16524156,30405761,38629184,550,Esparguete cozido,180.0,,,,,,2,1
16524156,30405778,38629275,660,Brócolos cozidos,100.0,,,,,,3,1
16524156,30405781,38629280,700,Tomate cru,50.0,,,,,,4,1
16524156,30405783,38629282,710,Ananás,100.0,,,,,,1,2
16524157,30405883,38629439,565,Pão de mistura de trigo e centeio,80.0,,,,,,1,
16524157,30405887,38629447,36,"Queijo Flamengo, 45% gordura",20.0,,,,,,2,
16524157,30405891,38629471,264,Fiambre,30.0,,,,,,3,
16524157,30405892,38629484,900,Sumo de laranja (100%),200.0,,,,,,4,
16524158,30405910,38629502,436,Salmão grelhado,100.0,,,,,,1,1
16524158,30405914,38629508,645,Batata doce assada,180.0,,,,,,2,1
16524158,30405917,38629513,700,Tomate cru,100.0,,,,,,3,1
16524158,30405918,38629514,664,Cenoura crua,50.0,,,,,,4,1
16524158,30405922,38629518,746,Papaia,100.0,,,,,,1,2
15736097,28488430,36052268,48309,"Bread, wholemeal, average",120.0,,,,,,1,
15736097,28488627,36052480,48498,"Cheese, Cheddar, English",1.0,38376,matchbox sized piece,30.0,30.0,,2,
15736097,28488733,36052588,47997,"Bananas, flesh only",1.0,37367,medium unit,100.0,100.0,,3,
15736097,28488889,36052749,49561,"Milk, semi-skimmed, pasteurised, average",1.0,40166,portion in mug of tea/coffee,30.0,30.0,,4,
15732407,28479103,36037864,23038,"Light custard cream with vanilla, prepacked",150.0,,,,,,1,
15732407,28479133,36037905,50537,"Strawberries, raw",120.0,,,,,,2,
15732407,28479147,36037923,27318,"Crispbread rye, whole grain",40.0,,,,,,3,
15732407,28479173,36037977,81786,"Fresh cream cheese, plain, around 3% fat",40.0,,,,,,4,
15732407,28479211,36038113,22427,"Radish, raw",60.0,,,,,,5,
15732411,28479937,36039126,27386,"Bread, rye",100.0,,,,,,1,1
15732411,28480016,36039221,48498,"Cheese, Cheddar, English",1.0,38376,matchbox sized piece,30.0,30.0,,2,1
15732411,28480019,36039224,49876,"Peppers, capsicum, chilli, red, raw",50.0,,,,,,3,1
15732411,28480043,36039269,48435,"Carrots, old, raw",50.0,,,,,,4,1
15732411,28480191,36039432,48381,"Butter, unsalted",1.0,38162,average spread on toasted crumpet,15.0,15.0,,5,1
15732411,28480214,36039484,48522,"Cheese, Quark",70.0,,,,,,6,1
15732411,28480233,36039600,49718,"Oranges, flesh only",1.0,40479,small unit,120.0,120.0,,1,2
16732801,30914009,39216339,48309,"Bread, wholemeal, average",60.0,,,,,,1,
16732801,30914031,39216370,50680,Turkey slices,30.0,,,,,,2,
16732801,30914039,39216379,48515,"Cheese, Mozzarella, fresh",30.0,,,,,,3,
16732801,30914059,39216400,3894,"Orange juice, raw",250.0,,,,,,4,
16732801,30914062,39216406,3766,"Avocados, raw, Florida",60.0,,,,,,5,
16732802,30914325,39216718,3399,"Cereals ready-to-eat, granola, homemade",50.0,,,,,,1,
16732802,30914336,39216729,5304,"Seeds, flaxseed",15.0,,,,,,2,
16732802,30914350,39216743,7797,Honey,15.0,,,,,,3,
16732802,30914356,39216749,47997,"Bananas, flesh only",120.0,,,,,,4,
16732802,31054495,39373787,67402,"Yogurt, Greek, whole, plain, CHOBANI",200.0,,,,,,5,
16732802,31054646,39373946,3978,"Raspberries, raw",1.0,7843,cup,123.0,123.0,,6,
16732802,31054648,39373949,3877,"Mangos, raw",0.5,7616,cup pieces,165.0,82.5,,7,
16732802,31054656,39373963,5760,"Beverages, Protein powder whey based",20.0,,,,,,8,
16732804,30914684,39217104,3406,"Cereals ready-to-eat, QUAKER, QUAKER OAT LIFE, plain",30.0,,,,,,1,
16732804,30914763,39217199,5202,"Seeds, chia seeds, dried",15.0,,,,,,2,
16732804,30914767,39217203,47988,"Bagels, plain",60.0,,,,,,3,
16732804,30914775,39217211,7797,Honey,15.0,,,,,,4,
16732804,30914779,39217215,3989,"Strawberries, raw",8.0,7868,"small unit (1"" dia)",7.0,56.0,,5,
16732804,31057374,39376903,67402,"Yogurt, Greek, whole, plain, CHOBANI",200.0,,,,,,6,
16733337,30915353,39217828,49485,Lucozade,1.0,40058,medium bottle,500.0,500.0,,1,
15734279,28483181,36044838,48990,"Eggs, chicken, whole, scrambled, without milk",1.0,39407,portion,120.0,120.0,,1,
15734279,28484101,36046219,48310,"Bread, wholemeal, toasted",2.0,37962,small slice,23.0,46.0,,2,
15734279,28484124,36046247,49561,"Milk, semi-skimmed, pasteurised, average",1.0,40168,tablespoon,15.0,15.0,,3,
15734279,28484131,36046256,50640,"Tomatoes, standard, grilled, flesh and seeds only",1.0,42005,medium unit,85.0,85.0,,4,
15734279,28484134,36046259,49589,"Mixed herbs, dried",2.0,40292,teaspoon,1.0,2.0,,5,
15734281,28484344,36046532,48760,"Couscous, plain, cooked",1.0,39014,average portion,150.0,150.0,,1,1
15734281,28484346,36046534,48507,"Cheese, Feta",40.0,,,,,,2,1
15734281,28484377,36046579,27791,"Chicken, breast, without skin",60.0,,,,,,3,1
15734281,28484380,36046583,49868,"Pepper, capsicum, red, raw",50.0,,,,,,4,1
15734281,28484469,36046915,49869,"Pepper, capsicum, yellow, boiled in unsalted water",50.0,,,,,,5,1
15734281,28484568,36047014,49878,"Peppers, capsicum, green, raw",50.0,,,,,,6,1
15734283,28485391,36048224,22471,"White cabbage, raw",50.0,,,,,,1,1
15734283,28485530,36048363,48438,"Carrots, young, raw",1.0,38251,small portion,40.0,40.0,,2,1
15734283,28485532,36048366,49712,"Onions, raw",1.0,40464,slice,20.0,20.0,,3,1
15734283,28485556,36048405,50731,Vinegar,1.0,42126,tablespoon,15.0,15.0,,4,1
15734283,28485654,36048504,49422,"Lemon juice, fresh",5.0,,,,,,5,1
15734283,28485661,36048513,49561,"Milk, semi-skimmed, pasteurised, average",1.0,40168,tablespoon,15.0,15.0,,6,1
15734283,28485662,36048515,49517,"Mayonnaise, standard, retail",5.0,,,,,,7,1
15734283,28485845,36048723,48363,"Burger, beef, 62-85%, beef, grilled",100.0,,,,,,8,1
15734283,28485946,36048856,81238,"Rolls for hamburger/hotdog (buns), prepacked",80.0,,,,,,9,1
15734283,28485963,36048880,49448,"Lettuce, average, raw",3.0,40020,small leaf,5.0,15.0,,10,1
15734283,28485976,36048899,50641,"Tomatoes, standard, raw",2.0,42011,slice,17.0,34.0,,11,1
15734283,28485983,36048906,49107,"Gherkins, pickled, drained",1.0,39627,small portion,8.0,8.0,,12,1
16735552,30920673,39223626,7797,Honey,15.0,,,,,,1,
16735552,30920677,39223630,47997,"Bananas, flesh only",120.0,,,,,,2,
16735552,31074576,39397375,67402,"Yogurt, Greek, whole, plain, CHOBANI",200.0,,,,,,3,
16735552,31074746,39397566,5284,"Seeds, sesame butter, tahini, from roasted and toasted kernels (most common type)",1.0,10265,tbsp,15.0,15.0,,4,
16735552,31075102,39397963,3554,"Cereals, QUAKER, Quick Oats, Dry",50.0,,,,,,5,
16735553,30920747,39223735,48309,"Bread, wholemeal, average",60.0,,,,,,1,
16735553,30920753,39223741,48500,"Cheese, cottage, plain, reduced fat",60.0,,,,,,2,
16735553,30920757,39223746,3766,"Avocados, raw, Florida",60.0,,,,,,3,
16735553,30921103,39224177,3894,"Orange juice, raw",250.0,,,,,,4,
16735553,31074751,39397572,5226,"Nuts, almonds",6.0,10150,unit,1.2,7.199999999999999,,5,
16735555,30921792,39224900,7797,Honey,15.0,,,,,,1,
16735555,30921796,39224904,5304,"Seeds, flaxseed",15.0,,,,,,2,
16735555,30921821,39224933,4059,"Apples, raw, gala, with skin",1.0,7996,large unit,200.0,200.0,,3,
16735555,30921892,39225014,7138,"Bread, sticks, plain",4.0,13686,"stick (7-5/8"" x 5/8"")",10.0,40.0,,4,
16735555,31074765,39397589,67402,"Yogurt, Greek, whole, plain, CHOBANI",200.0,,,,,,5,
16735555,31075109,39397975,3554,"Cereals, QUAKER, Quick Oats, Dry",40.0,,,,,,6,
16736235,30922568,39225824,49485,Lucozade,500.0,,,,,,1,
16736236,30922569,39225825,49485,Lucozade,500.0,,,,,,1,
16735557,30922513,39225716,3814,"Figs, dried, uncooked",3.0,7508,unit,8.4,25.200000000000003,,1,
16735557,31074929,39397785,1739,"Milk, whole, 3.25% milkfat, without added vitamin A and vitamin D",1.0,3740,cup,244.0,244.0,,2,
16735557,31075113,39397979,3554,"Cereals, QUAKER, Quick Oats, Dry",60.0,,,,,,3,
16733311,30915086,39217524,5202,"Seeds, chia seeds, dried",15.0,,,,,,1,
16733311,30919954,39222823,1634,"Milk, lowfat, fluid, 1% milkfat, with added vitamin A and vitamin D",1.0,3499,cup,244.0,244.0,,2,
16733311,30920228,39223108,3554,"Cereals, QUAKER, Quick Oats, Dry",60.0,,,,,,3,
16733311,30923213,39226525,50216,Raisins,1.0,41358,tablespoon,30.0,30.0,,4,
16733310,30915082,39217520,3767,"Bananas, raw",150.0,,,,,,1,
16733310,30920325,39223215,67384,"Yogurt, Greek, plain, lowfat",1.0,53975,container (7 oz),200.0,200.0,,2,
16733308,30915069,39217507,50734,"Walnuts, kernel only",10.0,,,,,,1,
16733308,30915070,39217508,3892,"Oranges, raw, Florida",200.0,,,,,,2,
15736345,28489012,36052910,5760,"Beverages, Protein powder whey based",25.0,,,,,,1,
15736346,28489091,36053000,300,Peito de frango com pele cru,120.0,,,,,100 grams of peito de frango com pele cru,1,1
15736346,28489092,36053002,532,Arroz cozido simples,100.0,,,,,,2,1
15736346,28489093,36053005,651,Alface crua,30.0,,,,,,3,1
15736346,28489094,36053006,657,Beterraba (raiz) crua,30.0,,,,,,4,1
15736346,28489095,36053007,777,Azeite,8.0,,,,,,5,1
15736346,28489096,36053008,700,Tomate cru,50.0,,,,,,6,1
15736346,28489105,36053021,747,Pera,120.0,,,,,,7,1
15736346,28489091,36053000,300,Peito de frango com pele cru,120.0,,,,,100 grams of peito de frango com pele cru,1,1
15736346,28489092,36053002,532,Arroz cozido simples,100.0,,,,,,2,1
15736346,28489093,36053005,651,Alface crua,30.0,,,,,,3,1
15736346,28489094,36053006,657,Beterraba (raiz) crua,30.0,,,,,,4,1
15736346,28489095,36053007,777,Azeite,8.0,,,,,,5,1
15736346,28489096,36053008,700,Tomate cru,50.0,,,,,,6,1
15736346,28489105,36053021,747,Pera,120.0,,,,,,7,1
15736346,28489091,36053000,300,Peito de frango com pele cru,120.0,,,,,100 grams of peito de frango com pele cru,1,1
15736346,28489092,36053003,550,Esparguete cozido,140.0,,,,,,2,1
15736346,28489093,36053005,651,Alface crua,30.0,,,,,,3,1
15736346,28489094,36053006,657,Beterraba (raiz) crua,30.0,,,,,,4,1
15736346,28489095,36053007,777,Azeite,8.0,,,,,,5,1
15736346,28489096,36053008,700,Tomate cru,50.0,,,,,,6,1
15736346,28489105,36053021,747,Pera,120.0,,,,,,7,1
15736346,28489091,36053001,423,Pescada europeia cozida,120.0,,,,,,1,1
15736346,28489092,36053003,550,Esparguete cozido,140.0,,,,,,2,1
15736346,28489093,36053005,651,Alface crua,30.0,,,,,,3,1
15736346,28489094,36053006,657,Beterraba (raiz) crua,30.0,,,,,,4,1
15736346,28489095,36053007,777,Azeite,8.0,,,,,,5,1
15736346,28489096,36053008,700,Tomate cru,50.0,,,,,,6,1
15736346,28489105,36053021,747,Pera,120.0,,,,,,7,1
15736346,28489091,36053001,423,Pescada europeia cozida,120.0,,,,,,1,1
15736346,28489092,36053004,638,Batata cozida,150.0,,,,,,2,1
15736346,28489093,36053005,651,Alface crua,30.0,,,,,,3,1
15736346,28489094,36053006,657,Beterraba (raiz) crua,30.0,,,,,,4,1
15736346,28489095,36053007,777,Azeite,8.0,,,,,,5,1
15736346,28489096,36053008,700,Tomate cru,50.0,,,,,,6,1
15736346,28489105,36053021,747,Pera,120.0,,,,,,7,1
15736346,28489091,36053001,423,Pescada europeia cozida,120.0,,,,,,1,1
15736346,28489092,36053004,638,Batata cozida,150.0,,,,,,2,1
15736346,28489093,36053005,651,Alface crua,30.0,,,,,,3,1
15736346,28489094,36053006,657,Beterraba (raiz) crua,30.0,,,,,,4,1
15736346,28489095,36053007,777,Azeite,8.0,,,,,,5,1
15736346,28489096,36053008,700,Tomate cru,50.0,,,,,,6,1
15736346,28489105,36053021,747,Pera,120.0,,,,,,7,1
15736348,28489411,36053511,907,Sopa de abóbora,200.0,,,,,,1,0
15736348,28489410,36053510,660,Brócolos cozidos,90.0,,,,,,1,1
15736348,28489412,36053512,300,Peito de frango com pele cru,120.0,,,,,100 grams of peito de frango com pele cru,2,1
15736348,28489413,36053514,777,Azeite,8.0,,,,,,3,1
15736348,28489414,36053515,665,Cenoura cozida,50.0,,,,,,4,1
15736348,28489415,36053516,731,Maçã com casca,120.0,,,,,,5,1
15736348,28489411,36053511,907,Sopa de abóbora,200.0,,,,,,1,0
15736348,28489410,36053510,660,Brócolos cozidos,90.0,,,,,,1,1
15736348,28489412,36053513,423,Pescada europeia cozida,120.0,,,,,,2,1
15736348,28489413,36053514,777,Azeite,8.0,,,,,,3,1
15736348,28489414,36053515,665,Cenoura cozida,50.0,,,,,,4,1
15736348,28489415,36053516,731,Maçã com casca,120.0,,,,,,5,1
15736349,28489407,36053506,5760,"Beverages, Protein powder whey based",1.0,11185,cup,32.0,32.0,,1,
15730854,28474675,36031366,48599,"Chicken, meat, average, roasted",1.0,38634,large breast,150.0,150.0,,1,1
15730854,28474736,36031443,50144,"Potatoes, old, boiled in unsalted water, flesh only",200.0,,,,,,2,1
15730854,28475005,36031731,48467,"Cauliflower, boiled in unsalted water",1.0,38310,large portion,120.0,120.0,,3,1
15730854,28475011,36031737,49681,"Oil, rapeseed",2.0,40423,teaspoon,3.0,6.0,,4,1
15730854,28475169,36031950,50789,"Yogurt, low fat, plain",170.0,,,,,,1,2
15730854,28475381,36032242,27487,Tangerines,150.0,,,,,,2,2
15774883,28580630,36191852,48309,"Bread, wholemeal, average",2.0,37961,thick slice,44.0,88.0,,1,1
15774883,28580633,36191857,48143,"Beef, sirloin steak, grilled medium-rare, lean and fat",1.0,37642,small portion,110.0,110.0,,2,1
15774883,28580650,36191942,48515,"Cheese, Mozzarella, fresh",30.0,,,,,,3,1
15774883,28580654,36191965,48944,"Dressing, French",1.0,39364,tablespoon,15.0,15.0,,4,1
15774883,28580656,36192172,4595,"Lettuce, cos or romaine, raw",1.0,8999,cup shredded,47.0,47.0,,5,1
15774883,28580660,36192189,28252,"Fruit juice, freshly squeezed (apple, carrot, pear, kiwi)",150.0,,,,,,1,2
15774884,28580355,36191271,82660,Frozen yogurt,150.0,,,,,,1,
15774884,28580450,36191229,50537,"Strawberries, raw",1.0,41860,average portion,100.0,100.0,,2,
15774885,28580692,36192326,81935,"Vegetables pan-fried or stir-fried, Asian-style, frozen, raw",200.0,,,,,,1,1
15774885,28580695,36192395,50250,"Rice, brown, basmati, boiled in unsalted water",1.0,41382,small portion,100.0,100.0,,2,1
16730164,30906924,39208233,48984,"Eggs, chicken, whole, boiled",1.0,39394,unit,50.0,50.0,,1,
16730164,30906926,39208235,5202,"Seeds, chia seeds, dried",5.0,,,,,,2,
16730164,30906927,39208236,50300,"Rocket, raw",10.0,,,,,,3,
16730164,30906928,39208237,47959,"Avocado, flesh only, average, weighed with skin and stone",30.0,,,,,,4,
16730164,30909770,39211360,7874,"Snacks, rice cakes, brown rice, corn",20.0,,,,,,5,
16730163,30909774,39211364,3877,"Mangos, raw",1.0,7616,cup pieces,165.0,165.0,,1,
16730163,30910694,39212417,47997,"Bananas, flesh only",1.0,37367,medium unit,100.0,100.0,,2,
16730161,30906914,39208223,1665,"Yogurt, plain, low fat",200.0,,,,,,1,
16730161,30906915,39208224,7797,Honey,15.0,,,,,,2,
16730161,30910472,39212115,50550,Sunflower seeds,10.0,,,,,,3,
16730161,30911637,39213388,3859,"Kiwifruit, green, raw",2.0,7577,"unit (2"" dia)",69.0,138.0,,4,
16730160,30906909,39208218,48309,"Bread, wholemeal, average",30.0,,,,,,1,1
16730160,30906910,39208219,50680,Turkey slices,1.0,42045,portion,23.0,23.0,,2,1
16730160,30906911,39208220,48500,"Cheese, cottage, plain, reduced fat",45.0,,,,,,3,1
16730160,30906912,39208221,50300,"Rocket, raw",50.0,,,,,,4,1
16730160,30906913,39208222,50641,"Tomatoes, standard, raw",100.0,,,,,,5,1
16730160,30910841,39212572,47958,"Avocado, average, flesh only",30.0,,,,,,6,1
15786556,28606151,36227423,48571,"Chicken, breast, grilled without skin, meat only",1.0,38548,medium portion,130.0,130.0,,1,1
15786556,28606157,36227435,48355,"Brussels sprouts, boiled in unsalted water",200.0,,,,,,2,1
15786556,28606181,36227462,49791,"Pasta, wholewheat, spaghetti, dried, boiled in unsalted water",1.0,40563,medium portion,220.0,220.0,,3,1
15786557,28606443,36227747,27636,"Biscuits or cookies, wholemeal",40.0,,,,,,1,
16743049,30939509,39247260,4059,"Apples, raw, gala, with skin",120.0,,,,,,1,
16743049,30939990,39247853,49826,"Peaches, flesh and skin, raw, weighed with stone",1.0,40585,medium piece,110.0,110.0,,2,
16743051,30939515,39247266,1665,"Yogurt, plain, low fat",200.0,,,,,,1,
16743051,30939517,39247268,3978,"Raspberries, raw",150.0,,,,,,2,
16743051,30939622,39247392,67479,"Seeds, hemp seed, hulled",20.0,,,,,,3,
16743051,30939646,39247420,3774,"Blueberries, raw",150.0,,,,,,4,
15772169,28573708,36179559,48499,"Cheese, cottage, plain",150.0,,,,,,1,
15772169,28573714,36179565,50537,"Strawberries, raw",150.0,,,,,,2,
15772169,28574693,36181311,49216,Honey,10.0,,,,,,3,
15772169,28576159,36183963,47909,"Almonds, flaked and ground",20.0,,,,,,4,
15772173,28575073,36182597,48760,"Couscous, plain, cooked",1.0,39014,average portion,150.0,150.0,,1,1
15772173,28575077,36182601,27600,"Salmon, smoked",140.0,,,,,,2,1
15772173,28575103,36182627,48381,"Butter, unsalted",1.0,38165,teaspoon,5.0,5.0,,3,1
15772173,28575131,36182660,22476,"Orange juice, home-made",20.0,,,,,,4,1
15772173,28575282,36182814,48010,"Basil, fresh",1.0,37380,large sprig,1.0,1.0,,5,1
15772173,28575284,36182817,49589,"Mixed herbs, dried",1.0,40292,teaspoon,1.0,1.0,,6,1
16733246,30916327,39218944,3974,"Raisins, golden, seedless",15.0,,,,,,1,
16733246,30916447,39219066,4059,"Apples, raw, gala, with skin",1.0,7997,medium unit,172.0,172.0,,2,
16733246,30916503,39219140,48669,"Cinnamon, ground",1.0,38790,teaspoon,3.0,3.0,,3,
16733246,30919661,39222499,67384,"Yogurt, Greek, plain, lowfat",1.0,53975,container (7 oz),200.0,200.0,,4,
16733245,30916511,39219150,49572,"Milk, soya, non-dairy alternative to milk, unsweetened, fortified",240.0,,,,,,1,
16733245,30917870,39220550,5304,"Seeds, flaxseed",15.0,,,,,,2,
16733245,30918809,39221564,3884,"Nectarines, raw",1.0,7648,"large unit (2-3/4"" dia)",156.0,156.0,,3,
16733243,30919289,39222048,3767,"Bananas, raw",150.0,,,,,,1,
15774182,28578712,36188330,48990,"Eggs, chicken, whole, scrambled, without milk",62.0,,,,,,1,
15774182,28578919,36188560,48055,"Beans, red kidney, dried, boiled in unsalted water",130.0,,,,,,2,
15774182,28578982,36188688,47958,"Avocado, average, flesh only",1.0,37287,half,75.0,75.0,,3,
15774182,28578989,36188696,50637,"Tomatoes, cherry, raw",5.0,41994,unit,15.0,75.0,,4,
15774182,28579015,36188722,48641,"Chives, fresh",1.0,38721,sprig,1.0,1.0,,5,
15774183,28579077,36188887,50733,"Waffles, homemade",1.0,42127,individual portion,65.0,65.0,,1,
15774185,28579447,36189338,50789,"Yogurt, low fat, plain",1.0,42238,average pot,125.0,125.0,,1,
15774185,28579481,36189374,49281,"Kiwi fruit, flesh and seeds",1.0,39850,medium unit,60.0,60.0,,2,
15774185,28579483,36189377,47929,"Apples, eating, raw, flesh and skin",1.0,37265,medium eating,100.0,100.0,,3,
15774186,28579672,36189651,50250,"Rice, brown, basmati, boiled in unsalted water",1.0,41382,small portion,100.0,100.0,,1,1
15774186,28579679,36189658,50015,"Pork, fillet slices, grilled, lean",1.0,40935,large portion,150.0,150.0,,2,1
15774186,28579686,36189665,48349,"Broccoli, green, steamed",2.0,38076,medium portion,85.0,170.0,,3,1
15774186,28579767,36189790,50571,"Sweetcorn, kernels, boiled 'on the cob' in unsalted water, weighed with core",1.0,41904,unit,125.0,125.0,,4,1
16730607,30908193,39209666,50791,"Yogurt, soya, non-dairy alternative to yogurt, fruit, fortified",200.0,,,,,,1,
16730607,30908332,39209807,3399,"Cereals ready-to-eat, granola, homemade",30.0,,,,,,2,
16730607,30908335,39209810,7797,Honey,15.0,,,,,,3,
16730607,30908483,39210002,5202,"Seeds, chia seeds, dried",15.0,,,,,,4,
16730607,31035733,39352962,3774,"Blueberries, raw",1.0,7444,berry,68.0,68.0,,5,
16730607,31035735,39352964,3892,"Oranges, raw, Florida",2.0,7668,"unit (2-5/8"" dia)",141.0,282.0,,6,
16730608,30908730,39210267,49572,"Milk, soya, non-dairy alternative to milk, unsweetened, fortified",250.0,,,,,,1,
16730608,30908894,39210435,67452,"Goji berries, dried",30.0,,,,,,2,
16730608,30908906,39210449,7797,Honey,15.0,,,,,,3,
16730608,30908922,39210469,3877,"Mangos, raw",100.0,,,,,,4,
16730608,30908964,39210532,5226,"Nuts, almonds",8.0,10150,unit,1.2,9.6,,5,
16730610,30910469,39212112,7797,Honey,15.0,,,,,,1,
16730610,30910692,39212415,50216,Raisins,15.0,,,,,,2,
16730610,31036091,39353364,6472,SILK Plain soy yogurt,200.0,,,,,,3,
16730610,31036107,39353393,3564,"Cereals, QUAKER, Quick Oats with Iron, Dry",40.0,,,,,,4,
16730610,31036267,39353557,6428,"Peanut Butter, smooth",1.0,12458,tbsp,32.0,32.0,,5,
16730610,31036274,39353566,3978,"Raspberries, raw",1.0,7843,cup,123.0,123.0,,6,
16730610,31036291,39353583,3774,"Blueberries, raw",1.0,7444,berry,68.0,68.0,,7,
16730610,31036354,39353678,3989,"Strawberries, raw",1.0,7860,"cup, halves",152.0,152.0,,8,
16731863,31037664,39355169,5760,"Beverages, Protein powder whey based",20.0,,,,,,1,
16731863,31037667,39355172,3767,"Bananas, raw",150.0,,,,,,2,
16724726,30893456,39192983,21654,"Coffee infusion, with milk",250.0,,,,,,1,
16724726,30893471,39193000,3399,"Cereals ready-to-eat, granola, homemade",150.0,,,,,,2,
16724726,30893605,39193168,3774,"Blueberries, raw",50.0,,,,,,3,
16724726,30894187,39193775,28198,"Yoghurt, low fat (Danone Vitalinea/Shape)",125.0,,,,,,4,
16724725,30893451,39192978,47930,"Apples, eating, raw, flesh and skin, weighed with core",1.0,37269,large eating,170.0,170.0,,1,
16724724,30893445,39192972,48310,"Bread, wholemeal, toasted",3.0,37962,small slice,23.0,69.0,,1,1
16724724,30893612,39193176,48530,"Cheese, spreadable, soft white, low fat",50.0,,,,,,2,1
16724724,30893621,39193187,48435,"Carrots, old, raw",1.0,38237,medium portion,60.0,60.0,,3,1
16724724,30894322,39193910,4595,"Lettuce, cos or romaine, raw",50.0,,,,,,4,1
16724724,30894400,39193988,48172,"Beetroot, raw",50.0,,,,,,5,1
16724723,30893444,39192971,49826,"Peaches, flesh and skin, raw, weighed with stone",1.0,40586,large piece,150.0,150.0,,1,
16724722,30893441,39192968,4687,"Potatoes, boiled, cooked in skin, flesh, without salt",150.0,,,,,,1,1
16724722,30893944,39193515,4848,"Vegetables, mixed, frozen, cooked, boiled, drained, without salt",100.0,,,,,,2,1
16724722,30894182,39193755,7073,"Veal, foreshank, osso buco, separable lean and fat, cooked, braised",150.0,,,,,,3,1
16725302,30894812,39194447,47910,"Almonds, toasted",1.0,37242,portion,13.0,13.0,,1,
16725302,30894813,39194448,1665,"Yogurt, plain, low fat",250.0,,,,,,2,
16725302,30894814,39194449,4059,"Apples, raw, gala, with skin",140.0,,,,,,3,
16725300,30894805,39194440,50537,"Strawberries, raw",15.0,41859,unit,12.0,180.0,,1,
16725300,30894806,39194441,5304,"Seeds, flaxseed",8.0,,,,,,2,
16725299,30894799,39194434,49791,"Pasta, wholewheat, spaghetti, dried, boiled in unsalted water",120.0,,,,,,1,1
16725299,30894800,39194435,50680,Turkey slices,2.0,42045,portion,23.0,46.0,,2,1
16725299,30894801,39194436,48999,"Endive, raw",100.0,,,,,,3,1
16725299,30894802,39194437,49870,"Pepper, capsicum, yellow, raw",1.0,40666,medium unit,160.0,160.0,,4,1
16725299,30894803,39194438,5032,"Peppers, sweet, red, raw",160.0,,,,,,5,1
16725229,30898896,39198917,3989,"Strawberries, raw",1.0,7860,"cup, halves",152.0,152.0,,1,
16725227,30900853,39201382,50221,"Raspberries, raw",100.0,,,,,,1,
16725227,30900872,39201407,50537,"Strawberries, raw",1.0,41860,average portion,100.0,100.0,,2,
16725227,30900877,39201413,49572,"Milk, soya, non-dairy alternative to milk, unsweetened, fortified",1.0,40241,average glass,200.0,200.0,,3,
16725690,30895763,39195506,21654,"Coffee infusion, with milk",250.0,,,,,,1,
16725690,30895780,39195526,1680,"Egg, whole, cooked, scrambled",1.0,3622,large unit,61.0,61.0,,2,
16725690,30895819,39195568,2196,"Oil, olive, salad or cooking",1.0,4837,tsp,4.5,4.5,,3,
16725690,30895957,39195707,49631,"Mushrooms, white, stewed in unsalted water",50.0,,,,,,4,
16725690,30895996,39195760,48310,"Bread, wholemeal, toasted",3.0,37963,medium slice,31.0,93.0,,5,
16725689,30896002,39195766,81653,"Pistachio nut, grilled",25.0,,,,,,1,
16725689,30896109,39195878,28259,"Fruit salad (orange, pear, strawberry, grape, nectarine)",100.0,,,,,,2,
16725688,30895753,39195496,48310,"Bread, wholemeal, toasted",3.0,37962,small slice,23.0,69.0,,1,1
16725688,30895754,39195497,48522,"Cheese, Quark",3.0,38432,heaped tablespoon,55.0,165.0,,2,1
16725688,30895755,39195498,4741,"Radishes, raw",1.0,9302,cup of slices,58.0,58.0,,3,1
16725688,30895756,39195499,50500,"Spinach, baby, raw",30.0,,,,,,4,1
16725688,30895757,39195500,1719,"Parmesan cheese topping, fat free",50.0,,,,,,5,1
16725687,30895751,39195494,81795,"Yoghurt, high in protein, on a fruit layer",125.0,,,,,,1,
16725687,30895752,39195495,49023,"Figs, whole green fruit, raw",1.0,39493,unit,55.0,55.0,,2,
16725686,30895747,39195490,81343,"Millet, cooked, unsalted",120.0,,,,,,1,1
16725686,30895749,39195492,27408,Carrots,100.0,,,,,,2,1
16725686,30896120,39195894,6519,"Chickpeas (garbanzo beans, bengal gram), mature seeds, canned, solids and liquids, low sodium",1.0,12567,cup,240.0,240.0,,3,1
16725686,30896242,39196020,22385,"Eggplant, cooked",100.0,,,,,,4,1
16725686,30896246,39196031,50561,"Sweet potato, baked",1.0,41891,medium unit,65.0,65.0,,5,1
16724174,30892102,39191475,50093,"Porridge oats, unfortified, cooked, made up with semi-skimmed milk",250.0,,,,,,1,
16724174,30892103,39191476,50216,Raisins,1.0,41358,tablespoon,30.0,30.0,,2,
16724174,30892104,39191477,5236,"Nuts, cashew nuts, raw",30.0,,,,,,3,
16724174,30892105,39191478,49837,"Pears, average, raw, flesh only",1.0,40607,medium comice unit,150.0,150.0,,4,
16724174,30892106,39191479,21654,"Coffee infusion, with milk",250.0,,,,,,5,
16724175,30892107,39191480,47930,"Apples, eating, raw, flesh and skin, weighed with core",1.0,37268,medium eating,112.0,112.0,,1,
16724176,30892108,39191481,48310,"Bread, wholemeal, toasted",3.0,37962,small slice,23.0,69.0,,1,1
16724176,30892187,39191571,2327,"Margarine-like spread, SMART BEAT Super Light without saturated fat",25.0,,,,,,2,1
16724176,30892313,39191699,3176,"Ham, sliced, pre-packaged, deli meat (96%fat free, water added)",3.0,6649,slice,13.0,39.0,,3,1
16724176,30892317,39191703,22756,"Green salad, raw, without seasoning",100.0,,,,,,4,1
16724176,30892320,39191706,50637,"Tomatoes, cherry, raw",1.0,41995,salad portion,34.0,34.0,,5,1
16724176,30893297,39192818,21813,"Vinaigrette sauce, with olive oil",10.0,,,,,,6,1
16724177,30892114,39191487,81795,"Yoghurt, high in protein, on a fruit layer",125.0,,,,,,1,
16724177,30892587,39191974,49826,"Peaches, flesh and skin, raw, weighed with stone",1.0,40586,large piece,150.0,150.0,,2,
16724178,30892116,39191489,50405,"Sausages, pork, reduced fat, fried in vegetable oil",1.0,41605,large unit,40.0,40.0,,1,1
16724178,30892119,39191491,48464,"Cauliflower in white sauce, made with skimmed milk, homemade",1.0,38302,main dish portion,200.0,200.0,,2,1
16724178,30892605,39192010,4687,"Potatoes, boiled, cooked in skin, flesh, without salt",200.0,,,,,,3,1
16724178,30893161,39192676,48411,"Cake, sponge, fatless, homemade",100.0,,,,,,1,2
16733439,30915390,39217877,7239,"Crackers, crispbread, rye",4.0,13947,Wasa rye type,10.0,40.0,,1,
16733439,30915642,39218139,3766,"Avocados, raw, Florida",60.0,,,,,,2,
16733439,30915679,39218245,48984,"Eggs, chicken, whole, boiled",2.0,39394,unit,50.0,100.0,,3,
16733439,30915686,39218256,48515,"Cheese, Mozzarella, fresh",60.0,,,,,,4,
16733439,30915828,39218395,4045,"Pomegranate juice, bottled",200.0,,,,,,5,
16733439,31059403,39379308,50641,"Tomatoes, standard, raw",80.0,,,,,,6,
16733440,30915931,39218532,3399,"Cereals ready-to-eat, granola, homemade",60.0,,,,,,1,
16733440,30915934,39218536,47997,"Bananas, flesh only",120.0,,,,,,2,
16733440,30915939,39218542,3877,"Mangos, raw",80.0,,,,,,3,
16733440,30916099,39218710,7797,Honey,15.0,,,,,,4,
16733440,31059406,39379311,67402,"Yogurt, Greek, whole, plain, CHOBANI",200.0,,,,,,5,
16733440,31059678,39379585,3978,"Raspberries, raw",90.0,,,,,,6,
16733442,30916661,39219303,5226,"Nuts, almonds",6.0,10150,unit,1.2,7.199999999999999,,1,
16733442,30916728,39219392,3406,"Cereals ready-to-eat, QUAKER, QUAKER OAT LIFE, plain",30.0,,,,,,2,
16733442,30916729,39219393,7797,Honey,15.0,,,,,,3,
16733442,30916891,39219556,3904,"Tangerines, (mandarin oranges), raw",2.0,7697,"large unit (2-3/4"" dia)",120.0,240.0,,4,
16733442,31059806,39379719,67402,"Yogurt, Greek, whole, plain, CHOBANI",200.0,,,,,,5,
16734512,31059850,39379797,49485,Lucozade,1.0,40058,medium bottle,500.0,500.0,,1,
16733444,30917829,39220507,1635,"Milk, lowfat, fluid, 1% milkfat, with added nonfat milk solids, vitamin A and vitamin D",250.0,,,,,,1,
16733444,31059944,39379893,4059,"Apples, raw, gala, with skin",1.0,7997,medium unit,172.0,172.0,,2,
16725218,30903850,39204755,6472,SILK Plain soy yogurt,200.0,,,,,,1,
16725218,30903910,39204818,3859,"Kiwifruit, green, raw",2.0,7577,"unit (2"" dia)",69.0,138.0,,2,
16725218,30903929,39204863,48669,"Cinnamon, ground",1.0,38790,teaspoon,3.0,3.0,,3,
16725217,30903940,39204876,3877,"Mangos, raw",1.0,7616,cup pieces,165.0,165.0,,1,
16725215,30905585,39206692,3915,"Peaches, yellow, raw",1.0,7720,"medium unit (2-2/3"" dia)",150.0,150.0,,1,
16725215,30905881,39206991,3748,"Apricots, raw",4.0,7395,unit,35.0,140.0,,2,
16725214,30905985,39207154,6472,SILK Plain soy yogurt,200.0,,,,,,1,1
16725214,30906235,39207420,7874,"Snacks, rice cakes, brown rice, corn",2.0,15270,unit,9.0,18.0,,2,1
16730097,30908187,39209660,49572,"Milk, soya, non-dairy alternative to milk, unsweetened, fortified",240.0,,,,,,1,
16730097,30908196,39209669,3554,"Cereals, QUAKER, Quick Oats, Dry",30.0,,,,,,2,
16730097,30908331,39209804,3974,"Raisins, golden, seedless",15.0,,,,,,3,
16730095,30907956,39209371,3767,"Bananas, raw",150.0,,,,,,1,
16730095,30908131,39209555,6472,SILK Plain soy yogurt,200.0,,,,,,2,
16730093,30906759,39208008,4059,"Apples, raw, gala, with skin",120.0,,,,,,1,
16730093,30908919,39210465,3892,"Oranges, raw, Florida",150.0,,,,,,2,
15839092,28742327,36440090,48760,"Couscous, plain, cooked",100.0,,,,,,1,1
15839092,28742330,36440094,49444,"Lentils, green and brown, whole, dried, boiled in unsalted water",80.0,,,,,,2,1
15839092,28742338,36440102,50512,"Spring onions, bulbs only, raw",5.0,41827,unit,10.0,50.0,,3,1
15839092,28742341,36440105,48810,"Curry powder, mixed flavours",1.0,39105,level teaspoon,3.0,3.0,,4,1
15839092,28742344,36440108,49678,"Oil, olive",1.0,40417,teaspoon,3.0,3.0,,5,1
15839092,28742347,36440111,50731,Vinegar,10.0,,,,,,6,1
15839094,28742698,36441003,50145,"Potatoes, old, mashed with butter",200.0,,,,,,1,1
15839094,28742704,36441009,22517,"Tofu, plain",100.0,,,,,,2,1
15839094,28742706,36441012,48433,"Carrots, old, boiled in unsalted water",1.0,38227,large unit,140.0,140.0,,3,1
15839094,28742709,36441015,49878,"Peppers, capsicum, green, raw",10.0,40679,sliced ring,10.0,100.0,,4,1
15839094,28742713,36441019,50384,"Sauce, pasta, tomato based, napoletana",100.0,,,,,,5,1
15839094,28742714,36441020,48010,"Basil, fresh",1.0,37380,large sprig,1.0,1.0,,6,1
16731908,30911795,39213607,7797,Honey,15.0,,,,,,1,
16731908,30911796,39213608,47997,"Bananas, flesh only",120.0,,,,,,2,
16731908,30911800,39213614,3894,"Orange juice, raw",250.0,,,,,,3,
16731908,31039391,39357191,67402,"Yogurt, Greek, whole, plain, CHOBANI",220.0,,,,,,4,
16731908,31040975,39358956,48340,"Breakfast cereal, wheat biscuits, Weetabix type, fortified",2.0,38054,bisk,20.0,40.0,,5,
16731910,30912325,39214307,3399,"Cereals ready-to-eat, granola, homemade",15.0,,,,,,1,
16731910,30912328,39214310,7797,Honey,15.0,,,,,,2,
16731910,30912590,39214575,50537,"Strawberries, raw",8.0,41859,unit,12.0,96.0,,3,
16731910,31039481,39357285,67402,"Yogurt, Greek, whole, plain, CHOBANI",220.0,,,,,,4,
16731910,31039992,39357871,4059,"Apples, raw, gala, with skin",2.0,7997,medium unit,172.0,344.0,,5,
16732432,31039547,39357399,49485,Lucozade,1.0,40058,medium bottle,500.0,500.0,,1,
16736506,30923240,39226561,7797,Honey,15.0,,,,,,1,
16736506,30923243,39226564,50221,"Raspberries, raw",1.0,41361,portion,60.0,60.0,,2,
16736506,30923244,39226565,50537,"Strawberries, raw",50.0,,,,,,3,
16736506,30923245,39226566,47997,"Bananas, flesh only",120.0,,,,,,4,
16736506,30923246,39226567,3554,"Cereals, QUAKER, Quick Oats, Dry",30.0,,,,,,5,
16736506,30923875,39227270,6472,SILK Plain soy yogurt,1.0,12514,container,227.0,227.0,,6,
16736506,30924147,39227606,49572,"Milk, soya, non-dairy alternative to milk, unsweetened, fortified",100.0,,,,,,7,
16736505,30923334,39226672,5226,"Nuts, almonds",6.0,10150,unit,1.2,7.199999999999999,,1,
16736505,30923883,39227285,3892,"Oranges, raw, Florida",150.0,,,,,,2,
16736503,30923639,39227033,3748,"Apricots, raw",4.0,7395,unit,35.0,140.0,,1,
16736503,30923642,39227036,3915,"Peaches, yellow, raw",1.0,7721,"large unit (2-3/4"" dia)",175.0,175.0,,2,
16736503,30924295,39227758,1665,"Yogurt, plain, low fat",200.0,,,,,,3,
16736502,30923225,39226546,48500,"Cheese, cottage, plain, reduced fat",50.0,,,,,,1,1
16736502,30923226,39226547,49870,"Pepper, capsicum, yellow, raw",1.0,40666,medium unit,160.0,160.0,,2,1
16736502,30923227,39226548,9589,"Tortillas, ready-to-bake or -fry, whole wheat",80.0,,,,,,3,1
16736502,30923228,39226549,50300,"Rocket, raw",50.0,,,,,,4,1
16736502,30923229,39226550,50637,"Tomatoes, cherry, raw",10.0,41994,unit,15.0,150.0,,5,1
16736502,30923230,39226551,47958,"Avocado, average, flesh only",40.0,,,,,,6,1
16736502,30923231,39226552,48800,"Cucumber, raw, flesh and skin",50.0,,,,,,7,1
16742179,30937442,39244915,49572,"Milk, soya, non-dairy alternative to milk, unsweetened, fortified",244.0,,,,,,1,
16742179,30937448,39244925,81224,"Brown bread, French bread (baguette or ball), with flour type 80 or 110",80.0,,,,,,2,
16742179,30938166,39245749,28398,"Peanut butter (Kelkin, no added sugar)",15.0,,,,,,3,
16742178,30937438,39244911,4059,"Apples, raw, gala, with skin",120.0,,,,,,1,
16742178,30937439,39244912,3859,"Kiwifruit, green, raw",2.0,7577,"unit (2"" dia)",69.0,138.0,,2,
16742177,30937434,39244907,50254,"Rice, brown, wholegrain, boiled in unsalted water",160.0,,,,,,1,1
16742177,30937436,39244909,4421,"Asparagus, cooked, boiled, drained",50.0,,,,,,2,1
16742177,30937437,39244910,50641,"Tomatoes, standard, raw",100.0,,,,,,3,1
16742177,30937529,39245053,1677,"Egg, whole, cooked, hard-boiled",2.0,3618,large unit,50.0,100.0,,4,1
16742176,30937427,39244900,1665,"Yogurt, plain, low fat",200.0,,,,,,1,
16742176,30937428,39244901,50092,"Porridge oats, unfortified",60.0,,,,,,2,
16742176,30937429,39244902,3978,"Raspberries, raw",150.0,,,,,,3,
16742176,30937431,39244904,5202,"Seeds, chia seeds, dried",15.0,,,,,,4,
16742176,30937432,39244905,48669,"Cinnamon, ground",2.0,38790,teaspoon,3.0,6.0,,5,
16733565,30915687,39218252,50680,Turkey slices,60.0,,,,,,1,
16733565,30915688,39218253,1634,"Milk, lowfat, fluid, 1% milkfat, with added vitamin A and vitamin D",250.0,,,,,,2,
16733565,30925354,39229224,7533,"Bagels, wheat",1.0,14630,unit,98.0,98.0,,3,
16733566,30915689,39218254,3892,"Oranges, raw, Florida",140.0,,,,,,1,
16733566,30915690,39218255,48669,"Cinnamon, ground",5.0,,,,,,2,
16733566,30915691,39218257,5226,"Nuts, almonds",10.0,10150,unit,1.2,12.0,,3,
16733566,30915692,39218258,47997,"Bananas, flesh only",150.0,,,,,,4,
16733568,30915702,39218268,1665,"Yogurt, plain, low fat",200.0,,,,,,1,
16733568,30925702,39229646,50092,"Porridge oats, unfortified",30.0,,,,,,2,
16733568,30925707,39229654,3799,"Cranberries, raw",1.0,7486,"cup, whole",100.0,100.0,,3,
16733568,30925709,39229656,3978,"Raspberries, raw",1.0,7843,cup,123.0,123.0,,4,
16743647,30941284,39249324,49601,"Muesli, Swiss style, no added sugar or salt, unfortified",1.0,40302,medium portion,50.0,50.0,,1,
16743647,30941427,39249474,5266,"Nuts, mixed nuts, dry roasted, with peanuts, without salt added",40.0,,,,,,2,
16743647,30941428,39249476,81748,"Oat-based drink, plain",150.0,,,,,,3,
16743647,30941456,39249507,3731,"Apples, raw, without skin",1.0,7371,"medium unit (3"" dia)",161.0,161.0,,4,
16743647,30941459,39249510,47998,"Bananas, raw, flesh only, weighed with skin",1.0,37371,medium unit,100.0,100.0,,5,
16743648,30941511,39249565,28190,"Soya, alternative to yoghurt (Provamel Dairy Free (Yofu) with added calcium)",200.0,,,,,,1,
16743648,30941514,39249568,50216,Raisins,1.0,41358,tablespoon,30.0,30.0,,2,
16743648,30941563,39249632,5202,"Seeds, chia seeds, dried",20.0,,,,,,3,
16743649,30941588,39249664,28507,"Soup, vegetable (carrot, onion, celery, parsnip, turnip), homemade",250.0,,,,,,1,0
16743649,30941596,39249673,27039,"Ricotta cheese, german type, light",100.0,,,,,,2,0
16743649,30941661,39249785,23132,"Toasted bread, home-made",60.0,,,,,,3,0
16743649,30941670,39249795,48438,"Carrots, young, raw",1.0,38255,medium unit,80.0,80.0,,4,0
16743649,30942016,39250212,1677,"Egg, whole, cooked, hard-boiled",1.0,3618,large unit,50.0,50.0,,5,0
16743650,30941674,39249804,28261,"Fruit smoothie (pineapple, orange juice, mango, low fat yoghurt)",300.0,,,,,,1,
16743651,30941796,39249978,49188,"Halibut, grilled, weighed with bones and skin",1.0,39731,average steak,145.0,145.0,,1,1
16743651,30941807,39249991,81929,"Spring vegetables, frozen, raw (French beans, carrots, potatoes, green peas, onions)",250.0,,,,,,2,1
16743651,30942003,39250197,28285,"Potatoes, mashed with low-fat milk",200.0,,,,,,3,1
16598650,30592356,38847954,28198,"Yoghurt, low fat (Danone Vitalinea/Shape)",100.0,,,,,,1,
16598650,30592358,38847956,27522,"Figs, dried",100.0,,,,,,2,
16598650,30592360,38847958,5202,"Seeds, chia seeds, dried",1.0,10109,oz,28.35,28.35,,3,
16598650,30592703,38848309,7797,Honey,1.0,15123,tbsp,21.0,21.0,,4,
16598651,30592707,38848315,3847,"Grapes, red or green (European type, such as Thompson seedless), raw",1.0,7559,cup,151.0,151.0,,1,
16598652,30592711,38848319,50319,"Salad, green",1.0,41495,tub,250.0,250.0,,1,1
16598652,30592715,38848323,4553,"Cucumber, with peel, raw",1.0,8926,cup slices,52.0,52.0,,2,1
16598652,30592739,38848352,4817,"Tomatoes, red, ripe, raw, year round average",1.0,9423,cup cherry tomatoes,149.0,149.0,,3,1
16598652,30592742,38848358,6323,"Beans, white, mature seeds, cooked, boiled, without salt",5.0,12292,tbsp,11.2,56.0,,4,1
16598652,30592747,38848364,47958,"Avocado, average, flesh only",1.0,37287,half,75.0,75.0,,5,1
16598652,30592749,38848366,2196,"Oil, olive, salad or cooking",1.0,4837,tsp,4.5,4.5,,6,1
16598653,30592751,38848368,4037,"Clementines, raw",1.0,7962,unit,74.0,74.0,,1,
15840011,28745196,36446429,49138,"Grapes, red",150.0,,,,,,1,
15840011,28745280,36446743,50734,"Walnuts, kernel only",20.0,,,,,,2,
15840012,28744977,36445815,50617,Tempeh,100.0,,,,,,1,1
15840012,28744980,36445818,50512,"Spring onions, bulbs only, raw",2.0,41827,unit,10.0,20.0,,2,1
15840012,28744981,36445893,49101,"Garlic, raw",1.0,39621,unit,10.0,10.0,,3,1
15840012,28744982,36445916,48433,"Carrots, old, boiled in unsalted water",1.0,38223,medium portion,60.0,60.0,,4,1
15840012,28744983,36445992,49868,"Pepper, capsicum, red, raw",10.0,40663,sliced ring,10.0,100.0,,5,1
15840012,28744985,36446032,50637,"Tomatoes, cherry, raw",6.0,41994,unit,15.0,90.0,,6,1
15840012,28744988,36446110,48010,"Basil, fresh",1.0,37380,large sprig,1.0,1.0,,7,1
15840012,28744989,36446125,50390,"Sauce, tomato based, homemade",150.0,,,,,,8,1
15840012,28744991,36446127,50144,"Potatoes, old, boiled in unsalted water, flesh only",1.0,41240,medium portion,175.0,175.0,,9,1
15840013,28745471,36446969,49281,"Kiwi fruit, flesh and seeds",1.0,39850,medium unit,60.0,60.0,,1,
15840013,28745475,36446975,82543,"Dark chocolate bar, filled with praline",10.0,,,,,,2,
15840014,28745271,36446733,50276,"Rice, wild, boiled in unsalted water",1.0,41426,medium portion,180.0,180.0,,1,1
15840014,28745272,36446734,48517,"Cheese, Parmesan, fresh",20.0,,,,,,2,1
15840014,28745277,36446740,48753,"Courgette, boiled in unsalted water",1.0,38988,large unit,150.0,150.0,,3,1
15840014,28745278,36446741,49631,"Mushrooms, white, stewed in unsalted water",1.0,40348,average serving,56.0,56.0,,4,1
15840014,28745282,36446747,49678,"Oil, olive",1.0,40416,tablespoon,11.0,11.0,,5,1
16783290,31034701,39351826,49250,"Jam, fruit with edible seeds",3.0,39815,spread,25.0,75.0,,1,
16783290,31034703,39351828,49569,"Milk, skimmed, pasteurised, winter",1.0,40216,average glass,200.0,200.0,,2,
16783290,31034704,39351829,3957,"Plums, raw",60.0,,,,,,3,
16783290,31034705,39351830,48706,"Coffee, infusion, average, with semi-skimmed milk",250.0,,,,,,4,
16783290,31035081,39352274,7117,"Bread, reduced-calorie, oat bran, toasted",3.0,13619,slice,19.0,57.0,,5,
16783291,31035448,39352655,4059,"Apples, raw, gala, with skin",1.0,7997,medium unit,172.0,172.0,,1,
16783292,31034706,39351831,47949,"Asparagus, boiled in unsalted water",1.0,37279,portion,125.0,125.0,,1,0
16783292,31034707,39351832,48987,"Eggs, chicken, whole, fried, without fat",2.0,39401,unit,60.0,120.0,,2,0
16783292,31034708,39351833,48287,"Bread, brown, toasted",2.0,37906,medium slice,31.0,62.0,,3,0
16783292,31034709,39351834,49008,"Fat spread, reduced fat (41-62%), not polyunsaturated, with olive oil",2.0,39452,thin spread,5.0,10.0,,4,0
16783292,31034710,39351835,28888,"Salad, mixed (lettuce, peppers, tomatoes, onion), homemade",150.0,,,,,,5,0
16783292,31034711,39351836,81795,"Yoghurt, high in protein, on a fruit layer",125.0,,,,,,1,2
16783292,31034712,39351837,81660,"Flaxseed, brown",20.0,,,,,,2,2
16783292,31034713,39351838,28259,"Fruit salad (orange, pear, strawberry, grape, nectarine)",150.0,,,,,,3,2
16783293,31034714,39351839,50782,Yeast extract,3.0,42223,thick scraping,4.0,12.0,,1,
16783293,31034715,39351840,48800,"Cucumber, raw, flesh and skin",1.0,39095,1'' piece,60.0,60.0,,2,
16783293,31034717,39351841,49868,"Pepper, capsicum, red, raw",3.0,40663,sliced ring,10.0,30.0,,3,
16783293,31034718,39351843,67694,"Crackers, gluten-free, multigrain and vegetable, made with corn starch and white rice flour",1.0,54583,cracker,10.7,10.7,,4,
16783295,31034724,39351849,3767,"Bananas, raw",1.0,7431,"medium unit (7"" to 7-7/8"" long)",118.0,118.0,,1,
16770110,31001834,39314429,7123,"Bread, rye",3.0,13633,regular slice,32.0,96.0,,1,
16770110,31001835,39314430,27730,"Jam, plums",30.0,,,,,,2,
16770110,31001836,39314431,48522,"Cheese, Quark",3.0,38432,heaped tablespoon,55.0,165.0,,3,
16770110,31001837,39314432,21654,"Coffee infusion, with milk",250.0,,,,,,4,
16770111,31001851,39314446,7761,"Puddings, chocolate, ready-to-eat, fat free",1.0,15072,serving (4 oz),113.0,113.0,,1,
16770111,31001853,39314450,3978,"Raspberries, raw",1.0,7843,cup,123.0,123.0,,2,
16770113,31001844,39314439,28198,"Yoghurt, low fat (Danone Vitalinea/Shape)",125.0,,,,,,1,
16770113,31001856,39314459,3915,"Peaches, yellow, raw",1.0,7720,"medium unit (2-2/3"" dia)",150.0,150.0,,2,
16770113,31001858,39314466,21650,"Mango, without skin, raw",150.0,,,,,,3,
16770113,31001865,39314476,82578,"Oat flakes, pre-cooked, raw",40.0,,,,,,4,
16770114,31001846,39314441,22821,"Tuna, roasted/baked",150.0,,,,,,1,1
16770114,31001847,39314442,4687,"Potatoes, boiled, cooked in skin, flesh, without salt",125.0,,,,,,2,1
16770114,31001848,39314443,50722,"Vegetables, mixed, cooked with onion, spice and tomatoes, homemade",200.0,,,,,,3,1
16770114,31002040,39314659,2196,"Oil, olive, salad or cooking",1.0,4837,tsp,4.5,4.5,,4,1
16770114,31001845,39314440,4025,"Pears, raw, green anjou",1.0,7946,large unit,242.0,242.0,,1,2
16770228,31002125,39314775,7123,"Bread, rye",3.0,13633,regular slice,32.0,96.0,,1,
16770228,31002126,39314776,27730,"Jam, plums",30.0,,,,,,2,
16770228,31002127,39314777,48522,"Cheese, Quark",3.0,38432,heaped tablespoon,55.0,165.0,,3,
16770228,31002131,39314782,48704,"Coffee, cappuccino, latte",1.0,38873,mug,260.0,260.0,,4,
16770227,31002124,39314774,3978,"Raspberries, raw",1.0,7843,cup,123.0,123.0,,1,
16770227,31002134,39314785,7759,"Puddings, vanilla, ready-to-eat, fat free",1.0,15070,serving (3.5 oz shelf stable),99.0,99.0,,2,
16770225,31002115,39314765,28198,"Yoghurt, low fat (Danone Vitalinea/Shape)",125.0,,,,,,1,
16770225,31002116,39314766,3915,"Peaches, yellow, raw",1.0,7720,"medium unit (2-2/3"" dia)",150.0,150.0,,2,
16770225,31002117,39314767,21650,"Mango, without skin, raw",150.0,,,,,,3,
16770225,31002118,39314768,82578,"Oat flakes, pre-cooked, raw",40.0,,,,,,4,
16770224,31002111,39314761,22821,"Tuna, roasted/baked",150.0,,,,,,1,1
16770224,31002112,39314762,4687,"Potatoes, boiled, cooked in skin, flesh, without salt",125.0,,,,,,2,1
16770224,31002113,39314763,50722,"Vegetables, mixed, cooked with onion, spice and tomatoes, homemade",200.0,,,,,,3,1
16770224,31002114,39314764,2196,"Oil, olive, salad or cooking",1.0,4837,tsp,4.5,4.5,,4,1
16770224,31002136,39314788,5202,"Seeds, chia seeds, dried",10.0,,,,,,5,1
16770224,31002110,39314760,4025,"Pears, raw, green anjou",1.0,7946,large unit,242.0,242.0,,1,2
16770293,31002277,39314937,48310,"Bread, wholemeal, toasted",2.0,37963,medium slice,31.0,62.0,,1,
16770293,31002278,39314938,5286,"Seeds, sesame butter, paste",20.0,,,,,,2,
16770293,31002279,39314939,4496,"Carrots, raw",1.0,8806,cup chopped,128.0,128.0,,3,
16770293,31002281,39314941,21654,"Coffee infusion, with milk",250.0,,,,,,4,
16770293,31002294,39314954,1680,"Egg, whole, cooked, scrambled",1.0,3622,large unit,61.0,61.0,,5,
16770294,31002282,39314942,47930,"Apples, eating, raw, flesh and skin, weighed with core",1.0,37268,medium eating,112.0,112.0,,1,
16770294,31002492,39315182,3774,"Blueberries, raw",150.0,,,,,,2,
16770294,31002532,39315226,48669,"Cinnamon, ground",1.0,38790,teaspoon,3.0,3.0,,3,
16770294,31002669,39315368,28190,"Soya, alternative to yoghurt (Provamel Dairy Free (Yofu) with added calcium)",150.0,,,,,,4,
16770294,31002670,39315369,7797,Honey,1.0,15123,tbsp,21.0,21.0,,5,
16770295,31002283,39314943,50300,"Rocket, raw",1.0,41469,portion,20.0,20.0,,1,1
16770295,31002284,39314944,4509,"Celery, raw",1.0,8841,chopped cup,101.0,101.0,,2,1
16770295,31002285,39314945,7133,"Bread, whole-wheat, commercially prepared",2.0,13672,slice,32.0,64.0,,3,1
16770295,31002286,39314946,50680,Turkey slices,4.0,42045,portion,23.0,92.0,,4,1
16770295,31002287,39314947,2196,"Oil, olive, salad or cooking",1.0,4837,tsp,4.5,4.5,,5,1
16770295,31002664,39315360,4817,"Tomatoes, red, ripe, raw, year round average",1.0,9424,"cup, chopped or sliced",180.0,180.0,,6,1
16770295,31003009,39315719,48435,"Carrots, old, raw",1.0,38237,medium portion,60.0,60.0,,7,1
16770297,31002289,39314949,28579,"Chicken and vegetable stir-fry with soy sauce, home prepared",250.0,,,,,,1,1
16770297,31002290,39314950,28303,"Salad, mixed",250.0,,,,,,2,1
16770297,31002291,39314951,81343,"Millet, cooked, unsalted",200.0,,,,,,3,1
16770297,31002769,39315470,1575,"Cheese, cottage, lowfat, 1% milkfat",100.0,,,,,,4,1
16770297,31002292,39314952,47998,"Bananas, raw, flesh only, weighed with skin",1.0,37371,medium unit,100.0,100.0,,1,2
16770659,31003186,39315914,48310,"Bread, wholemeal, toasted",2.0,37963,medium slice,31.0,62.0,,1,
16770659,31003187,39315915,5286,"Seeds, sesame butter, paste",20.0,,,,,,2,
16770659,31003188,39315916,4496,"Carrots, raw",1.0,8806,cup chopped,128.0,128.0,,3,
16770659,31003190,39315918,1680,"Egg, whole, cooked, scrambled",1.0,3622,large unit,61.0,61.0,,4,
16770659,31005082,39317928,48706,"Coffee, infusion, average, with semi-skimmed milk",250.0,,,,,,5,
16770658,31003181,39315909,47930,"Apples, eating, raw, flesh and skin, weighed with core",1.0,37268,medium eating,112.0,112.0,,1,
16770658,31003182,39315910,3774,"Blueberries, raw",150.0,,,,,,2,
16770658,31003183,39315911,48669,"Cinnamon, ground",1.0,38790,teaspoon,3.0,3.0,,3,
16770658,31003184,39315912,28190,"Soya, alternative to yoghurt (Provamel Dairy Free (Yofu) with added calcium)",150.0,,,,,,4,
16770657,31003174,39315902,50300,"Rocket, raw",1.0,41469,portion,20.0,20.0,,1,1
16770657,31003179,39315907,4817,"Tomatoes, red, ripe, raw, year round average",1.0,9424,"cup, chopped or sliced",180.0,180.0,,2,1
16770657,31003457,39316185,18726,Queso mozarella,80.0,,,,,,3,1
16770657,31003458,39316186,4624,"Onions, raw",50.0,,,,,,4,1
16770657,31003461,39316189,4595,"Lettuce, cos or romaine, raw",1.0,8999,cup shredded,47.0,47.0,,5,1
16770657,31004060,39316894,22204,Pine nuts,10.0,,,,,,6,1
16770657,31004948,39317785,27080,"Bread, white, plain",70.0,,,,,,7,1
16770655,31003168,39315896,28303,"Salad, mixed",250.0,,,,,,1,1
16770655,31003625,39316433,6518,"Chickpeas (garbanzo beans, bengal gram), mature seeds, canned, drained, rinsed in tap water",1.0,12566,"cup (drained, rinsed)",152.0,152.0,,2,1
16770655,31003914,39316738,82156,Couscous with vegetables,200.0,,,,,,3,1
16770655,31003170,39315898,47998,"Bananas, raw, flesh only, weighed with skin",1.0,37371,medium unit,100.0,100.0,,1,2
16770642,31003160,39315886,1633,"Milk, reduced fat, fluid, 2% milkfat, protein fortified, with added vitamin A and vitamin D",250.0,,,,,,1,
16770642,31003162,39315889,3554,"Cereals, QUAKER, Quick Oats, Dry",30.0,,,,,,2,
16770642,31003163,39315890,7797,Honey,15.0,,,,,,3,
16770642,31003165,39315893,3774,"Blueberries, raw",1.0,7444,berry,68.0,68.0,,4,
16770642,31003166,39315894,5202,"Seeds, chia seeds, dried",20.0,,,,,,5,
16770643,31003191,39315919,1665,"Yogurt, plain, low fat",200.0,,,,,,1,
16770643,31003192,39315920,47988,"Bagels, plain",60.0,,,,,,2,
16770643,31003194,39315922,3859,"Kiwifruit, green, raw",1.0,7577,"unit (2"" dia)",69.0,69.0,,3,
16770643,31003406,39316135,4059,"Apples, raw, gala, with skin",1.0,7995,"cup, sliced",109.0,109.0,,4,
16770643,31003456,39316184,7797,Honey,15.0,,,,,,5,
16770643,31024196,39339051,5304,"Seeds, flaxseed",20.0,,,,,,6,
16770645,31003626,39316434,1665,"Yogurt, plain, low fat",200.0,,,,,,1,
16770645,31003627,39316435,7797,Honey,15.0,,,,,,2,
16770645,31003629,39316439,3963,"Pomegranates, raw",1.0,7813,cup arils (seed/juice sacs),87.0,87.0,,3,
16770645,31003631,39316443,3989,"Strawberries, raw",8.0,7868,"small unit (1"" dia)",7.0,56.0,,4,
16770645,31003632,39316447,4016,"Grapefruit juice, pink, raw",250.0,,,,,,5,
16770645,31003763,39316578,5304,"Seeds, flaxseed",20.0,,,,,,6,
16770645,31030790,39347245,3554,"Cereals, QUAKER, Quick Oats, Dry",30.0,,,,,,7,
16779920,31026310,39341768,3399,"Cereals ready-to-eat, granola, homemade",100.0,,,,,,1,
16779920,31026311,39341770,28198,"Yoghurt, low fat (Danone Vitalinea/Shape)",125.0,,,,,,2,
16779920,31026313,39341773,47925,"Apples, cooking, raw, flesh only, weighed with skin and core",1.0,37261,average portion,85.0,85.0,,3,
16779920,31026314,39341774,1800,"Spices, cinnamon, ground",1.0,3852,tsp,2.6,2.6,,4,
16779919,31026147,39341533,49718,"Oranges, flesh only",1.0,40481,large unit,210.0,210.0,,1,
16779918,31026143,39341529,49448,"Lettuce, average, raw",1.0,40022,iceberg unit,80.0,80.0,,1,1
16779918,31026144,39341530,50637,"Tomatoes, cherry, raw",1.0,41995,salad portion,34.0,34.0,,2,1
16779918,31026145,39341531,48800,"Cucumber, raw, flesh and skin",60.0,,,,,,3,1
16779918,31026318,39341778,50204,"Quiche, vegetable, retail",1.0,41345,small slice,95.0,95.0,,4,1
16779918,31027287,39342936,50300,"Rocket, raw",1.0,41469,portion,20.0,20.0,,5,1
16779918,31026146,39341532,49077,"Fromage frais, virtually fat free, fruit",1.0,39589,large pot,100.0,100.0,,1,2
16779918,31026695,39342275,3978,"Raspberries, raw",1.0,7843,cup,123.0,123.0,,2,2
16779918,31027283,39342929,3767,"Bananas, raw",1.0,7431,"medium unit (7"" to 7-7/8"" long)",118.0,118.0,,3,2
16779917,31026139,39341525,48474,"Celery, raw",3.0,38321,stick,30.0,90.0,,1,
16779917,31026387,39341898,4496,"Carrots, raw",1.0,8806,cup chopped,128.0,128.0,,2,
16779917,31027289,39342941,7138,"Bread, sticks, plain",1.0,13684,small pieces cup,46.0,46.0,,3,
16779916,31026135,39341521,49427,"Lemon sole, flesh only, steamed",1.0,40006,large unit,220.0,220.0,,1,1
16779916,31026136,39341522,50224,"Ratatouille, homemade",1.0,41365,average serving,180.0,180.0,,2,1
16779916,31026618,39342190,8012,"Rice, brown, long-grain, cooked",1.0,15469,cup,202.0,202.0,,3,1
16779916,31027495,39343170,1733,"Cheese, parmesan, dry grated, reduced fat",2.0,3726,tbsp,5.0,10.0,,4,1
16779916,31027636,39343315,22547,Gingerbread,20.0,,,,,,1,2
16782096,31031694,39348246,49250,"Jam, fruit with edible seeds",3.0,39815,spread,25.0,75.0,,1,
16782096,31031700,39348261,67668,"Bread, wheat, sprouted, toasted",3.0,54557,slice (1 serving),38.0,114.0,,2,
16782096,31031818,39348433,49569,"Milk, skimmed, pasteurised, winter",1.0,40216,average glass,200.0,200.0,,3,
16782096,31032161,39348807,3957,"Plums, raw",50.0,,,,,,4,
16782096,31033524,39350453,48706,"Coffee, infusion, average, with semi-skimmed milk",250.0,,,,,,5,
16782094,31031685,39348236,47949,"Asparagus, boiled in unsalted water",1.0,37279,portion,125.0,125.0,,1,0
16782094,31031686,39348237,48987,"Eggs, chicken, whole, fried, without fat",2.0,39401,unit,60.0,120.0,,2,0
16782094,31031687,39348238,48287,"Bread, brown, toasted",2.0,37906,medium slice,31.0,62.0,,3,0
16782094,31031691,39348243,49008,"Fat spread, reduced fat (41-62%), not polyunsaturated, with olive oil",2.0,39452,thin spread,5.0,10.0,,4,0
16782094,31031861,39348499,28888,"Salad, mixed (lettuce, peppers, tomatoes, onion), homemade",150.0,,,,,,5,0
16782094,31032164,39348811,81795,"Yoghurt, high in protein, on a fruit layer",125.0,,,,,,1,2
16782094,31032216,39348914,81660,"Flaxseed, brown",20.0,,,,,,2,2
16782094,31032473,39349184,28259,"Fruit salad (orange, pear, strawberry, grape, nectarine)",150.0,,,,,,3,2
16782093,31031682,39348233,50782,Yeast extract,3.0,42223,thick scraping,4.0,12.0,,1,
16782093,31031683,39348234,48800,"Cucumber, raw, flesh and skin",1.0,39095,1'' piece,60.0,60.0,,2,
16782093,31031684,39348235,49868,"Pepper, capsicum, red, raw",3.0,40663,sliced ring,10.0,30.0,,3,
16782093,31032562,39349341,67694,"Crackers, gluten-free, multigrain and vegetable, made with corn starch and white rice flour",1.0,54583,cracker,10.7,10.7,,4,
16782092,31031673,39348224,48467,"Cauliflower, boiled in unsalted water",1.0,38308,small portion,60.0,60.0,,1,1
16782092,31031674,39348225,48347,"Broccoli, green, boiled in unsalted water",1.0,38067,small portion,60.0,60.0,,2,1
16782092,31031675,39348226,48436,"Carrots, young, boiled in unsalted water",1.0,38244,medium portion,60.0,60.0,,3,1
16782092,31031676,39348227,48164,"Beef, topside, roasted medium-rare, lean and fat",1.0,37700,large portion,150.0,150.0,,4,1
16782092,31032599,39349395,4687,"Potatoes, boiled, cooked in skin, flesh, without salt",200.0,,,,,,5,1
16782091,31033792,39350726,3767,"Bananas, raw",1.0,7431,"medium unit (7"" to 7-7/8"" long)",118.0,118.0,,1,
16784048,31036563,39353987,50093,"Porridge oats, unfortified, cooked, made up with semi-skimmed milk",1.0,41091,medium portion,160.0,160.0,,1,
16784048,31036567,39353991,4059,"Apples, raw, gala, with skin",1.0,7995,"cup, sliced",109.0,109.0,,2,
16784048,31036649,39354075,67479,"Seeds, hemp seed, hulled",1.0,54159,tbsp,30.0,30.0,,3,
16784048,31036841,39354270,27522,"Figs, dried",25.0,,,,,,4,
16784047,31036881,39354312,28198,"Yoghurt, low fat (Danone Vitalinea/Shape)",125.0,,,,,,1,
16784047,31037119,39354559,49827,"Peaches, raw, flesh and skin",1.0,40589,large piece,150.0,150.0,,2,
16784045,31036555,39353979,5163,"Carrots, baby, raw",100.0,,,,,,1,
16784045,31036557,39353981,7138,"Bread, sticks, plain",1.0,13684,small pieces cup,46.0,46.0,,2,
16784045,31037329,39354785,4553,"Cucumber, with peel, raw",1.0,8926,cup slices,52.0,52.0,,3,
16784044,31036551,39353975,49415,"Leeks in cheese sauce, made with skimmed milk, homemade",1.0,39984,side dish portion,90.0,90.0,,1,1
16784044,31036554,39353978,28295,"Potatoes, roasted in sunflower oil",200.0,,,,,,2,1
16784044,31039538,39357390,81195,"Veal, tenderloin, roasted",200.0,,,,,,3,1
16784044,31039957,39357835,22756,"Green salad, raw, without seasoning",100.0,,,,,,4,1
16784043,31036547,39353971,28198,"Yoghurt, low fat (Danone Vitalinea/Shape)",125.0,,,,,,1,
16784043,31036549,39353973,3978,"Raspberries, raw",1.0,7843,cup,123.0,123.0,,2,
16784043,31036550,39353974,81660,"Flaxseed, brown",15.0,,,,,,3,
16728416,30903018,39203849,5202,"Seeds, chia seeds, dried",15.0,,,,,,1,
16728416,31006002,39319008,6472,SILK Plain soy yogurt,200.0,,,,,,2,
16728416,31006003,39319009,3554,"Cereals, QUAKER, Quick Oats, Dry",30.0,,,,,,3,
16728416,31006004,39319010,3774,"Blueberries, raw",1.0,7444,berry,68.0,68.0,,4,
16728416,31020501,39334685,49216,Honey,15.0,,,,,,5,
16728417,30903105,39203950,7239,"Crackers, crispbread, rye",4.0,13945,"Norwegian flatbread type (4-3/4"" x 2-3/4"" x 1/16"")",5.8,23.2,,1,
16728417,30903608,39204500,3766,"Avocados, raw, Florida",40.0,,,,,,2,
16728417,30903614,39204511,5304,"Seeds, flaxseed",15.0,,,,,,3,
16728417,31015997,39329751,3830,"Grapefruit, raw, pink and red, all areas",1.0,7529,"unit (3-3/4"" dia)",123.0,123.0,,4,
16728417,31020845,39335034,50630,"Tofu, soya bean, steamed",120.0,,,,,,5,
16728419,31018990,39333046,6472,SILK Plain soy yogurt,1.0,12514,container,227.0,227.0,,1,
16728419,31019128,39333191,4059,"Apples, raw, gala, with skin",1.0,7997,medium unit,172.0,172.0,,2,
16728419,31021643,39335934,49216,Honey,15.0,,,,,,3,
16729330,31012448,39325883,49485,Lucozade,1.0,40058,medium bottle,500.0,500.0,,1,
16729624,31019137,39333202,49485,Lucozade,1.0,40058,medium bottle,500.0,500.0,,1,
16729624,31020373,39334555,5760,"Beverages, Protein powder whey based",30.0,,,,,,2,
16728421,30904656,39205645,49572,"Milk, soya, non-dairy alternative to milk, unsweetened, fortified",250.0,,,,,,1,
16783600,31035599,39352817,28262,"Fruit smoothie (banana, peach, mango, low fat yoghurt)",250.0,,,,,,1,
16783602,31035946,39353217,5163,"Carrots, baby, raw",100.0,,,,,,1,
16783602,31036086,39353358,5284,"Seeds, sesame butter, tahini, from roasted and toasted kernels (most common type)",1.0,10265,tbsp,15.0,15.0,,2,
16783602,31036092,39353365,7138,"Bread, sticks, plain",1.0,13684,small pieces cup,46.0,46.0,,3,
16783603,31036106,39353391,49415,"Leeks in cheese sauce, made with skimmed milk, homemade",1.0,39984,side dish portion,90.0,90.0,,1,1
16783603,31036118,39353404,28888,"Salad, mixed (lettuce, peppers, tomatoes, onion), homemade",200.0,,,,,,2,1
16783603,31036268,39353560,48691,"Cod, flesh only, poached in milk, butter and salt added",1.0,38828,medium portion,180.0,180.0,,3,1
16783603,31036314,39353616,28295,"Potatoes, roasted in sunflower oil",200.0,,,,,,4,1
16825478,31137766,39466179,49216,Honey,15.0,,,,,,1,
16825478,31138275,39466744,3554,"Cereals, QUAKER, Quick Oats, Dry",1.0,7176,cup,40.0,40.0,,2,
16825478,31138281,39466754,49572,"Milk, soya, non-dairy alternative to milk, unsweetened, fortified",250.0,,,,,,3,
16825477,31137762,39466175,47997,"Bananas, flesh only",150.0,,,,,,1,
16825477,31137763,39466176,5226,"Nuts, almonds",6.0,10150,unit,1.2,7.199999999999999,,2,
16825475,31138547,39467022,6472,SILK Plain soy yogurt,200.0,,,,,,1,
16825475,31138549,39467024,3859,"Kiwifruit, green, raw",2.0,7577,"unit (2"" dia)",69.0,138.0,,2,
16823194,31132001,39459723,5202,"Seeds, chia seeds, dried",15.0,,,,,,1,
16823194,31132120,39459857,3554,"Cereals, QUAKER, Quick Oats, Dry",30.0,,,,,,2,
16823194,31132151,39459963,1629,"Milk, whole, 3.25% milkfat, with added vitamin D",250.0,,,,,,3,
16823193,31131998,39459720,3892,"Oranges, raw, Florida",1.0,7668,"unit (2-5/8"" dia)",141.0,141.0,,1,
16823193,31132124,39459862,4059,"Apples, raw, gala, with skin",1.0,7998,small unit,157.0,157.0,,2,
16823193,31132125,39459863,4496,"Carrots, raw",2.0,8810,medium unit,61.0,122.0,,3,
16823191,31131993,39459715,3767,"Bananas, raw",120.0,,,,,,1,
16823191,31132293,39460107,67402,"Yogurt, Greek, whole, plain, CHOBANI",200.0,,,,,,2,
16825234,31137723,39466124,3879,"Melons, cantaloupe, raw",1.0,7621,"cup, cubes",160.0,160.0,,1,
16825234,31137727,39466128,5226,"Nuts, almonds",10.0,,,,,,2,
16825234,31139258,39468014,47917,"Apple juice concentrate, unsweetened, commerical",150.0,,,,,,3,
16825235,31138050,39466519,28329,Pasta salad with prawns,400.0,,,,,,1,0
16825236,31138548,39467023,28198,"Yoghurt, low fat (Danone Vitalinea/Shape)",125.0,,,,,,1,
16825236,31138552,39467029,50221,"Raspberries, raw",1.0,41361,portion,60.0,60.0,,2,
16825236,31138665,39467144,47998,"Bananas, raw, flesh only, weighed with skin",1.0,37370,small unit,80.0,80.0,,3,
16825236,31138690,39467195,7797,Honey,10.0,,,,,,4,
16825237,31138802,39467317,2915,"Soup, HEALTHY CHOICE Garden Vegetable Soup, canned",1.0,6274,serving (1 cup),246.0,246.0,,1,0
16825237,31139042,39467679,48599,"Chicken, meat, average, roasted",1.0,38624,medium portion,100.0,100.0,,1,1
16825237,31139043,39467680,28285,"Potatoes, mashed with low-fat milk",200.0,,,,,,2,1
16825237,31139046,39467684,50224,"Ratatouille, homemade",1.0,41365,average serving,180.0,180.0,,3,1
16825237,31139047,39467685,49868,"Pepper, capsicum, red, raw",1.0,40662,medium unit,160.0,160.0,,4,1
16825237,31139081,39467783,48800,"Cucumber, raw, flesh and skin",1.0,39096,portion,23.0,23.0,,5,1
16825237,31139254,39468009,28076,"Cake, apple, homemade",50.0,,,,,,1,2
16833108,31157464,39489666,48286,"Bread, brown, average",4.0,37903,medium slice,36.0,144.0,,1,
16833108,31157471,39489674,5295,"Nuts, almond butter, plain, without salt added",35.0,,,,,,2,
16833108,31157539,39489750,3774,"Blueberries, raw",1.0,7443,cup,148.0,148.0,,3,
16833110,31157586,39489808,6407,"Hummus, home prepared",60.0,,,,,,1,1
16833110,31157689,39489997,7133,"Bread, whole-wheat, commercially prepared",4.0,13672,slice,32.0,128.0,,2,1
16833110,31157829,39490138,4761,"Spinach, raw",40.0,,,,,,3,1
16833110,31158015,39490372,5032,"Peppers, sweet, red, raw",1.0,9780,"cup, chopped",149.0,149.0,,4,1
16833110,31158023,39490382,4624,"Onions, raw",4.0,9085,"medium slice (1/8"" thick)",14.0,56.0,,5,1
16833111,31158028,39490389,5163,"Carrots, baby, raw",1.0,10046,NLEA serving,85.0,85.0,,1,
16833111,31158241,39490608,5284,"Seeds, sesame butter, tahini, from roasted and toasted kernels (most common type)",1.0,10265,tbsp,15.0,15.0,,2,
16833112,31158419,39490830,28523,"Soup, tomato and lentil, homemade",250.0,,,,,,1,0
16833112,31158425,39490838,6433,"Tempeh, cooked",150.0,,,,,,1,1
16833112,31158429,39490848,81345,"Quinoa, boiled/cooked in water, unsalted",200.0,,,,,,2,1
16833112,31158474,39490920,48900,"Curry, vegetable, frozen mixed vegetables, homemade",250.0,,,,,,3,1
16826126,31139276,39468032,7797,Honey,15.0,,,,,,1,
16826126,31140022,39468860,67673,"Bagels, multigrain",60.0,,,,,,2,
16826126,31140030,39468868,3766,"Avocados, raw, Florida",60.0,,,,,,3,
16826125,31139274,39468030,4059,"Apples, raw, gala, with skin",140.0,,,,,,1,
16826125,31140163,39469005,5202,"Seeds, chia seeds, dried",15.0,,,,,,2,
16826125,31140164,39469008,6472,SILK Plain soy yogurt,200.0,,,,,,3,
16826123,31139265,39468021,50537,"Strawberries, raw",15.0,41859,unit,12.0,180.0,,1,
16826123,31140171,39469016,3859,"Kiwifruit, green, raw",2.0,7577,"unit (2"" dia)",69.0,138.0,,2,
16826122,31139261,39468017,48999,"Endive, raw",100.0,,,,,,1,1
16826122,31139262,39468018,49870,"Pepper, capsicum, yellow, raw",1.0,40666,medium unit,160.0,160.0,,2,1
16826122,31139263,39468019,5032,"Peppers, sweet, red, raw",160.0,,,,,,3,1
16826122,31139264,39468020,50216,Raisins,15.0,,,,,,4,1
16826122,31140302,39469147,1677,"Egg, whole, cooked, hard-boiled",2.0,3618,large unit,50.0,100.0,,5,1
16826122,31140304,39469149,8004,"Couscous, cooked",100.0,,,,,,6,1
16827401,31142509,39471685,5202,"Seeds, chia seeds, dried",15.0,,,,,,1,
16827401,31142848,39472067,3554,"Cereals, QUAKER, Quick Oats, Dry",60.0,,,,,,2,
16827401,31142965,39472186,50216,Raisins,15.0,,,,,,3,
16827401,31143099,39472336,49572,"Milk, soya, non-dairy alternative to milk, unsweetened, fortified",250.0,,,,,,4,
16827400,31142505,39471681,50221,"Raspberries, raw",100.0,,,,,,1,
16827400,31143102,39472339,3774,"Blueberries, raw",1.0,7444,berry,68.0,68.0,,2,
16827398,31143244,39472493,7874,"Snacks, rice cakes, brown rice, corn",1.0,15270,unit,9.0,9.0,,1,
16827398,31143246,39472495,6428,"Peanut Butter, smooth",10.0,,,,,,2,
16827398,31143247,39472497,4059,"Apples, raw, gala, with skin",1.0,7995,"cup, sliced",109.0,109.0,,3,
16734578,30918295,39220994,48984,"Eggs, chicken, whole, boiled",2.0,39394,unit,50.0,100.0,,1,
16734578,30918441,39221135,48309,"Bread, wholemeal, average",60.0,,,,,,2,
16734578,30918474,39221169,3766,"Avocados, raw, Florida",60.0,,,,,,3,
16734578,31073855,39396538,1739,"Milk, whole, 3.25% milkfat, without added vitamin A and vitamin D",1.0,3740,cup,244.0,244.0,,4,
16734579,30918499,39221203,48316,"Breakfast cereal, bran type cereal, fortified",60.0,,,,,,1,
16734579,30918778,39221486,5304,"Seeds, flaxseed",15.0,,,,,,2,
16734579,30918781,39221491,5226,"Nuts, almonds",6.0,10150,unit,1.2,7.199999999999999,,3,
16734579,30918782,39221492,7797,Honey,15.0,,,,,,4,
16734579,30918786,39221539,47997,"Bananas, flesh only",150.0,,,,,,5,
16734579,30918800,39221554,67493,"Beverages, Apple juice drink, light, fortified with vitamin C",250.0,,,,,,6,
16734579,31073930,39396613,67402,"Yogurt, Greek, whole, plain, CHOBANI",200.0,,,,,,7,
16734581,30919376,39222140,5202,"Seeds, chia seeds, dried",15.0,,,,,,1,
16734581,30919463,39222273,6428,"Peanut Butter, smooth",15.0,,,,,,2,
16734581,30919512,39222347,3770,"Blackberry juice, canned",250.0,,,,,,3,
16734581,31074381,39397160,1739,"Milk, whole, 3.25% milkfat, without added vitamin A and vitamin D",1.0,3740,cup,244.0,244.0,,4,
16734581,31074436,39397226,3554,"Cereals, QUAKER, Quick Oats, Dry",1.0,7176,cup,40.0,40.0,,5,
16734581,31074438,39397229,48669,"Cinnamon, ground",2.0,38790,teaspoon,3.0,6.0,,6,
16735426,30920591,39223522,49485,Lucozade,500.0,,,,,,1,
16735551,30920598,39223531,49485,Lucozade,500.0,,,,,,1,
16734583,30920096,39222972,7797,Honey,15.0,,,,,,1,
16734583,30920133,39223012,3963,"Pomegranates, raw",1.0,7813,cup arils (seed/juice sacs),87.0,87.0,,2,
16734583,31074459,39397256,67402,"Yogurt, Greek, whole, plain, CHOBANI",200.0,,,,,,3,
16826196,31142160,39471298,49572,"Milk, soya, non-dairy alternative to milk, unsweetened, fortified",250.0,,,,,,1,
16826196,31142162,39471300,67673,"Bagels, multigrain",60.0,,,,,,2,
16826196,31142164,39471302,3930,"Pears, raw",1.0,7750,medium unit,178.0,178.0,,3,
16826195,31139430,39468198,4059,"Apples, raw, gala, with skin",120.0,,,,,,1,
16826195,31139431,39468199,48669,"Cinnamon, ground",15.0,,,,,,2,
16826195,31139432,39468200,5304,"Seeds, flaxseed",15.0,,,,,,3,
16826195,31139433,39468201,3892,"Oranges, raw, Florida",1.0,7668,"unit (2-5/8"" dia)",141.0,141.0,,4,
16826193,31139419,39468187,3963,"Pomegranates, raw",40.0,,,,,,1,
16826193,31139420,39468188,1800,"Spices, cinnamon, ground",15.0,,,,,,2,
16826193,31142341,39471488,3564,"Cereals, QUAKER, Quick Oats with Iron, Dry",1.0,7186,cup,40.0,40.0,,3,
16826193,31142432,39471578,6472,SILK Plain soy yogurt,200.0,,,,,,4,
16827413,31142525,39471703,7797,Honey,15.0,,,,,,1,
16827413,31142526,39471704,48669,"Cinnamon, ground",1.0,38790,teaspoon,3.0,3.0,,2,
16827413,31143556,39472821,6472,SILK Plain soy yogurt,200.0,,,,,,3,
16827413,31143565,39472836,7920,"Snacks, rice cakes, brown rice, buckwheat, unsalted",2.0,15354,unit,9.0,18.0,,4,
16827412,31143822,39473110,3884,"Nectarines, raw",1.0,7646,"small unit (2-1/3"" dia)",129.0,129.0,,1,
16827410,31143569,39472843,3767,"Bananas, raw",150.0,,,,,,1,
16821168,31126795,39453346,21654,"Coffee infusion, with milk",250.0,,,,,,1,
16821168,31126798,39453349,48309,"Bread, wholemeal, average",3.0,37960,medium slice,36.0,108.0,,2,
16821168,31126800,39453351,22945,"Dark chocolate bar, more than 70% cocoa",45.0,,,,,,3,
16821168,31126801,39453352,81682,"Vegetable fat (margarine type), spreadable, 30-40% fat, light, unsalted, with plant sterols esters",15.0,,,,,,4,
16821167,31126791,39453342,3978,"Raspberries, raw",1.0,7843,cup,123.0,123.0,,1,
16821167,31127193,39453744,48475,"Cereal bars, with fruit and/or nuts, no chocolate, unfortified",1.0,38322,unit,30.0,30.0,,2,
16821165,31126782,39453333,28198,"Yoghurt, low fat (Danone Vitalinea/Shape)",125.0,,,,,,1,
16821165,31126783,39453334,3915,"Peaches, yellow, raw",1.0,7720,"medium unit (2-2/3"" dia)",150.0,150.0,,2,
16821165,31126784,39453335,21650,"Mango, without skin, raw",150.0,,,,,,3,
16821165,31126785,39453336,82578,"Oat flakes, pre-cooked, raw",50.0,,,,,,4,
16821164,31126780,39453331,50722,"Vegetables, mixed, cooked with onion, spice and tomatoes, homemade",200.0,,,,,,1,1
16821164,31126781,39453332,2196,"Oil, olive, salad or cooking",1.0,4837,tsp,4.5,4.5,,2,1
16821164,31127195,39453748,48571,"Chicken, breast, grilled without skin, meat only",1.0,38548,medium portion,130.0,130.0,,3,1
16821164,31127196,39453749,8012,"Rice, brown, long-grain, cooked",1.0,15469,cup,202.0,202.0,,4,1
16821382,31127342,39453900,1634,"Milk, lowfat, fluid, 1% milkfat, with added vitamin A and vitamin D",250.0,,,,,,1,
16821382,31131343,39459039,3554,"Cereals, QUAKER, Quick Oats, Dry",30.0,,,,,,2,
16821381,31127340,39453898,50537,"Strawberries, raw",100.0,,,,,,1,
16821381,31131344,39459040,3774,"Blueberries, raw",100.0,,,,,,2,
16821379,31127335,39453893,47997,"Bananas, flesh only",120.0,,,,,,1,
16821379,31131773,39459487,67694,"Crackers, gluten-free, multigrain and vegetable, made with corn starch and white rice flour",1.0,54583,cracker,10.7,10.7,,2,
16821378,31127330,39453888,7133,"Bread, whole-wheat, commercially prepared",30.0,,,,,,1,1
16821378,31127331,39453889,50680,Turkey slices,1.0,42045,portion,23.0,23.0,,2,1
16821378,31127332,39453890,47958,"Avocado, average, flesh only",30.0,,,,,,3,1
16821378,31127333,39453891,50300,"Rocket, raw",50.0,,,,,,4,1
16821378,31127334,39453892,50641,"Tomatoes, standard, raw",80.0,,,,,,5,1
16833856,31159087,39491695,50092,"Porridge oats, unfortified",50.0,,,,,,1,
16833856,31159088,39491696,49864,"Pecan nuts, kernel only, weighed with shells",5.0,40658,unit,6.0,30.0,,2,
16833856,31159089,39491697,50550,Sunflower seeds,0.5,41879,tablespoon,16.0,8.0,,3,
16833856,31159090,39491698,50216,Raisins,1.0,41358,tablespoon,30.0,30.0,,4,
16833856,31159092,39491700,49216,Honey,1.0,39760,level teaspoon,8.0,8.0,,5,
16833856,31159093,39491701,47931,"Apricots, dried",3.0,37270,unit,8.0,24.0,,6,
16833856,31159094,39491702,50789,"Yogurt, low fat, plain",1.0,42238,average pot,125.0,125.0,,7,
16833856,31159130,39491743,3730,"Apples, raw, with skin",1.0,7365,"medium unit (3"" dia)",182.0,182.0,,8,
16833855,31159086,39491694,49525,"Melon, Canteloupe-type, flesh only",2.0,40119,slice,150.0,300.0,,1,
16833855,31159159,39491803,81748,"Oat-based drink, plain",200.0,,,,,,2,
16833854,31159081,39491689,49448,"Lettuce, average, raw",200.0,,,,,,1,1
16833854,31159082,39491690,48309,"Bread, wholemeal, average",1.0,37960,medium slice,36.0,36.0,,2,1
16833854,31159083,39491691,48571,"Chicken, breast, grilled without skin, meat only",1.0,38548,medium portion,130.0,130.0,,3,1
16833854,31159085,39491693,48945,"Dressing, French, fat free",2.0,39365,tablespoon,15.0,30.0,,4,1
16833854,31159255,39491955,6323,"Beans, white, mature seeds, cooked, boiled, without salt",100.0,,,,,,5,1
16833853,31159079,39491687,49569,"Milk, skimmed, pasteurised, winter",1.0,40216,average glass,200.0,200.0,,1,
16833853,31159080,39491688,48223,"Biscuits, digestive, plain",2.0,37827,unit,15.0,30.0,,2,
16833852,31159074,39491682,49313,"Lamb, chump chops, fried, lean and fat, weighed with bone",2.0,39904,portion,120.0,240.0,,1,1
16833852,31159075,39491683,49846,"Peas, boiled in unsalted water",2.0,40617,small portion,40.0,80.0,,2,1
16833852,31159076,39491684,50146,"Potatoes, old, mashed with reduced fat spread",1.0,41253,medium portion,175.0,175.0,,3,1
16833852,31159077,39491685,48436,"Carrots, young, boiled in unsalted water",1.0,38244,medium portion,60.0,60.0,,4,1
16833852,31159266,39491971,4817,"Tomatoes, red, ripe, raw, year round average",0.5,9424,"cup, chopped or sliced",180.0,90.0,,5,1
16833852,31159271,39491977,4509,"Celery, raw",0.5,8841,chopped cup,101.0,50.5,,6,1
16833851,31159404,39492114,7761,"Puddings, chocolate, ready-to-eat, fat free",1.0,15072,serving (4 oz),113.0,113.0,,1,
16825172,31136963,39465322,7797,Honey,15.0,,,,,,1,
16825172,31137124,39465495,3554,"Cereals, QUAKER, Quick Oats, Dry",30.0,,,,,,2,
16825172,31137127,39465503,49572,"Milk, soya, non-dairy alternative to milk, unsweetened, fortified",1.0,40241,average glass,200.0,200.0,,3,
16825171,31136962,39465321,3859,"Kiwifruit, green, raw",2.0,7577,"unit (2"" dia)",69.0,138.0,,1,
16825171,31137167,39465544,6472,SILK Plain soy yogurt,200.0,,,,,,2,
16825169,31136955,39465314,3894,"Orange juice, raw",250.0,,,,,,1,
16825169,31136956,39465315,50734,"Walnuts, kernel only",10.0,,,,,,2,
16824974,31136394,39464703,49216,Honey,15.0,,,,,,1,
16824974,31136398,39464708,3564,"Cereals, QUAKER, Quick Oats with Iron, Dry",1.0,7186,cup,40.0,40.0,,2,
16824974,31136449,39464775,6472,SILK Plain soy yogurt,200.0,,,,,,3,
16824974,31136452,39464779,5304,"Seeds, flaxseed",15.0,,,,,,4,
16824973,31136453,39464780,3774,"Blueberries, raw",100.0,,,,,,1,
16824973,31136455,39464782,50537,"Strawberries, raw",1.0,41860,average portion,100.0,100.0,,2,
16824973,31136456,39464784,3978,"Raspberries, raw",100.0,,,,,,3,
16824971,31136377,39464686,49216,Honey,5.0,,,,,,1,
16824971,31136378,39464687,3766,"Avocados, raw, Florida",60.0,,,,,,2,
16824971,31136379,39464688,47997,"Bananas, flesh only",120.0,,,,,,3,
16824971,31136380,39464689,7964,"Chocolate, dark, 70-85% cacao solids",20.0,,,,,,4,
16824971,31136465,39464799,6472,SILK Plain soy yogurt,200.0,,,,,,5,
16824969,31136474,39464808,67488,"Beverages, almond milk, unsweetened, shelf stable",250.0,,,,,,1,
16820947,31126224,39452708,7123,"Bread, rye",3.0,13633,regular slice,32.0,96.0,,1,
16820947,31126225,39452709,27730,"Jam, plums",30.0,,,,,,2,
16820947,31126227,39452711,21654,"Coffee infusion, with milk",250.0,,,,,,3,
16820947,31126359,39452844,50734,"Walnuts, kernel only",1.0,42128,portion,20.0,20.0,,4,
16820946,31126363,39452856,28198,"Yoghurt, low fat (Danone Vitalinea/Shape)",125.0,,,,,,1,
16820946,31126494,39452987,3767,"Bananas, raw",1.0,7431,"medium unit (7"" to 7-7/8"" long)",118.0,118.0,,2,
16820946,31126639,39453186,5202,"Seeds, chia seeds, dried",25.0,,,,,,3,
16820945,31126218,39452702,28507,"Soup, vegetable (carrot, onion, celery, parsnip, turnip), homemade",250.0,,,,,,1,0
16820945,31126219,39452703,48310,"Bread, wholemeal, toasted",3.0,37962,small slice,23.0,69.0,,1,1
16820945,31126498,39453045,3176,"Ham, sliced, pre-packaged, deli meat (96%fat free, water added)",3.0,6649,slice,13.0,39.0,,2,1
16820945,31126642,39453189,4496,"Carrots, raw",1.0,8807,cup grated,110.0,110.0,,3,1
16820944,31126215,39452699,3915,"Peaches, yellow, raw",1.0,7720,"medium unit (2-2/3"" dia)",150.0,150.0,,1,
16820944,31126216,39452700,21650,"Mango, without skin, raw",150.0,,,,,,2,
16820944,31126217,39452701,82578,"Oat flakes, pre-cooked, raw",40.0,,,,,,3,
16820944,31126636,39453183,48522,"Cheese, Quark",125.0,,,,,,4,
16820943,31126210,39452694,22821,"Tuna, roasted/baked",150.0,,,,,,1,1
16820943,31126211,39452695,4687,"Potatoes, boiled, cooked in skin, flesh, without salt",200.0,,,,,,2,1
16820943,31126212,39452696,50722,"Vegetables, mixed, cooked with onion, spice and tomatoes, homemade",200.0,,,,,,3,1
16820943,31126213,39452697,2196,"Oil, olive, salad or cooking",1.0,4837,tsp,4.5,4.5,,4,1
16820943,31126209,39452693,4025,"Pears, raw, green anjou",1.0,7946,large unit,242.0,242.0,,1,2
16821972,31128817,39455922,50221,"Raspberries, raw",1.0,41361,portion,60.0,60.0,,1,
16821972,31128818,39455923,50537,"Strawberries, raw",70.0,,,,,,2,
16821972,31128819,39455924,47997,"Bananas, flesh only",120.0,,,,,,3,
16821972,31128820,39455925,3554,"Cereals, QUAKER, Quick Oats, Dry",50.0,,,,,,4,
16821972,31128821,39455926,6472,SILK Plain soy yogurt,1.0,12514,container,227.0,227.0,,5,
16821972,31128822,39455927,49572,"Milk, soya, non-dairy alternative to milk, unsweetened, fortified",200.0,,,,,,6,
16821975,31128832,39455937,1665,"Yogurt, plain, low fat",150.0,,,,,,1,
16821975,31128840,39455959,28086,"Cereal bar, Alpen Light (Citrus Fruit)",40.0,,,,,,2,
16821976,31128833,39455938,48500,"Cheese, cottage, plain, reduced fat",60.0,,,,,,1,1
16821976,31128834,39455939,49870,"Pepper, capsicum, yellow, raw",1.0,40666,medium unit,160.0,160.0,,2,1
16821976,31128835,39455940,9589,"Tortillas, ready-to-bake or -fry, whole wheat",80.0,,,,,,3,1
16821976,31128836,39455941,50300,"Rocket, raw",50.0,,,,,,4,1
16821976,31128837,39455942,50637,"Tomatoes, cherry, raw",10.0,41994,unit,15.0,150.0,,5,1
16821976,31128838,39455943,47958,"Avocado, average, flesh only",1.0,37285,small pear,100.0,100.0,,6,1
16821976,31128839,39455944,48800,"Cucumber, raw, flesh and skin",75.0,,,,,,7,1
16821977,31130045,39457312,27645,"Biscuits or cookies, semi-sweet",40.0,,,,,,1,
16821977,31130046,39457313,50614,"Tea, herbal, infusion",250.0,,,,,,2,
16846665,31191854,39530317,47910,"Almonds, toasted",1.0,37242,portion,13.0,13.0,,1,
16846665,31191855,39530318,4059,"Apples, raw, gala, with skin",120.0,,,,,,2,
16846665,31191856,39530319,3767,"Bananas, raw",150.0,,,,,,3,
16846665,31191989,39530535,49826,"Peaches, flesh and skin, raw, weighed with stone",1.0,40584,small piece,70.0,70.0,,4,
16846667,31191865,39530328,50537,"Strawberries, raw",24.0,41859,unit,12.0,288.0,,1,
16846667,31191866,39530329,48669,"Cinnamon, ground",15.0,,,,,,2,
16846667,31191867,39530330,67384,"Yogurt, Greek, plain, lowfat",1.0,53975,container (7 oz),200.0,200.0,,3,
16846667,31192103,39530669,7797,Honey,1.0,15123,tbsp,21.0,21.0,,4,
16845586,31189468,39527530,28198,"Yoghurt, low fat (Danone Vitalinea/Shape)",125.0,,,,,,1,
16845586,31189470,39527532,3767,"Bananas, raw",1.0,7431,"medium unit (7"" to 7-7/8"" long)",118.0,118.0,,2,
16845586,31189471,39527533,5228,"Nuts, almonds, dry roasted, without salt added",20.0,,,,,,3,
16845586,31189472,39527534,3554,"Cereals, QUAKER, Quick Oats, Dry",1.0,7176,cup,40.0,40.0,,4,
16845586,31189911,39528009,5846,"Beverages, coffee, brewed, prepared with tap water",250.0,,,,,,5,
16845587,31189473,39527535,49940,"Pineapple, raw, flesh only",1.0,40798,large slice,80.0,80.0,,1,
16845588,31189475,39527537,48530,"Cheese, spreadable, soft white, low fat",40.0,,,,,,1,0
16845588,31189578,39527642,22767,"Soup, lentils, prepacked, to be reheated",250.0,,,,,,2,0
16845588,31189726,39527800,6407,"Hummus, home prepared",4.0,12431,tablespoon,15.0,60.0,,3,0
16845588,31189840,39527938,5163,"Carrots, baby, raw",1.0,10046,NLEA serving,85.0,85.0,,4,0
16845588,31190342,39528551,48287,"Bread, brown, toasted",1.0,37905,small slice,23.0,23.0,,5,0
16845589,31189478,39527540,49528,"Melon, flesh only, average",1.0,40121,slice,200.0,200.0,,1,
16845589,31189479,39527541,7704,"Candies, SPECIAL DARK Chocolate Bar",20.0,,,,,,2,
16845590,31189480,39527542,81128,"Ware potato, boiled/cooked in water, peeled",100.0,,,,,,1,1
16845590,31189914,39528012,6323,"Beans, white, mature seeds, cooked, boiled, without salt",1.0,12291,cup,179.0,179.0,,2,1
16845590,31189916,39528016,49448,"Lettuce, average, raw",1.0,40021,portion,20.0,20.0,,3,1
16845590,31189982,39528082,50300,"Rocket, raw",1.0,41469,portion,20.0,20.0,,4,1
16845590,31189983,39528084,4817,"Tomatoes, red, ripe, raw, year round average",1.0,9423,cup cherry tomatoes,149.0,149.0,,5,1
16845590,31190122,39528228,48800,"Cucumber, raw, flesh and skin",1.0,39096,portion,23.0,23.0,,6,1
16845590,31190292,39528501,2196,"Oil, olive, salad or cooking",1.0,4837,tsp,4.5,4.5,,7,1
16845517,31189259,39527294,28198,"Yoghurt, low fat (Danone Vitalinea/Shape)",125.0,,,,,,1,
16845517,31189260,39527295,21654,"Coffee infusion, with milk",250.0,,,,,,2,
16845517,31189394,39527430,3767,"Bananas, raw",1.0,7431,"medium unit (7"" to 7-7/8"" long)",118.0,118.0,,3,
16845517,31189398,39527435,5228,"Nuts, almonds, dry roasted, without salt added",25.0,,,,,,4,
16845517,31189403,39527444,3554,"Cereals, QUAKER, Quick Oats, Dry",1.0,7176,cup,40.0,40.0,,5,
16845516,31189258,39527293,49940,"Pineapple, raw, flesh only",1.0,40798,large slice,80.0,80.0,,1,
16845515,31189254,39527289,81224,"Brown bread, French bread (baguette or ball), with flour type 80 or 110",70.0,,,,,,1,0
16845515,31189255,39527290,48530,"Cheese, spreadable, soft white, low fat",40.0,,,,,,2,0
16845515,31189256,39527291,9953,"Ham, turkey, sliced, extra lean, prepackaged or deli",20.0,,,,,,3,0
16845515,31189431,39527476,28488,"Soup, vegetable (carrot, celery, tomato, onion), homemade",250.0,,,,,,4,0
16845514,31189252,39527287,49528,"Melon, flesh only, average",1.0,40121,slice,200.0,200.0,,1,
16845514,31189253,39527288,7704,"Candies, SPECIAL DARK Chocolate Bar",20.0,,,,,,2,
16845513,31189249,39527284,81128,"Ware potato, boiled/cooked in water, peeled",100.0,,,,,,1,1
16845513,31189250,39527285,4658,"Peas and carrots, frozen, cooked, boiled, drained, without salt",120.0,,,,,,2,1
16845513,31189251,39527286,28303,"Salad, mixed",125.0,,,,,,3,1
16845513,31189456,39527512,23123,"Veal, escalope, cooked",120.0,,,,,,4,1
16832507,31155735,39487595,3879,"Melons, cantaloupe, raw",1.0,7621,"cup, cubes",160.0,160.0,,1,
16832507,31155736,39487596,5226,"Nuts, almonds",10.0,,,,,,2,
16832506,31156013,39487874,8089,"Pasta, whole-wheat, cooked",1.0,54356,cup farfalle,107.0,107.0,,1,1
16832506,31156021,39487890,49694,"Olives, green, in brine, drained, flesh and skin",6.0,40443,unit,3.0,18.0,,2,1
16832506,31156024,39487893,4817,"Tomatoes, red, ripe, raw, year round average",0.5,9424,"cup, chopped or sliced",180.0,90.0,,3,1
16832506,31156028,39487897,6324,"Beans, white, mature seeds, canned",150.0,,,,,,4,1
16832505,31155730,39487590,28198,"Yoghurt, low fat (Danone Vitalinea/Shape)",200.0,,,,,,1,
16832505,31155731,39487591,50221,"Raspberries, raw",1.0,41361,portion,60.0,60.0,,2,
16832505,31155732,39487592,47998,"Bananas, raw, flesh only, weighed with skin",1.0,37370,small unit,80.0,80.0,,3,
16832505,31155733,39487593,7797,Honey,10.0,,,,,,4,
16832504,31155723,39487583,2915,"Soup, HEALTHY CHOICE Garden Vegetable Soup, canned",1.0,6274,serving (1 cup),246.0,246.0,,1,0
16832504,31155725,39487585,28285,"Potatoes, mashed with low-fat milk",200.0,,,,,,1,1
16832504,31155726,39487586,50224,"Ratatouille, homemade",1.0,41365,average serving,180.0,180.0,,2,1
16832504,31155727,39487587,49868,"Pepper, capsicum, red, raw",1.0,40662,medium unit,160.0,160.0,,3,1
16832504,31155728,39487588,48800,"Cucumber, raw, flesh and skin",1.0,39096,portion,23.0,23.0,,4,1
16832504,31156070,39487949,6400,"Tofu, fried",6.0,12424,piece,13.0,78.0,,5,1
16832504,31155729,39487589,28076,"Cake, apple, homemade",50.0,,,,,,1,2
16832504,31156172,39488124,49198,"Hazelnuts, kernel only, weighed with shells",25.0,,,,,,2,2
16845977,31190361,39528571,49601,"Muesli, Swiss style, no added sugar or salt, unfortified",1.0,40302,medium portion,50.0,50.0,,1,
16845977,31190363,39528573,5846,"Beverages, coffee, brewed, prepared with tap water",250.0,,,,,,2,
16845977,31190364,39528574,47930,"Apples, eating, raw, flesh and skin, weighed with core",1.0,37268,medium eating,112.0,112.0,,3,
16845977,31190368,39528578,49569,"Milk, skimmed, pasteurised, winter",1.0,40217,average portion with cereals,100.0,100.0,,4,
16845977,31190627,39528868,3774,"Blueberries, raw",1.0,7443,cup,148.0,148.0,,5,
16845974,31190356,39528566,49826,"Peaches, flesh and skin, raw, weighed with stone",1.0,40586,large piece,150.0,150.0,,1,
16845974,31190394,39528607,50734,"Walnuts, kernel only",1.0,42128,portion,20.0,20.0,,2,
16845973,31190351,39528561,2196,"Oil, olive, salad or cooking",1.0,4837,tsp,4.5,4.5,,1,1
16845973,31190352,39528562,8098,"Quinoa, cooked",1.0,15567,cup,185.0,185.0,,2,1
16845973,31190353,39528563,4468,"Broccoli, cooked, boiled, drained, without salt",1.0,8748,"small stalk (5"" long)",140.0,140.0,,3,1
16845973,31190354,39528564,28870,"Salad, mixed, 7 vegetables",120.0,,,,,,4,1
16845973,31190429,39528644,48571,"Chicken, breast, grilled without skin, meat only",1.0,38548,medium portion,130.0,130.0,,5,1
16845973,31190474,39528715,50465,"Sorbet, fruit",1.0,41669,portion,95.0,95.0,,1,2
16846443,31191332,39529738,49601,"Muesli, Swiss style, no added sugar or salt, unfortified",1.0,40302,medium portion,50.0,50.0,,1,
16846443,31191333,39529739,49572,"Milk, soya, non-dairy alternative to milk, unsweetened, fortified",1.0,40242,average portion with cereals,100.0,100.0,,2,
16846443,31191334,39529740,5846,"Beverages, coffee, brewed, prepared with tap water",250.0,,,,,,3,
16846443,31191335,39529741,47930,"Apples, eating, raw, flesh and skin, weighed with core",1.0,37268,medium eating,112.0,112.0,,4,
16846443,31191361,39529770,5236,"Nuts, cashew nuts, raw",20.0,,,,,,5,
16846442,31191562,39530010,3767,"Bananas, raw",1.0,7431,"medium unit (7"" to 7-7/8"" long)",118.0,118.0,,1,
16846440,31191328,39529734,48060,"Beans, soya, dried, raw",25.0,,,,,,1,
16846440,31191530,39529969,49967,"Plums, average, raw, flesh and skin, weighed with stones",1.0,40874,medium unit,55.0,55.0,,2,
16846775,31192188,39530795,4059,"Apples, raw, gala, with skin",120.0,,,,,,1,
16846775,31192189,39530796,3767,"Bananas, raw",150.0,,,,,,2,
16846775,31192190,39530797,49826,"Peaches, flesh and skin, raw, weighed with stone",1.0,40584,small piece,70.0,70.0,,3,
16846773,31192177,39530784,50537,"Strawberries, raw",24.0,41859,unit,12.0,288.0,,1,
16846773,31192178,39530785,48669,"Cinnamon, ground",15.0,,,,,,2,
16846773,31192180,39530787,7797,Honey,1.0,15123,tbsp,21.0,21.0,,3,
16846773,31192692,39531410,48522,"Cheese, Quark",200.0,,,,,,4,
16846772,31192172,39530779,49791,"Pasta, wholewheat, spaghetti, dried, boiled in unsalted water",150.0,,,,,,1,1
16846772,31192545,39531170,50384,"Sauce, pasta, tomato based, napoletana",1.0,41573,portion,90.0,90.0,,2,1
16846772,31192668,39531347,1591,"Cheese, parmesan, grated",3.0,3366,tbsp,5.0,15.0,,3,1
16846771,31192915,39531699,28190,"Soya, alternative to yoghurt (Provamel Dairy Free (Yofu) with added calcium)",125.0,,,,,,1,
16848183,31195816,39535226,7133,"Bread, whole-wheat, commercially prepared",2.0,13672,slice,32.0,64.0,"2 slice of bread, whole-wheat (64 g)",1,
16848183,31195817,39535227,1680,"Egg, whole, cooked, scrambled",1.0,3622,large unit,61.0,61.0,,2,
16848183,31195818,39535228,1665,"Yogurt, plain, low fat",1.0,3577,container (6 oz),170.0,170.0,"1 container (6 oz) of yogurt, plain (170 g)",3,
16848183,31196086,39535667,50216,Raisins,1.0,41358,tablespoon,30.0,30.0,,4,
16848183,31196260,39535841,2327,"Margarine-like spread, SMART BEAT Super Light without saturated fat",1.0,5152,tablespoon,14.0,14.0,,5,
16848178,31195882,39535341,5236,"Nuts, cashew nuts, raw",20.0,,,,,,1,
16848178,31196251,39535832,49969,"Plums, Victoria, flesh and skin, raw",1.0,40879,large unit,85.0,85.0,,2,
16848181,31195808,39535218,2872,"Soup, vegetable, canned, low sodium, condensed",2.0,6224,cup,126.0,252.0,1 cup of vegetable soup (252 g),1,0
16848181,31195878,39535337,48507,"Cheese, Feta",80.0,,,,,,1,1
16848181,31195939,39535444,21552,"Pasta, with vegetables, raw",200.0,,,,,,2,1
16848181,31195812,39535222,45383,Fruit,1.0,35664,portion,160.0,160.0,,1,2
16848179,31195957,39535462,6408,"Falafel, home-prepared",5.0,12433,"patty (approx 2-1/4"" dia)",17.0,85.0,,1,1
16848179,31195958,39535464,47958,"Avocado, average, flesh only",1.0,37287,half,75.0,75.0,,2,1
16848179,31195961,39535467,4817,"Tomatoes, red, ripe, raw, year round average",0.3,9424,"cup, chopped or sliced",180.0,54.0,,3,1
16848179,31195972,39535479,4554,"Cucumber, peeled, raw",0.3,8929,"cup, sliced",119.0,35.699999999999996,,4,1
16848179,31195981,39535489,81232,Pita bread,100.0,,,,,,5,1
16848179,31196229,39535810,4595,"Lettuce, cos or romaine, raw",1.0,8999,cup shredded,47.0,47.0,,6,1
16821455,31127510,39454072,5284,"Seeds, sesame butter, tahini, from roasted and toasted kernels (most common type)",15.0,,,,,,1,
16821455,31127512,39454074,3974,"Raisins, golden, seedless",15.0,,,,,,2,
16821455,31133295,39461140,1739,"Milk, whole, 3.25% milkfat, without added vitamin A and vitamin D",250.0,,,,,,3,
16821455,31133305,39461155,3554,"Cereals, QUAKER, Quick Oats, Dry",1.0,7176,cup,40.0,40.0,,4,
16821454,31127506,39454068,4059,"Apples, raw, gala, with skin",1.0,7998,small unit,157.0,157.0,,1,
16821454,31127507,39454069,6428,"Peanut Butter, smooth",15.0,,,,,,2,
16821454,31127508,39454070,48669,"Cinnamon, ground",5.0,,,,,,3,
16821452,31127495,39454057,3847,"Grapes, red or green (European type, such as Thompson seedless), raw",150.0,,,,,,1,
16821452,31127496,39454058,7138,"Bread, sticks, plain",20.0,,,,,,2,
16821452,31127497,39454059,7797,Honey,15.0,,,,,,3,
16847168,31193246,39532085,5846,"Beverages, coffee, brewed, prepared with tap water",250.0,,,,,,1,
16847168,31193279,39532120,48990,"Eggs, chicken, whole, scrambled, without milk",1.0,39407,portion,120.0,120.0,,2,
16847168,31193353,39532213,48287,"Bread, brown, toasted",2.0,37905,small slice,23.0,46.0,,3,
16847168,31193359,39532221,2326,"Margarine-like spread, SMART BALANCE Light Buttery Spread",1.0,5151,tbsp,14.0,14.0,,4,
16847169,31193832,39532736,47930,"Apples, eating, raw, flesh and skin, weighed with core",1.0,37269,large eating,170.0,170.0,,1,
16847171,31193253,39532092,49826,"Peaches, flesh and skin, raw, weighed with stone",1.0,40586,large piece,150.0,150.0,,1,
16847171,31193254,39532093,50734,"Walnuts, kernel only",1.0,42128,portion,20.0,20.0,,2,
16847172,31193255,39532094,2196,"Oil, olive, salad or cooking",1.0,4837,tsp,4.5,4.5,,1,1
16847172,31193256,39532095,8098,"Quinoa, cooked",1.0,15567,cup,185.0,185.0,,2,1
16847172,31193257,39532096,4468,"Broccoli, cooked, boiled, drained, without salt",1.0,8748,"small stalk (5"" long)",140.0,140.0,,3,1
16847172,31193258,39532097,28870,"Salad, mixed, 7 vegetables",120.0,,,,,,4,1
16847172,31193610,39532511,82286,"Cod, cooked (average)",90.0,,,,,,5,1
16847172,31193260,39532099,50465,"Sorbet, fruit",1.0,41669,portion,95.0,95.0,,1,2
16824084,31134383,39462414,3554,"Cereals, QUAKER, Quick Oats, Dry",60.0,,,,,,1,
16824084,31135003,39463119,1629,"Milk, whole, 3.25% milkfat, with added vitamin D",250.0,,,,,,2,
16824083,31134495,39462563,3859,"Kiwifruit, green, raw",2.0,7577,"unit (2"" dia)",69.0,138.0,,1,
16824083,31134496,39462564,3930,"Pears, raw",1.0,7749,small unit,148.0,148.0,,2,
16824081,31134507,39462576,67402,"Yogurt, Greek, whole, plain, CHOBANI",200.0,,,,,,1,
16824081,31134953,39463031,3915,"Peaches, yellow, raw",2.0,7719,"small unit (2-1/2"" dia)",130.0,260.0,,2,
16824081,31134999,39463115,47910,"Almonds, toasted",6.0,37243,unit,2.0,12.0,,3,
16832828,31156383,39488410,28198,"Yoghurt, low fat (Danone Vitalinea/Shape)",125.0,,,,,,1,
16832828,31156408,39488435,48322,"Breakfast cereal, crunchy/crispy muesli type cereal, with nuts, unfortified",100.0,,,,,,2,
16832828,31156412,39488439,3930,"Pears, raw",1.0,7750,medium unit,178.0,178.0,,3,
16832828,31156418,39488445,67479,"Seeds, hemp seed, hulled",20.0,,,,,,4,
16832829,31156692,39488720,49644,"Nectarines, flesh and skin, weighed with stones",1.0,40377,average piece,90.0,90.0,,1,
16832830,31156387,39488414,49448,"Lettuce, average, raw",1.0,40022,iceberg unit,80.0,80.0,,1,1
16832830,31156388,39488415,50637,"Tomatoes, cherry, raw",1.0,41995,salad portion,34.0,34.0,,2,1
16832830,31156389,39488416,48800,"Cucumber, raw, flesh and skin",60.0,,,,,,3,1
16832830,31156394,39488421,50300,"Rocket, raw",1.0,41469,portion,20.0,20.0,,4,1
16832830,31156771,39488799,49698,"Omelette, plain, homemade",1.0,40447,portion,120.0,120.0,,5,1
16832830,31156941,39488988,48310,"Bread, wholemeal, toasted",1.0,37963,medium slice,31.0,31.0,,6,1
16832830,31156947,39488995,1575,"Cheese, cottage, lowfat, 1% milkfat",30.0,,,,,,7,1
16832830,31156390,39488417,49077,"Fromage frais, virtually fat free, fruit",1.0,39589,large pot,100.0,100.0,,1,2
16832830,31156392,39488419,3978,"Raspberries, raw",1.0,7843,cup,123.0,123.0,,2,2
16832830,31156393,39488420,3767,"Bananas, raw",1.0,7431,"medium unit (7"" to 7-7/8"" long)",118.0,118.0,,3,2
16832831,31156395,39488422,48474,"Celery, raw",3.0,38321,stick,30.0,90.0,,1,
16832831,31156396,39488423,4496,"Carrots, raw",1.0,8806,cup chopped,128.0,128.0,,2,
16832831,31156397,39488424,7138,"Bread, sticks, plain",1.0,13684,small pieces cup,46.0,46.0,,3,
16832832,31156399,39488426,50224,"Ratatouille, homemade",1.0,41365,average serving,180.0,180.0,,1,1
16832832,31156400,39488427,8012,"Rice, brown, long-grain, cooked",1.0,15469,cup,202.0,202.0,,2,1
16832832,31156401,39488428,1733,"Cheese, parmesan, dry grated, reduced fat",2.0,3726,tbsp,5.0,10.0,,3,1
16832832,31157000,39489127,48687,"Cod, flesh only, baked",1.0,38813,large fillet,175.0,175.0,,4,1
16832832,31156402,39488429,22547,Gingerbread,40.0,,,,,,1,2
16825532,31137791,39466231,5304,"Seeds, flaxseed",15.0,,,,,,1,
16825532,31137792,39466232,49216,Honey,15.0,,,,,,2,
16825532,31139033,39467670,6472,SILK Plain soy yogurt,200.0,,,,,,3,
16825531,31137788,39466228,47958,"Avocado, average, flesh only",30.0,,,,,,1,
16825531,31139040,39467677,67673,"Bagels, multigrain",1.0,54562,piece,81.0,81.0,,2,
16825529,31137778,39466218,3767,"Bananas, raw",150.0,,,,,,1,
16825529,31137779,39466219,3963,"Pomegranates, raw",1.0,7813,cup arils (seed/juice sacs),87.0,87.0,,2,
16825529,31137780,39466220,67452,"Goji berries, dried",20.0,,,,,,3,
16825529,31139048,39467687,49572,"Milk, soya, non-dairy alternative to milk, unsweetened, fortified",250.0,,,,,,4,
16825528,31137774,39466214,48571,"Chicken, breast, grilled without skin, meat only",90.0,,,,,,1,1
16825528,31137775,39466215,48391,"Cabbage, red, raw",100.0,,,,,,2,1
16825528,31137776,39466216,48438,"Carrots, young, raw",100.0,,,,,,3,1
16847982,31195242,39534444,7133,"Bread, whole-wheat, commercially prepared",2.0,13672,slice,32.0,64.0,"2 slice of bread, whole-wheat (64 g)",1,
16847982,31195243,39534445,1680,"Egg, whole, cooked, scrambled",1.0,3622,large unit,61.0,61.0,,2,
16847982,31195244,39534447,1665,"Yogurt, plain, low fat",1.0,3577,container (6 oz),170.0,170.0,"1 container (6 oz) of yogurt, plain (170 g)",3,
16847982,31195291,39534502,49644,"Nectarines, flesh and skin, weighed with stones",1.0,40377,average piece,90.0,90.0,,4,
16847990,31195271,39534482,3767,"Bananas, raw",1.0,7431,"medium unit (7"" to 7-7/8"" long)",118.0,118.0,1 medium banana (118 g),1,
16847990,31195293,39534504,6533,"Peanuts, spanish, oil-roasted, without salt",20.0,,,,,,2,
16847984,31195247,39534450,2872,"Soup, vegetable, canned, low sodium, condensed",2.0,6224,cup,126.0,252.0,1 cup of vegetable soup (252 g),1,0
16847984,31195248,39534451,8061,"Pasta, fresh-refrigerated, plain, cooked",150.0,,,,,,1,1
16847984,31195250,39534457,4848,"Vegetables, mixed, frozen, cooked, boiled, drained, without salt",150.0,,,,,,2,1
16847984,31195251,39534458,2196,"Oil, olive, salad or cooking",1.0,4837,tsp,4.5,4.5,,3,1
16847984,31195298,39534511,6030,"Fish, cod, Atlantic, cooked, dry heat",1.0,11725,fillet,180.0,180.0,,4,1
16847984,31195252,39534459,45383,Fruit,1.0,35664,portion,160.0,160.0,,1,2
16847985,31195255,39534462,1664,"Yogurt, plain, whole milk",1.0,3573,container (6 oz),170.0,170.0,"1 container of yogurt, plain, whole milk (170 g)",1,
16847981,31195241,39534443,45383,Fruit,1.0,35664,portion,160.0,160.0,,1,
16847988,31195431,39534646,22692,"Sandwich made with pita bread, kebab and raw vegetables",250.0,,,,,,1,1
16847988,31195268,39534479,45383,Fruit,1.0,35664,portion,160.0,160.0,,1,2
16847983,31195245,39534448,1755,"Cheese, fresh, queso fresco",0.25,3782,cup (crumbled),122.0,30.5,1/4 cup of fresh cheese (31 g),1,
16847983,31195712,39534934,7462,"Archway Home Style Cookies, Oatmeal",1.0,14535,serving,25.0,25.0,,2,
16834445,31160541,39493440,47997,"Bananas, flesh only",120.0,,,,,,1,
16834445,31160543,39493442,3554,"Cereals, QUAKER, Quick Oats, Dry",50.0,,,,,,2,
16834445,31160545,39493444,6472,SILK Plain soy yogurt,1.0,12514,container,227.0,227.0,,3,
16834445,31160546,39493445,49572,"Milk, soya, non-dairy alternative to milk, unsweetened, fortified",100.0,,,,,,4,
16834445,31160745,39493644,3989,"Strawberries, raw",1.0,7863,"cup, whole",144.0,144.0,,5,
16834443,31160535,39493434,5226,"Nuts, almonds",6.0,10150,unit,1.2,7.199999999999999,,1,
16834443,31160537,39493436,3884,"Nectarines, raw",1.0,7647,"medium unit (2-1/2"" dia)",142.0,142.0,,2,
16834439,31160519,39493418,3748,"Apricots, raw",4.0,7395,unit,35.0,140.0,,1,
16834439,31160521,39493420,3915,"Peaches, yellow, raw",1.0,7721,"large unit (2-3/4"" dia)",175.0,175.0,,2,
16834439,31160523,39493422,1665,"Yogurt, plain, low fat",125.0,,,,,,3,
16834434,31160503,39493402,48500,"Cheese, cottage, plain, reduced fat",40.0,,,,,,1,1
16834434,31160504,39493403,49870,"Pepper, capsicum, yellow, raw",1.0,40666,medium unit,160.0,160.0,,2,1
16834434,31160506,39493405,9589,"Tortillas, ready-to-bake or -fry, whole wheat",80.0,,,,,,3,1
16834434,31160507,39493406,50300,"Rocket, raw",50.0,,,,,,4,1
16834434,31160509,39493408,50637,"Tomatoes, cherry, raw",10.0,41994,unit,15.0,150.0,,5,1
16834434,31160511,39493410,48800,"Cucumber, raw, flesh and skin",50.0,,,,,,6,1
16834434,31160513,39493412,6408,"Falafel, home-prepared",5.0,12433,"patty (approx 2-1/4"" dia)",17.0,85.0,,7,1
16834434,31160516,39493415,81269,"Wheat tortilla wrap, to be filled",80.0,,,,,,8,1
16834434,31160743,39493642,3765,"Avocados, raw, California",1.0,7423,"fruit, without skin and seed",136.0,136.0,,9,1
16834116,31159702,39492516,50221,"Raspberries, raw",1.0,41361,portion,60.0,60.0,,1,
16834116,31159704,39492518,47997,"Bananas, flesh only",120.0,,,,,,2,
16834116,31159705,39492519,3554,"Cereals, QUAKER, Quick Oats, Dry",50.0,,,,,,3,
16834116,31159706,39492520,6472,SILK Plain soy yogurt,1.0,12514,container,227.0,227.0,,4,
16834116,31159707,39492521,49572,"Milk, soya, non-dairy alternative to milk, unsweetened, fortified",100.0,,,,,,5,
16834117,31159708,39492522,5226,"Nuts, almonds",6.0,10150,unit,1.2,7.199999999999999,,1,
16834117,31159868,39492689,3884,"Nectarines, raw",1.0,7647,"medium unit (2-1/2"" dia)",142.0,142.0,,2,
16834118,31159710,39492524,48170,"Beetroot, boiled in unsalted water",100.0,,,,,,1,1
16834118,31159711,39492525,4496,"Carrots, raw",50.0,,,,,,2,1
16834118,31159713,39492527,8098,"Quinoa, cooked",200.0,,,,,,3,1
16834118,31159714,39492528,48368,"Burger, beef, grilled, homemade",150.0,,,,,,4,1
16834119,31159715,39492529,3748,"Apricots, raw",4.0,7395,unit,35.0,140.0,,1,
16834119,31159716,39492530,3915,"Peaches, yellow, raw",1.0,7721,"large unit (2-3/4"" dia)",175.0,175.0,,2,
16834119,31159717,39492531,1665,"Yogurt, plain, low fat",125.0,,,,,,3,
16834120,31159718,39492532,48500,"Cheese, cottage, plain, reduced fat",40.0,,,,,,1,1
16834120,31159719,39492533,49870,"Pepper, capsicum, yellow, raw",1.0,40666,medium unit,160.0,160.0,,2,1
16834120,31159720,39492534,9589,"Tortillas, ready-to-bake or -fry, whole wheat",80.0,,,,,,3,1
16834120,31159721,39492535,50300,"Rocket, raw",50.0,,,,,,4,1
16834120,31159722,39492536,50637,"Tomatoes, cherry, raw",10.0,41994,unit,15.0,150.0,,5,1
16834120,31159724,39492538,48800,"Cucumber, raw, flesh and skin",50.0,,,,,,6,1
16834120,31159922,39492789,6408,"Falafel, home-prepared",5.0,12433,"patty (approx 2-1/4"" dia)",17.0,85.0,,7,1
16834120,31160198,39493070,81269,"Wheat tortilla wrap, to be filled",80.0,,,,,,8,1
16418923,30153596,38332404,5304,"Seeds, flaxseed",15.0,,,,,,1,
16418923,30153725,38332540,49216,Honey,15.0,,,,,,2,
16418923,31166063,39500108,67384,"Yogurt, Greek, plain, lowfat",1.0,53975,container (7 oz),200.0,200.0,,3,
16418924,30153502,38332254,48309,"Bread, wholemeal, average",60.0,,,,,,1,
16418924,30153539,38332319,47958,"Avocado, average, flesh only",30.0,,,,,,2,
16418924,30154326,38333259,48500,"Cheese, cottage, plain, reduced fat",45.0,,,,,,3,
16418926,30153884,38332728,3767,"Bananas, raw",150.0,,,,,,1,
16418926,30153959,38332831,3963,"Pomegranates, raw",1.0,7813,cup arils (seed/juice sacs),87.0,87.0,,2,
16418926,30154320,38333250,67452,"Goji berries, dried",20.0,,,,,,3,
16418926,31166089,39500160,1633,"Milk, reduced fat, fluid, 2% milkfat, protein fortified, with added vitamin A and vitamin D",250.0,,,,,,4,
16418927,30154402,38333396,48571,"Chicken, breast, grilled without skin, meat only",90.0,,,,,,1,1
16418927,30154422,38333419,48391,"Cabbage, red, raw",100.0,,,,,,2,1
16418927,30154430,38333430,48438,"Carrots, young, raw",100.0,,,,,,3,1
16847703,31194637,39533751,28198,"Yoghurt, low fat (Danone Vitalinea/Shape)",125.0,,,,,,1,
16847703,31194638,39533752,21654,"Coffee infusion, with milk",250.0,,,,,,2,
16847703,31194639,39533753,48309,"Bread, wholemeal, average",2.0,37960,medium slice,36.0,72.0,,3,
16847703,31194640,39533754,28398,"Peanut butter (Kelkin, no added sugar)",40.0,,,,,,4,
16847702,31194641,39533757,49845,"Pears, raw, flesh only, peeled, weighed with skin and core",1.0,40616,medium conference unit,170.0,170.0,,1,
16847701,31194632,39533746,81224,"Brown bread, French bread (baguette or ball), with flour type 80 or 110",70.0,,,,,,1,0
16847701,31194633,39533747,48530,"Cheese, spreadable, soft white, low fat",40.0,,,,,,2,0
16847701,31194634,39533748,9953,"Ham, turkey, sliced, extra lean, prepackaged or deli",20.0,,,,,,3,0
16847701,31194773,39533890,28479,"Soup, mushroom, homemade",250.0,,,,,,4,0
16847700,31194630,39533744,49528,"Melon, flesh only, average",1.0,40121,slice,200.0,200.0,,1,
16847700,31194631,39533745,7704,"Candies, SPECIAL DARK Chocolate Bar",20.0,,,,,,2,
16847699,31194627,39533741,81128,"Ware potato, boiled/cooked in water, peeled",100.0,,,,,,1,1
16847699,31194628,39533742,4658,"Peas and carrots, frozen, cooked, boiled, drained, without salt",120.0,,,,,,2,1
16847699,31194629,39533743,28303,"Salad, mixed",125.0,,,,,,3,1
16847699,31194968,39534110,7062,"Veal, leg, top round, cap off, cutlet, boneless, cooked, grilled",1.0,13464,cutlet,44.0,44.0,,4,1
16847698,31195104,39534299,28198,"Yoghurt, low fat (Danone Vitalinea/Shape)",125.0,,,,,,1,
16848609,31197034,39536724,48309,"Bread, wholemeal, average",2.0,37960,medium slice,36.0,72.0,,1,
16848609,31197036,39536726,49216,Honey,2.0,39759,heaped teaspoon,17.0,34.0,,2,
16848609,31197182,39536902,48522,"Cheese, Quark",2.0,38432,heaped tablespoon,55.0,110.0,,3,
16848609,31197385,39537178,3989,"Strawberries, raw",0.5,7862,"cup, sliced",166.0,83.0,,4,
16848608,31197032,39536722,49868,"Pepper, capsicum, red, raw",1.0,40662,medium unit,160.0,160.0,,1,
16848608,31197299,39537074,4509,"Celery, raw",1.0,8841,chopped cup,101.0,101.0,,2,
16848607,31197027,39536717,48294,"Bread, pitta, white",1.0,37916,small portion,75.0,75.0,,1,1
16848607,31197030,39536720,50319,"Salad, green",1.0,41495,tub,250.0,250.0,,2,1
16848607,31197179,39536884,6408,"Falafel, home-prepared",5.0,12433,"patty (approx 2-1/4"" dia)",17.0,85.0,,3,1
16848607,31197302,39537077,4817,"Tomatoes, red, ripe, raw, year round average",0.5,9424,"cup, chopped or sliced",180.0,90.0,,4,1
16848607,31197327,39537116,1573,"Cheese, cottage, nonfat, uncreamed, dry, large or small curd",80.0,,,,,,5,1
16848606,31197025,39536715,7874,"Snacks, rice cakes, brown rice, corn",3.0,15270,unit,9.0,27.0,,1,
16848606,31197373,39537166,6536,"Peanut butter, chunk style, without salt",40.0,,,,,,2,
16848605,31197020,39536710,50631,"Tofu, soya bean, steamed, fried",180.0,,,,,,1,1
16848605,31197021,39536711,49649,"Noodles, egg, thick, dried, boiled in unsalted water",1.0,40381,serving,280.0,280.0,,2,1
16848605,31197022,39536712,48802,"Curly kale, boiled in unsalted water",1.0,39098,serving,90.0,90.0,,3,1
16848605,31197023,39536713,50724,"Vegetables, mixed, stir-fry type, frozen, fried in rapeseed oil",1.0,42121,portion,340.0,340.0,,4,1
16848605,31197024,39536714,48928,"Dates, raw, flesh and skin",5.0,39344,unit,25.0,125.0,,1,2
16847506,31194140,39533091,3554,"Cereals, QUAKER, Quick Oats, Dry",30.0,,,,,,1,
16847506,31194154,39533105,49569,"Milk, skimmed, pasteurised, winter",1.0,40217,average portion with cereals,100.0,100.0,,2,
16847506,31194156,39533109,5304,"Seeds, flaxseed",1.0,10299,"tbsp, whole",10.3,10.3,,3,
16847506,31194441,39533503,27522,"Figs, dried",60.0,,,,,,4,
16847507,31194141,39533092,50537,"Strawberries, raw",100.0,,,,,,1,
16847507,31194226,39533181,48249,"Blackberries, raw",100.0,,,,,,2,
16847508,31194386,39533390,28488,"Soup, vegetable (carrot, celery, tomato, onion), homemade",200.0,,,,,,1,0
16847508,31194144,39533095,48170,"Beetroot, boiled in unsalted water",80.0,,,,,,1,1
16847508,31194145,39533096,50346,"Salmon, wild, grilled",1.0,41539,portion,100.0,100.0,,2,1
16847508,31194251,39533254,4687,"Potatoes, boiled, cooked in skin, flesh, without salt",130.0,,,,,,3,1
16847509,31194147,39533098,47997,"Bananas, flesh only",120.0,,,,,,1,
16847509,31194148,39533099,67694,"Crackers, gluten-free, multigrain and vegetable, made with corn starch and white rice flour",1.0,54583,cracker,10.7,10.7,,2,
16847510,31194149,39533100,7133,"Bread, whole-wheat, commercially prepared",30.0,,,,,,1,1
16847510,31194150,39533101,50680,Turkey slices,1.0,42045,portion,23.0,23.0,,2,1
16847510,31194151,39533102,47958,"Avocado, average, flesh only",30.0,,,,,,3,1
16847510,31194152,39533103,50300,"Rocket, raw",50.0,,,,,,4,1
16847510,31194153,39533104,50641,"Tomatoes, standard, raw",80.0,,,,,,5,1
16847511,31194408,39533441,28198,"Yoghurt, low fat (Danone Vitalinea/Shape)",200.0,,,,,,1,
16848332,31196370,39536004,48287,"Bread, brown, toasted",3.0,37906,medium slice,31.0,93.0,,1,
16848332,31196388,39536027,81521,"Brie de Meaux cheese, from cow's milk",20.0,,,,,,2,
16848332,31196521,39536161,82483,"Chicken cooked ham, in slices",20.0,,,,,,3,
16848332,31196529,39536171,22928,"Jam, strawberry",15.0,,,,,,4,
16848332,31196917,39536591,27522,"Figs, dried",40.0,,,,,,5,
16848330,31196285,39535869,2872,"Soup, vegetable, canned, low sodium, condensed",1.0,6224,cup,126.0,126.0,,1,0
16848330,31196886,39536552,7138,"Bread, sticks, plain",1.0,13684,small pieces cup,46.0,46.0,,2,0
16848330,31196286,39535870,50265,"Rice, white, basmati, boiled in unsalted water",1.0,41406,medium portion,180.0,180.0,,1,1
16848330,31196287,39535871,48571,"Chicken, breast, grilled without skin, meat only",1.0,38548,medium portion,130.0,130.0,,2,1
16848330,31196289,39535873,4817,"Tomatoes, red, ripe, raw, year round average",1.0,9424,"cup, chopped or sliced",180.0,180.0,,3,1
16848330,31196290,39535874,4595,"Lettuce, cos or romaine, raw",1.0,8999,cup shredded,47.0,47.0,,4,1
16848330,31196291,39535875,2196,"Oil, olive, salad or cooking",1.0,4837,tsp,4.5,4.5,,5,1
16848330,31196288,39535872,3894,"Orange juice, raw",1.0,7672,cup,248.0,248.0,,1,2
16848329,31196282,39535866,1775,"Yogurt, Greek, plain, nonfat",1.0,3812,container,170.0,170.0,,1,
16848329,31196284,39535868,47929,"Apples, eating, raw, flesh and skin",1.0,37265,medium eating,100.0,100.0,,2,
16848329,31196533,39536180,67479,"Seeds, hemp seed, hulled",0.333,54159,tbsp,30.0,9.99,,3,
16848328,31196279,39535862,6219,"Fish, salmon, Atlantic, wild, cooked, dry heat",1.0,12139,fillet,154.0,154.0,,1,1
16848328,31196547,39536199,8089,"Pasta, whole-wheat, cooked",1.0,54353,cup shells,105.0,105.0,,2,1
16848328,31196550,39536203,49422,"Lemon juice, fresh",1.0,40000,measure,10.0,10.0,,3,1
16848328,31196589,39536247,47949,"Asparagus, boiled in unsalted water",1.0,37279,portion,125.0,125.0,,4,1
16848328,31196722,39536384,50511,"Spring onions, bulbs and tops, raw",1.0,41826,unit,10.0,10.0,,5,1
16848328,31196281,39535865,3894,"Orange juice, raw",1.0,7672,cup,248.0,248.0,,1,2
16848327,31196275,39535858,1775,"Yogurt, Greek, plain, nonfat",1.0,3812,container,170.0,170.0,,1,
16848327,31196276,39535859,5228,"Nuts, almonds, dry roasted, without salt added",1.0,10155,oz (22 whole kernels),28.35,28.35,,2,
16848835,31197653,39537518,3399,"Cereals ready-to-eat, granola, homemade",1.0,6978,cup,122.0,122.0,,1,
16848835,31197654,39537519,28198,"Yoghurt, low fat (Danone Vitalinea/Shape)",250.0,,,,,,2,
16848835,31197657,39537522,4024,"Pears, raw, bosc",1.0,7942,large unit,219.0,219.0,,3,
16848835,31197677,39537553,5270,"Nuts, pecans",25.0,,,,,,4,
16848830,31197635,39537500,3767,"Bananas, raw",1.0,7431,"medium unit (7"" to 7-7/8"" long)",118.0,118.0,1 medium banana (118 g),1,
16848833,31197641,39537506,8061,"Pasta, fresh-refrigerated, plain, cooked",150.0,,,,,,1,1
16848833,31197642,39537507,4848,"Vegetables, mixed, frozen, cooked, boiled, drained, without salt",150.0,,,,,,2,1
16848833,31197643,39537508,2196,"Oil, olive, salad or cooking",1.0,4837,tsp,4.5,4.5,,3,1
16848833,31197662,39537527,48456,"Catfish, flesh only, steamed",125.0,,,,,,4,1
16848833,31197644,39537509,45383,Fruit,1.0,35664,portion,160.0,160.0,,1,2
16848833,31197946,39537862,48522,"Cheese, Quark",1.0,38432,heaped tablespoon,55.0,55.0,,2,2
16848834,31197646,39537511,1755,"Cheese, fresh, queso fresco",0.25,3782,cup (crumbled),122.0,30.5,1/4 cup of fresh cheese (31 g),1,
16848834,31197647,39537512,7462,"Archway Home Style Cookies, Oatmeal",1.0,14535,serving,25.0,25.0,,2,
16846287,31191041,39529427,50093,"Porridge oats, unfortified, cooked, made up with semi-skimmed milk",1.0,41091,medium portion,160.0,160.0,,1,
16846287,31191043,39529429,5236,"Nuts, cashew nuts, raw",30.0,,,,,,2,
16846287,31191044,39529430,49837,"Pears, average, raw, flesh only",1.0,40607,medium comice unit,150.0,150.0,,3,
16846287,31191045,39529431,21654,"Coffee infusion, with milk",250.0,,,,,,4,
16846288,31191046,39529432,47930,"Apples, eating, raw, flesh and skin, weighed with core",1.0,37268,medium eating,112.0,112.0,,1,
16846289,31191047,39529433,48310,"Bread, wholemeal, toasted",3.0,37962,small slice,23.0,69.0,,1,1
16846289,31191048,39529434,48522,"Cheese, Quark",3.0,38432,heaped tablespoon,55.0,165.0,,2,1
16846289,31191049,39529435,4741,"Radishes, raw",1.0,9302,cup of slices,58.0,58.0,,3,1
16846289,31191050,39529436,50500,"Spinach, baby, raw",30.0,,,,,,4,1
16846289,31191051,39529437,1719,"Parmesan cheese topping, fat free",50.0,,,,,,5,1
16846290,31191052,39529438,3978,"Raspberries, raw",125.0,,,,,,1,
16846290,31191053,39529439,81795,"Yoghurt, high in protein, on a fruit layer",125.0,,,,,,2,
16846291,31191057,39529443,48464,"Cauliflower in white sauce, made with skimmed milk, homemade",1.0,38302,main dish portion,200.0,200.0,,1,1
16846291,31191058,39529444,27408,Carrots,100.0,,,,,,2,1
16846291,31191244,39529642,6518,"Chickpeas (garbanzo beans, bengal gram), mature seeds, canned, drained, rinsed in tap water",1.0,12566,"cup (drained, rinsed)",152.0,152.0,,3,1
16846291,31191054,39529440,4025,"Pears, raw, green anjou",1.0,7946,large unit,242.0,242.0,,1,2
42585577,95737873,125572661,49744,"Pancakes, savoury, made with semi-skimmed milk, homemade",1.0,40497,large portion,150.0,150.0,,1,
42585577,95738380,125573347,49216,Honey,1.0,39759,heaped teaspoon,17.0,17.0,,2,
42585577,95738588,125573572,50221,"Raspberries, raw",1.0,41361,portion,60.0,60.0,,3,
42585577,95738593,125573577,48262,Blueberries,1.0,37865,unit,2.0,2.0,,4,
42585578,95738172,125573117,48704,"Coffee, cappuccino, latte",1.0,38873,mug,260.0,260.0,,1,
42585579,95738648,125573656,50346,"Salmon, wild, grilled",150.0,,,,,,1,1
42585579,95738735,125573787,50500,"Spinach, baby, raw",100.0,,,,,,2,1
42585579,95739027,125574225,27944,Linseed,20.0,,,,,,3,1
42585579,95739107,125574374,6323,"Beans, white, mature seeds, cooked, boiled, without salt",1.0,12291,cup,179.0,179.0,,4,1
42585579,95739343,125574714,49678,"Oil, olive",1.0,40417,teaspoon,3.0,3.0,,5,1
42585580,95739625,125575105,47958,"Avocado, average, flesh only",1.0,37287,half,75.0,75.0,,1,
42585581,95738748,125573805,50280,"Risotto, vegetable, brown rice",70.0,,,,,,1,1
42585581,95739161,125574442,48089,"Beef, fillet steak, grilled, lean",1.0,37500,medium portion,144.0,144.0,,2,1
42585581,95739209,125574515,50319,"Salad, green",1.0,41495,tub,250.0,250.0,,3,1
14530003,30383542,38602762,48799,"Crumpets, toasted",2.0,39093,portion,40.0,80.0,,1,
14530003,30383544,38602764,47991,"Baked beans, canned in tomato sauce, reduced sugar, reduced salt",1.0,37348,small can,205.0,205.0,,2,
14530003,30383547,38602767,48988,"Eggs, chicken, whole, poached",1.0,39403,(size 1) unit,67.0,67.0,,3,
14530005,30383642,38602862,48309,"Bread, wholemeal, average",2.0,37960,medium slice,36.0,72.0,,1,1
14530005,30383662,38602887,48498,"Cheese, Cheddar, English",1.0,38379,sandwich portion,45.0,45.0,,2,1
14530005,30383663,38602888,49191,Ham,2.0,39733,very thin slice,11.0,22.0,,3,1
14530005,30383851,38603088,50641,"Tomatoes, standard, raw",1.0,42009,medium unit,85.0,85.0,,4,1
14530005,30383853,38603090,50319,"Salad, green",1.0,41495,tub,250.0,250.0,,5,1
14530005,30383666,38602893,47929,"Apples, eating, raw, flesh and skin",1.0,37265,medium eating,100.0,100.0,,1,7
14530005,30383642,38602884,48306,"Bread, white, toasted",2.0,37948,medium slice,27.0,54.0,,1,1
14530005,30383662,38602887,48498,"Cheese, Cheddar, English",1.0,38379,sandwich portion,45.0,45.0,,2,1
14530005,30383663,38602888,49191,Ham,2.0,39733,very thin slice,11.0,22.0,,3,1
14530005,30383851,38603088,50641,"Tomatoes, standard, raw",1.0,42009,medium unit,85.0,85.0,,4,1
14530005,30383853,38603090,50319,"Salad, green",1.0,41495,tub,250.0,250.0,,5,1
14530005,30383666,38602893,47929,"Apples, eating, raw, flesh and skin",1.0,37265,medium eating,100.0,100.0,,1,7
14530005,30383642,38602885,48310,"Bread, wholemeal, toasted",2.0,37963,medium slice,31.0,62.0,,1,1
14530005,30383662,38602887,48498,"Cheese, Cheddar, English",1.0,38379,sandwich portion,45.0,45.0,,2,1
14530005,30383663,38602888,49191,Ham,2.0,39733,very thin slice,11.0,22.0,,3,1
14530005,30383851,38603088,50641,"Tomatoes, standard, raw",1.0,42009,medium unit,85.0,85.0,,4,1
14530005,30383853,38603090,50319,"Salad, green",1.0,41495,tub,250.0,250.0,,5,1
14530005,30383666,38602893,47929,"Apples, eating, raw, flesh and skin",1.0,37265,medium eating,100.0,100.0,,1,7
14530007,30383690,38602920,50406,"Sausages, pork, reduced fat, grilled",3.0,41607,large unit,40.0,120.0,,1,1
14530007,30383692,38602923,50145,"Potatoes, old, mashed with butter",1.0,41247,medium portion,175.0,175.0,,2,1
14530007,30383696,38602927,48349,"Broccoli, green, steamed",1.0,38077,large portion,110.0,110.0,,3,1
16520876,30395822,38616737,50092,"Porridge oats, unfortified",1.0,41085,small portion,110.0,110.0,,1,
16520876,30395827,38616747,49569,"Milk, skimmed, pasteurised, winter",1.0,40217,average portion with cereals,100.0,100.0,,2,
16520876,30399944,38621956,49216,Honey,1.0,39759,heaped teaspoon,17.0,17.0,,3,
16520876,30400062,38622175,48251,"Blackberries, stewed without sugar",60.0,,,,,,4,
16520877,30400752,38622978,48984,"Eggs, chicken, whole, boiled",1.0,39395,(size 1) unit,67.0,67.0,,1,
16520877,30400753,38622979,50502,"Spinach, frozen, boiled in unsalted water",1.0,41807,serving,90.0,90.0,,2,
16520878,30400760,38623018,50458,"Shrimps, frozen",150.0,,,,,,1,1
16520878,30400845,38623109,47958,"Avocado, average, flesh only",50.0,,,,,,2,1
16520878,30400862,38623126,50319,"Salad, green",1.0,41495,tub,250.0,250.0,,3,1
16520878,30400863,38623127,49516,"Mayonnaise, reduced fat",1.0,40103,portion pack,12.0,12.0,,4,1
16520878,30400867,38623136,50633,Tomato ketchup,1.0,41988,sachet,12.0,12.0,,5,1
16520878,30400870,38623144,50787,"Yogurt, low fat, fruit",1.0,42232,average pot,125.0,125.0,,1,7
16520880,30400383,38622566,48553,"Chicken breast/steak, coated, baked",1.0,38497,portion,100.0,100.0,,1,1
16520880,30400384,38622567,49448,"Lettuce, average, raw",1.0,40021,portion,20.0,20.0,,2,1
16520880,30400385,38622568,50641,"Tomatoes, standard, raw",1.0,42011,slice,17.0,17.0,,3,1
16520880,30400425,38622612,49107,"Gherkins, pickled, drained",1.0,39627,small portion,8.0,8.0,,4,1
16520880,30400741,38622959,48282,"Bread rolls, wholemeal",1.0,37898,6'' bap,112.0,112.0,,5,1
16520880,30400744,38622965,48001,Barbecue sauce,1.0,37374,tablespoon,17.0,17.0,,6,1
16520880,30400750,38622976,48520,"Cheese, processed, slices, reduced fat",1.0,38420,slice,20.0,20.0,,7,1
16520880,60000625,77300256,50319,"Salad, green",1.0,41495,tub,250.0,250.0,,8,1
16520880,30400876,38623150,49525,"Melon, Canteloupe-type, flesh only",2.0,40119,slice,150.0,300.0,,1,7
28612280,60001579,77301334,50500,"Spinach, baby, raw",100.0,,,,,,1,
28612280,60001582,77301337,48980,"Eggs, chicken, scrambled, with semi-skimmed milk",1.0,39391,portion,120.0,120.0,,2,
28612280,60001726,77301481,48496,"Cheese, Cheddar type, '30% less fat'",2.0,38359,grated tablespoon,10.0,20.0,,3,
28612280,60001738,77301493,48310,"Bread, wholemeal, toasted",1.0,37963,medium slice,31.0,31.0,,4,
28612280,60001749,77301504,48769,Cranberry fruit juice drink,1.0,39035,average glass,160.0,160.0,,5,
28612282,60001952,77301707,6138,"Fish, tuna, fresh, yellowfin, raw",1.0,11969,oz,85.0,85.0,,1,1
28612282,60001960,77301716,8012,"Rice, brown, long-grain, cooked",1.0,15469,cup,202.0,202.0,,2,1
28612282,60001962,77301719,28300,"Vegetable stir fry (peppers, broccoli, carrots, sweetcorn, water chesnuts), homemade",100.0,,,,,,3,1
28612282,60001970,77301730,49599,"Mousse, chocolate, low fat",1.0,40299,portion,60.0,60.0,,1,7
28612283,60002047,77301827,48927,"Dates, dried, flesh and skin, weighed with stones",5.0,39343,unit,15.0,75.0,,1,
28612284,60002804,77302734,2971,"CAMPBELL'S CHUNKY, Classic Chicken Noodle Soup",1.0,6333,can,526.0,526.0,,1,3
28612284,60002422,77302253,48279,"Bread rolls, malted wheat",1.0,37893,6'' bap,112.0,112.0,,1,1
28612284,60002471,77302328,47924,"Apples, cooking, raw, flesh only, peeled",1.0,37260,average portion,85.0,85.0,,1,7
28612284,60002643,77302563,235442,"Nectarine, white, flesh and skin, raw",100.0,,,,,,2,7
20233228,38879416,48553782,7133,"Bread, whole-wheat, commercially prepared",1.0,13672,slice,32.0,32.0,,1,
20233228,38879421,48553789,7797,Honey,1.0,15124,packet (0.5 oz),14.0,14.0,,2,
16599659,30594633,38850394,48316,"Breakfast cereal, bran type cereal, fortified",1.0,37974,large portion,60.0,60.0,,1,
16599659,30594634,38850395,50789,"Yogurt, low fat, plain",1.0,42238,average pot,125.0,125.0,,2,
16599659,30594637,38850398,47997,"Bananas, flesh only",1.0,37368,large unit,120.0,120.0,,3,
16599659,30594638,38850399,48669,"Cinnamon, ground",1.0,38790,teaspoon,3.0,3.0,,4,
16599659,30595369,38851134,50550,Sunflower seeds,1.0,41879,tablespoon,16.0,16.0,,5,
16599660,30594640,38850401,47934,"Apricots, raw, flesh and skin",1.0,37271,unit,40.0,40.0,,1,
16599661,30595061,38850825,48294,"Bread, pitta, white",1.0,37917,large portion,95.0,95.0,,1,1
16599661,30595062,38850826,48571,"Chicken, breast, grilled without skin, meat only",1.0,38549,large portion,150.0,150.0,,2,1
16599661,30595064,38850828,50641,"Tomatoes, standard, raw",1.0,42009,medium unit,85.0,85.0,,3,1
16599661,30595068,38850833,47959,"Avocado, flesh only, average, weighed with skin and stone",1.0,37288,small pear,100.0,100.0,,4,1
16599661,30595070,38850835,49448,"Lettuce, average, raw",1.0,40021,portion,20.0,20.0,,5,1
16599661,30595071,38850836,49987,"Popcorn, salted, retail",1.0,40898,small bag,25.0,25.0,,6,1
16599661,30595221,38850986,48945,"Dressing, French, fat free",1.0,39365,tablespoon,15.0,15.0,,7,1
16599661,30595224,38850989,50632,Tomato juice,1.0,41984,tall tumbler,300.0,300.0,,1,8
16599662,30595226,38850991,48474,"Celery, raw",4.0,38321,stick,30.0,120.0,,1,
16599662,30595227,38850992,48500,"Cheese, cottage, plain, reduced fat",1.0,38385,sandwich portion,50.0,50.0,,2,
16599663,30595228,38850993,50667,"Trout, rainbow, baked, flesh only, fillets weighed with bones and skin",1.0,42038,unit,230.0,230.0,,1,1
16599663,30595229,38850994,50137,"Potatoes, new and salad, boiled in unsalted water, flesh and skin",1.0,41219,medium portion,175.0,175.0,,2,1
16599663,30595230,38850995,48947,"Dressing, oil and lemon, homemade",1.0,39367,tablespoon,15.0,15.0,,3,1
16599663,30595232,38850997,48349,"Broccoli, green, steamed",1.0,38077,large portion,110.0,110.0,,4,1
16599663,30595234,38850999,49236,"Ice cream, virtually fat free alternative",2.0,39801,average scoop,60.0,120.0,,1,7
16599663,30595235,38851000,50223,"Raspberries, stewed without sugar",1.0,41363,portion,90.0,90.0,,2,7
41509593,92947444,121561786,48989,"Eggs, chicken, whole, raw",67.0,,,,,,1,
41509593,92947551,121561901,49067,"Flour, wheat, white, plain, soft",100.0,,,,,"50 grams of flour, wheat, white, plain, soft",2,
41509593,92947683,121562038,49561,"Milk, semi-skimmed, pasteurised, average",150.0,,,,,,3,
41509593,92947686,121562041,48497,"Cheese, Cheddar type, half fat",1.0,38371,sandwich portion,45.0,45.0,,4,
41509593,92947687,121562043,49191,Ham,2.0,39732,average slice,23.0,46.0,,5,
41509593,92947866,121562246,49714,"Orange juice, chilled",1.0,40471,average glass,160.0,160.0,,6,
41509593,92948003,121562385,50500,"Spinach, baby, raw",100.0,,,,,,7,
41509595,92948035,121562435,48571,"Chicken, breast, grilled without skin, meat only",1.0,38548,medium portion,130.0,130.0,,1,1
41509595,92948036,121562436,50637,"Tomatoes, cherry, raw",1.0,41995,salad portion,34.0,34.0,,2,1
41509595,92948037,121562437,49448,"Lettuce, average, raw",1.0,40021,portion,20.0,20.0,,3,1
41509595,92948046,121562453,48800,"Cucumber, raw, flesh and skin",1.0,39096,portion,23.0,23.0,,4,1
41509595,92948047,121562454,49868,"Pepper, capsicum, red, raw",2.0,40663,sliced ring,10.0,20.0,,5,1
41509595,92948100,121562564,49827,"Peaches, raw, flesh and skin",1.0,40588,medium piece,110.0,110.0,,1,7
41509595,92948103,121562568,50793,"Yogurt, virtually fat free/diet, plain",1.0,42248,average pot,125.0,125.0,,2,7
41509595,92948106,121562576,49216,Honey,1.0,39760,level teaspoon,8.0,8.0,,3,7
41509596,92948156,121562747,48441,"Cashew nuts, kernel only, roasted and salted",1.0,38262,small bag,25.0,25.0,,1,
41509597,92948282,121562895,50146,"Potatoes, old, mashed with reduced fat spread",1.0,41253,medium portion,175.0,175.0,,1,1
41509597,92948284,121562898,48802,"Curly kale, boiled in unsalted water",1.5,39098,serving,90.0,135.0,,2,1
41509597,92948289,121562904,50512,"Spring onions, bulbs only, raw",25.0,,,,,,3,1
41509597,92948397,121563071,50401,"Sausages, pork, chilled, grilled",2.0,41597,large unit,40.0,80.0,,4,1
41509597,92948613,121563300,49140,"Gravy instant granules, made up with water",1.0,39669,medium portion,50.0,50.0,,5,1
41509597,92948641,121563386,47997,"Bananas, flesh only",1.0,37367,medium unit,100.0,100.0,,1,7
41510839,92949587,121564944,48310,"Bread, wholemeal, toasted",2.0,37963,medium slice,31.0,62.0,,1,
41510839,92949595,121564959,48380,"Butter, spreadable, light (60% fat)",1.0,38158,curl,8.0,8.0,,2,
41510839,92949598,121564963,49250,"Jam, fruit with edible seeds",1.0,39813,heaped teaspoon,18.0,18.0,,3,
41510839,92949599,121564964,50789,"Yogurt, low fat, plain",1.0,42238,average pot,125.0,125.0,,4,
41510841,92949258,121564400,49859,"Peas, split, dried, boiled in unsalted water",300.0,,,,,,1,1
41510841,92949401,121564546,50533,"Stock cubes, vegetable",1.0,41852,Knorr unit,9.0,9.0,,2,1
41510841,92949450,121564729,48433,"Carrots, old, boiled in unsalted water",2.0,38223,medium portion,60.0,120.0,,3,1
41510841,92949453,121564734,48474,"Celery, raw",2.0,38321,stick,30.0,60.0,,4,1
41510841,92949454,121564736,49712,"Onions, raw",1.0,40462,medium unit,150.0,150.0,,5,1
41510841,92949458,121564740,49418,"Leeks, raw",1.0,39990,medium unit,160.0,160.0,,6,1
41510841,92949545,121564882,50401,"Sausages, pork, chilled, grilled",2.0,41597,large unit,40.0,80.0,,7,1
41510843,92949719,121565510,48142,"Beef, sirloin steak, grilled medium-rare, lean",1.0,37638,medium portion,144.0,144.0,,1,1
41510843,92949720,121565511,50319,"Salad, green",1.0,41495,tub,250.0,250.0,,2,1
41510843,92949721,121565512,50637,"Tomatoes, cherry, raw",1.0,41995,salad portion,34.0,34.0,,3,1
41510843,92949727,121565518,48800,"Cucumber, raw, flesh and skin",1.0,39095,1'' piece,60.0,60.0,,4,1
41510843,92949971,121565822,50561,"Sweet potato, baked",1.0,41891,medium unit,65.0,65.0,,5,1
41510843,92950063,121565977,49845,"Pears, raw, flesh only, peeled, weighed with skin and core",1.0,40616,medium conference unit,170.0,170.0,,1,7
41510844,92950040,121565948,47998,"Bananas, raw, flesh only, weighed with skin",1.0,37371,medium unit,100.0,100.0,,1,
41511329,92950683,121566957,49067,"Flour, wheat, white, plain, soft",100.0,,,,,,1,
41511329,92950806,121567144,48983,"Eggs, chicken, white, raw",1.0,39393,unit,32.0,32.0,,2,
41511329,92950845,121567184,49561,"Milk, semi-skimmed, pasteurised, average",1.0,40164,average glass,200.0,200.0,,3,
41511329,92950921,121567358,47919,"Apple sauce, homemade",100.0,,,,,,4,
41511329,92950925,121567364,50789,"Yogurt, low fat, plain",1.0,42238,average pot,125.0,125.0,,5,
41511331,92951071,121567567,48309,"Bread, wholemeal, average",2.0,37960,medium slice,36.0,72.0,,1,1
41511331,92951076,121567579,48496,"Cheese, Cheddar type, '30% less fat'",1.0,38363,sandwich portion,45.0,45.0,,2,1
41511331,92951078,121567583,49191,Ham,1.0,39732,average slice,23.0,23.0,,3,1
41511331,92951082,121567587,50641,"Tomatoes, standard, raw",1.0,42009,medium unit,85.0,85.0,,4,1
41511331,92951118,121567633,50319,"Salad, green",1.0,41495,tub,250.0,250.0,,5,1
41511331,92951130,121567651,49827,"Peaches, raw, flesh and skin",1.0,40588,medium piece,110.0,110.0,,1,7
41511332,92950591,121566806,49208,"Herring, pickled",1.0,39750,roll mop,90.0,90.0,,1,
41511333,92951172,121567696,50394,Sauerkraut,100.0,,,,,,1,1
41511333,92951173,121567698,50048,"Pork, loin chops, roasted, lean and fat",1.0,41018,portion,75.0,75.0,,2,1
41511333,92951176,121567702,48436,"Carrots, young, boiled in unsalted water",1.0,38244,medium portion,60.0,60.0,,3,1
41511333,92951177,121567703,49140,"Gravy instant granules, made up with water",1.0,39669,medium portion,50.0,50.0,,4,1
41511333,92951355,121568259,48802,"Curly kale, boiled in unsalted water",1.0,39098,serving,90.0,90.0,,5,1
41511333,92951205,121567737,50183,"Pudding, rice, canned, low fat",1.0,41304,portion,200.0,200.0,,1,7
41511844,92952608,121570150,49601,"Muesli, Swiss style, no added sugar or salt, unfortified",1.0,40302,medium portion,50.0,50.0,,1,
41511844,92952609,121570151,49561,"Milk, semi-skimmed, pasteurised, average",1.0,40165,average portion with cereals,100.0,100.0,,2,
41511844,92952613,121570157,47997,"Bananas, flesh only",1.0,37368,large unit,120.0,120.0,,3,
41511845,92952619,121570165,47910,"Almonds, toasted",1.0,37242,portion,13.0,13.0,,1,
41511845,92953351,121571400,49714,"Orange juice, chilled",1.0,40472,individual cartoon,200.0,200.0,,2,
41511846,92953131,121571084,50334,"Salmon, farmed, flesh only, grilled",1.0,41521,average steak,100.0,100.0,,1,1
41511846,92953148,121571118,50137,"Potatoes, new and salad, boiled in unsalted water, flesh and skin",1.0,41219,medium portion,175.0,175.0,,2,1
41511846,92953227,121571199,49516,"Mayonnaise, reduced fat",1.0,40101,heaped tablespoon,33.0,33.0,,3,1
41511846,92953256,121571255,50440,"Shallots, raw",2.0,41649,unit,10.0,20.0,,4,1
41511846,92953257,121571256,49107,"Gherkins, pickled, drained",1.0,39628,medium portion,25.0,25.0,,5,1
41511846,92953258,121571258,48349,"Broccoli, green, steamed",1.0,38077,large portion,110.0,110.0,,6,1
41511847,92952889,121570597,48500,"Cheese, cottage, plain, reduced fat",1.0,38383,small pot,112.0,112.0,,1,
41511847,92952892,121570600,48771,Cream crackers,4.0,39045,unit,7.0,28.0,,2,
41511847,92952968,121570779,48800,"Cucumber, raw, flesh and skin",1.0,39095,1'' piece,60.0,60.0,,3,
41511848,92952045,121569307,48024,"Beans, blackeye, whole, dried, boiled in unsalted water",300.0,,,,,,1,1
41511848,92952047,121569309,49712,"Onions, raw",1.0,40462,medium unit,150.0,150.0,,2,1
41511848,92952049,121569311,50634,Tomato puree,150.0,,,,,,3,1
41511848,92952053,121569316,50530,"Stock cubes, beef",1.0,41848,Oxo unit,6.0,6.0,,4,1
41511848,92952115,121569498,50495,"Soy sauce, light and dark varieties",1.0,41800,teaspoon,5.0,5.0,,5,1
41511848,92952149,121569561,49418,"Leeks, raw",1.0,39990,medium unit,160.0,160.0,,6,1
41511848,92952150,121569563,48433,"Carrots, old, boiled in unsalted water",1.0,38222,small portion,40.0,40.0,,7,1
41511848,92952152,121569566,47972,"Bacon rashers, back, grilled",1.0,37311,portion,46.0,46.0,,8,1
41511848,92952365,121569807,48277,"Bread rolls, brown, crusty",1.0,37886,unit,48.0,48.0,,9,1
41511848,92952405,121569883,49010,"Fat spread, reduced fat (62-75%), not polyunsaturated",1.0,39478,teaspoon,5.0,5.0,,10,1
41511848,92952570,121570074,49940,"Pineapple, raw, flesh only",2.0,40798,large slice,80.0,160.0,,1,7
41512500,92966945,121596699,48315,"Breakfast cereal, bran flakes, fortified",1.0,37969,medium portion,40.0,40.0,,1,
41512500,92966951,121596707,50216,Raisins,1.0,41358,tablespoon,30.0,30.0,,2,
41512500,92966960,121596727,47931,"Apricots, dried",5.0,37270,unit,8.0,40.0,,3,
41512500,92966970,121596744,49561,"Milk, semi-skimmed, pasteurised, average",1.0,40165,average portion with cereals,100.0,100.0,,4,
41512501,92967001,121596816,48530,"Cheese, spreadable, soft white, low fat",1.0,38452,sandwich portion,30.0,30.0,,1,
41512501,92967005,121596821,50342,"Salmon, smoked (cold-smoked)",1.0,41535,average portion,56.0,56.0,,2,
41512501,92967006,121596822,49422,"Lemon juice, fresh",1.0,40000,measure,10.0,10.0,,3,
41512501,92967096,121598084,48788,"Crispbread, rye",2.0,39072,craker,15.0,30.0,,4,
41512501,92967233,121598232,48800,"Cucumber, raw, flesh and skin",8.0,39094,slice,6.0,48.0,,5,
41512502,92967446,121598524,49447,"Lentils, red, split, dried, raw",100.0,,,,,,1,1
41512502,92967448,121598526,50533,"Stock cubes, vegetable",1.0,41852,Knorr unit,9.0,9.0,,2,1
41512502,92967450,121598528,50440,"Shallots, raw",2.0,41649,unit,10.0,20.0,,3,1
41512502,92967479,121598560,48433,"Carrots, old, boiled in unsalted water",1.0,38223,medium portion,60.0,60.0,,4,1
41512502,92967520,121598605,48474,"Celery, raw",2.0,38321,stick,30.0,60.0,,5,1
41512502,92967754,121599019,50798,"Yogurt, whole milk, twin pot, thick and creamy with fruit",1.0,42261,average pot,125.0,125.0,,1,7
41512504,92967877,121599167,50048,"Pork, loin chops, roasted, lean and fat",1.0,41018,portion,75.0,75.0,,1,1
41512504,92968018,121599319,50146,"Potatoes, old, mashed with reduced fat spread",1.0,41253,medium portion,175.0,175.0,,2,1
41512504,92968034,121599346,48038,"Beans, green, boiled in unsalted water",1.0,37408,large portion,120.0,120.0,,3,1
41512504,92968070,121599391,49140,"Gravy instant granules, made up with water",1.0,39669,medium portion,50.0,50.0,,4,1
41512504,92968162,121599635,49281,"Kiwi fruit, flesh and seeds",2.0,39850,medium unit,60.0,120.0,,1,7
42915849,96602783,126737503,208204,Flocos de trigo,60.0,,,,,,1,
42915849,96602802,126737547,208475,Leite de vaca UHT magro,250.0,,,,,,2,
42915849,96602903,126737679,208564,Ovo de galinha cozido,110.0,,,,,,3,
42915850,96602938,126737752,208266,Banana,120.0,,,,,,1,
42915850,96602952,126737771,208429,"Tremoço cozido, sem sal",30.0,,,,,,2,
42915851,96602970,126737794,208626,Dourada grelhada,120.0,,,,,,1,1
42915851,96602976,126737800,209081,Batata assada no forno,150.0,,,,,,2,1
42915851,96602988,126737815,209035,Feijão verde fresco cozido,90.0,,,,,,3,1
42915851,96602992,126737819,208533,Azeite,10.0,,,,,,4,1
42915851,96602993,126737820,208255,Ameixa encarnada,70.0,,,,,,1,7
42915852,96603357,126738361,208475,Leite de vaca UHT magro,200.0,,,,,,1,
42915852,96603458,126738466,208320,Morango,100.0,,,,,,2,
42915852,96603499,126738511,208187,Farinha de aveia,30.0,,,,,,3,
42915852,96603514,126738535,5760,"Beverages, Protein powder whey based",15.0,,,,,,4,
42915853,96603923,126739043,208931,Sopa de cenoura,200.0,,,,,,1,3
42915853,96603928,126739051,208531,"Requeijão, 13% de proteína",100.0,,,,,,1,1
42915853,96603949,126739084,208252,Tosta de trigo simples,16.0,,,,,,1,7
42918626,96610342,126748460,208223,Pão de centeio integral,120.0,,,,,,1,
42918626,96610461,126748596,10017,"Peanut butter, reduced sodium",1.0,18184,tbsp,16.0,16.0,,2,
42918626,96610468,126748604,3767,"Bananas, raw",70.0,,,,,,3,
42918626,96610478,126748614,208416,Sementes de chia,5.0,,,,,,4,
42918626,96611354,126749926,209076,"Bebida à base de soja natural, sem açúcar e sem sal",200.0,,,,,,5,
42918626,96611360,126749933,207917,Café de cafeteira,40.0,,,,,,6,
42918627,96611989,126751075,208359,"Amêndoa, miolo, com pele",30.0,,,,,,1,
42918628,96611977,126751061,208953,Sopa de tomate,120.0,,,,,,1,3
42918628,96611818,126750533,208424,Soja cozida sem sal,120.0,,,,,,1,1
42918628,96611831,126750546,208184,Esparguete cozido,200.0,,,,,,2,1
42918628,96611834,126750549,209132,Molho de tomate,30.0,,,,,,3,1
42918628,96611857,126750589,208533,Azeite,10.0,,,,,,4,1
42918628,96611864,126750595,208332,Pêssego,120.0,,,,,,1,7
42918629,96612555,126751898,6419,"Hummus, commercial",30.0,,,,,,1,
42918629,96612777,126752340,208232,Pão de trigo integral com sementes de sésamo,60.0,,,,,,2,
42918629,96612837,126752406,209096,Néctar de pera,200.0,,,,,,3,
42918629,96612997,126752676,208565,Ovo de galinha escalfado,55.0,,,,,,4,
42918630,96613228,126752945,208397,Grão-de-bico cozido (demolhado),150.0,,,,,,1,1
42918630,96613302,126753198,208152,Arroz cozido simples,150.0,,,,,,2,1
42918630,96613416,126753356,209089,"Leite de coco, enlatado",50.0,,,,,,3,1
42918630,96613443,126753437,208314,Manga,30.0,,,,,,4,1
42918630,96613490,126753513,209004,Cenoura crua,30.0,,,,,,5,1
41517955,92969288,121601478,48340,"Breakfast cereal, wheat biscuits, Weetabix type, fortified",2.0,38054,bisk,20.0,40.0,,1,
41517955,92969289,121601479,49216,Honey,1.0,39759,heaped teaspoon,17.0,17.0,,2,
41517955,92969290,121601481,50537,"Strawberries, raw",1.0,41860,average portion,100.0,100.0,,3,
41517955,92969301,121601501,50221,"Raspberries, raw",1.0,41361,portion,60.0,60.0,,4,
41517955,92969303,121601503,49561,"Milk, semi-skimmed, pasteurised, average",1.0,40164,average glass,200.0,200.0,,5,
41517957,92968671,121600373,49448,"Lettuce, average, raw",1.0,40021,portion,20.0,20.0,,1,1
41517957,92968679,121600381,48800,"Cucumber, raw, flesh and skin",1.0,39096,portion,23.0,23.0,,2,1
41517957,92968690,121600392,49630,"Mushrooms, white, raw",1.0,40346,medium serving,10.0,10.0,,3,1
41517957,92968740,121600443,50672,"Tuna, canned in brine, drained",1.0,42040,small can,100.0,100.0,,4,1
41517957,92968744,121600449,49712,"Onions, raw",1.0,40461,small unit,60.0,60.0,,5,1
41517957,92968826,121600569,48945,"Dressing, French, fat free",1.0,39365,tablespoon,15.0,15.0,,6,1
41517957,92969544,121601864,49868,"Pepper, capsicum, red, raw",3.0,40663,sliced ring,10.0,30.0,,7,1
41517957,92969339,121601569,50785,"Yogurt, Greek style, fruit",1.0,42226,average pot,125.0,125.0,,1,7
41517958,92969499,121601773,47929,"Apples, eating, raw, flesh and skin",1.0,37265,medium eating,100.0,100.0,,1,
41517958,92969532,121601852,49829,"Peanut butter, smooth",1.0,40590,portion pack,25.0,25.0,,2,
41517959,92969159,121601271,50140,"Potatoes, old, baked, flesh and skin",1.0,41227,medium unit,180.0,180.0,,1,1
41517959,92969193,121601329,47991,"Baked beans, canned in tomato sauce, reduced sugar, reduced salt",1.0,37348,small can,205.0,205.0,,2,1
41517959,92969348,121601606,48496,"Cheese, Cheddar type, '30% less fat'",1.0,38360,matchbox sized piece,30.0,30.0,,3,1
41517959,92969547,121601867,50300,"Rocket, raw",100.0,,,,,,4,1
41517959,92969895,121603219,49256,"Jelly, made with water",1.0,39825,pot,125.0,125.0,,1,7
42587803,95743823,125581628,48310,"Bread, wholemeal, toasted",4.0,37963,medium slice,31.0,124.0,,1,
42587803,95743982,125581831,48499,"Cheese, cottage, plain",2.0,38382,sandwich portion,50.0,100.0,,2,
42587803,95744106,125582046,50300,"Rocket, raw",1.0,41469,portion,20.0,20.0,,3,
42587803,95744110,125582050,49878,"Peppers, capsicum, green, raw",1.0,40678,medium unit,160.0,160.0,,4,
42587803,95744115,125582063,50511,"Spring onions, bulbs and tops, raw",1.0,41826,unit,10.0,10.0,,5,
42587803,95744118,125582066,49678,"Oil, olive",2.0,40417,teaspoon,3.0,6.0,,6,
42587804,95744233,125582209,48704,"Coffee, cappuccino, latte",1.0,38873,mug,260.0,260.0,,1,
42587805,95744238,125582214,48761,"Couscous, plain, raw",100.0,,,,,,1,1
42587805,95744255,125582232,235195,"Tomato paste, double concentrate, canned",100.0,,,,,,2,1
42587805,95744258,125582236,50511,"Spring onions, bulbs and tops, raw",1.0,41826,unit,10.0,10.0,,3,1
42587805,95744285,125582267,49678,"Oil, olive",5.0,40417,teaspoon,3.0,15.0,,4,1
42587805,95744404,125582433,49763,"Parsley, fresh",1.0,40520,large sprig,1.0,1.0,,5,1
42587806,95744412,125582441,49667,"Nuts, mixed",20.0,,,,,,1,
42587806,95744416,125582448,50786,"Yogurt, Greek style, plain",1.0,42229,average pot,125.0,125.0,,2,
42587807,95744419,125582454,50334,"Salmon, farmed, flesh only, grilled",1.0,41521,average steak,100.0,100.0,,1,1
42587807,95744425,125582464,50326,"Salad, tomato and onion",1.0,41509,tub,250.0,250.0,,2,1
42587807,95744432,125582474,48511,"Cheese, Halloumi",100.0,,,,,,3,1
42588123,95744695,125582897,48310,"Bread, wholemeal, toasted",4.0,37963,medium slice,31.0,124.0,,1,
42588123,95744889,125583092,47958,"Avocado, average, flesh only",1.0,37286,medium pear,145.0,145.0,,2,
42588123,95744958,125583179,49191,Ham,2.0,39732,average slice,23.0,46.0,,3,
42588123,95745635,125584170,48036,"Beans, chick peas, Kabuli, whole, dried, raw",40.0,,,,,,4,
42588124,95745412,125583845,49667,"Nuts, mixed",20.0,,,,,,1,
42588125,95745004,125583287,50201,"Quiche, Lorraine, wholemeal pastry, homemade",1.0,41334,medium slice,140.0,140.0,,1,1
42588125,95745007,125583291,50319,"Salad, green",1.0,41495,tub,250.0,250.0,,2,1
42588125,95745009,125583293,50637,"Tomatoes, cherry, raw",1.0,41995,salad portion,34.0,34.0,,3,1
42588125,95745011,125583295,49878,"Peppers, capsicum, green, raw",1.0,40678,medium unit,160.0,160.0,,4,1
42588125,95745013,125583297,48800,"Cucumber, raw, flesh and skin",1.0,39094,slice,6.0,6.0,,5,1
42588125,95745016,125583300,50511,"Spring onions, bulbs and tops, raw",1.0,41826,unit,10.0,10.0,,6,1
42588125,95745018,125583303,49678,"Oil, olive",2.0,40417,teaspoon,3.0,6.0,,7,1
42588125,95745024,125583309,48571,"Chicken, breast, grilled without skin, meat only",1.0,38548,medium portion,130.0,130.0,,8,1
42588126,95745193,125583528,50791,"Yogurt, soya, non-dairy alternative to yogurt, fruit, fortified",1.0,42244,average pot,125.0,125.0,,1,
42588127,95745261,125583671,50516,"Squash, butternut, baked",1.0,41830,serving,65.0,65.0,,1,1
42588127,95745263,125583675,48438,"Carrots, young, raw",1.0,38251,small portion,40.0,40.0,,2,1
42588127,95745267,125583680,49630,"Mushrooms, white, raw",1.0,40345,small serving,5.0,5.0,,3,1
42588127,95745278,125583691,50255,"Rice, brown, wholegrain, raw",70.0,,,,,,4,1
42588731,95745967,125584547,48980,"Eggs, chicken, scrambled, with semi-skimmed milk",1.0,39391,portion,120.0,120.0,,1,
42588731,95745969,125584548,48310,"Bread, wholemeal, toasted",4.0,37963,medium slice,31.0,124.0,,2,
42588731,95746120,125584711,49589,"Mixed herbs, dried",1.0,40292,teaspoon,1.0,1.0,,3,
42588731,95746149,125584782,50300,"Rocket, raw",1.0,41469,portion,20.0,20.0,,4,
42588731,95746150,125584783,50637,"Tomatoes, cherry, raw",1.0,41995,salad portion,34.0,34.0,,5,
42588731,95746175,125584810,49678,"Oil, olive",2.0,40417,teaspoon,3.0,6.0,,6,
42588734,95746955,125585920,47958,"Avocado, average, flesh only",1.0,37286,medium pear,145.0,145.0,,1,
42588735,95747074,125586051,50478,"Soup, goulash, homemade",1.0,41744,large can,405.0,405.0,,1,1
15785153,28602746,36223148,23135,"Bread, wholemeal or integral bread (made with flour type 150)",120.0,,,,,,1,
15785153,28602747,36223150,48984,"Eggs, chicken, whole, boiled",1.0,39395,(size 1) unit,67.0,67.0,,2,
15785153,28602748,36223151,48641,"Chives, fresh",1.0,38721,sprig,1.0,1.0,,3,
15785153,28602991,36223411,50221,"Raspberries, raw",120.0,,,,,,4,
15785154,28603166,36223637,49940,"Pineapple, raw, flesh only",2.0,40798,large slice,80.0,160.0,,1,
15785154,28603306,36223887,50789,"Yogurt, low fat, plain",1.0,42239,large pot,150.0,150.0,,2,
15785156,28605110,36226326,48704,"Coffee, cappuccino, latte",1.0,38873,mug,260.0,260.0,,1,
15785157,28603016,36223452,50276,"Rice, wild, boiled in unsalted water",130.0,,,,,,1,1
15785157,28603126,36223565,49846,"Peas, boiled in unsalted water",1.0,40618,medium portion,70.0,70.0,,2,1
15785157,28603129,36223576,50622,"Tilapia, raw",100.0,,,,,,3,1
15785157,28603133,36223584,48349,"Broccoli, green, steamed",1.0,38076,medium portion,85.0,85.0,,4,1
14989877,26993932,34036352,28569,Beef meatballs,100.0,,,,,,1,1
14989877,26993935,34036356,49791,"Pasta, wholewheat, spaghetti, dried, boiled in unsalted water",1.0,40562,small portion,150.0,150.0,,2,1
14989877,26994003,34036426,28534,"Sauce, tomato sauce with cream, homemade",100.0,,,,,,3,1
14989877,26994213,34036665,22670,Vegetables au gratin (oven grilled),100.0,,,,,,4,1
16729785,30906073,39207254,1634,"Milk, lowfat, fluid, 1% milkfat, with added vitamin A and vitamin D",250.0,,,,,,1,
16729785,30906231,39207416,3554,"Cereals, QUAKER, Quick Oats, Dry",45.0,,,,,,2,
16729785,30906240,39207425,7797,Honey,15.0,,,,,,3,
16729785,30906319,39207504,3774,"Blueberries, raw",1.0,7443,cup,148.0,148.0,,4,
16729785,30906349,39207539,5202,"Seeds, chia seeds, dried",5.0,,,,,,5,
16729786,30906356,39207546,1665,"Yogurt, plain, low fat",200.0,,,,,,1,
16729786,30906504,39207694,47988,"Bagels, plain",60.0,,,,,,2,
16729786,30906509,39207699,47997,"Bananas, flesh only",150.0,,,,,,3,
16729786,30906525,39207715,3859,"Kiwifruit, green, raw",1.0,7577,"unit (2"" dia)",69.0,69.0,,4,
16729786,30906563,39207762,4059,"Apples, raw, gala, with skin",120.0,,,,,,5,
16729786,30906680,39207887,67493,"Beverages, Apple juice drink, light, fortified with vitamin C",250.0,,,,,,6,
16729786,30906682,39207889,7797,Honey,15.0,,,,,,7,
16729788,30907345,39208725,1665,"Yogurt, plain, low fat",200.0,,,,,,1,
16729788,30907363,39208745,3399,"Cereals ready-to-eat, granola, homemade",15.0,,,,,,2,
16729788,30907602,39208984,7797,Honey,15.0,,,,,,3,
16729788,30907739,39209122,3963,"Pomegranates, raw",1.0,7813,cup arils (seed/juice sacs),87.0,87.0,,4,
16729788,30907751,39209135,3989,"Strawberries, raw",8.0,7868,"small unit (1"" dia)",7.0,56.0,,5,
16729788,30907914,39209301,4016,"Grapefruit juice, pink, raw",250.0,,,,,,6,
16729788,30907933,39209347,5304,"Seeds, flaxseed",10.0,,,,,,7,
41686935,93402114,122240117,48799,"Crumpets, toasted",2.0,39093,portion,40.0,80.0,,1,
41686935,93402126,122240140,49250,"Jam, fruit with edible seeds",1.0,39815,spread,25.0,25.0,,2,
41686937,93402684,122241132,49788,"Pasta, white, dried, raw",150.0,,,,,,1,1
41686937,93402687,122241135,48571,"Chicken, breast, grilled without skin, meat only",1.0,38548,medium portion,130.0,130.0,,2,1
41686937,93402692,122241140,48349,"Broccoli, green, steamed",1.0,38077,large portion,110.0,110.0,,3,1
41686937,93402711,122241171,50502,"Spinach, frozen, boiled in unsalted water",1.0,41807,serving,90.0,90.0,,4,1
41686937,93402714,122241174,49712,"Onions, raw",1.0,40461,small unit,60.0,60.0,,5,1
41686937,93402716,122241177,49101,"Garlic, raw",1.0,39621,unit,10.0,10.0,,6,1
41686937,93402760,122241232,48496,"Cheese, Cheddar type, '30% less fat'",1.0,38358,large chunk,60.0,60.0,,7,1
41686937,93402808,122241291,47997,"Bananas, flesh only",1.0,37368,large unit,120.0,120.0,,1,7
41686938,93402281,122240433,49502,"Mangoes, ripe, raw, flesh only",0.5,40081,unit,150.0,75.0,,1,
41686938,93402284,122240437,50537,"Strawberries, raw",0.5,41860,average portion,100.0,50.0,,2,
41686938,93402291,122240444,49451,"Lime juice, fresh",0.5,40025,portion,10.0,5.0,,3,
41686939,93402096,122240092,50034,"Pork, leg joint, roast, lean and fat",1.0,40992,large portion,150.0,150.0,,1,1
41686939,93402098,122240094,48389,"Cabbage, red, boiled in unsalted water",1.0,38180,medium portion,95.0,95.0,,2,1
41686939,93402103,122240105,47924,"Apples, cooking, raw, flesh only, peeled",1.0,37260,average portion,85.0,85.0,,3,1
41686939,93402109,122240111,50145,"Potatoes, old, mashed with butter",1.0,41247,medium portion,175.0,175.0,,4,1
41686939,93402825,122241326,50798,"Yogurt, whole milk, twin pot, thick and creamy with fruit",1.0,42261,average pot,125.0,125.0,,1,7
16684125,30800048,39089929,48522,"Cheese, Quark",2.0,38432,heaped tablespoon,55.0,110.0,,1,
16684125,30800049,39089930,48282,"Bread rolls, wholemeal",60.0,,,,,,2,
16684125,30800050,39089931,47930,"Apples, eating, raw, flesh and skin, weighed with core",1.0,37268,medium eating,112.0,112.0,,3,
16684126,30799980,39089793,50512,"Spring onions, bulbs only, raw",3.0,41827,unit,10.0,30.0,,1,1
16684126,30799981,39089794,48984,"Eggs, chicken, whole, boiled",2.0,39394,unit,50.0,100.0,,2,1
16684126,30800005,39089834,49846,"Peas, boiled in unsalted water",1.0,40619,large portion,100.0,100.0,,3,1
16684126,30800006,39089835,48435,"Carrots, old, raw",100.0,,,,,,4,1
16684126,30800012,39089845,50137,"Potatoes, new and salad, boiled in unsalted water, flesh and skin",1.0,41220,large portion,220.0,220.0,,5,1
16684126,30800020,39089871,48934,"Dill, fresh",10.0,39351,sprig,1.0,10.0,,6,1
16684126,30800021,39089874,50789,"Yogurt, low fat, plain",1.0,42240,tablespoon,40.0,40.0,,7,1
16684126,30800456,39090520,22942,"Dark chocolate bar, with dried fruits (nuts, almonds, raisin, praline)",20.0,,,,,,1,2
16684127,30799965,39089759,50789,"Yogurt, low fat, plain",250.0,,,,,,1,
16684127,30799966,39089760,47997,"Bananas, flesh only",1.0,37368,large unit,120.0,120.0,,2,
16684127,30799967,39089761,50614,"Tea, herbal, infusion",1.0,41965,cup,190.0,190.0,,3,
16684129,30800465,39090535,28220,"Fruit smoothie, banana and strawberry (with yoghurt and orange juice)",300.0,,,,,,1,
41964730,94114967,123250688,50791,"Yogurt, soya, non-dairy alternative to yogurt, fruit, fortified",1.0,42244,average pot,125.0,125.0,,1,
41964730,94114970,123250696,50537,"Strawberries, raw",1.0,41860,average portion,100.0,100.0,,2,
41964730,94115009,123250783,49940,"Pineapple, raw, flesh only",1.0,40798,large slice,80.0,80.0,,3,
41964730,94115011,123250787,49536,"Melon, watermelon, flesh only",1.0,40126,slice,200.0,200.0,,4,
41964730,94115012,123250788,49525,"Melon, Canteloupe-type, flesh only",1.0,40119,slice,150.0,150.0,,5,
41964730,94115131,123250913,48310,"Bread, wholemeal, toasted",1.0,37963,medium slice,31.0,31.0,,6,
41964730,94115196,123251022,49005,"Fat spread, low fat (26-39%), not polyunsaturated, with olive oil",1.0,39427,thick spread,10.0,10.0,,7,
41964730,94115199,123251026,50782,Yeast extract,1.0,42223,thick scraping,4.0,4.0,,8,
41964731,94115208,123251036,48223,"Biscuits, digestive, plain",2.0,37827,unit,15.0,30.0,,1,
41964731,94116947,123253617,47997,"Bananas, flesh only",1.0,37368,large unit,120.0,120.0,,2,
41964732,94115260,123251097,50672,"Tuna, canned in brine, drained",1.0,42040,small can,100.0,100.0,,1,1
41964732,94115316,123251222,49786,"Pasta, white, twists, fusilli, dried, boiled in unsalted water",1.0,40553,small portion,150.0,150.0,,2,1
41964732,94115318,123251225,50641,"Tomatoes, standard, raw",1.0,42009,medium unit,85.0,85.0,,3,1
41964732,94115320,123251227,49712,"Onions, raw",2.0,40464,slice,20.0,40.0,,4,1
41964732,94115321,123251228,49868,"Pepper, capsicum, red, raw",0.5,40662,medium unit,160.0,80.0,,5,1
41964732,94115323,123251231,47950,"Asparagus, raw",1.0,37281,portion,125.0,125.0,,6,1
41964732,94115324,123251232,50300,"Rocket, raw",1.0,41469,portion,20.0,20.0,,7,1
41964732,94115328,123251245,49678,"Oil, olive",1.0,40417,teaspoon,3.0,3.0,,8,1
41964732,94115331,123251255,50731,Vinegar,1.0,42126,tablespoon,15.0,15.0,,9,1
41964732,94115332,123251256,48010,"Basil, fresh",1.0,37380,large sprig,1.0,1.0,,10,1
41964732,94115333,123251257,49422,"Lemon juice, fresh",1.0,40000,measure,10.0,10.0,,11,1
41964733,94115466,123251536,48984,"Eggs, chicken, whole, boiled",1.0,39394,unit,50.0,50.0,,1,
41964734,94115919,123252034,49359,"Lamb, mince, stewed",200.0,,,,,,1,1
41964734,94115922,123252039,49101,"Garlic, raw",1.0,39621,unit,10.0,10.0,,2,1
41964734,94115925,123252043,49712,"Onions, raw",1.0,40461,small unit,60.0,60.0,,3,1
41964734,94115929,123252050,49587,"Mint, fresh",15.0,,,,,,4,1
41964734,94115937,123252059,48740,"Coriander leaves, fresh",1.0,38964,large sprig,1.0,1.0,,5,1
41964734,94115995,123252153,50140,"Potatoes, old, baked, flesh and skin",1.0,41227,medium unit,180.0,180.0,,6,1
41964734,94116018,123252204,48936,"Dips, sour-cream based, reduced fat",1.0,39355,heaped tablespoon,33.0,33.0,,7,1
41964734,94116536,123252942,48802,"Curly kale, boiled in unsalted water",1.0,39098,serving,90.0,90.0,,8,1
41964734,94116622,123253040,47924,"Apples, cooking, raw, flesh only, peeled",1.0,37260,average portion,85.0,85.0,,1,7
41964734,94116624,123253042,48669,"Cinnamon, ground",1.0,38790,teaspoon,3.0,3.0,,2,7
41964734,94116695,123253219,50545,"Sugar, brown",1.0,41867,tablespoon,20.0,20.0,,3,7
41964734,94116719,123253313,50216,Raisins,1.0,41358,tablespoon,30.0,30.0,,4,7
41964734,94116815,123253452,48379,"Butter, spreadable (75-80% fat)",1.0,38145,thick spread,12.0,12.0,,5,7
41964734,94116821,123253458,49236,"Ice cream, virtually fat free alternative",1.0,39803,individual tub,60.0,60.0,,6,7
41965749,94118807,123256228,48989,"Eggs, chicken, whole, raw",128.0,,,,,,1,
41965749,94118820,123256242,49561,"Milk, semi-skimmed, pasteurised, average",60.0,,,,,,2,
41965749,94118952,123256440,48669,"Cinnamon, ground",1.0,38790,teaspoon,3.0,3.0,,3,
41965749,94119239,123256785,50223,"Raspberries, stewed without sugar",1.0,41363,portion,90.0,90.0,,4,
41965749,94119243,123256798,48251,"Blackberries, stewed without sugar",60.0,,,,,,5,
41965749,94119297,123256879,48286,"Bread, brown, average",2.0,37903,medium slice,36.0,72.0,,6,
41965751,94118372,123255657,49868,"Pepper, capsicum, red, raw",1.0,40662,medium unit,160.0,160.0,,1,1
41965751,94118426,123255720,50255,"Rice, brown, wholegrain, raw",100.0,,,,,,2,1
41965751,94118429,123255723,49712,"Onions, raw",1.0,40461,small unit,60.0,60.0,,3,1
41965751,94118432,123255726,49101,"Garlic, raw",1.0,39621,unit,10.0,10.0,,4,1
41965751,94118442,123255738,49422,"Lemon juice, fresh",1.0,40000,measure,10.0,10.0,,5,1
41965751,94118462,123255761,50567,"Sweetcorn kernels, canned in water, drained",1.0,41898,average portion,85.0,85.0,,6,1
41965751,94118498,123255848,48508,"Cheese, goats milk, full fat, soft, white rind",50.0,,,,,,7,1
41965751,94118520,123255871,50787,"Yogurt, low fat, fruit",1.0,42232,average pot,125.0,125.0,,1,7
41965751,94118715,123256106,49502,"Mangoes, ripe, raw, flesh only",1.0,40081,unit,150.0,150.0,,2,7
41965753,94119659,123257284,50407,"Sausages, pork, reduced fat, raw",3.0,41609,large unit,40.0,120.0,,1,1
41965753,94119665,123257299,50531,"Stock cubes, chicken",1.0,41850,Oxo unit,6.0,6.0,,2,1
41965753,94119670,123257318,49870,"Pepper, capsicum, yellow, raw",1.0,40666,medium unit,160.0,160.0,,3,1
41965753,94119681,123257331,48435,"Carrots, old, raw",1.0,38237,medium portion,60.0,60.0,,4,1
41965753,94119694,123257348,50636,"Tomatoes, canned, whole contents",0.5,41993,large can,400.0,200.0,,5,1
41965753,94119700,123257358,48029,"Beans, butter, canned, re-heated, drained",0.5,37397,portion,120.0,60.0,,6,1
41965753,94119822,123257585,49712,"Onions, raw",1.0,40461,small unit,60.0,60.0,,7,1
41965753,94119824,123257587,49678,"Oil, olive",1.0,40417,teaspoon,3.0,3.0,,8,1
41965753,94119853,123257628,49101,"Garlic, raw",1.0,39621,unit,10.0,10.0,,9,1
41965753,94119875,123257655,48015,"Bay leaf, dried",1.0,37382,teaspoon,1.0,1.0,,10,1
41965753,94120015,123257795,49721,"Oregano, fresh",100.0,,,,,,11,1
41965753,94120024,123257804,50620,"Thyme, fresh",1.0,41976,large sprig,1.0,1.0,,12,1
41968504,94125079,123265190,47958,"Avocado, average, flesh only",1.0,37285,small pear,100.0,100.0,,1,
41968504,94125080,123265191,47970,"Bacon rashers, back, fat trimmed, grilled",1.0,37309,portion,46.0,46.0,,2,
41968504,94125285,123265446,48310,"Bread, wholemeal, toasted",2.0,37963,medium slice,31.0,62.0,,3,
41968504,94125287,123265448,50637,"Tomatoes, cherry, raw",2.0,41995,salad portion,34.0,68.0,,4,
41968505,94125691,123265972,47997,"Bananas, flesh only",1.0,37368,large unit,120.0,120.0,,1,
41968506,94125297,123265461,48571,"Chicken, breast, grilled without skin, meat only",1.0,38548,medium portion,130.0,130.0,,1,1
41968506,94125501,123265732,49786,"Pasta, white, twists, fusilli, dried, boiled in unsalted water",1.0,40553,small portion,150.0,150.0,,2,1
41968506,94125507,123265739,49516,"Mayonnaise, reduced fat",1.0,40101,heaped tablespoon,33.0,33.0,,3,1
41968506,94125628,123265860,50567,"Sweetcorn kernels, canned in water, drained",1.0,41898,average portion,85.0,85.0,,4,1
41968506,94125648,123265900,50319,"Salad, green",1.0,41495,tub,250.0,250.0,,5,1
41968507,94125685,123265965,47929,"Apples, eating, raw, flesh and skin",1.0,37265,medium eating,100.0,100.0,,1,
41968507,94125687,123265967,49829,"Peanut butter, smooth",1.0,40590,portion pack,25.0,25.0,,2,
41968508,94125719,123266001,48089,"Beef, fillet steak, grilled, lean",1.0,37500,medium portion,144.0,144.0,,1,1
41968508,94125744,123266034,48038,"Beans, green, boiled in unsalted water",1.0,37408,large portion,120.0,120.0,,2,1
41968508,94125775,123266072,49140,"Gravy instant granules, made up with water",1.0,39669,medium portion,50.0,50.0,,3,1
41968508,94125801,123266099,48467,"Cauliflower, boiled in unsalted water",1.0,38309,medium portion,90.0,90.0,,4,1
41968508,94125805,123266106,48380,"Butter, spreadable, light (60% fat)",1.0,38158,curl,8.0,8.0,,5,1
41968508,94125806,123266108,49666,"Nutmeg, ground",1.0,40396,teaspoon,3.0,3.0,,6,1
41966876,94120657,123259055,48799,"Crumpets, toasted",2.0,39093,portion,40.0,80.0,,1,
41966876,94120666,123259068,49829,"Peanut butter, smooth",1.0,40590,portion pack,25.0,25.0,,2,
41966876,94121052,123259549,49250,"Jam, fruit with edible seeds",1.0,39813,heaped teaspoon,18.0,18.0,,3,
41966876,94121108,123259611,47929,"Apples, eating, raw, flesh and skin",1.0,37265,medium eating,100.0,100.0,,4,
41966878,94121803,123260681,48571,"Chicken, breast, grilled without skin, meat only",1.0,38548,medium portion,130.0,130.0,,1,1
41966878,94121894,123260870,50531,"Stock cubes, chicken",1.0,41850,Oxo unit,6.0,6.0,,2,1
41966878,94121914,123260910,49646,"Noodles, egg, fine, dried, boiled in unsalted water",100.0,,,,,,3,1
41966878,94121943,123260943,48351,"Broccoli, purple sprouting, raw",1.0,38084,medium portion,85.0,85.0,,4,1
41966878,94121945,123260947,50495,"Soy sauce, light and dark varieties",2.0,41800,teaspoon,5.0,10.0,,5,1
41966878,94121987,123261049,50511,"Spring onions, bulbs and tops, raw",3.0,41826,unit,10.0,30.0,,6,1
41966878,94122073,123261146,49876,"Peppers, capsicum, chilli, red, raw",2.0,40675,sliced ring,10.0,20.0,,7,1
41966878,94122081,123261165,49112,"Ginger, fresh",10.0,,,,,,8,1
41966880,94121175,123259784,48687,"Cod, flesh only, baked",1.0,38812,medium fillet,120.0,120.0,,1,1
41966880,94121182,123259804,49165,"Haddock, flesh only, grilled, fillets weighed with bones and skin",1.0,39700,medium fillet,120.0,120.0,,2,1
41966880,94121184,123259812,50159,"Prawns, king, purchased cooked",50.0,,,,,,3,1
41966880,94121234,123259890,49561,"Milk, semi-skimmed, pasteurised, average",1.0,40165,average portion with cereals,100.0,100.0,,4,1
41966880,94121243,123259907,49101,"Garlic, raw",1.0,39621,unit,10.0,10.0,,5,1
41966880,94121261,123259945,48015,"Bay leaf, dried",1.0,37382,teaspoon,1.0,1.0,,6,1
41966880,94121267,123259954,49852,"Peas, frozen, raw",80.0,,,,,,7,1
41966880,94121607,123260299,49803,"Pastry, filo, retail, cooked",50.0,,,,,,8,1
41966880,94121614,123260308,50146,"Potatoes, old, mashed with reduced fat spread",1.0,41253,medium portion,175.0,175.0,,9,1
41966880,94121619,123260313,48433,"Carrots, old, boiled in unsalted water",1.0,38223,medium portion,60.0,60.0,,10,1
41966880,94122143,123261291,47997,"Bananas, flesh only",1.0,37368,large unit,120.0,120.0,,1,7
41966880,94122153,123261304,48915,"Custard, ready to eat, canned and tetra-pak",75.0,,,,,,2,7
41967572,94122844,123262187,47958,"Avocado, average, flesh only",1.0,37286,medium pear,145.0,145.0,,1,
41967572,94122851,123262200,48310,"Bread, wholemeal, toasted",1.0,37964,thick slice,40.0,40.0,,2,
41967572,94122933,123262284,48988,"Eggs, chicken, whole, poached",1.0,39402,unit,50.0,50.0,,3,
41967572,94123033,123262389,48634,Chilli powder,1.0,38709,level teaspoon,3.0,3.0,,4,
41967572,94124225,123264004,50300,"Rocket, raw",1.0,41469,portion,20.0,20.0,,5,
41967573,94123043,123262402,48475,"Cereal bars, with fruit and/or nuts, no chocolate, unfortified",1.0,38322,unit,30.0,30.0,,1,
41967573,94123045,123262404,49561,"Milk, semi-skimmed, pasteurised, average",1.0,40164,average glass,200.0,200.0,,2,
41967574,94123050,123262411,50561,"Sweet potato, baked",1.0,41892,average portion,130.0,130.0,,1,1
41967574,94123053,123262415,47990,"Baked beans, canned in tomato sauce",1.0,37340,medium portion,135.0,135.0,,2,1
41967574,94123178,123262541,48496,"Cheese, Cheddar type, '30% less fat'",1.0,38360,matchbox sized piece,30.0,30.0,,3,1
41967575,94123381,123262845,49845,"Pears, raw, flesh only, peeled, weighed with skin and core",1.0,40616,medium conference unit,170.0,170.0,,1,
41967576,94123578,123263154,48687,"Cod, flesh only, baked",1.0,38813,large fillet,175.0,175.0,,1,1
41967576,94123586,123263163,48379,"Butter, spreadable (75-80% fat)",1.0,38147,packed portion,10.0,10.0,,2,1
41967576,94123597,123263174,49015,"Fennel, Florence, raw",150.0,,,,,,3,1
41967576,94123599,123263176,49422,"Lemon juice, fresh",1.0,40000,measure,10.0,10.0,,4,1
41967576,94123615,123263222,49763,"Parsley, fresh",2.0,40520,large sprig,1.0,2.0,,5,1
41967576,94123837,123263471,50500,"Spinach, baby, raw",100.0,,,,,,6,1
41967576,94124147,123263865,50137,"Potatoes, new and salad, boiled in unsalted water, flesh and skin",1.0,41219,medium portion,175.0,175.0,,7,1
41967576,94124150,123263868,49257,"Jelly, sugar free, made with water",1.0,39826,average portion,115.0,115.0,,1,7
42584766,95736243,125570306,48988,"Eggs, chicken, whole, poached",2.0,39402,unit,50.0,100.0,,1,
42584766,95736244,125570308,48310,"Bread, wholemeal, toasted",2.0,37963,medium slice,31.0,62.0,,2,
42584766,95736255,125570322,50329,Salami,2.0,41516,large slice,12.0,24.0,,3,
42584767,95737132,125571476,47929,"Apples, eating, raw, flesh and skin",1.0,37265,medium eating,100.0,100.0,,1,
42584768,95736395,125570492,49791,"Pasta, wholewheat, spaghetti, dried, boiled in unsalted water",1.0,40563,medium portion,220.0,220.0,,1,1
42584768,95736412,125570585,48265,"Bolognese sauce (with meat), made with extra lean minced beef, homemade",1.0,37867,portion,240.0,240.0,,2,1
42584768,95736948,125571210,48517,"Cheese, Parmesan, fresh",10.0,,,,,,3,1
42584768,95737236,125571639,50300,"Rocket, raw",1.0,41469,portion,20.0,20.0,,4,1
42584768,95737241,125571652,48507,"Cheese, Feta",70.0,,,,,,5,1
42584769,95737125,125571469,49667,"Nuts, mixed",20.0,,,,,,1,
42584769,95737172,125571552,49694,"Olives, green, in brine, drained, flesh and skin",10.0,40443,unit,3.0,30.0,,2,
42584770,95736421,125570595,50681,"Turkey, breast, fillet, grilled, meat only",1.0,42050,steak,100.0,100.0,,1,1
42584770,95736636,125570855,50725,"Vegetables, stir-fried, takeaway",1.0,42122,portion,340.0,340.0,,2,1
42584770,95736421,125570595,50681,"Turkey, breast, fillet, grilled, meat only",1.0,42050,steak,100.0,100.0,,1,1
42584770,95736636,125570982,50152,"Potatoes, old, roasted in rapeseed oil",1.0,41262,medium unit,85.0,85.0,,2,1
42584770,95736421,125570595,50681,"Turkey, breast, fillet, grilled, meat only",1.0,42050,steak,100.0,100.0,,1,1
42584770,95736636,125571016,50152,"Potatoes, old, roasted in rapeseed oil",1.0,41262,medium unit,85.0,85.0,,2,1
42581281,95726593,125556986,47988,"Bagels, plain",1.0,37332,portion,70.0,70.0,,1,
42581281,95726595,125556990,50680,Turkey slices,2.0,42045,portion,23.0,46.0,,2,
42581281,95726597,125556992,50637,"Tomatoes, cherry, raw",15.0,41994,unit,15.0,225.0,,3,
42581281,95726599,125556995,49281,"Kiwi fruit, flesh and seeds",2.0,39850,medium unit,60.0,120.0,,4,
42581281,95760087,125603314,1629,"Milk, whole, 3.25% milkfat, with added vitamin D",1.0,3486,cup,244.0,244.0,,5,
42581282,95760097,125603326,50786,"Yogurt, Greek style, plain",200.0,,,,,,1,
42581282,95727098,125557738,3564,"Cereals, QUAKER, Quick Oats with Iron, Dry",60.0,,,,,,2,
42581282,95727086,125557725,49216,Honey,15.0,,,,,,3,
42581282,95727101,125557741,50216,Raisins,1.0,41358,tablespoon,30.0,30.0,,4,
42581282,95727103,125557743,47997,"Bananas, flesh only",120.0,,,,,,5,
42581282,95727119,125557793,50584,Tahini paste,10.0,,,,,,6,
42581284,95728268,125559409,1629,"Milk, whole, 3.25% milkfat, with added vitamin D",1.0,3486,cup,244.0,244.0,,1,
42581284,95727512,125558408,3564,"Cereals, QUAKER, Quick Oats with Iron, Dry",60.0,,,,,,2,
42581284,95727514,125558410,47997,"Bananas, flesh only",120.0,,,,,,3,
42581284,95727520,125558417,49829,"Peanut butter, smooth",10.0,,,,,,4,
42581284,95727518,125558415,50216,Raisins,15.0,,,,,,5,
42581286,95727549,125558470,1629,"Milk, whole, 3.25% milkfat, with added vitamin D",1.0,3486,cup,244.0,244.0,,1,
42581286,95727554,125558475,7239,"Crackers, crispbread, rye",2.0,13942,unit,10.0,20.0,,2,
42581286,95727736,125558778,49216,Honey,15.0,,,,,,3,
42581286,95727783,125558829,5226,"Nuts, almonds",10.0,10150,unit,1.2,12.0,,4,
42586373,95739913,125575699,48310,"Bread, wholemeal, toasted",2.0,37964,thick slice,40.0,80.0,,1,
42586373,95739904,125575690,50342,"Salmon, smoked (cold-smoked)",1.0,41535,average portion,56.0,56.0,,2,
42586373,95739921,125575715,49222,Horseradish sauce,1.0,39769,portion pack,20.0,20.0,,3,
42586374,95740242,125576238,49489,"Macadamia nuts, salted",1.0,40062,portion,10.0,10.0,,1,
42586374,95740979,125577207,49281,"Kiwi fruit, flesh and seeds",1.0,39850,medium unit,60.0,60.0,,2,
42586375,95740420,125576473,50494,"Soup, vegetable, homemade",1.0,41799,large portion,300.0,300.0,,1,1
42586375,95740430,125576485,48309,"Bread, wholemeal, average",2.0,37960,medium slice,36.0,72.0,,2,1
42586375,95740480,125576572,50326,"Salad, tomato and onion",1.0,41509,tub,250.0,250.0,,3,1
42586375,95740482,125576575,48507,"Cheese, Feta",100.0,,,,,,4,1
42586376,95740487,125576580,49191,Ham,2.0,39732,average slice,23.0,46.0,,1,
42586376,95740585,125576773,49525,"Melon, Canteloupe-type, flesh only",2.0,40119,slice,150.0,300.0,,2,
42586377,95740074,125575923,49949,"Pizza, meat topped, retail and takeaway",1.0,40830,thin crust 12'' diameter slice,83.0,83.0,,1,1
42586377,95740104,125575962,50319,"Salad, green",1.0,41495,tub,250.0,250.0,,2,1
42586377,95740106,125575964,49678,"Oil, olive",1.0,40417,teaspoon,3.0,3.0,,3,1
42580880,95726042,125556293,48310,"Bread, wholemeal, toasted",2.0,37963,medium slice,31.0,62.0,,1,
42580880,95726048,125556301,48499,"Cheese, cottage, plain",1.0,38380,small pot,112.0,112.0,,2,
42580882,95729326,125560832,48449,"Casserole, beef, made with cook-in sauce",1.0,38274,large portion,360.0,360.0,,1,1
42580882,95729443,125560973,50326,"Salad, tomato and onion",1.0,41509,tub,250.0,250.0,,2,1
42580884,95729423,125560950,48346,"Broccoli, green, boiled in salted water",1.0,38064,medium portion,85.0,85.0,,1,1
42580884,95729424,125560951,50561,"Sweet potato, baked",1.0,41891,medium unit,65.0,65.0,,2,1
42580884,95729435,125560964,50140,"Potatoes, old, baked, flesh and skin",1.0,41226,small unit,100.0,100.0,,3,1
42580884,95729427,125560954,50334,"Salmon, farmed, flesh only, grilled",1.0,41521,average steak,100.0,100.0,,4,1
16517236,30385554,38605224,47988,"Bagels, plain",1.0,37332,portion,70.0,70.0,,1,
16517236,30385555,38605225,49829,"Peanut butter, smooth",1.0,40590,portion pack,25.0,25.0,,2,
16517236,30385556,38605226,47997,"Bananas, flesh only",1.0,37367,medium unit,100.0,100.0,,3,
16517237,30386097,38605802,4560,"Edamame, frozen, prepared",1.0,8943,cup,155.0,155.0,,1,
16517238,30385669,38605356,49699,"Omelette, Spanish, homemade",1.0,40448,portion,120.0,120.0,,1,1
16517238,30385671,38605358,50319,"Salad, green",1.0,41495,tub,250.0,250.0,,2,1
16517238,94375878,123644574,50641,"Tomatoes, standard, raw",1.0,42009,medium unit,85.0,85.0,,3,1
16517238,94375880,123644576,235091,"Red onion, raw",60.0,,,,,,4,1
16517238,94376261,123645084,48987,"Eggs, chicken, whole, fried, without fat",134.0,,,,,,5,1
16517238,94376262,123645085,50149,"Potatoes, old, raw, flesh only",150.0,,,,,,6,1
16517238,94376325,123645221,49712,"Onions, raw",1.0,40461,small unit,60.0,60.0,,7,1
16517240,30386106,38605811,50279,"Risotto, plain, homemade",150.0,,,,,,1,1
16517240,30386109,38605815,48571,"Chicken, breast, grilled without skin, meat only",1.0,38548,medium portion,130.0,130.0,,2,1
16517240,30386111,38605817,47949,"Asparagus, boiled in unsalted water",1.0,37279,portion,125.0,125.0,,3,1
16517240,30386113,38605819,48027,"Beans, broad, whole, boiled in unsalted water",1.0,37395,portion,120.0,120.0,,4,1
16517240,30386297,38606059,49967,"Plums, average, raw, flesh and skin, weighed with stones",1.0,40874,medium unit,55.0,55.0,,1,7
42296211,94974775,124502090,1775,"Yogurt, Greek, plain, nonfat",200.0,,,,,,1,
42296211,94974828,124502190,3830,"Grapefruit, raw, pink and red, all areas",1.0,7529,"unit (3-3/4"" dia)",123.0,123.0,,2,
42296211,94974855,124502265,47997,"Bananas, flesh only",1.0,37368,large unit,120.0,120.0,,3,
42296211,94974964,124502461,3406,"Cereals ready-to-eat, QUAKER, QUAKER OAT LIFE, plain",60.0,,,,,,4,
42296622,94975275,124502982,5833,"Beverages, chocolate-flavor beverage mix, powder, prepared with whole milk",1.0,11345,cup (8 fl oz),266.0,266.0,,1,
42296622,94975321,124503074,5279,"Nuts, walnuts, english",1.0,10258,oz (14 halves),28.35,28.35,,2,
42582025,95728773,125560074,1629,"Milk, whole, 3.25% milkfat, with added vitamin D",250.0,,,,,,1,
42582025,95728935,125560309,3554,"Cereals, QUAKER, Quick Oats, Dry",60.0,,,,,,2,
42582025,95728941,125560315,49216,Honey,30.0,,,,,,3,
42582025,95728950,125560324,7133,"Bread, whole-wheat, commercially prepared",60.0,,,,,,4,
42582025,95728956,125560330,49829,"Peanut butter, smooth",10.0,,,,,,5,
42582025,95729026,125560419,4059,"Apples, raw, gala, with skin",1.0,7997,medium unit,172.0,172.0,,6,
42582026,95729147,125560547,50786,"Yogurt, Greek style, plain",200.0,,,,,,1,
42582026,95729143,125560543,7239,"Crackers, crispbread, rye",4.0,13942,unit,10.0,40.0,,2,
42582026,95729150,125560550,47997,"Bananas, flesh only",1.0,37368,large unit,120.0,120.0,,3,
42582026,95729157,125560557,5295,"Nuts, almond butter, plain, without salt added",10.0,,,,,,4,
42582026,95729022,125560413,67452,"Goji berries, dried",15.0,,,,,,5,
42582028,95729428,125560955,47988,"Bagels, plain",1.0,37332,portion,70.0,70.0,,1,
42582028,95729431,125560959,50216,Raisins,30.0,,,,,,2,
42582028,95730204,125561899,5833,"Beverages, chocolate-flavor beverage mix, powder, prepared with whole milk",1.0,11345,cup (8 fl oz),266.0,266.0,,3,
42582028,95729525,125561070,5226,"Nuts, almonds",16.0,10150,unit,1.2,19.2,,4,
42582028,95729550,125561105,49134,"Grapefruit, raw, flesh only",1.0,39657,small unit,250.0,250.0,,5,
42582030,95730146,125561827,7133,"Bread, whole-wheat, commercially prepared",60.0,,,,,,1,
42582030,95730147,125561828,50680,Turkey slices,2.0,42045,portion,23.0,46.0,,2,
42582030,95730151,125561832,3765,"Avocados, raw, California",60.0,,,,,,3,
42296345,94974934,124502396,208204,Flocos de trigo,100.0,,,,,,1,
42296345,94974973,124502472,208475,Leite de vaca UHT magro,200.0,,,,,,2,
42296345,94974996,124502527,208564,Ovo de galinha cozido,55.0,,,,,,3,
42296346,94975136,124502720,5760,"Beverages, Protein powder whey based",1.0,11185,cup,32.0,32.0,,1,
42296347,94975163,124502751,208184,Esparguete cozido,250.0,,,,,,1,1
42296347,94975264,124502958,208079,Peito de frango com pele cozido,100.0,,,,,,2,1
42296347,94975276,124502985,208916,Salada de alface e tomate,100.0,,,,,,3,1
42296347,94975299,124503025,208533,Azeite,10.0,,,,,,4,1
42296347,94975491,124503376,208335,Kiwi,70.0,,,,,,1,7
42296348,94975561,124503495,208223,Pão de centeio integral,100.0,,,,,,1,
42296348,94975567,124503509,208518,Queijo flamengo,40.0,,,,,,2,
42296348,94975577,124503522,207992,"Fiambre, peito de peru",30.0,,,,,,3,
42296348,94975603,124503551,208440,Iogurte aromatizado açucarado líquido meio gordo,150.0,,,,,,4,
42296349,94975619,124503568,208680,Pescada europeia cozida,100.0,,,,,,1,3
42296349,94975749,124503742,209081,Batata assada no forno,300.0,,,,,,2,3
42296349,94975766,124503762,209002,Cenoura baby crua,100.0,,,,,,3,3
42296349,94975771,124503768,208533,Azeite,10.0,,,,,,1,1
42296350,94975775,124503773,208475,Leite de vaca UHT magro,200.0,,,,,,1,
42296350,94975776,124503776,208266,Banana,100.0,,,,,,2,
42582817,95730156,125561839,48310,"Bread, wholemeal, toasted",3.0,37963,medium slice,31.0,93.0,,1,
42582817,95730136,125561816,48990,"Eggs, chicken, whole, scrambled, without milk",1.0,39407,portion,120.0,120.0,,2,
42582817,95730159,125561842,50637,"Tomatoes, cherry, raw",1.0,41995,salad portion,34.0,34.0,,3,
42582817,95730306,125562090,49589,"Mixed herbs, dried",1.0,40292,teaspoon,1.0,1.0,,4,
42582817,95730196,125561885,49678,"Oil, olive",1.0,40417,teaspoon,3.0,3.0,,5,
42582819,95731096,125563177,49038,"Flan, cheese and mushroom, wholemeal, homemade",1.0,39517,large slice,180.0,180.0,,1,1
42582820,95730280,125562023,48274,"Brazil nuts, kernel only",1.0,37881,portion,10.0,10.0,,1,
42582820,95731676,125563926,47997,"Bananas, flesh only",1.0,37366,small unit,80.0,80.0,,2,
42582821,95730208,125561903,48089,"Beef, fillet steak, grilled, lean",1.0,37500,medium portion,144.0,144.0,,1,1
42582821,95731631,125563852,50136,"Potatoes, new and salad, boiled in salted water, flesh and skin",1.0,41215,medium portion,175.0,175.0,,2,1
42189188,94697337,124082299,50093,"Porridge oats, unfortified, cooked, made up with semi-skimmed milk",1.0,41091,medium portion,160.0,160.0,,1,
42189188,94697353,124082327,47997,"Bananas, flesh only",1.0,37366,small unit,80.0,80.0,,2,
42189188,94697391,124082383,47929,"Apples, eating, raw, flesh and skin",1.0,37264,small unit,67.0,67.0,,3,
42189188,94698066,124084214,50734,"Walnuts, kernel only",1.0,42128,portion,20.0,20.0,,4,
42189190,94698095,124084325,50319,"Salad, green",1.0,41495,tub,250.0,250.0,,1,1
42189190,94698169,124084406,49878,"Peppers, capsicum, green, raw",1.0,40678,medium unit,160.0,160.0,,2,1
42189190,94698175,124084413,50637,"Tomatoes, cherry, raw",1.0,41995,salad portion,34.0,34.0,,3,1
42189190,94698436,124085591,48800,"Cucumber, raw, flesh and skin",1.0,39094,slice,6.0,6.0,,4,1
42189190,94698437,124085592,48507,"Cheese, Feta",100.0,,,,,,5,1
42189190,94698902,124087875,49678,"Oil, olive",1.0,40417,teaspoon,3.0,3.0,,6,1
42189190,94831204,124282387,50437,Sesame seeds,1.0,41648,tablespoon,12.0,12.0,,7,1
42189190,94831255,124282459,5304,"Seeds, flaxseed",1.0,10299,"tbsp, whole",10.3,10.3,,8,1
42189192,94699553,124089854,48346,"Broccoli, green, boiled in salted water",1.0,38064,medium portion,85.0,85.0,,1,1
42189192,94699557,124089864,50334,"Salmon, farmed, flesh only, grilled",1.0,41521,average steak,100.0,100.0,,2,1
42189192,94699558,124089865,50561,"Sweet potato, baked",1.0,41891,medium unit,65.0,65.0,,3,1
42189192,94699572,124089888,49678,"Oil, olive",1.0,40417,teaspoon,3.0,3.0,,4,1
42189192,94831157,124282312,50255,"Rice, brown, wholegrain, raw",100.0,,,,,,5,1
42295919,94973156,124498681,208199,Flocos de aveia,50.0,,,,,,1,
42295919,94973190,124498772,208475,Leite de vaca UHT magro,250.0,,,,,,2,
42295919,94973386,124498972,5752,"Beverages, Whey protein powder isolate",25.0,,,,,,3,
42295919,94973390,124498983,3767,"Bananas, raw",1.0,7431,"medium unit (7"" to 7-7/8"" long)",118.0,118.0,,4,
42295919,94973399,124499027,208295,Framboesa,25.0,,,,,,5,
42295921,94973455,124499213,208036,Lombo de porco grelhado,100.0,,,,,,1,1
42295921,94973464,124499231,8098,"Quinoa, cooked",1.0,15567,cup,185.0,185.0,,2,1
42295921,94973508,124499283,1062,Brócolis cozido,100.0,,,,,,3,1
42295921,94973571,124499376,47929,"Apples, eating, raw, flesh and skin",1.0,37265,medium eating,100.0,100.0,,1,7
42295922,94973599,124499427,208187,Farinha de aveia,50.0,,,,,,1,
42295922,94973616,124499659,3989,"Strawberries, raw",1.0,7860,"cup, halves",152.0,152.0,,2,
42295922,94973639,124499948,208475,Leite de vaca UHT magro,200.0,,,,,,3,
42295922,94973640,124499950,5752,"Beverages, Whey protein powder isolate",25.0,,,,,,4,
42295923,94973706,124500046,208626,Dourada grelhada,100.0,,,,,,1,1
42295923,94973711,124500051,209081,Batata assada no forno,200.0,,,,,,2,1
42295923,94973716,124500056,209015,Couve-flor cozida,100.0,,,,,,3,1
42295924,94973721,124500061,208438,Iogurte açucarado batido gordo com fruta,150.0,,,,,,1,
42296705,94976599,124504961,50561,"Sweet potato, baked",400.0,,,,,,1,1
42296705,94976968,124505618,50672,"Tuna, canned in brine, drained",150.0,,,,,,2,1
42296705,94976993,124505668,48499,"Cheese, cottage, plain",60.0,,,,,,3,1
42296705,94977001,124505676,47958,"Avocado, average, flesh only",60.0,,,,,,4,1
42296705,94977032,124505742,4496,"Carrots, raw",1.0,8808,cup strips or slices,122.0,122.0,,5,1
42296705,94977038,124505751,48800,"Cucumber, raw, flesh and skin",100.0,,,,,,6,1
42296705,94977042,124505756,50511,"Spring onions, bulbs and tops, raw",3.0,41826,unit,10.0,30.0,,7,1
42296705,94977046,124505760,49712,"Onions, raw",1.0,40461,small unit,60.0,60.0,,8,1
42296705,94977048,124505763,49868,"Pepper, capsicum, red, raw",1.0,40662,medium unit,160.0,160.0,,9,1
42296705,94977050,124505768,50637,"Tomatoes, cherry, raw",10.0,41994,unit,15.0,150.0,,10,1
42296706,94977057,124505777,48499,"Cheese, cottage, plain",1.0,38381,tablespoon,40.0,40.0,,1,
42296706,94977059,124505781,48800,"Cucumber, raw, flesh and skin",2.0,39096,portion,23.0,46.0,,2,
42296706,94977069,124505791,48309,"Bread, wholemeal, average",1.0,37960,medium slice,36.0,36.0,,3,
42296706,94977101,124505862,1653,"Milk, chocolate beverage, hot cocoa, homemade",1.0,3550,cup,250.0,250.0,,4,
42297435,94977604,124506686,47997,"Bananas, flesh only",1.0,37368,large unit,120.0,120.0,,1,
42297484,94977652,124506738,4059,"Apples, raw, gala, with skin",1.0,7997,medium unit,172.0,172.0,,1,
42297484,94977693,124506805,6428,"Peanut Butter, smooth",1.0,12458,tbsp,32.0,32.0,,2,
42296708,94978021,124507350,49573,"Milk, whole, pasteurised, average",1.0,40248,average glass,200.0,200.0,,1,
42298443,94980439,124514749,48310,"Bread, wholemeal, toasted",60.0,,,,,,1,
42298443,94980581,124514989,48988,"Eggs, chicken, whole, poached",1.0,39402,unit,50.0,50.0,,2,
42298443,94980592,124515006,50680,Turkey slices,60.0,,,,,,3,
42298443,94980729,124515196,49573,"Milk, whole, pasteurised, average",1.0,40248,average glass,200.0,200.0,,4,
42298443,94980732,124515222,4496,"Carrots, raw",1.0,8806,cup chopped,128.0,128.0,,5,
42298443,94980736,124515238,4059,"Apples, raw, gala, with skin",1.0,7997,medium unit,172.0,172.0,,6,
42298443,94980739,124515271,47997,"Bananas, flesh only",1.0,37368,large unit,120.0,120.0,,7,
42298443,94980896,124515428,4761,"Spinach, raw",100.0,,,,,,8,
42298443,94980897,124515429,47958,"Avocado, average, flesh only",1.0,37287,half,75.0,75.0,,9,
42298443,94980906,124515466,5202,"Seeds, chia seeds, dried",1.0,10109,oz,28.35,28.35,,10,
42298444,94980938,124515533,47997,"Bananas, flesh only",1.0,37368,large unit,120.0,120.0,,1,
42298444,94980990,124515631,5226,"Nuts, almonds",20.0,10150,unit,1.2,24.0,,2,
42298444,94981085,124515785,3554,"Cereals, QUAKER, Quick Oats, Dry",100.0,,,,,,3,
42298444,94981126,124515830,1775,"Yogurt, Greek, plain, nonfat",200.0,,,,,,4,
42298444,94981130,124515869,48669,"Cinnamon, ground",1.0,38790,teaspoon,3.0,3.0,,5,
42298882,94981648,124516786,3989,"Strawberries, raw",1.0,7860,"cup, halves",152.0,152.0,,1,
42298882,94981752,124516897,3978,"Raspberries, raw",1.0,7843,cup,123.0,123.0,,2,
42298943,94982026,124517289,49561,"Milk, semi-skimmed, pasteurised, average",224.0,,,,,,1,
42298943,94982030,124517293,4059,"Apples, raw, gala, with skin",1.0,7997,medium unit,172.0,172.0,,2,
42297661,94979375,124511296,1775,"Yogurt, Greek, plain, nonfat",180.0,,,,,,1,
42297661,94979376,124511298,47997,"Bananas, flesh only",1.0,37368,large unit,120.0,120.0,,2,
42297661,94979379,124511304,3989,"Strawberries, raw",1.0,7863,"cup, whole",144.0,144.0,,3,
42297661,94979513,124511736,3554,"Cereals, QUAKER, Quick Oats, Dry",30.0,,,,,,4,
42297661,94979563,124511805,50584,Tahini paste,30.0,,,,,,5,
42298400,94980238,124514433,1653,"Milk, chocolate beverage, hot cocoa, homemade",1.0,3550,cup,250.0,250.0,,1,
42298400,94980316,124514560,5278,"Nuts, walnuts, black, dried",1.0,10251,tbsp,7.8,7.8,,2,
42298400,94980375,124514619,4059,"Apples, raw, gala, with skin",1.0,7997,medium unit,172.0,172.0,,3,
42297665,94980141,124514261,49573,"Milk, whole, pasteurised, average",1.0,40248,average glass,200.0,200.0,,1,
42583918,95733686,125566944,50093,"Porridge oats, unfortified, cooked, made up with semi-skimmed milk",1.0,41091,medium portion,160.0,160.0,,1,
42583918,95733763,125567125,48669,"Cinnamon, ground",1.0,38790,teaspoon,3.0,3.0,,2,
42583918,95735034,125568675,50216,Raisins,1.0,41358,tablespoon,30.0,30.0,,3,
42583918,95735038,125568681,47910,"Almonds, toasted",1.0,37242,portion,13.0,13.0,,4,
42583918,95733859,125567224,49678,"Oil, olive",1.0,40417,teaspoon,3.0,3.0,,5,
42583919,95742851,125579945,50641,"Tomatoes, standard, raw",1.0,42009,medium unit,85.0,85.0,,1,
42583919,95742859,125579955,48800,"Cucumber, raw, flesh and skin",1.0,39094,slice,6.0,6.0,,2,
42583919,95742862,125579959,50511,"Spring onions, bulbs and tops, raw",1.0,41826,unit,10.0,10.0,,3,
42583919,95743130,125580560,237542,Linseed oil,6.0,,,,,,4,
42583919,95743147,125580585,27944,Linseed,20.0,,,,,,5,
42583919,95743331,125580780,48287,"Bread, brown, toasted",1.0,37905,small slice,23.0,23.0,,6,
42583920,95735233,125568947,48089,"Beef, fillet steak, grilled, lean",1.0,37500,medium portion,144.0,144.0,,1,1
42583920,95734124,125567572,50319,"Salad, green",1.0,41495,tub,250.0,250.0,,2,1
42583920,95734558,125568078,49678,"Oil, olive",1.0,40417,teaspoon,3.0,3.0,,3,1
42583920,95735479,125569253,50734,"Walnuts, kernel only",1.0,42128,portion,20.0,20.0,,4,1
42583921,95735371,125569142,48274,"Brazil nuts, kernel only",1.0,37881,portion,10.0,10.0,,1,
42583922,95734666,125568211,50722,"Vegetables, mixed, cooked with onion, spice and tomatoes, homemade",1.0,42118,serving,200.0,200.0,,1,1
42583922,95735239,125568957,50255,"Rice, brown, wholegrain, raw",50.0,,,,,,2,1
42584921,95736410,125570582,1629,"Milk, whole, 3.25% milkfat, with added vitamin D",1.0,3486,cup,244.0,244.0,,1,
42584921,95736417,125570590,5202,"Seeds, chia seeds, dried",30.0,,,,,,2,
42584921,95736419,125570593,3554,"Cereals, QUAKER, Quick Oats, Dry",60.0,,,,,,3,
42584921,95736424,125570598,49216,Honey,30.0,,,,,,4,
42584921,95736430,125570604,50537,"Strawberries, raw",150.0,,,,,,5,
42584922,95736513,125570712,5833,"Beverages, chocolate-flavor beverage mix, powder, prepared with whole milk",1.0,11345,cup (8 fl oz),266.0,266.0,,1,
42584922,95736578,125570786,7133,"Bread, whole-wheat, commercially prepared",1.0,13672,slice,32.0,32.0,,2,
42584922,95736635,125570853,49216,Honey,30.0,,,,,,3,
42584922,95736726,125570954,235600,Tahini (sesame paste),10.0,,,,,,4,
42584922,95736729,125570958,47997,"Bananas, flesh only",120.0,,,,,,5,
42584924,95737130,125571474,50786,"Yogurt, Greek style, plain",200.0,,,,,,1,
42584924,95737135,125571479,5226,"Nuts, almonds",10.0,10150,unit,1.2,12.0,,2,
42584924,95737166,125571546,47988,"Bagels, plain",1.0,37332,portion,70.0,70.0,,3,
42584924,95737170,125571550,50680,Turkey slices,1.0,42045,portion,23.0,23.0,,4,
42584926,95755123,125596966,50789,"Yogurt, low fat, plain",200.0,,,,,,1,
42584926,95755052,125596834,7239,"Crackers, crispbread, rye",2.0,13942,unit,10.0,20.0,,2,
42244030,94839136,124297304,47997,"Bananas, flesh only",1.0,37366,small unit,80.0,80.0,,1,
42244030,94840512,124300076,236638,"Yoghurt, plain (average)",100.0,,,,,,2,
42244030,94840882,124300548,67452,"Goji berries, dried",1.0,54103,tbsp,28.0,28.0,,3,
42244030,94845619,124308762,49667,"Nuts, mixed",30.0,,,,,,4,
42244031,94846242,124309457,48571,"Chicken, breast, grilled without skin, meat only",1.0,38548,medium portion,130.0,130.0,,1,1
42244031,94846455,124309684,50724,"Vegetables, mixed, stir-fry type, frozen, fried in rapeseed oil",1.0,42121,portion,340.0,340.0,,2,1
42244031,94846682,124311111,48935,"Dips, sour-cream based, assorted flavours",3.0,39353,heaped tablespoon,33.0,99.0,,3,1
42244031,94839732,124298099,49121,"Gooseberries, dessert, raw",100.0,,,,,,1,7
42244032,94839978,124299410,47929,"Apples, eating, raw, flesh and skin",1.0,37265,medium eating,100.0,100.0,,1,
42244032,94841022,124300939,48274,"Brazil nuts, kernel only",1.0,37881,portion,10.0,10.0,,2,
42244033,94839875,124299274,49904,"Pie, fish, white fish, homemade",1.0,40721,average serving,170.0,170.0,,1,1
42244033,94840948,124300758,50561,"Sweet potato, baked",1.0,41891,medium unit,65.0,65.0,,2,1
42244033,94840969,124300815,50500,"Spinach, baby, raw",100.0,,,,,,3,1
42244033,94841240,124301283,49878,"Peppers, capsicum, green, raw",1.0,40678,medium unit,160.0,160.0,,4,1
42244033,94841252,124301304,50637,"Tomatoes, cherry, raw",1.0,41995,salad portion,34.0,34.0,,5,1
42244033,94841317,124301411,48800,"Cucumber, raw, flesh and skin",1.0,39094,slice,6.0,6.0,,6,1
42244033,94845391,124308409,49678,"Oil, olive",1.0,40417,teaspoon,3.0,3.0,,7,1
42249534,94857731,124327532,1665,"Yogurt, plain, low fat",150.0,,,,,,1,
42249534,94854599,124323033,48316,"Breakfast cereal, bran type cereal, fortified",30.0,,,,,,2,
42249534,94854696,124323160,50221,"Raspberries, raw",1.0,41361,portion,60.0,60.0,,3,
42249534,94854715,124323196,3989,"Strawberries, raw",1.0,7863,"cup, whole",144.0,144.0,,4,
42249535,94854785,124323268,49281,"Kiwi fruit, flesh and seeds",2.0,39850,medium unit,60.0,120.0,,1,
42249537,94856652,124325810,3892,"Oranges, raw, Florida",1.0,7668,"unit (2-5/8"" dia)",141.0,141.0,,1,
42243400,94836580,124292636,48322,"Breakfast cereal, crunchy/crispy muesli type cereal, with nuts, unfortified",50.0,,,,,,1,
42243400,94836672,124292745,49569,"Milk, skimmed, pasteurised, winter",1.0,40217,average portion with cereals,100.0,100.0,,2,
42243402,94837007,124294242,50498,"Spaghetti bolognese, retail, reheated, with spaghetti",1.0,41804,portion,400.0,400.0,,1,1
42243402,94837265,124293599,50319,"Salad, green",1.0,41495,tub,250.0,250.0,,2,1
42243403,94837284,124293640,47929,"Apples, eating, raw, flesh and skin",1.0,37265,medium eating,100.0,100.0,,1,
42243403,94837302,124293661,48440,"Cashew nuts, kernel only, plain",1.0,38260,portion,10.0,10.0,,2,
42243404,94837555,124293964,49696,"Omelette, cheese, homemade",1.0,40445,portion,120.0,120.0,,1,1
42243404,94837567,124293981,50300,"Rocket, raw",1.0,41469,portion,20.0,20.0,,2,1
42243404,94837644,124294084,7538,"Focaccia, Italian flatbread, plain",1.0,14636,piece,57.0,57.0,,3,1
42243404,94837781,124294296,7964,"Chocolate, dark, 70-85% cacao solids",1.0,15411,oz,28.35,28.35,,1,7
42252957,94863550,124338330,47988,"Bagels, plain",60.0,,,,,,1,
42252957,94863567,124338366,48988,"Eggs, chicken, whole, poached",1.0,39402,unit,50.0,50.0,,2,
42252957,94863578,124338377,50342,"Salmon, smoked (cold-smoked)",30.0,,,,,,3,
42252957,94863695,124338511,50637,"Tomatoes, cherry, raw",10.0,41994,unit,15.0,150.0,,4,
42252957,94863710,124338542,5162,"Arugula, raw",50.0,,,,,,5,
42252957,94863906,124338804,47958,"Avocado, average, flesh only",30.0,,,,,,6,
42252958,94863929,124338910,49023,"Figs, whole green fruit, raw",2.0,39493,unit,55.0,110.0,,1,
42252960,94864370,124341295,3989,"Strawberries, raw",1.0,7863,"cup, whole",144.0,144.0,,1,
42252960,94864403,124341388,50221,"Raspberries, raw",100.0,,,,,,2,
42252960,94864444,124341487,5295,"Nuts, almond butter, plain, without salt added",10.0,,,,,,3,
42252961,94864479,124341542,1665,"Yogurt, plain, low fat",1.0,3577,container (6 oz),170.0,170.0,,1,1
42252961,94864484,124341547,3930,"Pears, raw",1.0,7747,"cup, slices",140.0,140.0,,2,1
42252961,94864493,124341558,48669,"Cinnamon, ground",1.0,38790,teaspoon,3.0,3.0,,3,1
42251089,94858008,124328753,48984,"Eggs, chicken, whole, boiled",1.0,39394,unit,50.0,50.0,,1,
42251089,94858102,124328861,47958,"Avocado, average, flesh only",30.0,,,,,,2,
42251089,94858201,124329038,50641,"Tomatoes, standard, raw",1.0,42010,large unit,150.0,150.0,,3,
42251089,94858264,124329115,48310,"Bread, wholemeal, toasted",1.0,37963,medium slice,31.0,31.0,,4,
42251090,94858320,124329289,3809,"Figs, raw",4.0,7499,"small unit (1-1/2"" dia)",40.0,160.0,,1,
42251092,94859315,124330609,7601,"Snacks, rice cracker brown rice, plain",1.0,14736,cake,18.0,18.0,,1,
42251092,94859322,124330616,3989,"Strawberries, raw",1.0,7863,"cup, whole",144.0,144.0,,2,
42251092,94859348,124330650,5295,"Nuts, almond butter, plain, without salt added",8.0,,,,,,3,
42251093,94859515,124330829,50561,"Sweet potato, baked",1.0,41891,medium unit,65.0,65.0,,1,1
42251093,94859887,124331351,48753,"Courgette, boiled in unsalted water",1.0,38987,medium unit,100.0,100.0,,2,1
42251093,94860135,124332401,48436,"Carrots, young, boiled in unsalted water",1.0,38247,medium unit,80.0,80.0,,3,1
42251093,94860183,124332459,50789,"Yogurt, low fat, plain",180.0,,,,,,4,1
42251093,94860236,124332607,49642,"Mustard, wholegrain",1.0,40375,level teaspoon,8.0,8.0,,5,1
42252300,94861469,124334463,48310,"Bread, wholemeal, toasted",1.0,37963,medium slice,31.0,31.0,,1,
42252300,94861612,124334700,5295,"Nuts, almond butter, plain, without salt added",8.0,,,,,,2,
42252300,94861710,124334853,3989,"Strawberries, raw",1.0,7863,"cup, whole",144.0,144.0,,3,
42252300,94861714,124334858,5202,"Seeds, chia seeds, dried",5.0,,,,,,4,
42252301,94861910,124335100,3884,"Nectarines, raw",1.0,7646,"small unit (2-1/3"" dia)",129.0,129.0,,1,
42252301,94862023,124335213,3915,"Peaches, yellow, raw",1.0,7720,"medium unit (2-2/3"" dia)",150.0,150.0,,2,
42252303,94863212,124336914,3767,"Bananas, raw",1.0,7431,"medium unit (7"" to 7-7/8"" long)",118.0,118.0,,1,
42253835,94865907,124345187,3877,"Mangos, raw",1.0,7616,cup pieces,165.0,165.0,,1,
42253837,94866091,124345448,3809,"Figs, raw",4.0,7499,"small unit (1-1/2"" dia)",40.0,160.0,,1,
42253837,94866115,124345500,5226,"Nuts, almonds",10.0,10150,unit,1.2,12.0,,2,
42253423,94864874,124341964,47988,"Bagels, plain",60.0,,,,,,1,
42253423,94864899,124341995,49572,"Milk, soya, non-dairy alternative to milk, unsweetened, fortified",1.0,40241,average glass,200.0,200.0,,2,
42253424,94864905,124342001,4059,"Apples, raw, gala, with skin",1.0,7997,medium unit,172.0,172.0,,1,
42253424,94864986,124342115,3892,"Oranges, raw, Florida",1.0,7668,"unit (2-5/8"" dia)",141.0,141.0,,2,
42253424,94864991,124342120,5304,"Seeds, flaxseed",1.0,10299,"tbsp, whole",10.3,10.3,,3,
42253424,94864995,124342124,48669,"Cinnamon, ground",1.0,38790,teaspoon,3.0,3.0,,4,
42253426,94865252,124342452,50789,"Yogurt, low fat, plain",200.0,,,,,,1,
42253426,94865255,124342455,3767,"Bananas, raw",1.0,7431,"medium unit (7"" to 7-7/8"" long)",118.0,118.0,,2,
42253427,94865383,124342624,8098,"Quinoa, cooked",100.0,,,,,,1,1
42253427,94865386,124342627,4496,"Carrots, raw",1.0,8806,cup chopped,128.0,128.0,,2,1
42253427,94865441,124342731,48800,"Cucumber, raw, flesh and skin",100.0,,,,,,3,1
42253427,94865511,124343794,50641,"Tomatoes, standard, raw",1.0,42009,medium unit,85.0,85.0,,4,1
42253427,94865559,124343883,49878,"Peppers, capsicum, green, raw",1.0,40678,medium unit,160.0,160.0,,5,1
42253427,94865576,124343910,47958,"Avocado, average, flesh only",30.0,,,,,,6,1
42286131,94946142,124456831,48499,"Cheese, cottage, plain",1.0,38382,sandwich portion,50.0,50.0,,1,
42286131,94946143,124456835,47910,"Almonds, toasted",1.0,37242,portion,13.0,13.0,,2,
42286131,94946144,124456837,50637,"Tomatoes, cherry, raw",1.0,41995,salad portion,34.0,34.0,,3,
42286131,94946145,124456838,48704,"Coffee, cappuccino, latte",1.0,38873,mug,260.0,260.0,,4,
42286131,94994453,124538517,48310,"Bread, wholemeal, toasted",1.0,37963,medium slice,31.0,31.0,,5,
42286132,94946170,124456863,49845,"Pears, raw, flesh only, peeled, weighed with skin and core",1.0,40616,medium conference unit,170.0,170.0,,1,
42286132,94946173,124456866,50734,"Walnuts, kernel only",1.0,42128,portion,20.0,20.0,,2,
42286133,94994729,124538907,49792,"Pasta, wholewheat, spaghetti, dried, raw",100.0,,,,,,1,1
42286133,94994758,124538964,50385,"Sauce, pasta, tomato based, reduced fat",1.0,41574,portion,90.0,90.0,,2,1
42286133,94946467,124457246,48032,"Beans, chick peas, canned, re-heated, drained",1.0,37401,portion,90.0,90.0,,3,1
42286133,94946485,124457265,48517,"Cheese, Parmesan, fresh",10.0,,,,,,4,1
42286133,94946488,124457268,48143,"Beef, sirloin steak, grilled medium-rare, lean and fat",1.0,37644,large portion,210.0,210.0,,5,1
42286134,94946658,124457520,50786,"Yogurt, Greek style, plain",1.0,42229,average pot,125.0,125.0,,1,
42286135,94946659,124457521,50334,"Salmon, farmed, flesh only, grilled",1.0,41521,average steak,100.0,100.0,,1,1
42286135,94946663,124457525,50561,"Sweet potato, baked",1.0,41891,medium unit,65.0,65.0,,2,1
42286135,94947517,124458706,237602,"Aioli sauce (garlic and olive oil mayonnaise), prepacked",20.0,,,,,,3,1
42285610,94944784,124455128,48990,"Eggs, chicken, whole, scrambled, without milk",1.0,39407,portion,120.0,120.0,,1,
42285610,94944785,124455129,50637,"Tomatoes, cherry, raw",1.0,41995,salad portion,34.0,34.0,,2,
42285610,94944793,124455144,50511,"Spring onions, bulbs and tops, raw",1.0,41826,unit,10.0,10.0,,3,
42285610,94944796,124455147,48313,"Breadnut seeds, dried",1.0,37965,unit,6.0,6.0,,4,
42285610,94944797,124455148,49718,"Oranges, flesh only",1.0,40479,small unit,120.0,120.0,,5,
42285611,94945224,124455629,48287,"Bread, brown, toasted",2.0,37905,small slice,23.0,46.0,,1,
42285611,94945226,124455633,49191,Ham,1.0,39732,average slice,23.0,23.0,,2,
42285611,94945228,124455636,48522,"Cheese, Quark",1.0,38432,heaped tablespoon,55.0,55.0,,3,
42285611,94945229,124455637,50300,"Rocket, raw",1.0,41469,portion,20.0,20.0,,4,
42285612,94944906,124455262,50582,"Szechuan prawns with vegetables, takeaway",100.0,,,,,,1,1
42285612,94945322,124455755,50255,"Rice, brown, wholegrain, raw",70.0,,,,,,2,1
42285613,94944908,124455264,50786,"Yogurt, Greek style, plain",1.0,42229,average pot,125.0,125.0,,1,
42285613,94945056,124455420,49863,"Pecan nuts, kernel only",1.0,40657,unit,6.0,6.0,,2,
42285614,94945163,124455528,49034,"Fishcakes, white fish, coated in breadcrumbs, baked",1.0,39511,unit,100.0,100.0,,1,1
42285614,94945166,124455531,50319,"Salad, green",1.0,41495,tub,250.0,250.0,,2,1
42285614,94945167,124455532,49878,"Peppers, capsicum, green, raw",1.0,40678,medium unit,160.0,160.0,,3,1
42285614,94945168,124455533,48800,"Cucumber, raw, flesh and skin",1.0,39094,slice,6.0,6.0,,4,1
42285614,94945169,124455534,49712,"Onions, raw",1.0,40464,slice,20.0,20.0,,5,1
42285614,94945171,124455536,50637,"Tomatoes, cherry, raw",1.0,41995,salad portion,34.0,34.0,,6,1
42285614,94945172,124455537,48507,"Cheese, Feta",100.0,,,,,,7,1
42285614,94945196,124455584,49678,"Oil, olive",1.0,40417,teaspoon,3.0,3.0,,8,1
42285138,94943743,124453670,1665,"Yogurt, plain, low fat",1.0,3577,container (6 oz),170.0,170.0,,1,
42285138,94943789,124453744,50092,"Porridge oats, unfortified",60.0,,,,,,2,
42285138,94943792,124453748,49829,"Peanut butter, smooth",10.0,,,,,,3,
42285138,94943797,124453754,3884,"Nectarines, raw",1.0,7646,"small unit (2-1/3"" dia)",129.0,129.0,,4,
42285139,94943805,124453763,3847,"Grapes, red or green (European type, such as Thompson seedless), raw",1.5,7559,cup,151.0,226.5,,1,
42285141,94943851,124453809,3930,"Pears, raw",1.0,7750,medium unit,178.0,178.0,,1,
42284814,94942869,124452311,47988,"Bagels, plain",60.0,,,,,,1,
42284814,94942973,124452472,49561,"Milk, semi-skimmed, pasteurised, average",1.0,40164,average glass,200.0,200.0,,2,
42284815,94942988,124452489,4059,"Apples, raw, gala, with skin",1.0,7997,medium unit,172.0,172.0,,1,
42284815,94943021,124452525,3892,"Oranges, raw, Florida",1.0,7669,"unit (2-11/16"" dia)",151.0,151.0,,2,
42284815,94943022,124452526,5304,"Seeds, flaxseed",1.0,10299,"tbsp, whole",10.3,10.3,,3,
42284815,94943023,124452527,48669,"Cinnamon, ground",1.0,38790,teaspoon,3.0,3.0,,4,
42284817,94943169,124452775,1665,"Yogurt, plain, low fat",150.0,,,,,,1,
42284817,94943220,124452844,3930,"Pears, raw",1.0,7750,medium unit,178.0,178.0,,2,
42284817,94943177,124452784,48669,"Cinnamon, ground",1.0,38790,teaspoon,3.0,3.0,,3,
42287257,94949349,124461358,3767,"Bananas, raw",1.0,7431,"medium unit (7"" to 7-7/8"" long)",118.0,118.0,,1,
42287258,94949360,124461370,208931,Sopa de cenoura,200.0,,,,,,1,3
42287258,94949374,124461413,208731,Arroz de ervilhas,120.0,,,,,,1,1
42287258,94949381,124461420,208011,Perna de frango com pele grelhada,100.0,,,,,,2,1
42287258,94949389,124461428,209004,Cenoura crua,45.0,,,,,,3,1
42287259,94949438,124461493,208475,Leite de vaca UHT magro,200.0,,,,,,1,
42287259,94949444,124461499,208201,"Flocos de cereais e frutos secos tipo ""Muesli""",30.0,,,,,,2,
42287260,94949447,124461502,208916,Salada de alface e tomate,100.0,,,,,,1,1
42287260,94949483,124461575,208694,Salmão grelhado,100.0,,,,,,2,1
42286357,94946827,124457746,48980,"Eggs, chicken, scrambled, with semi-skimmed milk",1.0,39391,portion,120.0,120.0,,1,
42286357,94995522,124540156,48310,"Bread, wholemeal, toasted",2.0,37963,medium slice,31.0,62.0,,2,
42286357,94946978,124457909,48499,"Cheese, cottage, plain",1.0,38380,small pot,112.0,112.0,,3,
42286357,94995575,124540254,50682,"Turkey, dark meat, raw",100.0,,,,,,4,
42286358,94946981,124457913,48704,"Coffee, cappuccino, latte",1.0,38873,mug,260.0,260.0,,1,
42286359,94947066,124458047,47990,"Baked beans, canned in tomato sauce",1.0,37339,small portion,80.0,80.0,,1,1
42286359,94947068,124458050,48375,"Burger, hamburger, takeaway",1.0,38130,Wimpy portion,105.0,105.0,,2,1
42286359,94995774,124540599,28863,"Vegetables roasted in olive oil (carrot, parsnip, onion, peppers,celery)",200.0,,,,,,3,1
42286359,94995838,124540678,50112,"Potato chips, homemade, fried in rapeseed oil",1.0,41149,medium portion,165.0,165.0,,4,1
42286360,94947073,124458055,48274,"Brazil nuts, kernel only",1.0,37881,portion,10.0,10.0,,1,
42286360,94947075,124458057,49718,"Oranges, flesh only",1.0,40479,small unit,120.0,120.0,,2,
42286361,94947077,124458059,48564,"Chicken soup, cream of, canned, condensed, as served",1.0,38530,cup-a-soup portion,215.0,215.0,,1,1
42286361,94947606,124458864,48873,"Curry, lentil, red/masoor dahl, with vegetable oil, homemade",1.0,39245,serving,200.0,200.0,,2,1
42286362,94947117,124458103,50614,"Tea, herbal, infusion",1.0,41965,cup,190.0,190.0,,1,
42285845,94945391,124455846,50092,"Porridge oats, unfortified",1.0,41083,tablespoon,15.0,15.0,,1,
42285845,94945411,124455897,49655,"Nut and seed roast, mixed nuts and sunflower seeds, homemade",1.0,40385,slice,56.0,56.0,,2,
42285845,94945418,124455914,50791,"Yogurt, soya, non-dairy alternative to yogurt, fruit, fortified",1.0,42244,average pot,125.0,125.0,,3,
42285846,94945690,124456201,49422,"Lemon juice, fresh",1.0,40000,measure,10.0,10.0,,1,
42285846,94945692,124456203,47997,"Bananas, flesh only",1.0,37366,small unit,80.0,80.0,,2,
42285846,94994100,124537953,236947,"Mineral sparkling water (San Pellegrino), bottled, averagely mineralized",200.0,,,,,,3,
42285847,94945888,124456423,50243,"Rice and black-eye beans, brown rice",100.0,,,,,,1,1
42285847,94945912,124456468,50724,"Vegetables, mixed, stir-fry type, frozen, fried in rapeseed oil",1.0,42121,portion,340.0,340.0,,2,1
42285848,94945744,124456263,47958,"Avocado, average, flesh only",1.0,37287,half,75.0,75.0,,1,
42285848,94945931,124456494,48675,Cocoa butter,10.0,,,,,,2,
42285848,94945957,124456603,5236,"Nuts, cashew nuts, raw",1.0,10173,oz,28.35,28.35,,3,
42285848,94945982,124456631,49943,"Pistachio nuts, kernel only, roasted and salted, weighed with shells",1.0,40800,portion,10.0,10.0,,4,
42285848,94946076,124456730,7964,"Chocolate, dark, 70-85% cacao solids",1.0,15411,oz,28.35,28.35,,5,
42285849,94945919,124456475,50494,"Soup, vegetable, homemade",1.0,41797,small portion,150.0,150.0,,1,3
42285849,94945770,124456299,48089,"Beef, fillet steak, grilled, lean",1.0,37500,medium portion,144.0,144.0,,1,1
42285849,94945774,124456304,50136,"Potatoes, new and salad, boiled in salted water, flesh and skin",1.0,41214,small portion,120.0,120.0,,2,1
42285849,94945775,124456308,50319,"Salad, green",1.0,41495,tub,250.0,250.0,,3,1
42285849,94945776,124456309,49678,"Oil, olive",1.0,40417,teaspoon,3.0,3.0,,4,1
42284970,94943248,124452897,48990,"Eggs, chicken, whole, scrambled, without milk",50.0,,,,,,1,
42284970,94943271,124452936,50092,"Porridge oats, unfortified",40.0,,,,,,2,
42284970,94943272,124452937,48525,"Cheese, Ricotta",40.0,,,,,,3,
42284970,94943273,124452938,50300,"Rocket, raw",100.0,,,,,,4,
42284970,94943276,124452941,50500,"Spinach, baby, raw",100.0,,,,,,5,
42284970,94943278,124452943,47958,"Avocado, average, flesh only",30.0,,,,,,6,
42284970,94943279,124452945,49561,"Milk, semi-skimmed, pasteurised, average",1.0,40164,average glass,200.0,200.0,,7,
42284971,94943280,124452946,3767,"Bananas, raw",1.0,7431,"medium unit (7"" to 7-7/8"" long)",118.0,118.0,,1,
42284972,94943282,124452953,48011,"Bass, sea, flesh only, baked",180.0,,,,,,1,1
42284972,94943284,124452955,8004,"Couscous, cooked",140.0,,,,,,2,1
42284972,94943285,124452956,48170,"Beetroot, boiled in unsalted water",3.0,37728,small unit,35.0,105.0,,3,1
42284972,94943286,124452957,48433,"Carrots, old, boiled in unsalted water",1.0,38226,medium unit,80.0,80.0,,4,1
42284973,94943397,124453146,67653,Rice crackers,1.0,54534,serving,30.0,30.0,,1,
42284973,94943398,124453147,5295,"Nuts, almond butter, plain, without salt added",1.0,10285,tbsp,16.0,16.0,,2,
42284973,94943400,124453149,49023,"Figs, whole green fruit, raw",2.0,39493,unit,55.0,110.0,,3,
42284974,94943403,124453152,1665,"Yogurt, plain, low fat",180.0,,,,,,1,1
42284974,94943424,124453174,50092,"Porridge oats, unfortified",40.0,,,,,,2,1
42286541,94947124,124458111,50786,"Yogurt, Greek style, plain",1.0,42229,average pot,125.0,125.0,,1,
42286541,94947126,124458113,49655,"Nut and seed roast, mixed nuts and sunflower seeds, homemade",1.0,40385,slice,56.0,56.0,,2,
42286541,94947146,124458156,49845,"Pears, raw, flesh only, peeled, weighed with skin and core",1.0,40616,medium conference unit,170.0,170.0,,3,
42286542,94947337,124458452,48704,"Coffee, cappuccino, latte",1.0,38873,mug,260.0,260.0,,1,
42286542,94947338,124458454,48789,Croissants,1.0,39074,portion,60.0,60.0,,2,
42286543,94947243,124458354,48034,"Beans, chick peas, Kabuli, split, dried, raw",100.0,,,,,,1,1
42286543,94947332,124458446,50326,"Salad, tomato and onion",1.0,41509,tub,250.0,250.0,,2,1
42286544,94947339,124458455,49191,Ham,1.0,39732,average slice,23.0,23.0,,1,
42286544,94947343,124458459,49525,"Melon, Canteloupe-type, flesh only",2.0,40119,slice,150.0,300.0,,2,
42286545,94947345,124458469,50083,"Pork, steaks, grilled, lean and fat",1.0,41074,shoulder steak,135.0,135.0,,1,1
42286545,94947360,124458491,234800,"Grilled vegetables pan-fried, Mediterranean-style, frozen, raw",100.0,,,,,,2,1
42286546,94947376,124458530,236818,"Provolone cheese, from cow's milk",100.0,,,,,,1,
42286546,94996177,124541097,50614,"Tea, herbal, infusion",1.0,41965,cup,190.0,190.0,,2,
42285036,94943427,124453177,48988,"Eggs, chicken, whole, poached",1.0,39402,unit,50.0,50.0,,1,
42285036,94943428,124453178,47958,"Avocado, average, flesh only",30.0,,,,,,2,
42285036,94943429,124453179,50641,"Tomatoes, standard, raw",1.0,42010,large unit,150.0,150.0,,3,
42285036,94943430,124453180,48310,"Bread, wholemeal, toasted",1.0,37963,medium slice,31.0,31.0,,4,
42285036,94943431,124453181,3894,"Orange juice, raw",1.0,7672,cup,248.0,248.0,,5,
42285037,94943577,124453426,3809,"Figs, raw",2.0,7499,"small unit (1-1/2"" dia)",40.0,80.0,,1,
42285037,94943581,124453430,49845,"Pears, raw, flesh only, peeled, weighed with skin and core",80.0,,,,,,2,
42285037,94943583,124453434,49561,"Milk, semi-skimmed, pasteurised, average",1.0,40164,average glass,200.0,200.0,,3,
42285039,94943683,124453584,1665,"Yogurt, plain, low fat",1.0,3577,container (6 oz),170.0,170.0,,1,
42285039,94943684,124453585,49643,"Nectarines, flesh and skin",70.0,,,,,,2,
42285039,94943685,124453586,48669,"Cinnamon, ground",1.0,38790,teaspoon,3.0,3.0,,3,
42285307,94971898,124496529,1775,"Yogurt, Greek, plain, nonfat",200.0,,,,,,1,
42285307,94971903,124496571,3564,"Cereals, QUAKER, Quick Oats with Iron, Dry",1.0,7186,cup,40.0,40.0,,2,
42285307,94971936,124496624,3774,"Blueberries, raw",1.0,7444,berry,68.0,68.0,,3,
42285307,94971983,124496738,3989,"Strawberries, raw",1.0,7860,"cup, halves",152.0,152.0,,4,
42285307,94971994,124496753,5304,"Seeds, flaxseed",1.0,10299,"tbsp, whole",10.3,10.3,,5,
42285307,94971996,124496755,48669,"Cinnamon, ground",1.0,38790,teaspoon,3.0,3.0,,6,
42285309,94972397,124497487,47988,"Bagels, plain",1.0,37332,portion,70.0,70.0,,1,
42285309,94972414,124497512,50680,Turkey slices,60.0,,,,,,2,
42285309,94972439,124497540,48499,"Cheese, cottage, plain",1.0,38380,small pot,112.0,112.0,,3,
42285309,94972450,124497556,50641,"Tomatoes, standard, raw",1.0,42010,large unit,150.0,150.0,,4,
42285309,94972446,124497551,49642,"Mustard, wholegrain",1.0,40375,level teaspoon,8.0,8.0,,5,
42295846,94973079,124498555,47997,"Bananas, flesh only",1.0,37368,large unit,120.0,120.0,,1,
42295906,94973088,124498583,4059,"Apples, raw, gala, with skin",1.0,7996,large unit,200.0,200.0,,1,
42295906,94973093,124498599,50216,Raisins,1.0,41358,tablespoon,30.0,30.0,,2,
42295906,94973096,124498603,6428,"Peanut Butter, smooth",20.0,,,,,,3,
42295906,94973385,124498970,49561,"Milk, semi-skimmed, pasteurised, average",1.0,40164,average glass,200.0,200.0,,4,
42285311,94973391,124499012,49561,"Milk, semi-skimmed, pasteurised, average",1.0,40164,average glass,200.0,200.0,,1,
42649972,95906616,125809629,208859,Omelete,100.0,,,,,,1,
42649972,95906677,125809703,208518,Queijo flamengo,20.0,,,,,,2,
42649972,95906707,125809750,208475,Leite de vaca UHT magro,200.0,,,,,,3,
42649972,95906710,125809753,208222,Pão de centeio,120.0,,,,,,4,
42649973,95906713,125809756,208266,Banana,100.0,,,,,,1,
42649973,95906715,125809758,208174,Bolo de bolacha Maria,36.0,,,,,,2,
42649974,95907023,125810281,208694,Salmão grelhado,120.0,,,,,,1,1
42649974,95907029,125810312,209081,Batata assada no forno,250.0,,,,,,2,1
42649974,95907032,125810315,209003,Cenoura cozida,90.0,,,,,,3,1
42649974,95907033,125810316,208533,Azeite,10.0,,,,,,4,1
42649974,95907000,125810257,208322,Nectarina,120.0,,,,,,1,7
42649974,95907004,125810261,209101,Sumo de laranja (100%),200.0,,,,,,1,8
42649975,95907043,125810328,208204,Flocos de trigo,100.0,,,,,,1,
42649975,95907099,125810430,208475,Leite de vaca UHT magro,400.0,,,,,,2,
42649975,95907101,125810433,208564,Ovo de galinha cozido,55.0,,,,,,3,
42649975,95907102,125810434,208335,Kiwi,55.0,,,,,,4,
42649976,95907197,125810573,208581,Atum conserva em óleo,80.0,,,,,,1,1
42649976,95907266,125810742,208152,Arroz cozido simples,250.0,,,,,,2,1
42649976,95907268,125810745,208916,Salada de alface e tomate,100.0,,,,,,3,1
42788279,96256668,126284621,1775,"Yogurt, Greek, plain, nonfat",150.0,,,,,,1,
42788279,96256670,126284624,27967,"Muesli, no added sugar (Premium)",60.0,,,,,,2,
42788279,96256741,126284753,3978,"Raspberries, raw",1.0,7845,unit,19.0,19.0,,3,
42788280,96256796,126284810,5760,"Beverages, Protein powder whey based",1.0,11185,cup,32.0,32.0,,1,
42788281,96256820,126284859,208931,Sopa de cenoura,200.0,,,,,,1,3
42788281,96256830,126284872,208870,Pato sem pele estufado com margarina,100.0,,,,,,1,1
42788281,96256856,126284913,208732,Arroz de feijão,150.0,,,,,,2,1
42788281,96257027,126285094,209040,Grelos de couve cozidos,80.0,,,,,,3,1
42788282,96257086,126285159,208266,Banana,100.0,,,,,,1,
42788282,96257097,126285175,208199,Flocos de aveia,50.0,,,,,,2,
42788282,96257178,126285288,208475,Leite de vaca UHT magro,200.0,,,,,,3,
42788283,96257390,126285525,208784,Carne de porco à alentejana,100.0,,,,,,1,1
42788283,96257393,126285529,208184,Esparguete cozido,170.0,,,,,,2,1
42788284,96257406,126285547,208446,"Iogurte meio gordo, aromatizado, açucarado",120.0,,,,,,1,
42788795,96258597,126287175,208223,Pão de centeio integral,120.0,,,,,100 grams of pão de centeio integral,1,
42788795,96258606,126287184,208565,Ovo de galinha escalfado,55.0,,,,,,2,
42788795,96258676,126287265,208253,Abacate,55.0,,,,,,3,
42788795,96258685,126287281,208475,Leite de vaca UHT magro,200.0,,,,,,4,
42788795,96258690,126287290,207912,Café solúvel (pó) com cafeína,20.0,,,,,2 grams of café solúvel (pó) com cafeína,5,
42788796,96258984,126287653,208266,Banana,120.0,,,,,,1,
42788796,96259033,126287725,49829,"Peanut butter, smooth",1.0,40591,thin spread,12.0,12.0,,2,
42788797,96257818,126286080,208598,Camarão cozido,100.0,,,,,,1,1
42788797,96257899,126286163,208184,Esparguete cozido,150.0,,,,,,2,1
42788797,96257905,126286169,209067,Tomate cherry cru,90.0,,,,,,3,1
42788797,96258237,126286603,209055,Pepino cru,30.0,,,,,,4,1
42788797,96258238,126286605,208533,Azeite,10.0,,,,,,5,1
42788797,96258262,126286662,209138,Vinagre,5.0,,,,,,6,1
42788797,96258286,126286751,207864,Gelado de água (sorvete),70.0,,,,,,1,7
42788799,96257571,126285771,235705,"Wheat tortilla wrap, to be filled",80.0,,,,,,1,1
42788799,96257615,126285817,208581,Atum conserva em óleo,80.0,,,,,,2,1
42788799,96257617,126285819,208985,Alface crua,30.0,,,,,,3,1
42788799,96257618,126285820,209114,"Maionese caseira, com ovo e azeite",5.0,,,,,,4,1
42532600,95602398,125388444,7133,"Bread, whole-wheat, commercially prepared",2.0,13672,slice,32.0,64.0,,1,
42532600,95602399,125388445,50680,Turkey slices,2.0,42045,portion,23.0,46.0,,2,
42532600,95602407,125388481,47958,"Avocado, average, flesh only",30.0,,,,,,3,
42532600,95602461,125388583,50637,"Tomatoes, cherry, raw",15.0,41994,unit,15.0,225.0,,4,
42532601,95602467,125388589,5226,"Nuts, almonds",8.0,10150,unit,1.2,9.6,,1,
42532601,95602518,125388669,49940,"Pineapple, raw, flesh only",3.0,40798,large slice,80.0,240.0,,2,
42532602,95602523,125388684,50654,"Tortilla, wheat, soft",1.0,42027,unit,40.0,40.0,,1,1
42532602,95602536,125388699,48571,"Chicken, breast, grilled without skin, meat only",90.0,,,,,,2,1
42532602,95602541,125388704,47958,"Avocado, average, flesh only",30.0,,,,,,3,1
42532602,95602544,125388707,49448,"Lettuce, average, raw",100.0,,,,,,4,1
42532603,95602546,125388711,50789,"Yogurt, low fat, plain",200.0,,,,,,1,
42532603,95602650,125388864,49216,Honey,15.0,,,,,,2,
42532603,95602692,125388908,49281,"Kiwi fruit, flesh and seeds",2.0,39850,medium unit,60.0,120.0,,3,
42532604,95602756,125388973,49448,"Lettuce, average, raw",100.0,,,,,,1,1
42532604,95602760,125388977,48170,"Beetroot, boiled in unsalted water",100.0,,,,,,2,1
42532604,95602766,125388983,50734,"Walnuts, kernel only",0.5,42128,portion,20.0,10.0,,3,1
42532604,95602773,125388991,48500,"Cheese, cottage, plain, reduced fat",2.0,38384,tablespoon,40.0,80.0,,4,1
42532604,95602779,125388999,7239,"Crackers, crispbread, rye",2.0,13942,unit,10.0,20.0,,5,1
42532820,95603027,125389277,7133,"Bread, whole-wheat, commercially prepared",1.0,13672,slice,32.0,32.0,,1,
42532820,95603139,125389443,49829,"Peanut butter, smooth",10.0,,,,,,2,
42532820,95603126,125389423,50537,"Strawberries, raw",20.0,41859,unit,12.0,240.0,,3,
42532821,95603146,125389452,50789,"Yogurt, low fat, plain",200.0,,,,,,1,
42532821,95603185,125389498,50537,"Strawberries, raw",10.0,41859,unit,12.0,120.0,,2,
42532821,95603430,125389766,3978,"Raspberries, raw",1.0,7843,cup,123.0,123.0,,3,
42532823,95608903,125398011,7239,"Crackers, crispbread, rye",3.0,13942,unit,10.0,30.0,,1,
42532823,95609227,125398496,6419,"Hummus, commercial",3.0,12447,tbsp,15.0,45.0,,2,
42532823,95609345,125398644,49138,"Grapes, red",1.0,39667,small bunch,100.0,100.0,,3,
41566109,93092430,121778178,49065,"Flour, wheat, brown",44.0,,,,,,1,
41566109,93092537,121778292,48758,"Courgette, raw",40.0,,,,,,2,
41566109,93092539,121778294,48507,"Cheese, Feta",44.0,,,,,,3,
41566109,93092547,121778302,48983,"Eggs, chicken, white, raw",1.0,39393,unit,32.0,32.0,,4,
41566109,93092753,121778519,49561,"Milk, semi-skimmed, pasteurised, average",2.0,40168,tablespoon,15.0,30.0,,5,
41566109,93092755,121778524,47994,Baking powder,2.0,,,,,,6,
41566109,93092795,121778613,49935,"Pineapple juice, unsweetened",1.0,40790,individual cartoon,200.0,200.0,,7,
41566110,93092900,121778729,48435,"Carrots, old, raw",1.0,38237,medium portion,60.0,60.0,,1,
41566110,93092902,121778731,49868,"Pepper, capsicum, red, raw",1.0,40662,medium unit,160.0,160.0,,2,
41566110,93094306,121780644,49151,"Guacamole, homemade",50.0,,,,,,3,
41566111,93092918,121778747,48571,"Chicken, breast, grilled without skin, meat only",1.0,38548,medium portion,130.0,130.0,,1,1
41566111,93092926,121778755,50567,"Sweetcorn kernels, canned in water, drained",2.0,41897,tablespoon,30.0,60.0,,2,1
41566111,93092930,121778759,49516,"Mayonnaise, reduced fat",1.0,40101,heaped tablespoon,33.0,33.0,,3,1
41566111,93092936,121778765,48309,"Bread, wholemeal, average",2.0,37960,medium slice,36.0,72.0,,4,1
41566111,93092939,121778768,49448,"Lettuce, average, raw",1.0,40021,portion,20.0,20.0,,5,1
41566111,93093140,121779117,48290,"Bread, malt, fruited",47.5,,,,,,1,7
41566111,93093257,121779292,49005,"Fat spread, low fat (26-39%), not polyunsaturated, with olive oil",1.0,39427,thick spread,10.0,10.0,,2,7
41566113,93093643,121779814,49329,"Lamb, leg steaks, grilled, lean and fat",200.0,,,,,,1,1
41566113,93093649,121779821,50636,"Tomatoes, canned, whole contents",200.0,,,,,,2,1
41566113,93093658,121779836,50530,"Stock cubes, beef",1.0,41848,Oxo unit,6.0,6.0,,3,1
41566113,93093898,121780130,49630,"Mushrooms, white, raw",3.0,40347,large serving,20.0,60.0,,4,1
41566113,93093906,121780161,50306,"Rosemary, fresh",1.0,41472,large sprig,1.0,1.0,,5,1
41566113,93093916,121780187,48992,"Eggs, chicken, yolk, raw",1.0,39408,unit,18.0,18.0,,6,1
41566113,93093923,121780196,50563,"Sweet potato, raw, flesh only",250.0,,,,,,7,1
41566113,93094188,121780499,48433,"Carrots, old, boiled in unsalted water",1.0,38223,medium portion,60.0,60.0,,8,1
41566113,93094194,121780506,49846,"Peas, boiled in unsalted water",1.0,40618,medium portion,70.0,70.0,,9,1
41566113,93094471,121781098,49599,"Mousse, chocolate, low fat",1.0,40299,portion,60.0,60.0,,1,7
41566113,93094476,121781105,50537,"Strawberries, raw",1.0,41860,average portion,100.0,100.0,,2,7
41566114,93094591,121781283,49569,"Milk, skimmed, pasteurised, winter",250.0,,,,,,1,
41566114,93094602,121781298,48669,"Cinnamon, ground",1.0,38790,teaspoon,3.0,3.0,,2,
41565780,93090129,121774536,50406,"Sausages, pork, reduced fat, grilled",2.0,41607,large unit,40.0,80.0,,1,
41565780,93090132,121774541,49628,"Mushrooms, white, fried in rapeseed oil",2.0,40343,average serving,44.0,88.0,,2,
41565780,93090133,121774546,47990,"Baked beans, canned in tomato sauce",1.0,37340,medium portion,135.0,135.0,,3,
41565780,93090134,121774547,48310,"Bread, wholemeal, toasted",1.0,37963,medium slice,31.0,31.0,,4,
41565781,93090733,121775525,48475,"Cereal bars, with fruit and/or nuts, no chocolate, unfortified",1.0,38322,unit,30.0,30.0,,1,
41565781,93090825,121775691,47997,"Bananas, flesh only",1.0,37368,large unit,120.0,120.0,,2,
41565782,93089968,121774282,50637,"Tomatoes, cherry, raw",100.0,,,,,,1,1
41565782,93089970,121774286,48010,"Basil, fresh",10.0,,,,,,2,1
41565782,93089971,121774287,49678,"Oil, olive",1.0,40417,teaspoon,3.0,3.0,,3,1
41565782,93089974,121774290,50300,"Rocket, raw",1.0,41469,portion,20.0,20.0,,4,1
41565782,93090067,121774393,48288,"Bread, ciabatta",100.0,,,,,,5,1
41565782,93090080,121774411,49718,"Oranges, flesh only",1.0,40479,small unit,120.0,120.0,,1,7
41565784,93090395,121775000,48571,"Chicken, breast, grilled without skin, meat only",1.0,38549,large portion,150.0,150.0,,1,1
41565784,93090400,121775009,49712,"Onions, raw",1.0,40461,small unit,60.0,60.0,,2,1
41565784,93090401,121775010,49101,"Garlic, raw",1.0,39621,unit,10.0,10.0,,3,1
41565784,93090402,121775011,50531,"Stock cubes, chicken",1.0,41850,Oxo unit,6.0,6.0,,4,1
41565784,93090409,121775032,1820,"Spices, pepper, black",1.0,3894,whole tsp,2.9,2.9,,5,1
41565784,93090416,121775054,48490,"Cheese spread, plain, reduced fat",2.0,38346,portion,30.0,60.0,,6,1
41565784,93090420,121775060,47950,"Asparagus, raw",2.0,37281,portion,125.0,250.0,,7,1
41565784,93090424,121775067,48436,"Carrots, young, boiled in unsalted water",1.0,38244,medium portion,60.0,60.0,,8,1
41565784,93090426,121775069,50137,"Potatoes, new and salad, boiled in unsalted water, flesh and skin",1.0,41220,large portion,220.0,220.0,,9,1
41565784,93090829,121775695,48378,"Butter, salted",1.0,38141,teaspoon,5.0,5.0,,10,1
41565784,93090437,121775085,49216,Honey,1.0,39759,heaped teaspoon,17.0,17.0,,1,7
41565784,93090438,121775086,48262,Blueberries,50.0,,,,,,2,7
41565784,93090526,121775174,50221,"Raspberries, raw",1.0,41361,portion,60.0,60.0,,3,7
41565784,93090654,121775345,50786,"Yogurt, Greek style, plain",1.0,42230,large pot,150.0,150.0,,4,7
42580459,95724766,125554581,50786,"Yogurt, Greek style, plain",200.0,,,,,,1,
42580459,95725009,125555019,3564,"Cereals, QUAKER, Quick Oats with Iron, Dry",1.5,7186,cup,40.0,60.0,,2,
42580459,95725011,125555023,6428,"Peanut Butter, smooth",10.0,,,,,,3,
42580459,95725015,125555027,49216,Honey,15.0,,,,,,4,
42580459,95725019,125555031,50221,"Raspberries, raw",100.0,,,,,,5,
42580460,95725047,125555076,1629,"Milk, whole, 3.25% milkfat, with added vitamin D",1.0,3486,cup,244.0,244.0,,1,
42580460,95725050,125555082,49837,"Pears, average, raw, flesh only",1.0,40607,medium comice unit,150.0,150.0,,2,
42580460,95725054,125555086,7133,"Bread, whole-wheat, commercially prepared",1.0,13672,slice,32.0,32.0,,3,
42580460,95725058,125555099,5295,"Nuts, almond butter, plain, without salt added",10.0,,,,,,4,
42580462,95725416,125555599,7133,"Bread, whole-wheat, commercially prepared",2.0,13672,slice,32.0,64.0,,1,
42580462,95725422,125555607,6194,"Fish, tuna, light, canned in water, without salt, drained solids",1.0,12088,oz,85.0,85.0,,2,
42580462,95725603,125555799,235072,"Iceberg lettuce, raw",100.0,,,,,,3,
42580462,95725501,125555688,47958,"Avocado, average, flesh only",30.0,,,,,,4,
42580462,95725613,125555810,4059,"Apples, raw, gala, with skin",1.0,7997,medium unit,172.0,172.0,,5,
42580462,95725620,125555818,3894,"Orange juice, raw",1.0,7672,cup,248.0,248.0,,6,
42580464,95726319,125556627,1629,"Milk, whole, 3.25% milkfat, with added vitamin D",1.0,3486,cup,244.0,244.0,,1,
42580464,95726320,125556629,4059,"Apples, raw, gala, with skin",1.0,7998,small unit,157.0,157.0,,2,
41568537,93097844,121786848,50092,"Porridge oats, unfortified",40.0,,,,,,1,
41568537,93097850,121786854,49561,"Milk, semi-skimmed, pasteurised, average",150.0,,,,,,2,
41568537,93097852,121786860,48435,"Carrots, old, raw",1.0,38237,medium portion,60.0,60.0,,3,
41568537,93097881,121786933,50216,Raisins,1.0,41358,tablespoon,30.0,30.0,,4,
41568537,93097882,121786934,48669,"Cinnamon, ground",1.0,38790,teaspoon,3.0,3.0,,5,
41568537,93097885,121786938,47918,"Apple juice, clear, ambient and chilled",1.0,37250,individual cartoon,200.0,200.0,,6,
41568538,93098741,121788284,48475,"Cereal bars, with fruit and/or nuts, no chocolate, unfortified",1.0,38322,unit,30.0,30.0,,1,
41568539,93098171,121787408,48571,"Chicken, breast, grilled without skin, meat only",1.0,38548,medium portion,130.0,130.0,,1,1
41568539,93098253,121787579,50654,"Tortilla, wheat, soft",1.0,42027,unit,40.0,40.0,,2,1
41568539,93098282,121787633,50636,"Tomatoes, canned, whole contents",0.5,41993,large can,400.0,200.0,,3,1
41568539,93098522,121787908,48024,"Beans, blackeye, whole, dried, boiled in unsalted water",1.0,37391,portion,60.0,60.0,,4,1
41568539,93098525,121787911,50567,"Sweetcorn kernels, canned in water, drained",1.0,41898,average portion,85.0,85.0,,5,1
41568539,93098529,121787923,48740,"Coriander leaves, fresh",1.0,38964,large sprig,1.0,1.0,,6,1
41568539,93098533,121787931,49876,"Peppers, capsicum, chilli, red, raw",15.0,,,,,,7,1
41568539,93098535,121787933,49870,"Pepper, capsicum, yellow, raw",1.0,40666,medium unit,160.0,160.0,,8,1
41568539,93098542,121787944,49101,"Garlic, raw",1.0,39621,unit,10.0,10.0,,9,1
41568539,93098610,121788012,49451,"Lime juice, fresh",1.0,40025,portion,10.0,10.0,,10,1
41568539,93098612,121788014,50531,"Stock cubes, chicken",1.0,41850,Oxo unit,6.0,6.0,,11,1
41568539,93098619,121788053,50786,"Yogurt, Greek style, plain",1.0,42231,tablespoon,45.0,45.0,,12,1
41568540,93098169,121787406,49135,"Grapes, average",1.0,39661,small bunch,100.0,100.0,,1,
41568541,93098649,121788172,49791,"Pasta, wholewheat, spaghetti, dried, boiled in unsalted water",1.0,40563,medium portion,220.0,220.0,,1,1
41568541,93098650,121788173,48992,"Eggs, chicken, yolk, raw",2.0,39408,unit,18.0,36.0,,2,1
41568541,93098654,121788184,48496,"Cheese, Cheddar type, '30% less fat'",1.0,38358,large chunk,60.0,60.0,,3,1
41568541,93098659,121788191,47976,"Bacon rashers, back, reduced salt, grilled",1.0,37317,portion,46.0,46.0,,4,1
41568541,93098663,121788195,50300,"Rocket, raw",2.0,41469,portion,20.0,40.0,,5,1
41568541,93098795,121788361,48302,"Bread, white, French stick",1.0,37937,"2"" slice",40.0,40.0,,6,1
41568541,93098927,121788513,49008,"Fat spread, reduced fat (41-62%), not polyunsaturated, with olive oil",1.0,39456,medium spread on roll,7.0,7.0,,7,1
41568541,93098929,121788515,49101,"Garlic, raw",20.0,,,,,,8,1
41567450,93095001,121782171,50137,"Potatoes, new and salad, boiled in unsalted water, flesh and skin",150.0,,,,,,1,
41567450,93095045,121782219,49878,"Peppers, capsicum, green, raw",1.0,40678,medium unit,160.0,160.0,,2,
41567450,93095053,121782228,49868,"Pepper, capsicum, red, raw",1.0,40662,medium unit,160.0,160.0,,3,
41567450,93095062,121782239,48986,"Eggs, chicken, whole, fried in sunflower oil",1.0,39400,unit,60.0,60.0,,4,
41567450,93095139,121782385,49712,"Onions, raw",1.0,40461,small unit,60.0,60.0,,5,
41567451,93096997,121785495,49281,"Kiwi fruit, flesh and seeds",2.0,39850,medium unit,60.0,120.0,,1,
41567452,93096400,121784688,49783,"Pasta, plain, fresh, boiled",1.0,40546,medium portion,230.0,230.0,,1,1
41567452,93096411,121784713,50385,"Sauce, pasta, tomato based, reduced fat",1.0,41574,portion,90.0,90.0,,2,1
41567452,93096525,121784845,49712,"Onions, raw",1.0,40461,small unit,60.0,60.0,,3,1
41567452,93096610,121784930,48758,"Courgette, raw",1.0,39007,medium unit,100.0,100.0,,4,1
41567452,93096612,121784932,49678,"Oil, olive",1.0,40417,teaspoon,3.0,3.0,,5,1
41567452,93096697,121785032,49101,"Garlic, raw",1.0,39621,unit,10.0,10.0,,6,1
41567452,93096706,121785040,48009,"Basil, dried, ground",1.0,37379,level teaspoon,1.0,1.0,,7,1
41567452,93096787,121785187,47954,"Aubergine, raw",100.0,,,,,,8,1
41567452,93096798,121785202,48496,"Cheese, Cheddar type, '30% less fat'",1.0,38360,matchbox sized piece,30.0,30.0,,9,1
41567453,93096981,121785449,49829,"Peanut butter, smooth",30.0,,,,,,1,
41567453,93096990,121785482,47929,"Apples, eating, raw, flesh and skin",1.0,37266,large eating,153.0,153.0,,2,
41567454,93095328,121782615,48089,"Beef, fillet steak, grilled, lean",1.0,37501,large portion,210.0,210.0,,1,1
41567454,93095332,121782619,49630,"Mushrooms, white, raw",2.0,40347,large serving,20.0,40.0,,2,1
41567454,93095336,121782625,48530,"Cheese, spreadable, soft white, low fat",1.0,38452,sandwich portion,30.0,30.0,,3,1
41567454,93095358,121782664,50502,"Spinach, frozen, boiled in unsalted water",1.0,41807,serving,90.0,90.0,,4,1
41567454,93095413,121782765,50254,"Rice, brown, wholegrain, boiled in unsalted water",1.0,41391,medium portion,180.0,180.0,,5,1
41567454,93095418,121782771,50530,"Stock cubes, beef",1.0,41848,Oxo unit,6.0,6.0,,6,1
41567454,93097008,121785536,50798,"Yogurt, whole milk, twin pot, thick and creamy with fruit",1.0,42262,large pot,150.0,150.0,,1,7
41636736,93272457,122053666,50092,"Porridge oats, unfortified",50.0,,,,,,1,
41636736,93272464,122053682,49569,"Milk, skimmed, pasteurised, winter",150.0,,,,,,2,
41636736,93272469,122053687,47934,"Apricots, raw, flesh and skin",1.0,37271,unit,40.0,40.0,,3,
41636736,93272521,122053771,50193,Pumpkin seeds,25.0,,,,,,4,
41636736,93272584,122053866,49216,Honey,1.0,39759,heaped teaspoon,17.0,17.0,,5,
41636737,93272730,122054026,173501,Wild West Beef Jerky,50.0,,,,,,1,
41636738,93272752,122054056,50691,"Turkey, mince, stewed",1.0,42070,medium portion,140.0,140.0,,1,1
41636738,93272753,122054057,49868,"Pepper, capsicum, red, raw",1.0,40662,medium unit,160.0,160.0,,2,1
41636738,93272756,122054060,50723,"Vegetables, mixed, frozen, boiled in unsalted water",1.0,42120,serving,90.0,90.0,,3,1
41636738,93272763,122054070,48496,"Cheese, Cheddar type, '30% less fat'",1.0,38360,matchbox sized piece,30.0,30.0,,4,1
41636738,93272772,122054085,50319,"Salad, green",1.0,41495,tub,250.0,250.0,,5,1
41636739,93273039,122055096,47997,"Bananas, flesh only",1.0,37368,large unit,120.0,120.0,,1,
41636740,93273228,122055401,48571,"Chicken, breast, grilled without skin, meat only",1.0,38548,medium portion,130.0,130.0,,1,1
41636740,93273271,122055466,48489,"Cheese spread, plain",45.0,,,,,,2,1
41636740,93273289,122055502,50637,"Tomatoes, cherry, raw",100.0,,,,,,3,1
41636740,93273315,122055543,50502,"Spinach, frozen, boiled in unsalted water",1.0,41807,serving,90.0,90.0,,4,1
41636740,93273330,122055572,50531,"Stock cubes, chicken",1.0,41850,Oxo unit,6.0,6.0,,5,1
41636740,93273356,122055633,49101,"Garlic, raw",1.0,39621,unit,10.0,10.0,,6,1
41636740,93273379,122055658,49712,"Onions, raw",1.0,40461,small unit,60.0,60.0,,7,1
41636740,93273385,122055669,48010,"Basil, fresh",1.0,37380,large sprig,1.0,1.0,,8,1
41636740,93273388,122055673,48467,"Cauliflower, boiled in unsalted water",1.0,38310,large portion,120.0,120.0,,9,1
41636740,93273389,122055675,49010,"Fat spread, reduced fat (62-75%), not polyunsaturated",1.0,39478,teaspoon,5.0,5.0,,10,1
41636740,93273507,122055800,49561,"Milk, semi-skimmed, pasteurised, average",3.0,40168,tablespoon,15.0,45.0,,11,1
41636740,93273509,122055803,48347,"Broccoli, green, boiled in unsalted water",1.0,38068,medium portion,85.0,85.0,,12,1
41636740,93273918,122056405,50798,"Yogurt, whole milk, twin pot, thick and creamy with fruit",1.0,42261,average pot,125.0,125.0,,1,7
41636741,93273995,122056551,48475,"Cereal bars, with fruit and/or nuts, no chocolate, unfortified",1.0,38322,unit,30.0,30.0,,1,
42586949,95741907,125578425,48310,"Bread, wholemeal, toasted",3.0,37963,medium slice,31.0,93.0,,1,
42586949,95741244,125577554,48980,"Eggs, chicken, scrambled, with semi-skimmed milk",1.0,39391,portion,120.0,120.0,,2,
42586949,95741259,125577571,50637,"Tomatoes, cherry, raw",1.0,41995,salad portion,34.0,34.0,,3,
42586949,95741261,125577573,50511,"Spring onions, bulbs and tops, raw",1.0,41826,unit,10.0,10.0,,4,
42586949,95741266,125577578,48800,"Cucumber, raw, flesh and skin",5.0,39094,slice,6.0,30.0,,5,
42586949,95741269,125577581,49678,"Oil, olive",2.0,40417,teaspoon,3.0,6.0,,6,
42586950,95742130,125578827,47929,"Apples, eating, raw, flesh and skin",1.0,37266,large eating,153.0,153.0,,1,
42586950,95742265,125579002,49023,"Figs, whole green fruit, raw",1.0,39493,unit,55.0,55.0,,2,
42586950,95742472,125579337,5202,"Seeds, chia seeds, dried",1.0,10109,oz,28.35,28.35,,3,
42586951,95742317,125579087,48571,"Chicken, breast, grilled without skin, meat only",1.0,38549,large portion,150.0,150.0,,1,1
42586951,95742391,125579216,49846,"Peas, boiled in unsalted water",1.0,40620,tablespoon,30.0,30.0,,2,1
42586951,95742394,125579219,49712,"Onions, raw",1.0,40464,slice,20.0,20.0,,3,1
42586951,95742450,125579285,49630,"Mushrooms, white, raw",1.0,40347,large serving,20.0,20.0,,4,1
42586951,95742530,125579448,49678,"Oil, olive",2.0,40417,teaspoon,3.0,6.0,,5,1
42586952,95742251,125578988,49667,"Nuts, mixed",20.0,,,,,,1,
42586952,95742454,125579289,50786,"Yogurt, Greek style, plain",1.0,42229,average pot,125.0,125.0,,2,
42586953,95741928,125578447,50255,"Rice, brown, wholegrain, raw",100.0,,,,,,1,1
42586953,95742051,125578673,48348,"Broccoli, green, raw",1.0,38073,large portion,110.0,110.0,,2,1
42586953,95742075,125578727,49878,"Peppers, capsicum, green, raw",1.0,40678,medium unit,160.0,160.0,,3,1
42586953,95742085,125578738,48438,"Carrots, young, raw",1.0,38255,medium unit,80.0,80.0,,4,1
42586953,95742100,125578764,49712,"Onions, raw",1.0,40464,slice,20.0,20.0,,5,1
42586953,95742107,125578775,49678,"Oil, olive",2.0,40417,teaspoon,3.0,6.0,,6,1
42446719,95368745,125085712,50796,"Yogurt, whole milk, plain",200.0,,,,,,1,
42446719,95368786,125085779,3399,"Cereals ready-to-eat, granola, homemade",30.0,,,,,,2,
42446719,95368806,125085808,49216,Honey,15.0,,,,,,3,
42446720,95368821,125085842,7239,"Crackers, crispbread, rye",2.0,13942,unit,10.0,20.0,,1,
42446720,95368834,125085875,47958,"Avocado, average, flesh only",30.0,,,,,,2,
42446720,95368968,125086009,4059,"Apples, raw, gala, with skin",60.0,,,,,,3,
42446722,95369336,125086438,3894,"Orange juice, raw",250.0,,,,,,1,
42446234,95367318,125083843,7133,"Bread, whole-wheat, commercially prepared",60.0,,,,,,1,
42446234,95367453,125084021,49023,"Figs, whole green fruit, raw",3.0,39493,unit,55.0,165.0,,2,
42446234,95367459,125084030,48500,"Cheese, cottage, plain, reduced fat",2.0,38384,tablespoon,40.0,80.0,,3,
42446234,95367503,125084113,49216,Honey,15.0,,,,,,4,
42446235,95367639,125084275,5226,"Nuts, almonds",8.0,10150,unit,1.2,9.6,,1,
42446237,95367903,125084611,47997,"Bananas, flesh only",1.0,37368,large unit,120.0,120.0,,1,
42446238,95367954,125084678,50796,"Yogurt, whole milk, plain",200.0,,,,,,1,1
42446238,95367958,125084683,7239,"Crackers, crispbread, rye",2.0,13942,unit,10.0,20.0,,2,1
42446238,95368086,125084876,5202,"Seeds, chia seeds, dried",15.0,,,,,,3,1
42445335,95365146,125081029,50796,"Yogurt, whole milk, plain",200.0,,,,,,1,
42445335,95365157,125081045,49216,Honey,15.0,,,,,,2,
42445335,95365270,125081168,47997,"Bananas, flesh only",150.0,,,,,,3,
42445335,95365272,125081171,49988,Poppy seeds,1.0,40900,tablespoon,12.0,12.0,,4,
42445336,95365277,125081176,4059,"Apples, raw, gala, with skin",1.0,7997,medium unit,172.0,172.0,,1,
42445338,95365353,125081297,7133,"Bread, whole-wheat, commercially prepared",2.0,13672,slice,32.0,64.0,,1,
42445338,95365373,125081317,47958,"Avocado, average, flesh only",30.0,,,,,,2,
42445338,95365380,125081324,50637,"Tomatoes, cherry, raw",15.0,41994,unit,15.0,225.0,,3,
42447359,95370385,125087712,48310,"Bread, wholemeal, toasted",2.0,37962,small slice,23.0,46.0,,1,
42447359,95370387,125087715,48500,"Cheese, cottage, plain, reduced fat",2.0,38384,tablespoon,40.0,80.0,,2,
42447359,95370393,125087724,50680,Turkey slices,2.0,42045,portion,23.0,46.0,,3,
42447359,95370402,125087735,50637,"Tomatoes, cherry, raw",15.0,41994,unit,15.0,225.0,,4,
42447359,95370623,125087965,3877,"Mangos, raw",0.5,7616,cup pieces,165.0,82.5,,5,
42447359,95596682,125379766,47958,"Avocado, average, flesh only",60.0,,,,,,6,
42447360,95370774,125088122,49023,"Figs, whole green fruit, raw",5.0,39493,unit,55.0,275.0,,1,
42447362,95371628,125089114,50796,"Yogurt, whole milk, plain",200.0,,,,,,1,
42447362,95371880,125089399,5226,"Nuts, almonds",5.0,10150,unit,1.2,6.0,,2,
42447362,95371883,125089403,49216,Honey,15.0,,,,,,3,
42447362,95371885,125089405,67452,"Goji berries, dried",0.5,54103,tbsp,28.0,14.0,,4,
41681167,93385818,122216597,49561,"Milk, semi-skimmed, pasteurised, average",150.0,,,,,,1,
41681167,93385821,122216602,49935,"Pineapple juice, unsweetened",1.0,40790,individual cartoon,200.0,200.0,,2,
41681167,93388435,122220771,48315,"Breakfast cereal, bran flakes, fortified",1.0,37970,large portion,60.0,60.0,,3,
41681168,93385834,122216615,48928,"Dates, raw, flesh and skin",125.0,,,,,,1,
41681169,93385843,122216627,48571,"Chicken, breast, grilled without skin, meat only",1.0,38548,medium portion,130.0,130.0,,1,1
41681169,93385844,122216628,49516,"Mayonnaise, reduced fat",1.0,40101,heaped tablespoon,33.0,33.0,,2,1
41681169,93385848,122216643,48810,"Curry powder, mixed flavours",1.0,39105,level teaspoon,3.0,3.0,,3,1
41681169,93385852,122216652,48309,"Bread, wholemeal, average",2.0,37960,medium slice,36.0,72.0,,4,1
41681169,93385853,122216653,49448,"Lettuce, average, raw",1.0,40021,portion,20.0,20.0,,5,1
41681169,93385856,122216657,50786,"Yogurt, Greek style, plain",1.0,42230,large pot,150.0,150.0,,1,7
41681169,93385858,122216660,49969,"Plums, Victoria, flesh and skin, raw",2.0,40877,small unit,30.0,60.0,,2,7
41681169,93386113,122216977,49216,Honey,1.0,39759,heaped teaspoon,17.0,17.0,,3,7
41681170,93387890,122219824,48290,"Bread, malt, fruited",50.0,,,,,,1,
41681170,93387913,122219877,49004,"Fat spread, low fat (26-39%), not polyunsaturated, including dairy type",1.0,39416,thin spread,5.0,5.0,,2,
41681171,93386028,122216867,48112,"Beef, mince, raw, extra lean",125.0,,,,,,1,1
41681171,93386050,122216889,50059,"Pork, mince, raw",62.5,,,,,,2,1
41681171,93386054,122216894,49712,"Onions, raw",1.0,40461,small unit,60.0,60.0,,3,1
41681171,93386055,122216895,48992,"Eggs, chicken, yolk, raw",1.0,39408,unit,18.0,18.0,,4,1
41681171,93386056,122216896,50530,"Stock cubes, beef",1.0,41848,Oxo unit,6.0,6.0,,5,1
41681171,93386076,122216925,49641,"Mustard, smooth",1.0,40374,level teaspoon,8.0,8.0,,6,1
41681171,93386079,122216928,48490,"Cheese spread, plain, reduced fat",15.0,,,,,,7,1
41681171,93386081,122216938,48801,Cumin seeds,4.0,,,,,,8,1
41681171,93386090,122216949,47908,"Allspice, ground",2.0,,,,,,9,1
41681171,93386095,122216954,49678,"Oil, olive",1.0,40417,teaspoon,3.0,3.0,,10,1
41681171,93386101,122216960,50146,"Potatoes, old, mashed with reduced fat spread",1.0,41253,medium portion,175.0,175.0,,11,1
41681171,93386102,122216961,48800,"Cucumber, raw, flesh and skin",1.0,39095,1'' piece,60.0,60.0,,12,1
41681171,93386103,122216963,50731,Vinegar,1.0,42126,tablespoon,15.0,15.0,,13,1
41681171,93386105,122216965,48934,"Dill, fresh",3.0,39351,sprig,1.0,3.0,,14,1
41682341,93388800,122221287,50092,"Porridge oats, unfortified",45.0,,,,,,1,
41682341,93388802,122221290,49561,"Milk, semi-skimmed, pasteurised, average",150.0,,,,,,2,
41682341,93388805,122221294,48262,Blueberries,50.0,,,,,,3,
41682341,93388807,122221296,50221,"Raspberries, raw",1.0,41361,portion,60.0,60.0,,4,
41682341,93388812,122221302,50581,"Syrup, golden",5.0,,,,,,5,
41682342,93388830,122221328,49818,"Pate, meat, reduced fat",100.0,,,,,,1,
41682342,93389010,122221549,48788,"Crispbread, rye",3.0,39069,thin cracker,5.0,15.0,,2,
41682342,93389183,122221782,48800,"Cucumber, raw, flesh and skin",1.0,39096,portion,23.0,23.0,,3,
41682343,93388644,122221097,48028,"Beans, broad, whole, raw",120.0,,,,,,1,1
41682343,93388646,122221103,48029,"Beans, butter, canned, re-heated, drained",1.0,37397,portion,120.0,120.0,,2,1
41682343,93388692,122221153,48029,"Beans, butter, canned, re-heated, drained",1.0,37396,tablespoon,60.0,60.0,,3,1
41682343,93388694,122221155,50567,"Sweetcorn kernels, canned in water, drained",2.0,41897,tablespoon,30.0,60.0,,4,1
41682343,93388704,122221165,48801,Cumin seeds,6.0,,,,,,5,1
41682343,93388705,122221166,49759,Paprika,1.0,40516,teaspoon,3.0,3.0,,6,1
41682343,93388718,122221183,49876,"Peppers, capsicum, chilli, red, raw",1.0,40675,sliced ring,10.0,10.0,,7,1
41682343,93388721,122221188,48740,"Coriander leaves, fresh",5.0,,,,,,8,1
41682343,93388741,122221214,48936,"Dips, sour-cream based, reduced fat",1.0,39355,heaped tablespoon,33.0,33.0,,9,1
41682343,93389549,122222596,48571,"Chicken, breast, grilled without skin, meat only",1.0,38548,medium portion,130.0,130.0,,10,1
41682343,93388754,122221236,49837,"Pears, average, raw, flesh only",1.0,40607,medium comice unit,150.0,150.0,,1,7
41682345,93389386,122222105,49349,"Lamb, loin chops, roasted, lean",1.0,39948,large portion,150.0,150.0,,1,1
41682345,93389388,122222108,49584,Mint sauce,2.0,40285,portion,10.0,20.0,,2,1
41682345,93389389,122222109,50731,Vinegar,1.0,42126,tablespoon,15.0,15.0,,3,1
41682345,93389391,122222112,49101,"Garlic, raw",2.0,39621,unit,10.0,20.0,,4,1
41682345,93389393,122222114,50146,"Potatoes, old, mashed with reduced fat spread",1.0,41253,medium portion,175.0,175.0,,5,1
41682345,93389526,122222570,48388,"Cabbage, green, raw",95.0,,,,,,6,1
41682345,93389529,122222573,48436,"Carrots, young, boiled in unsalted water",1.0,38244,medium portion,60.0,60.0,,7,1
41682345,93389547,122222593,49140,"Gravy instant granules, made up with water",1.0,39669,medium portion,50.0,50.0,,8,1
41682345,93389632,122222699,49077,"Fromage frais, virtually fat free, fruit",1.0,39589,large pot,100.0,100.0,,1,7
41687396,93403421,122242069,48322,"Breakfast cereal, crunchy/crispy muesli type cereal, with nuts, unfortified",65.0,,,,,,1,
41687396,93403498,122242152,50789,"Yogurt, low fat, plain",1.0,42238,average pot,125.0,125.0,,2,
41687396,93403521,122242178,50216,Raisins,1.0,41358,tablespoon,30.0,30.0,,3,
41687396,93403593,122242279,50550,Sunflower seeds,1.0,41879,tablespoon,16.0,16.0,,4,
41687396,93403596,122242282,50193,Pumpkin seeds,20.0,,,,,,5,
41687396,93403617,122242326,47931,"Apricots, dried",20.0,,,,,,6,
41687396,93404505,122243531,49216,Honey,1.0,39759,heaped teaspoon,17.0,17.0,,7,
41687396,93404513,122243539,49131,"Grapefruit juice, unsweetened",1.0,39645,individual cartoon,200.0,200.0,,8,
41687398,93403836,122242623,48571,"Chicken, breast, grilled without skin, meat only",1.0,38548,medium portion,130.0,130.0,,1,1
41687398,93403837,122242627,49628,"Mushrooms, white, fried in rapeseed oil",100.0,,,,,,2,1
41687398,93403842,122242632,50531,"Stock cubes, chicken",1.0,41850,Oxo unit,6.0,6.0,,3,1
41687398,93403894,122242731,49589,"Mixed herbs, dried",1.0,40292,teaspoon,1.0,1.0,,4,1
41687398,93403897,122242734,48277,"Bread rolls, brown, crusty",2.0,37886,unit,48.0,96.0,,5,1
41687398,93404519,122243545,49004,"Fat spread, low fat (26-39%), not polyunsaturated, including dairy type",2.0,39416,thin spread,5.0,10.0,,6,1
41687399,93404426,122243405,48475,"Cereal bars, with fruit and/or nuts, no chocolate, unfortified",1.0,38322,unit,30.0,30.0,,1,
41687400,93403954,122242838,48687,"Cod, flesh only, baked",1.0,38813,large fillet,175.0,175.0,,1,1
41687400,93404180,122243114,50137,"Potatoes, new and salad, boiled in unsalted water, flesh and skin",1.0,41219,medium portion,175.0,175.0,,2,1
41687400,93404182,122243116,50512,"Spring onions, bulbs only, raw",20.0,,,,,,3,1
41687400,93404184,122243118,50440,"Shallots, raw",1.0,41649,unit,10.0,10.0,,4,1
41687400,93404186,122243120,49516,"Mayonnaise, reduced fat",1.0,40101,heaped tablespoon,33.0,33.0,,5,1
41687400,93404283,122243217,48038,"Beans, green, boiled in unsalted water",1.0,37408,large portion,120.0,120.0,,6,1
41687400,93404284,122243218,47949,"Asparagus, boiled in unsalted water",1.0,37279,portion,125.0,125.0,,7,1
41687400,93404407,122243380,49432,"Lemons, flesh only, raw, weighed with peel and pips",50.0,,,,,,8,1
41687400,93404432,122243411,49599,"Mousse, chocolate, low fat",1.0,40299,portion,60.0,60.0,,1,7
42479176,95456902,125197542,7133,"Bread, whole-wheat, commercially prepared",60.0,,,,,,1,
42479176,95456908,125197549,50680,Turkey slices,1.0,42045,portion,23.0,23.0,,2,
42479176,95456911,125197552,47958,"Avocado, average, flesh only",30.0,,,,,,3,
42479176,95456916,125197557,4059,"Apples, raw, gala, with skin",1.0,7998,small unit,157.0,157.0,,4,
42479177,95456987,125197630,3968,"Plums, dried (prunes), uncooked",3.0,7822,"unit, pitted",9.5,28.5,,1,
42479177,95456990,125197633,5226,"Nuts, almonds",10.0,10150,unit,1.2,12.0,,2,
42479179,95869609,125756995,1633,"Milk, reduced fat, fluid, 2% milkfat, protein fortified, with added vitamin A and vitamin D",250.0,,,,,,1,
42479179,95457664,125198400,47997,"Bananas, flesh only",1.0,37368,large unit,120.0,120.0,,2,
42479180,95457694,125198437,50654,"Tortilla, wheat, soft",1.0,42027,unit,40.0,40.0,,1,1
42479180,95457763,125198508,4587,"Mushrooms, portabella, grilled",60.0,,,,,,2,1
42479180,95457765,125198510,6407,"Hummus, home prepared",1.0,12431,tablespoon,15.0,15.0,,3,1
42479180,95457767,125198512,49868,"Pepper, capsicum, red, raw",160.0,,,,,,4,1
42479180,95457769,125198514,50637,"Tomatoes, cherry, raw",1.0,41995,salad portion,34.0,34.0,,5,1
42479602,95457852,125198600,7133,"Bread, whole-wheat, commercially prepared",1.0,13672,slice,32.0,32.0,,1,
42479602,95457848,125198596,1677,"Egg, whole, cooked, hard-boiled",2.0,3618,large unit,50.0,100.0,,2,
42479602,95457849,125198597,47958,"Avocado, average, flesh only",30.0,,,,,,3,
42479602,95457854,125198602,47997,"Bananas, flesh only",1.0,37366,small unit,80.0,80.0,,4,
42479603,95457958,125198759,50789,"Yogurt, low fat, plain",200.0,,,,,,1,
42479603,95457962,125198763,5202,"Seeds, chia seeds, dried",15.0,,,,,,2,
42479603,95457964,125198765,49216,Honey,15.0,,,,,,3,
42479603,95457968,125198770,67452,"Goji berries, dried",0.5,54103,tbsp,28.0,14.0,,4,
42479605,95458009,125198815,7133,"Bread, whole-wheat, commercially prepared",1.0,13672,slice,32.0,32.0,,1,
42479605,95458013,125198820,3774,"Blueberries, raw",1.0,7443,cup,148.0,148.0,,2,
42479605,95458014,125198821,48438,"Carrots, young, raw",100.0,,,,,,3,
42479848,95458920,125199865,3499,"Cereals, QUAKER, Oat Bran, QUAKER/MOTHER'S Oat Bran, dry",40.0,,,,,,1,
42479848,95459000,125199946,49829,"Peanut butter, smooth",10.0,,,,,,2,
42479848,95458995,125199941,49216,Honey,15.0,,,,,,3,
42479848,95458996,125199942,47997,"Bananas, flesh only",1.0,37368,large unit,120.0,120.0,,4,
42479849,95459051,125199997,7239,"Crackers, crispbread, rye",2.0,13942,unit,10.0,20.0,,1,
42479849,95459099,125200054,4059,"Apples, raw, gala, with skin",1.0,7995,"cup, sliced",109.0,109.0,,2,
42479849,95459230,125200186,49829,"Peanut butter, smooth",10.0,,,,,,3,
42479849,95459231,125200187,48669,"Cinnamon, ground",1.0,38790,teaspoon,3.0,3.0,,4,
42479851,95459378,125200350,50789,"Yogurt, low fat, plain",200.0,,,,,,1,
42479851,95459379,125200351,49216,Honey,15.0,,,,,,2,
42479639,95458079,125198899,7133,"Bread, whole-wheat, commercially prepared",2.0,13672,slice,32.0,64.0,,1,
42479639,95458084,125198904,50680,Turkey slices,2.0,42045,portion,23.0,46.0,,2,
42479639,95458082,125198902,47958,"Avocado, average, flesh only",30.0,,,,,,3,
42479639,95597185,125380383,1633,"Milk, reduced fat, fluid, 2% milkfat, protein fortified, with added vitamin A and vitamin D",1.0,3497,cup,246.0,246.0,,4,
42479639,95458086,125198907,47997,"Bananas, flesh only",1.0,37368,large unit,120.0,120.0,,5,
42479640,95615526,125407976,7239,"Crackers, crispbread, rye",2.0,13942,unit,10.0,20.0,,1,
42479640,95458109,125198930,6419,"Hummus, commercial",2.0,12447,tbsp,15.0,30.0,,2,
42479640,95458115,125198937,50637,"Tomatoes, cherry, raw",15.0,41994,unit,15.0,225.0,,3,
42479642,95458453,125199344,50789,"Yogurt, low fat, plain",200.0,,,,,,1,
42479642,95458455,125199347,49216,Honey,15.0,,,,,,2,
42479642,95458629,125199522,5202,"Seeds, chia seeds, dried",5.0,,,,,,3,
42479642,95458628,125199520,4059,"Apples, raw, gala, with skin",1.0,7995,"cup, sliced",109.0,109.0,,4,
42650418,95907767,125811430,208222,Pão de centeio,120.0,,,,,,1,
42650418,95907921,125811608,208522,Queijo fresco de ovelha,80.0,,,,,,2,
42650418,95907938,125811636,208440,Iogurte aromatizado açucarado líquido meio gordo,160.0,,,,,,3,
42650418,95907945,125811647,208301,Laranja,120.0,,,,,,4,
42650419,95912959,125819173,208361,"Amendoim, miolo",30.0,,,,,,1,
42650420,95912979,125819199,208586,Bacalhau fresco cozido,100.0,,,,,,1,1
42650420,95912982,125819203,208398,Grão-de-bico cru,30.0,,,,,,2,1
42650420,95913008,125819240,209082,Batata cozida,300.0,,,,,,3,1
42650420,95913124,125819423,208995,Brócolos cozidos,90.0,,,,,,4,1
42650420,95913189,125819503,208533,Azeite,10.0,,,,,,5,1
42650421,95913199,125819528,208222,Pão de centeio,120.0,,,,,,1,
42650421,95913201,125819533,207992,"Fiambre, peito de peru",30.0,,,,,,2,
42650421,95913236,125819593,208518,Queijo flamengo,40.0,,,,,,3,
42650421,95913323,125819730,208446,"Iogurte meio gordo, aromatizado, açucarado",160.0,,,,,,4,
42650422,95913582,125820212,207939,"Bife de vaca (acém, alcatra ou lombo) grelhado",120.0,,,,,,1,1
42650422,95913659,125820403,208184,Esparguete cozido,250.0,,,,,,2,1
42650422,95914057,125820974,209015,Couve-flor cozida,120.0,,,,,,3,1
42920089,96614427,126754648,208229,Pão de trigo,80.0,,,,,,1,
42920089,96614432,126754653,208518,Queijo flamengo,40.0,,,,,,2,
42920089,96614565,126754786,207992,"Fiambre, peito de peru",30.0,,,,,,3,
42920089,96614575,126754809,208204,Flocos de trigo,50.0,,,,,,4,
42920089,96614615,126755010,208475,Leite de vaca UHT magro,200.0,,,,,,5,
42920089,96614644,126755078,209048,Melão,50.0,,,,,,6,
42920089,96614847,126755568,209101,Sumo de laranja (100%),200.0,,,,,,7,
42920091,96615743,126756844,208931,Sopa de cenoura,200.0,,,,,,1,3
42920091,96615937,126757092,208882,Peito de peru com pele estufado com margarina,100.0,,,,,,1,1
42920091,96616081,126757325,208152,Arroz cozido simples,200.0,,,,,,2,1
42920091,96616529,126757927,208916,Salada de alface e tomate,100.0,,,,,,3,1
42920091,96616532,126757930,208533,Azeite,10.0,,,,,,4,1
42920091,96616566,126757966,207865,Gelatina preparada com ananás em conserva,100.0,,,,,,1,7
42920092,96616697,126758181,208229,Pão de trigo,80.0,,,,,,1,
42920092,96616700,126758186,208570,Ovo de galinha inteiro cru,55.0,,,,,,2,
42920092,96616706,126758196,207992,"Fiambre, peito de peru",30.0,,,,,,3,
42920092,96616733,126758255,208444,Iogurte natural sólido magro,120.0,,,,,,4,
42920093,96616763,126758302,208935,Sopa de ervilhas,200.0,,,,,,1,3
42920093,96616896,126758439,208680,Pescada europeia cozida,100.0,,,,,,1,1
42920093,96617055,126758698,209027,Couve roxa crua,20.0,,,,,,2,1
42920093,96617057,126758701,208994,Beterraba (raiz) crua,20.0,,,,,,3,1
42920093,96617061,126758705,209084,Batata doce assada,150.0,,,,,,4,1
42920093,96617067,126758711,208533,Azeite,10.0,,,,,,5,1
42920094,96617070,126758714,208361,"Amendoim, miolo",30.0,,,,,,1,
