meal_plan_id,meal_plan_version_id,meal_id,lower_time,meal_type_id,created_at
1100799,2316811,14988393,2015-01-01 07:00:00 UTC,0,2020-02-27T19:28:10Z
1100799,2316811,14988395,2015-01-01 12:00:00 UTC,5,2020-02-27T19:28:10Z
1100799,2316811,14988396,2015-01-01 16:00:00 UTC,6,2020-02-27T19:28:10Z
1100799,2316811,14988397,2015-01-01 19:00:00 UTC,11,2020-02-27T19:28:10Z
1100646,2316501,14986494,2015-01-01 10:00:00 UTC,3,2020-02-27T18:41:27Z
1100646,2316501,14986495,2015-01-01 12:00:00 UTC,5,2020-02-27T18:41:27Z
1100646,2316501,14986497,2015-01-01 19:00:00 UTC,11,2020-02-27T18:41:27Z
1100810,2316833,14988533,2015-01-01 07:00:00 UTC,0,2020-02-27T19:33:08Z
1100810,2316833,14988535,2015-01-01 12:00:00 UTC,5,2020-02-27T19:33:08Z
1100810,2316833,14988537,2015-01-01 19:00:00 UTC,11,2020-02-27T19:33:08Z
1098967,2312941,14964869,2015-01-01 07:00:00 UTC,0,2020-02-27T08:49:07Z
1098967,2312941,14964870,2015-01-01 10:00:00 UTC,3,2020-02-27T08:49:07Z
1098967,2312941,14964872,2015-01-01 16:00:00 UTC,6,2020-02-27T08:49:07Z
1098957,2312904,14964678,2015-01-01 16:00:00 UTC,6,2020-02-27T08:34:20Z
1098957,2312904,14964679,2015-01-01 19:00:00 UTC,11,2020-02-27T08:34:20Z
1101039,2317282,14991376,2015-01-01 07:00:00 UTC,0,2020-02-27T20:58:39Z
1101039,2317282,14991377,2015-01-01 10:00:00 UTC,3,2020-02-27T20:58:39Z
1101039,2317282,14991377,2015-01-01 10:00:00 UTC,3,2020-02-27T20:58:39Z
1101039,2317282,14991378,2015-01-01 12:00:00 UTC,5,2020-02-27T20:58:39Z
1101039,2317282,14991378,2015-01-01 12:00:00 UTC,5,2020-02-27T20:58:39Z
1101039,2317282,14991380,2015-01-01 19:00:00 UTC,11,2020-02-27T20:58:39Z
1101002,2317189,14990814,2015-01-01 07:00:00 UTC,0,2020-02-27T20:43:46Z
1101002,2317189,14990815,2015-01-01 10:00:00 UTC,3,2020-02-27T20:43:46Z
1101002,2317189,14990816,2015-01-01 12:00:00 UTC,5,2020-02-27T20:43:46Z
1101002,2317189,14990817,2015-01-01 16:00:00 UTC,6,2020-02-27T20:43:46Z
1101002,2317189,14990817,2015-01-01 16:00:00 UTC,6,2020-02-27T20:43:46Z
1101002,2317189,14990818,2015-01-01 19:00:00 UTC,11,2020-02-27T20:43:46Z
1101002,2317189,14990819,2015-01-01 22:00:00 UTC,12,2020-02-27T20:43:46Z
1100748,2316730,14987879,2015-01-01 07:00:00 UTC,0,2020-02-27T19:11:03Z
1100748,2316730,14987881,2015-01-01 12:00:00 UTC,5,2020-02-27T19:11:03Z
1100748,2316730,14987883,2015-01-01 19:00:00 UTC,11,2020-02-27T19:11:03Z
2292244,6804460,42592155,2015-01-01 07:00:00 UTC,0,2021-08-31T13:16:13Z
2292244,6804460,42592156,2015-01-01 10:00:00 UTC,3,2021-08-31T13:16:13Z
2292244,6804460,42592158,2015-01-01 16:00:00 UTC,6,2021-08-31T13:16:13Z
2292244,6804460,42592160,2015-01-01 22:00:00 UTC,12,2021-08-31T13:16:13Z
1100954,2317101,14990236,2015-01-01 07:00:00 UTC,0,2020-02-27T20:20:05Z
1100954,2317101,14990238,2015-01-01 12:00:00 UTC,5,2020-02-27T20:20:05Z
1100954,2317101,14990240,2015-01-01 19:00:00 UTC,11,2020-02-27T20:20:05Z
1100758,2316740,14987943,2015-01-01 07:00:00 UTC,0,2020-02-27T19:14:13Z
1100758,2316740,14987944,2015-01-01 10:00:00 UTC,3,2020-02-27T19:14:13Z
1100758,2316740,14987945,2015-01-01 12:00:00 UTC,5,2020-02-27T19:14:13Z
1100758,2316740,14987946,2015-01-01 16:00:00 UTC,6,2020-02-27T19:14:13Z
1100758,2316740,14987947,2015-01-01 19:00:00 UTC,11,2020-02-27T19:14:13Z
1100894,2316983,14989489,2015-01-01 07:00:00 UTC,0,2020-02-27T20:00:30Z
1100894,2316983,14989490,2015-01-01 10:00:00 UTC,3,2020-02-27T20:00:30Z
1100894,2316983,14989491,2015-01-01 12:00:00 UTC,5,2020-02-27T20:00:30Z
1100894,2316983,14989492,2015-01-01 16:00:00 UTC,6,2020-02-27T20:00:30Z
1100972,2317142,14990505,2015-01-01 07:00:00 UTC,0,2020-02-27T20:27:49Z
1100972,2317142,14990506,2015-01-01 10:00:00 UTC,3,2020-02-27T20:27:49Z
1100972,2317142,14990507,2015-01-01 12:00:00 UTC,5,2020-02-27T20:27:49Z
1100972,2317142,14990508,2015-01-01 16:00:00 UTC,6,2020-02-27T20:27:49Z
1100972,2317142,14990509,2015-01-01 19:00:00 UTC,11,2020-02-27T20:27:49Z
1100972,2317142,14990510,2015-01-01 22:00:00 UTC,12,2020-02-27T20:27:49Z
1100972,2317142,14990510,2015-01-01 22:00:00 UTC,12,2020-02-27T20:27:49Z
1100787,2316797,14988302,2015-01-01 10:00:00 UTC,3,2020-02-27T19:23:48Z
1100787,2316797,14988303,2015-01-01 12:00:00 UTC,5,2020-02-27T19:23:48Z
1100787,2316797,14988304,2015-01-01 16:00:00 UTC,6,2020-02-27T19:23:48Z
1100787,2316797,14988305,2015-01-01 19:00:00 UTC,11,2020-02-27T19:23:48Z
1100989,2317176,14990721,2015-01-01 07:00:00 UTC,0,2020-02-27T20:37:26Z
1100989,2317176,14990722,2015-01-01 10:00:00 UTC,3,2020-02-27T20:37:26Z
1100989,2317176,14990723,2015-01-01 12:00:00 UTC,5,2020-02-27T20:37:26Z
1100989,2317176,14990724,2015-01-01 16:00:00 UTC,6,2020-02-27T20:37:26Z
1100989,2317176,14990725,2015-01-01 19:00:00 UTC,11,2020-02-27T20:37:26Z
1100999,2317186,14990796,2015-01-01 16:00:00 UTC,6,2020-02-27T20:43:05Z
1100999,2317186,14990797,2015-01-01 19:00:00 UTC,11,2020-02-27T20:43:05Z
1101058,2317302,14991504,2015-01-01 07:00:00 UTC,0,2020-02-27T21:10:26Z
1101058,2317302,14991504,2015-01-01 07:00:00 UTC,0,2020-02-27T21:10:26Z
1101058,2317302,14991504,2015-01-01 07:00:00 UTC,0,2020-02-27T21:10:26Z
1101058,2317302,14991504,2015-01-01 07:00:00 UTC,0,2020-02-27T21:10:26Z
1101058,2317302,14991505,2015-01-01 10:00:00 UTC,3,2020-02-27T21:10:26Z
1101058,2317302,14991506,2015-01-01 12:00:00 UTC,5,2020-02-27T21:10:26Z
1101058,2317302,14991506,2015-01-01 12:00:00 UTC,5,2020-02-27T21:10:26Z
1101058,2317302,14991506,2015-01-01 12:00:00 UTC,5,2020-02-27T21:10:26Z
1101058,2317302,14991506,2015-01-01 12:00:00 UTC,5,2020-02-27T21:10:26Z
1101058,2317302,14991508,2015-01-01 19:00:00 UTC,11,2020-02-27T21:10:26Z
1101595,2319730,15007859,2015-01-01 07:00:00 UTC,0,2020-02-28T09:09:08Z
1101595,2319730,15007859,2015-01-01 07:00:00 UTC,0,2020-02-28T09:09:08Z
1101595,2319730,15007859,2015-01-01 07:00:00 UTC,0,2020-02-28T09:09:08Z
1101595,2319730,15007859,2015-01-01 07:00:00 UTC,0,2020-02-28T09:09:08Z
1101595,2319730,15007860,2015-01-01 10:00:00 UTC,3,2020-02-28T09:09:08Z
1101595,2319730,15007861,2015-01-01 12:00:00 UTC,5,2020-02-28T09:09:08Z
1101595,2319730,15007863,2015-01-01 19:00:00 UTC,11,2020-02-28T09:09:08Z
1101677,2319949,15009125,2015-01-01 07:00:00 UTC,0,2020-02-28T10:05:22Z
1101677,2319949,15009125,2015-01-01 07:00:00 UTC,0,2020-02-28T10:05:22Z
1101677,2319949,15009127,2015-01-01 12:00:00 UTC,5,2020-02-28T10:05:22Z
1101677,2319949,15009127,2015-01-01 12:00:00 UTC,5,2020-02-28T10:05:22Z
1101677,2319949,15009129,2015-01-01 19:00:00 UTC,11,2020-02-28T10:05:22Z
1101677,2319949,15009129,2015-01-01 19:00:00 UTC,11,2020-02-28T10:05:22Z
1101616,2319798,15008242,2015-01-01 07:00:00 UTC,0,2020-02-28T09:23:57Z
1101616,2319798,15008243,2015-01-01 10:00:00 UTC,3,2020-02-28T09:23:57Z
1101616,2319798,15008244,2015-01-01 12:00:00 UTC,5,2020-02-28T09:23:57Z
1101616,2319798,15008245,2015-01-01 16:00:00 UTC,6,2020-02-28T09:23:57Z
1101616,2319798,15008246,2015-01-01 19:00:00 UTC,11,2020-02-28T09:23:57Z
1101663,2319914,15008918,2015-01-01 07:00:00 UTC,0,2020-02-28T09:55:52Z
1101663,2319914,15008918,2015-01-01 07:00:00 UTC,0,2020-02-28T09:55:52Z
1101663,2319914,15008918,2015-01-01 07:00:00 UTC,0,2020-02-28T09:55:52Z
1101663,2319914,15008918,2015-01-01 07:00:00 UTC,0,2020-02-28T09:55:52Z
1101663,2319914,15008918,2015-01-01 07:00:00 UTC,0,2020-02-28T09:55:52Z
1101663,2319914,15008918,2015-01-01 07:00:00 UTC,0,2020-02-28T09:55:52Z
1101663,2319914,15008918,2015-01-01 07:00:00 UTC,0,2020-02-28T09:55:52Z
1101663,2319914,15008918,2015-01-01 07:00:00 UTC,0,2020-02-28T09:55:52Z
1101663,2319914,15008919,2015-01-01 10:00:00 UTC,3,2020-02-28T09:55:52Z
1101663,2319914,15008920,2015-01-01 12:00:00 UTC,5,2020-02-28T09:55:52Z
1101663,2319914,15008920,2015-01-01 12:00:00 UTC,5,2020-02-28T09:55:52Z
1101663,2319914,15008922,2015-01-01 19:00:00 UTC,11,2020-02-28T09:55:52Z
1101663,2319914,15008922,2015-01-01 19:00:00 UTC,11,2020-02-28T09:55:52Z
1101781,2320150,15010331,2015-01-01 07:00:00 UTC,0,2020-02-28T10:36:55Z
1101781,2320150,15010331,2015-01-01 07:00:00 UTC,0,2020-02-28T10:36:55Z
1101781,2320150,15010332,2015-01-01 10:00:00 UTC,3,2020-02-28T10:36:55Z
1101781,2320150,15010332,2015-01-01 10:00:00 UTC,3,2020-02-28T10:36:55Z
1101781,2320150,15010333,2015-01-01 12:00:00 UTC,5,2020-02-28T10:36:55Z
1101781,2320150,15010333,2015-01-01 12:00:00 UTC,5,2020-02-28T10:36:55Z
1101781,2320150,15010333,2015-01-01 12:00:00 UTC,5,2020-02-28T10:36:55Z
1101781,2320150,15010333,2015-01-01 12:00:00 UTC,5,2020-02-28T10:36:55Z
1101781,2320150,15010335,2015-01-01 19:00:00 UTC,11,2020-02-28T10:36:55Z
1101781,2320150,15010335,2015-01-01 19:00:00 UTC,11,2020-02-28T10:36:55Z
1101781,2320150,15010335,2015-01-01 19:00:00 UTC,11,2020-02-28T10:36:55Z
1101781,2320150,15010335,2015-01-01 19:00:00 UTC,11,2020-02-28T10:36:55Z
1102101,2320696,15013637,2015-01-01 07:00:00 UTC,0,2020-02-28T11:27:33Z
1102101,2320696,15013638,2015-01-01 10:00:00 UTC,3,2020-02-28T11:27:33Z
1102101,2320696,15013639,2015-01-01 12:00:00 UTC,5,2020-02-28T11:27:33Z
1102101,2320696,15013640,2015-01-01 16:00:00 UTC,6,2020-02-28T11:27:33Z
1102101,2320696,15013641,2015-01-01 19:00:00 UTC,11,2020-02-28T11:27:33Z
1101702,2320021,15009555,2015-01-01 07:00:00 UTC,0,2020-02-28T10:19:03Z
1101702,2320021,15009556,2015-01-01 10:00:00 UTC,3,2020-02-28T10:19:03Z
1101702,2320021,15009557,2015-01-01 12:00:00 UTC,5,2020-02-28T10:19:03Z
1101702,2320021,15009558,2015-01-01 16:00:00 UTC,6,2020-02-28T10:19:03Z
1101702,2320021,15009559,2015-01-01 19:00:00 UTC,11,2020-02-28T10:19:03Z
1102047,2320592,15012985,2015-01-01 07:00:00 UTC,0,2020-02-28T11:12:37Z
1102047,2320592,15012985,2015-01-01 07:00:00 UTC,0,2020-02-28T11:12:37Z
1102047,2320592,15012986,2015-01-01 10:00:00 UTC,3,2020-02-28T11:12:37Z
1102047,2320592,15012987,2015-01-01 12:00:00 UTC,5,2020-02-28T11:12:37Z
1102047,2320592,15012987,2015-01-01 12:00:00 UTC,5,2020-02-28T11:12:37Z
1102047,2320592,15012987,2015-01-01 12:00:00 UTC,5,2020-02-28T11:12:37Z
1102047,2320592,15012987,2015-01-01 12:00:00 UTC,5,2020-02-28T11:12:37Z
1102047,2320592,15012988,2015-01-01 16:00:00 UTC,6,2020-02-28T11:12:37Z
1102047,2320592,15012989,2015-01-01 19:00:00 UTC,11,2020-02-28T11:12:37Z
1102047,2320592,15012989,2015-01-01 19:00:00 UTC,11,2020-02-28T11:12:37Z
1102047,2320592,15012989,2015-01-01 19:00:00 UTC,11,2020-02-28T11:12:37Z
1102047,2320592,15012989,2015-01-01 19:00:00 UTC,11,2020-02-28T11:12:37Z
1102264,2320976,15015325,2015-01-01 07:00:00 UTC,0,2020-02-28T12:11:09Z
1102264,2320976,15015326,2015-01-01 10:00:00 UTC,3,2020-02-28T12:11:09Z
1102264,2320976,15015327,2015-01-01 12:00:00 UTC,5,2020-02-28T12:11:09Z
1102264,2320976,15015328,2015-01-01 16:00:00 UTC,6,2020-02-28T12:11:09Z
1102264,2320976,15015329,2015-01-01 19:00:00 UTC,11,2020-02-28T12:11:09Z
1102152,2320775,15014125,2015-01-01 07:00:00 UTC,0,2020-02-28T11:39:56Z
1102152,2320775,15014126,2015-01-01 10:00:00 UTC,3,2020-02-28T11:39:56Z
1102152,2320775,15014127,2015-01-01 12:00:00 UTC,5,2020-02-28T11:39:56Z
1102152,2320775,15014128,2015-01-01 16:00:00 UTC,6,2020-02-28T11:39:56Z
1102152,2320775,15014129,2015-01-01 19:00:00 UTC,11,2020-02-28T11:39:56Z
1102227,2320930,15015046,2015-01-01 07:00:00 UTC,0,2020-02-28T11:56:53Z
1102227,2320930,15015047,2015-01-01 10:00:00 UTC,3,2020-02-28T11:56:53Z
1102227,2320930,15015048,2015-01-01 12:00:00 UTC,5,2020-02-28T11:56:53Z
1102227,2320930,15015049,2015-01-01 16:00:00 UTC,6,2020-02-28T11:56:53Z
1102227,2320930,15015050,2015-01-01 19:00:00 UTC,11,2020-02-28T11:56:53Z
1102781,2322041,15021858,2015-01-01 07:00:00 UTC,0,2020-02-28T14:58:40Z
1102781,2322041,15021859,2015-01-01 10:00:00 UTC,3,2020-02-28T14:58:40Z
1102781,2322041,15021861,2015-01-01 16:00:00 UTC,6,2020-02-28T14:58:40Z
1156249,2510777,16215645,2015-01-01 07:00:00 UTC,0,2020-04-06T08:56:26Z
1156249,2510777,16215646,2015-01-01 10:00:00 UTC,3,2020-04-06T08:56:26Z
1156249,2510777,16215647,2015-01-01 12:00:00 UTC,5,2020-04-06T08:56:26Z
1156249,2510777,16215647,2015-01-01 12:00:00 UTC,5,2020-04-06T08:56:26Z
1156249,2510777,16215648,2015-01-01 16:00:00 UTC,6,2020-04-06T08:56:26Z
1156249,2510777,16215648,2015-01-01 16:00:00 UTC,6,2020-04-06T08:56:26Z
1156249,2510777,16215649,2015-01-01 19:00:00 UTC,11,2020-04-06T08:56:26Z
1156249,2510777,16215649,2015-01-01 19:00:00 UTC,11,2020-04-06T08:56:26Z
1033987,2157307,13981392,2015-01-01 07:00:00 UTC,0,2020-02-04T10:49:20Z
1033987,2157307,13981393,2015-01-01 10:00:00 UTC,3,2020-02-04T10:49:20Z
1033987,2157307,13981394,2015-01-01 12:00:00 UTC,5,2020-02-04T10:49:20Z
1033987,2157307,13981394,2015-01-01 12:00:00 UTC,5,2020-02-04T10:49:20Z
1033987,2157307,13981395,2015-01-01 16:00:00 UTC,6,2020-02-04T10:49:20Z
1033987,2157307,13981396,2015-01-01 19:00:00 UTC,11,2020-02-04T10:49:20Z
1033987,2157307,13981396,2015-01-01 19:00:00 UTC,11,2020-02-04T10:49:20Z
1033987,2157307,13981396,2015-01-01 19:00:00 UTC,11,2020-02-04T10:49:20Z
1155256,2506560,16188536,2015-01-01 07:00:00 UTC,0,2020-04-04T20:38:31Z
1155256,2506560,16188538,2015-01-01 12:00:00 UTC,5,2020-04-04T20:38:31Z
1155256,2506560,16188540,2015-01-01 19:00:00 UTC,11,2020-04-04T20:38:31Z
1053303,2212649,14333737,2015-01-01 07:00:00 UTC,0,2020-02-13T09:17:42Z
1053303,2212649,14333737,2015-01-01 07:00:00 UTC,0,2020-02-13T09:17:42Z
1053303,2212649,14333737,2015-01-01 07:00:00 UTC,0,2020-02-13T09:17:42Z
1053303,2212649,14333737,2015-01-01 07:00:00 UTC,0,2020-02-13T09:17:42Z
1053303,2212649,14333738,2015-01-01 11:00:00 UTC,3,2020-02-13T09:17:42Z
1053303,2212649,14333739,2015-01-01 12:00:00 UTC,5,2020-02-13T09:17:42Z
1053303,2212649,14333739,2015-01-01 12:00:00 UTC,5,2020-02-13T09:17:42Z
1053303,2212649,14333740,2015-01-01 16:00:00 UTC,6,2020-02-13T09:17:42Z
1053303,2212649,14333741,2015-01-01 19:00:00 UTC,11,2020-02-13T09:17:42Z
1053303,2212649,14333741,2015-01-01 19:00:00 UTC,11,2020-02-13T09:17:42Z
1053303,2212649,14333741,2015-01-01 19:00:00 UTC,11,2020-02-13T09:17:42Z
1053303,2212649,14333741,2015-01-01 19:00:00 UTC,11,2020-02-13T09:17:42Z
1155293,2506635,16189005,2015-01-01 11:30:00 UTC,3,2020-04-04T21:36:41Z
1155293,2506635,16189006,2015-01-01 13:00:00 UTC,5,2020-04-04T21:36:41Z
1155293,2506635,16189006,2015-01-01 13:00:00 UTC,5,2020-04-04T21:36:41Z
1155293,2506635,16189006,2015-01-01 13:00:00 UTC,5,2020-04-04T21:36:41Z
1155293,2506635,16189006,2015-01-01 13:00:00 UTC,5,2020-04-04T21:36:41Z
1155293,2506635,16189006,2015-01-01 13:00:00 UTC,5,2020-04-04T21:36:41Z
1155293,2506635,16189006,2015-01-01 13:00:00 UTC,5,2020-04-04T21:36:41Z
1155293,2506635,16189007,2015-01-01 16:30:00 UTC,6,2020-04-04T21:36:41Z
1155293,2506635,16189101,2015-01-01 18:30:00 UTC,6,2020-04-04T21:50:44Z
1155293,2506635,16189008,2015-01-01 20:00:00 UTC,11,2020-04-04T21:36:41Z
1155293,2506635,16189008,2015-01-01 20:00:00 UTC,11,2020-04-04T21:36:41Z
1079002,2249073,14556642,2015-01-01 07:00:00 UTC,0,2020-02-16T21:42:49Z
1079002,2249073,14556643,2015-01-01 10:00:00 UTC,3,2020-02-16T21:42:49Z
1079002,2249073,14556644,2015-01-01 12:00:00 UTC,5,2020-02-16T21:42:49Z
1079002,2249073,14556645,2015-01-01 16:00:00 UTC,6,2020-02-16T21:42:49Z
1079002,2249073,14556647,2015-01-01 22:00:00 UTC,12,2020-02-16T21:42:49Z
1156629,2512478,16226122,2015-01-01 07:00:00 UTC,0,2020-04-06T15:58:06Z
1156629,2512478,16226122,2015-01-01 07:00:00 UTC,0,2020-04-06T15:58:06Z
1156629,2512478,16226123,2015-01-01 10:00:00 UTC,3,2020-04-06T15:58:06Z
1156629,2512478,16226123,2015-01-01 10:00:00 UTC,3,2020-04-06T15:58:06Z
1156629,2512478,16226124,2015-01-01 12:00:00 UTC,5,2020-04-06T15:58:06Z
1156629,2512478,16226124,2015-01-01 12:00:00 UTC,5,2020-04-06T15:58:06Z
1156629,2512478,16226124,2015-01-01 12:00:00 UTC,5,2020-04-06T15:58:06Z
1156629,2512478,16226126,2015-01-01 19:00:00 UTC,11,2020-04-06T15:58:06Z
1156629,2512478,16226126,2015-01-01 19:00:00 UTC,11,2020-04-06T15:58:06Z
1155258,2506562,16188550,2015-01-01 13:00:00 UTC,5,2020-04-04T20:38:36Z
1155258,2506562,16188550,2015-01-01 13:00:00 UTC,5,2020-04-04T20:38:36Z
1155258,2506562,16188550,2015-01-01 13:00:00 UTC,5,2020-04-04T20:38:36Z
1155258,2506562,16188550,2015-01-01 13:00:00 UTC,5,2020-04-04T20:38:36Z
1155258,2506562,16188550,2015-01-01 13:00:00 UTC,5,2020-04-04T20:38:36Z
1155258,2506562,16188550,2015-01-01 13:00:00 UTC,5,2020-04-04T20:38:36Z
1155258,2506562,16188552,2015-01-01 20:00:00 UTC,11,2020-04-04T20:38:36Z
1155258,2506562,16188552,2015-01-01 20:00:00 UTC,11,2020-04-04T20:38:36Z
1155258,2506562,16188552,2015-01-01 20:00:00 UTC,11,2020-04-04T20:38:36Z
1155258,2506562,16188552,2015-01-01 20:00:00 UTC,11,2020-04-04T20:38:36Z
1155258,2506562,16188552,2015-01-01 20:00:00 UTC,11,2020-04-04T20:38:36Z
1155258,2506562,16188552,2015-01-01 20:00:00 UTC,11,2020-04-04T20:38:36Z
1155258,2506562,16188553,2015-01-01 22:00:00 UTC,12,2020-04-04T20:38:36Z
1155284,2506622,16188933,2015-01-01 10:00:00 UTC,3,2020-04-04T21:25:11Z
1155284,2506622,16188934,2015-01-01 13:00:00 UTC,5,2020-04-04T21:25:11Z
1155284,2506622,16188934,2015-01-01 13:00:00 UTC,5,2020-04-04T21:25:11Z
1155284,2506622,16188934,2015-01-01 13:00:00 UTC,5,2020-04-04T21:25:11Z
1155284,2506622,16188934,2015-01-01 13:00:00 UTC,5,2020-04-04T21:25:11Z
1155284,2506622,16188934,2015-01-01 13:00:00 UTC,5,2020-04-04T21:25:11Z
1155284,2506622,16188934,2015-01-01 13:00:00 UTC,5,2020-04-04T21:25:11Z
1155284,2506622,16188936,2015-01-01 20:30:00 UTC,11,2020-04-04T21:25:11Z
1155284,2506622,16188936,2015-01-01 20:30:00 UTC,11,2020-04-04T21:25:11Z
1155284,2506622,16188936,2015-01-01 20:30:00 UTC,11,2020-04-04T21:25:11Z
1155284,2506622,16188936,2015-01-01 20:30:00 UTC,11,2020-04-04T21:25:11Z
1155284,2506622,16188936,2015-01-01 20:30:00 UTC,11,2020-04-04T21:25:11Z
1155284,2506622,16188936,2015-01-01 20:30:00 UTC,11,2020-04-04T21:25:11Z
1155284,2506622,16188937,2015-01-01 22:30:00 UTC,12,2020-04-04T21:25:11Z
1061658,2225366,14412130,2015-01-01 07:00:00 UTC,0,2020-02-14T08:55:27Z
1061658,2225366,14412131,2015-01-01 10:00:00 UTC,3,2020-02-14T08:55:27Z
1061658,2225366,14412133,2015-01-01 16:00:00 UTC,6,2020-02-14T08:55:27Z
1061658,2225366,14412134,2015-01-01 19:00:00 UTC,11,2020-02-14T08:55:27Z
1075294,2239746,14498504,2015-01-01 07:00:00 UTC,0,2020-02-14T12:59:57Z
1075294,2239746,14498506,2015-01-01 12:00:00 UTC,5,2020-02-14T12:59:58Z
1075294,2239746,14498507,2015-01-01 16:00:00 UTC,6,2020-02-14T12:59:58Z
1155301,2506652,16189109,2015-01-01 11:30:00 UTC,3,2020-04-04T21:54:20Z
1155301,2506652,16189110,2015-01-01 13:00:00 UTC,5,2020-04-04T21:54:20Z
1155301,2506652,16189110,2015-01-01 13:00:00 UTC,5,2020-04-04T21:54:20Z
1155301,2506652,16189110,2015-01-01 13:00:00 UTC,5,2020-04-04T21:54:20Z
1155301,2506652,16189110,2015-01-01 13:00:00 UTC,5,2020-04-04T21:54:20Z
1155301,2506652,16189110,2015-01-01 13:00:00 UTC,5,2020-04-04T21:54:20Z
1155301,2506652,16189110,2015-01-01 13:00:00 UTC,5,2020-04-04T21:54:20Z
1155301,2506652,16189176,2015-01-01 18:00:00 UTC,6,2020-04-04T22:03:13Z
1155301,2506652,16189112,2015-01-01 20:00:00 UTC,11,2020-04-04T21:54:20Z
1155301,2506652,16189112,2015-01-01 20:00:00 UTC,11,2020-04-04T21:54:20Z
1155301,2506652,16189112,2015-01-01 20:00:00 UTC,11,2020-04-04T21:54:20Z
1155301,2506652,16189112,2015-01-01 20:00:00 UTC,11,2020-04-04T21:54:20Z
1155301,2506652,16189112,2015-01-01 20:00:00 UTC,11,2020-04-04T21:54:20Z
1155301,2506652,16189112,2015-01-01 20:00:00 UTC,11,2020-04-04T21:54:20Z
1155301,2506652,16189113,2015-01-01 22:30:00 UTC,12,2020-04-04T21:54:20Z
1155257,2506561,16188542,2015-01-01 07:00:00 UTC,0,2020-04-04T20:38:34Z
1155257,2506561,16188543,2015-01-01 10:00:00 UTC,3,2020-04-04T20:38:34Z
1155257,2506561,16188544,2015-01-01 12:00:00 UTC,5,2020-04-04T20:38:34Z
1155257,2506561,16188544,2015-01-01 12:00:00 UTC,5,2020-04-04T20:38:34Z
1155257,2506561,16188544,2015-01-01 12:00:00 UTC,5,2020-04-04T20:38:34Z
1155257,2506561,16188545,2015-01-01 16:00:00 UTC,6,2020-04-04T20:38:34Z
1155257,2506561,16188546,2015-01-01 19:00:00 UTC,11,2020-04-04T20:38:34Z
1073345,2237664,14486014,2015-01-01 10:00:00 UTC,3,2020-02-14T12:22:10Z
1073345,2237664,14486015,2015-01-01 12:00:00 UTC,5,2020-02-14T12:22:10Z
1073345,2237664,14486016,2015-01-01 16:00:00 UTC,6,2020-02-14T12:22:10Z
1073345,2237664,14486017,2015-01-01 19:00:00 UTC,11,2020-02-14T12:22:10Z
1078879,2248717,14554521,2015-01-01 07:00:00 UTC,0,2020-02-16T19:41:14Z
1078879,2248717,14554521,2015-01-01 07:00:00 UTC,0,2020-02-16T19:41:14Z
1078879,2248717,14554522,2015-01-01 10:00:00 UTC,3,2020-02-16T19:41:14Z
1078879,2248717,14554523,2015-01-01 12:00:00 UTC,5,2020-02-16T19:41:14Z
1078879,2248717,14554524,2015-01-01 16:00:00 UTC,6,2020-02-16T19:41:14Z
1078879,2248717,14554525,2015-01-01 19:00:00 UTC,11,2020-02-16T19:41:14Z
1156572,2512266,16224882,2015-01-01 07:00:00 UTC,0,2020-04-06T15:04:33Z
1156572,2512266,16224882,2015-01-01 07:00:00 UTC,0,2020-04-06T15:04:33Z
1156572,2512266,16224883,2015-01-01 10:00:00 UTC,3,2020-04-06T15:04:33Z
1156572,2512266,16224883,2015-01-01 10:00:00 UTC,3,2020-04-06T15:04:33Z
1156572,2512266,16224883,2015-01-01 10:00:00 UTC,3,2020-04-06T15:04:33Z
1156572,2512266,16224884,2015-01-01 12:00:00 UTC,5,2020-04-06T15:04:33Z
1156572,2512266,16224885,2015-01-01 16:00:00 UTC,6,2020-04-06T15:04:33Z
1156572,2512266,16224886,2015-01-01 19:00:00 UTC,11,2020-04-06T15:04:33Z
1049023,2200291,14254236,2015-01-01 07:00:00 UTC,0,2020-02-11T13:53:06Z
1049023,2200291,14254236,2015-01-01 07:00:00 UTC,0,2020-02-11T13:53:06Z
1049023,2200291,14254238,2015-01-01 12:00:00 UTC,5,2020-02-11T13:53:06Z
1049023,2200291,14254239,2015-01-01 16:00:00 UTC,6,2020-02-11T13:53:06Z
1049023,2200291,14254240,2015-01-01 19:00:00 UTC,11,2020-02-11T13:53:06Z
1049023,2200291,14254240,2015-01-01 19:00:00 UTC,11,2020-02-11T13:53:06Z
1080390,2253762,14587465,2015-01-01 08:00:00 UTC,0,2020-02-17T15:49:54Z
1080390,2253762,14587466,2015-01-01 10:00:00 UTC,3,2020-02-17T15:49:54Z
1080390,2253762,14587467,2015-01-01 12:00:00 UTC,5,2020-02-17T15:49:54Z
1080390,2253762,14587469,2015-01-01 19:00:00 UTC,11,2020-02-17T15:49:54Z
1080390,2253762,14587469,2015-01-01 19:00:00 UTC,11,2020-02-17T15:49:54Z
1080390,2253762,14587469,2015-01-01 19:00:00 UTC,11,2020-02-17T15:49:54Z
1080390,2253762,14587469,2015-01-01 19:00:00 UTC,11,2020-02-17T15:49:54Z
1080390,2253762,14587470,2015-01-01 20:30:00 UTC,12,2020-02-17T15:49:54Z
1076295,2241018,14506186,2015-01-01 07:00:00 UTC,0,2020-02-14T14:30:08Z
1076295,2241018,14506188,2015-01-01 12:00:00 UTC,5,2020-02-14T14:30:08Z
1078871,2248684,14554332,2015-01-01 07:00:00 UTC,0,2020-02-16T19:28:58Z
1078871,2248684,14554332,2015-01-01 07:00:00 UTC,0,2020-02-16T19:28:58Z
1078871,2248684,14554332,2015-01-01 07:00:00 UTC,0,2020-02-16T19:28:58Z
1078871,2248684,14554333,2015-01-01 10:00:00 UTC,3,2020-02-16T19:28:58Z
1078871,2248684,14554334,2015-01-01 12:00:00 UTC,5,2020-02-16T19:28:58Z
1078871,2248684,14554335,2015-01-01 16:00:00 UTC,6,2020-02-16T19:28:58Z
1078871,2248684,14554336,2015-01-01 19:00:00 UTC,11,2020-02-16T19:28:58Z
1078929,2248860,14555405,2015-01-01 07:00:00 UTC,0,2020-02-16T20:28:10Z
1078929,2248860,14555406,2015-01-01 10:00:00 UTC,3,2020-02-16T20:28:10Z
1078929,2248860,14555408,2015-01-01 16:00:00 UTC,6,2020-02-16T20:28:10Z
1078929,2248860,14555409,2015-01-01 19:00:00 UTC,11,2020-02-16T20:28:10Z
1170362,2570610,16599530,2015-01-01 07:00:00 UTC,0,2020-04-20T08:12:28Z
1170362,2570610,16599528,2015-01-01 12:00:00 UTC,5,2020-04-20T08:12:28Z
1170362,2570610,16599527,2015-01-01 16:00:00 UTC,6,2020-04-20T08:12:28Z
1170362,2570610,16599526,2015-01-01 19:00:00 UTC,11,2020-04-20T08:12:28Z
1170349,2570495,16598900,2015-01-01 07:00:00 UTC,0,2020-04-20T07:39:58Z
1170349,2570495,16598901,2015-01-01 10:00:00 UTC,3,2020-04-20T07:39:58Z
1170349,2570495,16598902,2015-01-01 12:00:00 UTC,5,2020-04-20T07:39:58Z
1170349,2570495,16598903,2015-01-01 16:00:00 UTC,6,2020-04-20T07:39:58Z
1170349,2570495,16598904,2015-01-01 19:00:00 UTC,11,2020-04-20T07:39:58Z
1170374,2570686,16600017,2015-01-01 07:00:00 UTC,0,2020-04-20T08:35:27Z
1170374,2570686,16600017,2015-01-01 07:00:00 UTC,0,2020-04-20T08:35:27Z
1170374,2570686,16600018,2015-01-01 10:00:00 UTC,3,2020-04-20T08:35:27Z
1170374,2570686,16600019,2015-01-01 12:00:00 UTC,5,2020-04-20T08:35:27Z
1170374,2570686,16600020,2015-01-01 16:00:00 UTC,6,2020-04-20T08:35:27Z
1170374,2570686,16600021,2015-01-01 19:00:00 UTC,11,2020-04-20T08:35:27Z
1170374,2570686,16600021,2015-01-01 19:00:00 UTC,11,2020-04-20T08:35:27Z
1170353,2570536,16599160,2015-01-01 07:00:00 UTC,0,2020-04-20T07:50:25Z
1170353,2570536,16599161,2015-01-01 10:00:00 UTC,3,2020-04-20T07:50:25Z
1170353,2570536,16599162,2015-01-01 12:00:00 UTC,5,2020-04-20T07:50:25Z
1170353,2570536,16599163,2015-01-01 16:00:00 UTC,6,2020-04-20T07:50:25Z
1170353,2570536,16599164,2015-01-01 19:00:00 UTC,11,2020-04-20T07:50:25Z
1170607,2572038,16608552,2015-01-01 12:00:00 UTC,5,2020-04-20T12:19:08Z
1170607,2572038,16608554,2015-01-01 19:00:00 UTC,11,2020-04-20T12:19:08Z
1170607,2572038,16608555,2015-01-01 22:00:00 UTC,12,2020-04-20T12:19:08Z
1170405,2570917,16601442,2015-01-01 07:00:00 UTC,0,2020-04-20T09:09:56Z
1170405,2570917,16601443,2015-01-01 10:00:00 UTC,3,2020-04-20T09:09:56Z
1170405,2570917,16601444,2015-01-01 12:00:00 UTC,5,2020-04-20T09:09:56Z
1170405,2570917,16601445,2015-01-01 16:00:00 UTC,6,2020-04-20T09:09:56Z
1170357,2570557,16599314,2015-01-01 07:00:00 UTC,0,2020-04-20T07:58:53Z
1170357,2570557,16599315,2015-01-01 10:00:00 UTC,3,2020-04-20T07:58:53Z
1170357,2570557,16599316,2015-01-01 12:00:00 UTC,5,2020-04-20T07:58:53Z
1170357,2570557,16599317,2015-01-01 16:00:00 UTC,6,2020-04-20T07:58:53Z
1170357,2570557,16599318,2015-01-01 19:00:00 UTC,11,2020-04-20T07:58:53Z
1170357,2570557,16599319,2015-01-01 22:00:00 UTC,12,2020-04-20T07:58:53Z
1080340,2253665,14586890,2015-01-01 07:00:00 UTC,0,2020-02-17T15:29:53Z
1080340,2253665,14586890,2015-01-01 07:00:00 UTC,0,2020-02-17T15:29:53Z
1080340,2253665,14586890,2015-01-01 07:00:00 UTC,0,2020-02-17T15:29:53Z
1080340,2253665,14586890,2015-01-01 07:00:00 UTC,0,2020-02-17T15:29:53Z
1080340,2253665,14586890,2015-01-01 07:00:00 UTC,0,2020-02-17T15:29:53Z
1080340,2253665,14586890,2015-01-01 07:00:00 UTC,0,2020-02-17T15:29:53Z
1080340,2253665,14586890,2015-01-01 07:00:00 UTC,0,2020-02-17T15:29:53Z
1080340,2253665,14586890,2015-01-01 07:00:00 UTC,0,2020-02-17T15:29:53Z
1080340,2253665,14586891,2015-01-01 10:00:00 UTC,3,2020-02-17T15:29:53Z
1080340,2253665,14586892,2015-01-01 12:00:00 UTC,5,2020-02-17T15:29:53Z
1080340,2253665,14586892,2015-01-01 12:00:00 UTC,5,2020-02-17T15:29:53Z
1080340,2253665,14586892,2015-01-01 12:00:00 UTC,5,2020-02-17T15:29:53Z
1080340,2253665,14586892,2015-01-01 12:00:00 UTC,5,2020-02-17T15:29:53Z
1080340,2253665,14586893,2015-01-01 16:00:00 UTC,6,2020-02-17T15:29:53Z
1080340,2253665,14586894,2015-01-01 19:00:00 UTC,11,2020-02-17T15:29:53Z
1080340,2253665,14586894,2015-01-01 19:00:00 UTC,11,2020-02-17T15:29:53Z
1080340,2253665,14586894,2015-01-01 19:00:00 UTC,11,2020-02-17T15:29:53Z
1080340,2253665,14586894,2015-01-01 19:00:00 UTC,11,2020-02-17T15:29:53Z
1080340,2253665,14586894,2015-01-01 19:00:00 UTC,11,2020-02-17T15:29:53Z
1080340,2253665,14586894,2015-01-01 19:00:00 UTC,11,2020-02-17T15:29:53Z
1080340,2253665,14586894,2015-01-01 19:00:00 UTC,11,2020-02-17T15:29:53Z
1080340,2253665,14586894,2015-01-01 19:00:00 UTC,11,2020-02-17T15:29:53Z
1170371,2570669,16599919,2015-01-01 07:00:00 UTC,0,2020-04-20T08:28:24Z
1170371,2570669,16599916,2015-01-01 16:00:00 UTC,6,2020-04-20T08:28:24Z
1170412,2570962,16601761,2015-01-01 07:00:00 UTC,0,2020-04-20T09:17:14Z
1170412,2570962,16601762,2015-01-01 10:00:00 UTC,3,2020-04-20T09:17:14Z
1170412,2570962,16601763,2015-01-01 12:00:00 UTC,5,2020-04-20T09:17:14Z
1170412,2570962,16601764,2015-01-01 16:00:00 UTC,6,2020-04-20T09:17:14Z
1170412,2570962,16601765,2015-01-01 19:00:00 UTC,11,2020-04-20T09:17:14Z
1170355,2570549,16599252,2015-01-01 07:00:00 UTC,0,2020-04-20T07:52:50Z
1170355,2570549,16599253,2015-01-01 10:00:00 UTC,3,2020-04-20T07:52:50Z
1170355,2570549,16599254,2015-01-01 12:00:00 UTC,5,2020-04-20T07:52:50Z
1170355,2570549,16599255,2015-01-01 16:00:00 UTC,6,2020-04-20T07:52:50Z
1170355,2570549,16599256,2015-01-01 19:00:00 UTC,11,2020-04-20T07:52:50Z
1080427,2253849,14587978,2015-01-01 07:00:00 UTC,0,2020-02-17T16:04:25Z
1080427,2253849,14587978,2015-01-01 07:00:00 UTC,0,2020-02-17T16:04:25Z
1080427,2253849,14587978,2015-01-01 07:00:00 UTC,0,2020-02-17T16:04:25Z
1080427,2253849,14587978,2015-01-01 07:00:00 UTC,0,2020-02-17T16:04:25Z
1080427,2253849,14587978,2015-01-01 07:00:00 UTC,0,2020-02-17T16:04:25Z
1080427,2253849,14587978,2015-01-01 07:00:00 UTC,0,2020-02-17T16:04:25Z
1080427,2253849,14587979,2015-01-01 10:00:00 UTC,3,2020-02-17T16:04:25Z
1080427,2253849,14587979,2015-01-01 10:00:00 UTC,3,2020-02-17T16:04:25Z
1080427,2253849,14587980,2015-01-01 12:00:00 UTC,5,2020-02-17T16:04:25Z
1080427,2253849,14587980,2015-01-01 12:00:00 UTC,5,2020-02-17T16:04:25Z
1080427,2253849,14587980,2015-01-01 12:00:00 UTC,5,2020-02-17T16:04:25Z
1080427,2253849,14587980,2015-01-01 12:00:00 UTC,5,2020-02-17T16:04:25Z
1080427,2253849,14587980,2015-01-01 12:00:00 UTC,5,2020-02-17T16:04:25Z
1080427,2253849,14587980,2015-01-01 12:00:00 UTC,5,2020-02-17T16:04:25Z
1080427,2253849,14587980,2015-01-01 12:00:00 UTC,5,2020-02-17T16:04:25Z
1080427,2253849,14587980,2015-01-01 12:00:00 UTC,5,2020-02-17T16:04:25Z
1080427,2253849,14587980,2015-01-01 12:00:00 UTC,5,2020-02-17T16:04:25Z
1080427,2253849,14587980,2015-01-01 12:00:00 UTC,5,2020-02-17T16:04:25Z
1080427,2253849,14587980,2015-01-01 12:00:00 UTC,5,2020-02-17T16:04:25Z
1080427,2253849,14587980,2015-01-01 12:00:00 UTC,5,2020-02-17T16:04:25Z
1080427,2253849,14587980,2015-01-01 12:00:00 UTC,5,2020-02-17T16:04:25Z
1080427,2253849,14587980,2015-01-01 12:00:00 UTC,5,2020-02-17T16:04:25Z
1080427,2253849,14587980,2015-01-01 12:00:00 UTC,5,2020-02-17T16:04:25Z
1080427,2253849,14587980,2015-01-01 12:00:00 UTC,5,2020-02-17T16:04:25Z
1080427,2253849,14587980,2015-01-01 12:00:00 UTC,5,2020-02-17T16:04:25Z
1080427,2253849,14587980,2015-01-01 12:00:00 UTC,5,2020-02-17T16:04:25Z
1080427,2253849,14587980,2015-01-01 12:00:00 UTC,5,2020-02-17T16:04:25Z
1080427,2253849,14587980,2015-01-01 12:00:00 UTC,5,2020-02-17T16:04:25Z
1080427,2253849,14587980,2015-01-01 12:00:00 UTC,5,2020-02-17T16:04:25Z
1080427,2253849,14587980,2015-01-01 12:00:00 UTC,5,2020-02-17T16:04:25Z
1080427,2253849,14587980,2015-01-01 12:00:00 UTC,5,2020-02-17T16:04:25Z
1080427,2253849,14587980,2015-01-01 12:00:00 UTC,5,2020-02-17T16:04:25Z
1080427,2253849,14587980,2015-01-01 12:00:00 UTC,5,2020-02-17T16:04:25Z
1080427,2253849,14587980,2015-01-01 12:00:00 UTC,5,2020-02-17T16:04:25Z
1080427,2253849,14587980,2015-01-01 12:00:00 UTC,5,2020-02-17T16:04:25Z
1080427,2253849,14587980,2015-01-01 12:00:00 UTC,5,2020-02-17T16:04:25Z
1080427,2253849,14587980,2015-01-01 12:00:00 UTC,5,2020-02-17T16:04:25Z
1080427,2253849,14587980,2015-01-01 12:00:00 UTC,5,2020-02-17T16:04:25Z
1080427,2253849,14587980,2015-01-01 12:00:00 UTC,5,2020-02-17T16:04:25Z
1080427,2253849,14587980,2015-01-01 12:00:00 UTC,5,2020-02-17T16:04:25Z
1080427,2253849,14587980,2015-01-01 12:00:00 UTC,5,2020-02-17T16:04:25Z
1080427,2253849,14587980,2015-01-01 12:00:00 UTC,5,2020-02-17T16:04:25Z
1080427,2253849,14587980,2015-01-01 12:00:00 UTC,5,2020-02-17T16:04:25Z
1080427,2253849,14587980,2015-01-01 12:00:00 UTC,5,2020-02-17T16:04:25Z
1080427,2253849,14587980,2015-01-01 12:00:00 UTC,5,2020-02-17T16:04:25Z
1080427,2253849,14587980,2015-01-01 12:00:00 UTC,5,2020-02-17T16:04:25Z
1080427,2253849,14587980,2015-01-01 12:00:00 UTC,5,2020-02-17T16:04:25Z
1080427,2253849,14587980,2015-01-01 12:00:00 UTC,5,2020-02-17T16:04:25Z
1080427,2253849,14587980,2015-01-01 12:00:00 UTC,5,2020-02-17T16:04:25Z
1080427,2253849,14587980,2015-01-01 12:00:00 UTC,5,2020-02-17T16:04:25Z
1080427,2253849,14587980,2015-01-01 12:00:00 UTC,5,2020-02-17T16:04:25Z
1080427,2253849,14587980,2015-01-01 12:00:00 UTC,5,2020-02-17T16:04:25Z
1080427,2253849,14587980,2015-01-01 12:00:00 UTC,5,2020-02-17T16:04:25Z
1080427,2253849,14587980,2015-01-01 12:00:00 UTC,5,2020-02-17T16:04:25Z
1080427,2253849,14587980,2015-01-01 12:00:00 UTC,5,2020-02-17T16:04:25Z
1080427,2253849,14587980,2015-01-01 12:00:00 UTC,5,2020-02-17T16:04:25Z
1080427,2253849,14587981,2015-01-01 16:00:00 UTC,6,2020-02-17T16:04:25Z
1080427,2253849,14587982,2015-01-01 19:00:00 UTC,11,2020-02-17T16:04:25Z
1080427,2253849,14587982,2015-01-01 19:00:00 UTC,11,2020-02-17T16:04:25Z
1080427,2253849,14587982,2015-01-01 19:00:00 UTC,11,2020-02-17T16:04:25Z
1080427,2253849,14587982,2015-01-01 19:00:00 UTC,11,2020-02-17T16:04:25Z
1080427,2253849,14587982,2015-01-01 19:00:00 UTC,11,2020-02-17T16:04:25Z
1080427,2253849,14587982,2015-01-01 19:00:00 UTC,11,2020-02-17T16:04:25Z
1170389,2570790,16600669,2015-01-01 07:00:00 UTC,0,2020-04-20T08:49:36Z
1170389,2570790,16600669,2015-01-01 07:00:00 UTC,0,2020-04-20T08:49:36Z
1170389,2570790,16600670,2015-01-01 10:00:00 UTC,3,2020-04-20T08:49:36Z
1170389,2570790,16600671,2015-01-01 12:00:00 UTC,5,2020-04-20T08:49:36Z
1170389,2570790,16600672,2015-01-01 16:00:00 UTC,6,2020-04-20T08:49:36Z
1170389,2570790,16600673,2015-01-01 19:00:00 UTC,11,2020-04-20T08:49:36Z
1156571,2512265,16224876,2015-01-01 07:00:00 UTC,0,2020-04-06T15:04:30Z
1156571,2512265,16224877,2015-01-01 10:00:00 UTC,3,2020-04-06T15:04:31Z
1156571,2512265,16224877,2015-01-01 10:00:00 UTC,3,2020-04-06T15:04:31Z
1156571,2512265,16224878,2015-01-01 12:00:00 UTC,5,2020-04-06T15:04:31Z
1156571,2512265,16224879,2015-01-01 16:00:00 UTC,6,2020-04-06T15:04:31Z
1156571,2512265,16224880,2015-01-01 19:00:00 UTC,11,2020-04-06T15:04:31Z
1170382,2570736,16600323,2015-01-01 07:00:00 UTC,0,2020-04-20T08:42:23Z
1170382,2570736,16600324,2015-01-01 10:00:00 UTC,3,2020-04-20T08:42:23Z
1170382,2570736,16600325,2015-01-01 12:00:00 UTC,5,2020-04-20T08:42:23Z
1170382,2570736,16600326,2015-01-01 16:00:00 UTC,6,2020-04-20T08:42:23Z
1170454,2571209,16603319,2015-01-01 10:00:00 UTC,0,2020-04-20T10:01:44Z
1170454,2571209,16603321,2015-01-01 12:00:00 UTC,5,2020-04-20T10:01:44Z
1170454,2571209,16603323,2015-01-01 19:00:00 UTC,11,2020-04-20T10:01:44Z
1156231,2510664,16214949,2015-01-01 07:00:00 UTC,0,2020-04-06T08:21:15Z
1156231,2510664,16214949,2015-01-01 07:00:00 UTC,0,2020-04-06T08:21:15Z
1156231,2510664,16214950,2015-01-01 10:00:00 UTC,3,2020-04-06T08:21:15Z
1156231,2510664,16214951,2015-01-01 12:00:00 UTC,5,2020-04-06T08:21:15Z
1156231,2510664,16214951,2015-01-01 12:00:00 UTC,5,2020-04-06T08:21:15Z
1156231,2510664,16214951,2015-01-01 12:00:00 UTC,5,2020-04-06T08:21:15Z
1156231,2510664,16214951,2015-01-01 12:00:00 UTC,5,2020-04-06T08:21:15Z
1156231,2510664,16214951,2015-01-01 12:00:00 UTC,5,2020-04-06T08:21:15Z
1156231,2510664,16214951,2015-01-01 12:00:00 UTC,5,2020-04-06T08:21:15Z
1156231,2510664,16214951,2015-01-01 12:00:00 UTC,5,2020-04-06T08:21:15Z
1156231,2510664,16214951,2015-01-01 12:00:00 UTC,5,2020-04-06T08:21:15Z
1156231,2510664,16214952,2015-01-01 16:00:00 UTC,6,2020-04-06T08:21:15Z
1156231,2510664,16214953,2015-01-01 19:00:00 UTC,11,2020-04-06T08:21:15Z
1156231,2510664,16214953,2015-01-01 19:00:00 UTC,11,2020-04-06T08:21:15Z
1156231,2510664,16214953,2015-01-01 19:00:00 UTC,11,2020-04-06T08:21:15Z
1156231,2510664,16214953,2015-01-01 19:00:00 UTC,11,2020-04-06T08:21:15Z
1156231,2510664,16214953,2015-01-01 19:00:00 UTC,11,2020-04-06T08:21:15Z
1156231,2510664,16214953,2015-01-01 19:00:00 UTC,11,2020-04-06T08:21:15Z
1142309,2453116,15853556,2015-01-01 07:00:00 UTC,0,2020-03-23T09:43:27Z
1142309,2453116,15853560,2015-01-01 19:00:00 UTC,11,2020-03-23T09:43:27Z
1143036,2455820,15869701,2015-01-01 07:00:00 UTC,0,2020-03-23T20:09:29Z
1143036,2455820,15869703,2015-01-01 12:00:00 UTC,5,2020-03-23T20:09:29Z
1143036,2455820,15869705,2015-01-01 19:00:00 UTC,11,2020-03-23T20:09:29Z
1142336,2453252,15854391,2015-01-01 07:00:00 UTC,0,2020-03-23T10:39:21Z
1142336,2453252,15854394,2015-01-01 16:00:00 UTC,6,2020-03-23T10:39:21Z
1142336,2453252,15854395,2015-01-01 19:00:00 UTC,11,2020-03-23T10:39:21Z
1142722,2454651,15862890,2015-01-01 07:00:00 UTC,0,2020-03-23T16:55:37Z
1142722,2454651,15862894,2015-01-01 19:00:00 UTC,11,2020-03-23T16:55:37Z
1157479,2516110,16249093,2015-01-01 07:00:00 UTC,0,2020-04-07T10:33:41Z
1157479,2516110,16249093,2015-01-01 07:00:00 UTC,0,2020-04-07T10:33:41Z
1157479,2516110,16249094,2015-01-01 10:00:00 UTC,3,2020-04-07T10:33:41Z
1157479,2516110,16249095,2015-01-01 12:00:00 UTC,5,2020-04-07T10:33:41Z
1157479,2516110,16249096,2015-01-01 16:00:00 UTC,6,2020-04-07T10:33:41Z
1157479,2516110,16249097,2015-01-01 19:00:00 UTC,11,2020-04-07T10:33:41Z
1157479,2516110,16249097,2015-01-01 19:00:00 UTC,11,2020-04-07T10:33:41Z
1170438,2571098,16602661,2015-01-01 07:00:00 UTC,0,2020-04-20T09:41:42Z
1170438,2571098,16602662,2015-01-01 10:00:00 UTC,3,2020-04-20T09:41:42Z
1170438,2571098,16602663,2015-01-01 12:00:00 UTC,5,2020-04-20T09:41:42Z
1170438,2571098,16602664,2015-01-01 16:00:00 UTC,6,2020-04-20T09:41:42Z
1170438,2571098,16602665,2015-01-01 19:00:00 UTC,11,2020-04-20T09:41:42Z
1142900,2455305,15866703,2015-01-01 07:00:00 UTC,0,2020-03-23T18:32:39Z
1142900,2455305,15866705,2015-01-01 12:00:00 UTC,5,2020-03-23T18:32:39Z
1142900,2455305,15866707,2015-01-01 19:00:00 UTC,11,2020-03-23T18:32:39Z
1144270,2461479,15905607,2015-01-01 07:00:00 UTC,0,2020-03-24T19:57:02Z
1144270,2461479,15905609,2015-01-01 12:00:00 UTC,5,2020-03-24T19:57:02Z
1144270,2461479,15905611,2015-01-01 19:00:00 UTC,11,2020-03-24T19:57:02Z
1143126,2456088,15871281,2015-01-01 07:00:00 UTC,0,2020-03-23T21:31:05Z
1143126,2456088,15871282,2015-01-01 10:00:00 UTC,3,2020-03-23T21:31:05Z
1143126,2456088,15871283,2015-01-01 12:00:00 UTC,5,2020-03-23T21:31:05Z
1143126,2456088,15871285,2015-01-01 19:00:00 UTC,11,2020-03-23T21:31:05Z
1156597,2512332,16225270,2015-01-01 07:00:00 UTC,0,2020-04-06T15:24:42Z
1156597,2512332,16225270,2015-01-01 07:00:00 UTC,0,2020-04-06T15:24:42Z
1156597,2512332,16225271,2015-01-01 10:00:00 UTC,3,2020-04-06T15:24:42Z
1156597,2512332,16225272,2015-01-01 12:00:00 UTC,5,2020-04-06T15:24:42Z
1156597,2512332,16225272,2015-01-01 12:00:00 UTC,5,2020-04-06T15:24:42Z
1156597,2512332,16225272,2015-01-01 12:00:00 UTC,5,2020-04-06T15:24:42Z
1156597,2512332,16225272,2015-01-01 12:00:00 UTC,5,2020-04-06T15:24:42Z
1156597,2512332,16225272,2015-01-01 12:00:00 UTC,5,2020-04-06T15:24:42Z
1156597,2512332,16225272,2015-01-01 12:00:00 UTC,5,2020-04-06T15:24:42Z
1156597,2512332,16225273,2015-01-01 16:00:00 UTC,6,2020-04-06T15:24:42Z
1156597,2512332,16225273,2015-01-01 16:00:00 UTC,6,2020-04-06T15:24:42Z
1156597,2512332,16225274,2015-01-01 19:00:00 UTC,11,2020-04-06T15:24:42Z
1156597,2512332,16225274,2015-01-01 19:00:00 UTC,11,2020-04-06T15:24:42Z
1156597,2512332,16225274,2015-01-01 19:00:00 UTC,11,2020-04-06T15:24:42Z
1143173,2456223,15872078,2015-01-01 07:00:00 UTC,0,2020-03-23T22:37:04Z
1143173,2456223,15872080,2015-01-01 12:00:00 UTC,5,2020-03-23T22:37:04Z
1143173,2456223,15872082,2015-01-01 19:00:00 UTC,11,2020-03-23T22:37:04Z
1170456,2571225,16603407,2015-01-01 07:00:00 UTC,0,2020-04-20T10:06:15Z
1170456,2571225,16603407,2015-01-01 07:00:00 UTC,0,2020-04-20T10:06:15Z
1170456,2571225,16603408,2015-01-01 10:00:00 UTC,3,2020-04-20T10:06:15Z
1170456,2571225,16603409,2015-01-01 12:00:00 UTC,5,2020-04-20T10:06:15Z
1170456,2571225,16603410,2015-01-01 16:00:00 UTC,6,2020-04-20T10:06:15Z
1170456,2571225,16603411,2015-01-01 19:00:00 UTC,11,2020-04-20T10:06:15Z
1086955,2274012,14716303,2015-01-01 07:00:00 UTC,0,2020-02-20T08:10:46Z
1086955,2274012,14716304,2015-01-01 10:00:00 UTC,3,2020-02-20T08:10:46Z
1086955,2274012,14716305,2015-01-01 12:00:00 UTC,5,2020-02-20T08:10:46Z
1086955,2274012,14716306,2015-01-01 16:00:00 UTC,6,2020-02-20T08:10:46Z
1086955,2274012,14716307,2015-01-01 19:00:00 UTC,11,2020-02-20T08:10:46Z
1086955,2274012,14716308,2015-01-01 22:00:00 UTC,12,2020-02-20T08:10:46Z
1144198,2461251,15904201,2015-01-01 07:00:00 UTC,0,2020-03-24T18:54:58Z
1144198,2461251,15904202,2015-01-01 10:00:00 UTC,3,2020-03-24T18:54:58Z
1144198,2461251,15904203,2015-01-01 12:00:00 UTC,5,2020-03-24T18:54:58Z
1144198,2461251,15904204,2015-01-01 16:00:00 UTC,6,2020-03-24T18:54:58Z
1144198,2461251,15904205,2015-01-01 19:00:00 UTC,11,2020-03-24T18:54:58Z
1144765,2464372,15925003,2015-01-01 07:00:00 UTC,0,2020-03-25T10:53:34Z
1144765,2464372,15925004,2015-01-01 10:00:00 UTC,3,2020-03-25T10:53:34Z
1144765,2464372,15925005,2015-01-01 12:00:00 UTC,5,2020-03-25T10:53:34Z
1144765,2464372,15925006,2015-01-01 16:00:00 UTC,6,2020-03-25T10:53:34Z
1144765,2464372,15925007,2015-01-01 19:00:00 UTC,11,2020-03-25T10:53:34Z
1157466,2516015,16248501,2015-01-01 07:00:00 UTC,0,2020-04-07T10:24:17Z
1157466,2516015,16248501,2015-01-01 07:00:00 UTC,0,2020-04-07T10:24:17Z
1157466,2516015,16248502,2015-01-01 10:00:00 UTC,3,2020-04-07T10:24:17Z
1157466,2516015,16248503,2015-01-01 12:00:00 UTC,5,2020-04-07T10:24:17Z
1157466,2516015,16248503,2015-01-01 12:00:00 UTC,5,2020-04-07T10:24:17Z
1157466,2516015,16248504,2015-01-01 16:00:00 UTC,6,2020-04-07T10:24:17Z
1157466,2516015,16248506,2015-01-01 19:00:00 UTC,11,2020-04-07T10:24:17Z
1157466,2516015,16248506,2015-01-01 19:00:00 UTC,11,2020-04-07T10:24:17Z
1157466,2516015,16248506,2015-01-01 19:00:00 UTC,11,2020-04-07T10:24:17Z
1157525,2516335,16250486,2015-01-01 07:00:00 UTC,0,2020-04-07T11:12:34Z
1157525,2516335,16250486,2015-01-01 07:00:00 UTC,0,2020-04-07T11:12:34Z
1157525,2516335,16250488,2015-01-01 12:00:00 UTC,5,2020-04-07T11:12:34Z
1157525,2516335,16250488,2015-01-01 12:00:00 UTC,5,2020-04-07T11:12:34Z
1157525,2516335,16250488,2015-01-01 12:00:00 UTC,5,2020-04-07T11:12:34Z
1157525,2516335,16250489,2015-01-01 16:00:00 UTC,6,2020-04-07T11:12:34Z
1157525,2516335,16250490,2015-01-01 19:00:00 UTC,11,2020-04-07T11:12:34Z
1157429,2515824,16247393,2015-01-01 07:00:00 UTC,0,2020-04-07T09:44:24Z
1157429,2515824,16247394,2015-01-01 10:00:00 UTC,3,2020-04-07T09:44:24Z
1157429,2515824,16247395,2015-01-01 12:00:00 UTC,5,2020-04-07T09:44:24Z
1157429,2515824,16247395,2015-01-01 12:00:00 UTC,5,2020-04-07T09:44:24Z
1157429,2515824,16247395,2015-01-01 12:00:00 UTC,5,2020-04-07T09:44:24Z
1157429,2515824,16247397,2015-01-01 19:00:00 UTC,11,2020-04-07T09:44:24Z
1170550,2571751,16606752,2015-01-01 13:30:00 UTC,5,2020-04-20T11:33:28Z
1170550,2571751,16606754,2015-01-01 20:00:00 UTC,11,2020-04-20T11:33:28Z
1170550,2571751,16606755,2015-01-01 23:00:00 UTC,12,2020-04-20T11:33:28Z
1170727,2572556,16611879,2015-01-01 07:00:00 UTC,0,2020-04-20T13:56:41Z
1170727,2572556,16611878,2015-01-01 10:00:00 UTC,3,2020-04-20T13:56:41Z
1170727,2572556,16611877,2015-01-01 12:00:00 UTC,5,2020-04-20T13:56:41Z
1170727,2572556,16611876,2015-01-01 16:00:00 UTC,6,2020-04-20T13:56:41Z
1170727,2572556,16611875,2015-01-01 19:00:00 UTC,11,2020-04-20T13:56:41Z
1157562,2516506,16251566,2015-01-01 07:00:00 UTC,0,2020-04-07T11:39:34Z
1157562,2516506,16251566,2015-01-01 07:00:00 UTC,0,2020-04-07T11:39:34Z
1157562,2516506,16251567,2015-01-01 10:00:00 UTC,3,2020-04-07T11:39:34Z
1157562,2516506,16251568,2015-01-01 12:00:00 UTC,5,2020-04-07T11:39:34Z
1157562,2516506,16251569,2015-01-01 16:00:00 UTC,6,2020-04-07T11:39:34Z
1157562,2516506,16251570,2015-01-01 19:00:00 UTC,11,2020-04-07T11:39:34Z
1144694,2463862,15921957,2015-01-01 07:00:00 UTC,0,2020-03-25T08:50:37Z
1144694,2463862,15921959,2015-01-01 12:00:00 UTC,5,2020-03-25T08:50:37Z
1144694,2463862,15921960,2015-01-01 16:00:00 UTC,6,2020-03-25T08:50:37Z
1170742,2572590,16612091,2015-01-01 07:00:00 UTC,0,2020-04-20T14:06:48Z
1170742,2572590,16612093,2015-01-01 12:00:00 UTC,5,2020-04-20T14:06:48Z
1170742,2572590,16612094,2015-01-01 16:00:00 UTC,6,2020-04-20T14:06:48Z
1170742,2572590,16612095,2015-01-01 19:00:00 UTC,11,2020-04-20T14:06:48Z
1115714,2359152,15258021,2015-01-01 07:00:00 UTC,0,2020-03-05T16:07:14Z
1115714,2359152,15258021,2015-01-01 07:00:00 UTC,0,2020-03-05T16:07:14Z
1115714,2359152,15258021,2015-01-01 07:00:00 UTC,0,2020-03-05T16:07:14Z
1115714,2359152,15258023,2015-01-01 12:00:00 UTC,5,2020-03-05T16:07:14Z
1115714,2359152,15258025,2015-01-01 19:00:00 UTC,11,2020-03-05T16:07:14Z
1157583,2516560,16251902,2015-01-01 07:00:00 UTC,0,2020-04-07T12:03:32Z
1157583,2516560,16251902,2015-01-01 07:00:00 UTC,0,2020-04-07T12:03:32Z
1157583,2516560,16251903,2015-01-01 10:00:00 UTC,3,2020-04-07T12:03:32Z
1157583,2516560,16251904,2015-01-01 12:00:00 UTC,5,2020-04-07T12:03:32Z
1157583,2516560,16251905,2015-01-01 16:00:00 UTC,6,2020-04-07T12:03:32Z
1157583,2516560,16251906,2015-01-01 19:00:00 UTC,11,2020-04-07T12:03:32Z
1157730,2516936,16254185,2015-01-01 07:00:00 UTC,0,2020-04-07T14:32:08Z
1157730,2516936,16254185,2015-01-01 07:00:00 UTC,0,2020-04-07T14:32:08Z
1157730,2516936,16254187,2015-01-01 12:00:00 UTC,5,2020-04-07T14:32:08Z
1157730,2516936,16254187,2015-01-01 12:00:00 UTC,5,2020-04-07T14:32:08Z
1157730,2516936,16254188,2015-01-01 16:00:00 UTC,6,2020-04-07T14:32:08Z
1157730,2516936,16254189,2015-01-01 19:00:00 UTC,11,2020-04-07T14:32:08Z
1157719,2516897,16253935,2015-01-01 07:00:00 UTC,0,2020-04-07T14:20:16Z
1157719,2516897,16253936,2015-01-01 10:00:00 UTC,3,2020-04-07T14:20:16Z
1157719,2516897,16253937,2015-01-01 12:00:00 UTC,5,2020-04-07T14:20:16Z
1157719,2516897,16253937,2015-01-01 12:00:00 UTC,5,2020-04-07T14:20:16Z
1157719,2516897,16253939,2015-01-01 19:00:00 UTC,11,2020-04-07T14:20:16Z
1170713,2572483,16611419,2015-01-01 12:00:00 UTC,5,2020-04-20T13:49:03Z
1170713,2572483,16611421,2015-01-01 19:00:00 UTC,11,2020-04-20T13:49:03Z
1170713,2572483,16611422,2015-01-01 22:00:00 UTC,12,2020-04-20T13:49:03Z
1170643,2572191,16609533,2015-01-01 07:00:00 UTC,0,2020-04-20T12:53:15Z
1170643,2572191,16609532,2015-01-01 10:00:00 UTC,3,2020-04-20T12:53:15Z
1170643,2572191,16609531,2015-01-01 12:00:00 UTC,5,2020-04-20T12:53:15Z
1170643,2572191,16609530,2015-01-01 16:00:00 UTC,6,2020-04-20T12:53:15Z
1170643,2572191,16609529,2015-01-01 19:00:00 UTC,11,2020-04-20T12:53:14Z
1171068,2574072,16621261,2015-01-01 12:00:00 UTC,5,2020-04-20T17:28:34Z
1171068,2574072,16621263,2015-01-01 19:00:00 UTC,11,2020-04-20T17:28:34Z
1171068,2574072,16621264,2015-01-01 22:00:00 UTC,12,2020-04-20T17:28:34Z
1093715,2295577,14853062,2015-01-01 07:00:00 UTC,0,2020-02-24T14:17:30Z
1093715,2295577,14853064,2015-01-01 12:00:00 UTC,5,2020-02-24T14:17:30Z
1093715,2295577,14853065,2015-01-01 16:00:00 UTC,6,2020-02-24T14:17:30Z
1171306,2574920,16626557,2015-01-01 13:00:00 UTC,5,2020-04-20T19:45:49Z
1171306,2574920,16626559,2015-01-01 20:00:00 UTC,11,2020-04-20T19:45:49Z
1171306,2574920,16626560,2015-01-01 23:00:00 UTC,12,2020-04-20T19:45:49Z
1171041,2573928,16620403,2015-01-01 12:00:00 UTC,5,2020-04-20T17:00:42Z
1171041,2573928,16620406,2015-01-01 22:00:00 UTC,12,2020-04-20T17:00:42Z
1171200,2574535,16624216,2015-01-01 12:00:00 UTC,5,2020-04-20T18:41:56Z
1171200,2574535,16624217,2015-01-01 16:00:00 UTC,6,2020-04-20T18:41:56Z
1171200,2574535,16624218,2015-01-01 19:00:00 UTC,11,2020-04-20T18:41:56Z
1171200,2574535,16624219,2015-01-01 22:00:00 UTC,12,2020-04-20T18:41:56Z
1096688,2306363,14922763,2015-01-01 07:00:00 UTC,0,2020-02-26T11:12:05Z
1096688,2306363,14922765,2015-01-01 12:00:00 UTC,5,2020-02-26T11:12:05Z
1096688,2306363,14922766,2015-01-01 16:00:00 UTC,6,2020-02-26T11:12:05Z
1096781,2306595,14924280,2015-01-01 07:00:00 UTC,0,2020-02-26T11:39:19Z
1096781,2306595,14924280,2015-01-01 07:00:00 UTC,0,2020-02-26T11:39:19Z
1096781,2306595,14924281,2015-01-01 10:00:00 UTC,3,2020-02-26T11:39:19Z
1096781,2306595,14924282,2015-01-01 12:00:00 UTC,5,2020-02-26T11:39:19Z
1096781,2306595,14924283,2015-01-01 16:00:00 UTC,6,2020-02-26T11:39:19Z
1096781,2306595,14924284,2015-01-01 19:00:00 UTC,11,2020-02-26T11:39:19Z
1100934,2317050,14989896,2015-01-01 07:00:00 UTC,0,2020-02-27T20:13:33Z
1100934,2317050,14989898,2015-01-01 12:00:00 UTC,5,2020-02-27T20:13:33Z
1100934,2317050,14989899,2015-01-01 16:00:00 UTC,6,2020-02-27T20:13:33Z
1100934,2317050,14989900,2015-01-01 19:00:00 UTC,11,2020-02-27T20:13:33Z
1117654,2364865,15294564,2015-01-01 08:00:00 UTC,0,2020-03-06T11:57:50Z
1117654,2364865,15294565,2015-01-01 10:00:00 UTC,3,2020-03-06T11:57:50Z
1117654,2364865,15294566,2015-01-01 12:30:00 UTC,5,2020-03-06T11:57:50Z
1117654,2364865,15294567,2015-01-01 16:45:00 UTC,6,2020-03-06T11:57:50Z
1117654,2364865,15296887,2015-01-01 20:00:00 UTC,9,2020-03-06T12:25:01Z
1117654,2364865,15294568,2015-01-01 21:00:00 UTC,11,2020-03-06T11:57:50Z
1117654,2364865,15294569,2015-01-01 22:30:00 UTC,12,2020-03-06T11:57:50Z
1171346,2575069,16627449,2015-01-01 12:00:00 UTC,5,2020-04-20T20:17:08Z
1171346,2575069,16627451,2015-01-01 20:30:00 UTC,11,2020-04-20T20:17:08Z
1171346,2575069,16627452,2015-01-01 23:00:00 UTC,12,2020-04-20T20:17:08Z
1171147,2574313,16622831,2015-01-01 20:00:00 UTC,11,2020-04-20T18:02:03Z
1146240,2470757,15964418,2015-01-01 07:00:00 UTC,0,2020-03-26T15:21:08Z
1146240,2470757,15964419,2015-01-01 10:00:00 UTC,3,2020-03-26T15:21:08Z
1146240,2470757,15964421,2015-01-01 16:00:00 UTC,6,2020-03-26T15:21:08Z
1146240,2470757,15964422,2015-01-01 19:00:00 UTC,11,2020-03-26T15:21:08Z
1146240,2470757,15964423,2015-01-01 22:00:00 UTC,12,2020-03-26T15:21:08Z
1146034,2470176,15960887,2015-01-01 07:00:00 UTC,0,2020-03-26T12:22:43Z
1146034,2470176,15960888,2015-01-01 10:00:00 UTC,3,2020-03-26T12:22:43Z
1146034,2470176,15960889,2015-01-01 12:00:00 UTC,5,2020-03-26T12:22:43Z
1146034,2470176,15960890,2015-01-01 16:00:00 UTC,6,2020-03-26T12:22:43Z
1146034,2470176,15960891,2015-01-01 19:00:00 UTC,11,2020-03-26T12:22:43Z
1172265,2580640,16664360,2015-01-01 10:00:00 UTC,3,2020-04-21T13:30:38Z
1172265,2580640,16664362,2015-01-01 16:00:00 UTC,6,2020-04-21T13:30:38Z
1172265,2580640,16665607,2015-01-01 18:00:00 UTC,9,2020-04-21T14:05:42Z
1146198,2470668,15963836,2015-01-01 07:00:00 UTC,0,2020-03-26T14:39:32Z
1146198,2470668,15963837,2015-01-01 10:00:00 UTC,3,2020-03-26T14:39:32Z
1146198,2470668,15963838,2015-01-01 12:00:00 UTC,5,2020-03-26T14:39:32Z
1146198,2470668,15963839,2015-01-01 16:00:00 UTC,6,2020-03-26T14:39:32Z
1146198,2470668,15963840,2015-01-01 19:00:00 UTC,11,2020-03-26T14:39:32Z
1146198,2470668,15963841,2015-01-01 22:00:00 UTC,12,2020-03-26T14:39:32Z
1159845,2525823,16310531,2015-01-01 07:00:00 UTC,0,2020-04-09T14:55:44Z
1159845,2525823,16310532,2015-01-01 10:00:00 UTC,3,2020-04-09T14:55:44Z
1159845,2525823,16310533,2015-01-01 12:00:00 UTC,5,2020-04-09T14:55:44Z
1159845,2525823,16310534,2015-01-01 16:00:00 UTC,6,2020-04-09T14:55:44Z
1159845,2525823,16310535,2015-01-01 19:00:00 UTC,11,2020-04-09T14:55:44Z
1174252,2591640,16736238,2015-01-01 10:00:00 UTC,3,2020-04-22T18:00:08Z
1174252,2591640,16736240,2015-01-01 15:00:00 UTC,6,2020-04-22T18:00:08Z
1174252,2591640,16736844,2015-01-01 16:30:00 UTC,8,2020-04-22T18:18:25Z
1174252,2591640,16736845,2015-01-01 18:00:00 UTC,9,2020-04-22T18:18:57Z
1174252,2591640,16736242,2015-01-01 22:00:00 UTC,12,2020-04-22T18:00:08Z
1159816,2525774,16310224,2015-01-01 07:00:00 UTC,0,2020-04-09T14:26:55Z
1159816,2525774,16310224,2015-01-01 07:00:00 UTC,0,2020-04-09T14:26:55Z
1159816,2525774,16310224,2015-01-01 07:00:00 UTC,0,2020-04-09T14:26:55Z
1159816,2525774,16310225,2015-01-01 10:00:00 UTC,3,2020-04-09T14:26:55Z
1159816,2525774,16310226,2015-01-01 12:00:00 UTC,5,2020-04-09T14:26:55Z
1159816,2525774,16310226,2015-01-01 12:00:00 UTC,5,2020-04-09T14:26:55Z
1159816,2525774,16310226,2015-01-01 12:00:00 UTC,5,2020-04-09T14:26:55Z
1159816,2525774,16310227,2015-01-01 16:00:00 UTC,6,2020-04-09T14:26:55Z
1159816,2525774,16310228,2015-01-01 19:00:00 UTC,11,2020-04-09T14:26:55Z
1159951,2526104,16312304,2015-01-01 07:00:00 UTC,0,2020-04-09T16:40:08Z
1159951,2526104,16312305,2015-01-01 10:00:00 UTC,3,2020-04-09T16:40:08Z
1159951,2526104,16312306,2015-01-01 12:00:00 UTC,5,2020-04-09T16:40:08Z
1159951,2526104,16312306,2015-01-01 12:00:00 UTC,5,2020-04-09T16:40:08Z
1159951,2526104,16312306,2015-01-01 12:00:00 UTC,5,2020-04-09T16:40:08Z
1159951,2526104,16312307,2015-01-01 16:00:00 UTC,6,2020-04-09T16:40:08Z
1159951,2526104,16312308,2015-01-01 19:00:00 UTC,11,2020-04-09T16:40:08Z
1159951,2526104,16312308,2015-01-01 19:00:00 UTC,11,2020-04-09T16:40:08Z
1159951,2526104,16312308,2015-01-01 19:00:00 UTC,11,2020-04-09T16:40:08Z
1159872,2525896,16311005,2015-01-01 07:00:00 UTC,0,2020-04-09T15:19:59Z
1159872,2525896,16311005,2015-01-01 07:00:00 UTC,0,2020-04-09T15:19:59Z
1159872,2525896,16311007,2015-01-01 12:00:00 UTC,5,2020-04-09T15:19:59Z
1159872,2525896,16311007,2015-01-01 12:00:00 UTC,5,2020-04-09T15:19:59Z
1159872,2525896,16311008,2015-01-01 16:00:00 UTC,6,2020-04-09T15:19:59Z
1159872,2525896,16311009,2015-01-01 19:00:00 UTC,11,2020-04-09T15:19:59Z
1160612,2528660,16328871,2015-01-01 07:00:00 UTC,0,2020-04-10T08:29:43Z
1160612,2528660,16328871,2015-01-01 07:00:00 UTC,0,2020-04-10T08:29:43Z
1160612,2528660,16328871,2015-01-01 07:00:00 UTC,0,2020-04-10T08:29:43Z
1160612,2528660,16328872,2015-01-01 10:00:00 UTC,3,2020-04-10T08:29:43Z
1160612,2528660,16328873,2015-01-01 12:00:00 UTC,5,2020-04-10T08:29:43Z
1160612,2528660,16328874,2015-01-01 16:00:00 UTC,6,2020-04-10T08:29:43Z
1160612,2528660,16328875,2015-01-01 19:00:00 UTC,11,2020-04-10T08:29:43Z
1171939,2578905,16653494,2015-01-01 07:00:00 UTC,0,2020-04-21T08:52:15Z
1171939,2578905,16653491,2015-01-01 16:00:00 UTC,6,2020-04-21T08:52:15Z
1171939,2578905,16653490,2015-01-01 19:00:00 UTC,11,2020-04-21T08:52:15Z
1076177,2240741,14504524,2015-01-01 07:00:00 UTC,0,2020-02-14T13:46:57Z
1076177,2240741,14504526,2015-01-01 12:00:00 UTC,5,2020-02-14T13:46:57Z
1076177,2240741,14504527,2015-01-01 16:00:00 UTC,6,2020-02-14T13:46:57Z
1171909,2578600,16651651,2015-01-01 07:00:00 UTC,0,2020-04-21T07:17:36Z
1171909,2578600,16651652,2015-01-01 10:00:00 UTC,3,2020-04-21T07:17:36Z
1171909,2578600,16651653,2015-01-01 12:00:00 UTC,5,2020-04-21T07:17:36Z
1171909,2578600,16651654,2015-01-01 16:00:00 UTC,6,2020-04-21T07:17:36Z
1171909,2578600,16651655,2015-01-01 19:00:00 UTC,11,2020-04-21T07:17:36Z
1162561,2536615,16380314,2015-01-01 07:00:00 UTC,0,2020-04-13T09:00:10Z
1162561,2536615,16380315,2015-01-01 10:00:00 UTC,3,2020-04-13T09:00:10Z
1162561,2536615,16380317,2015-01-01 16:00:00 UTC,6,2020-04-13T09:00:10Z
1162561,2536615,16380318,2015-01-01 19:00:00 UTC,11,2020-04-13T09:00:10Z
1172213,2580393,16662762,2015-01-01 07:00:00 UTC,0,2020-04-21T12:42:32Z
1172213,2580393,16662763,2015-01-01 10:00:00 UTC,3,2020-04-21T12:42:32Z
1172213,2580393,16662765,2015-01-01 16:00:00 UTC,6,2020-04-21T12:42:32Z
1172213,2580393,16662767,2015-01-01 22:00:00 UTC,12,2020-04-21T12:42:32Z
1163147,2538976,16394528,2015-01-01 07:00:00 UTC,0,2020-04-13T18:08:14Z
1163147,2538976,16394527,2015-01-01 10:00:00 UTC,3,2020-04-13T18:08:14Z
1163147,2538976,16394525,2015-01-01 16:00:00 UTC,6,2020-04-13T18:08:14Z
1162552,2536562,16379948,2015-01-01 07:00:00 UTC,0,2020-04-13T08:44:39Z
1162552,2536562,16379949,2015-01-01 10:00:00 UTC,3,2020-04-13T08:44:39Z
1162552,2536562,16379951,2015-01-01 16:00:00 UTC,6,2020-04-13T08:44:39Z
1172236,2580510,16663515,2015-01-01 07:00:00 UTC,0,2020-04-21T13:04:05Z
1172236,2580510,16663516,2015-01-01 10:00:00 UTC,3,2020-04-21T13:04:05Z
1172236,2580510,16663518,2015-01-01 16:00:00 UTC,6,2020-04-21T13:04:05Z
1172236,2580510,16798247,2015-01-01 16:30:00 UTC,8,2020-04-23T19:36:45Z
1172236,2580510,16664137,2015-01-01 18:00:00 UTC,9,2020-04-21T13:23:57Z
1162967,2538297,16390543,2015-01-01 07:00:00 UTC,0,2020-04-13T16:09:20Z
1162967,2538297,16390542,2015-01-01 10:00:00 UTC,3,2020-04-13T16:09:20Z
1162967,2538297,16390540,2015-01-01 16:00:00 UTC,6,2020-04-13T16:09:20Z
1162967,2538297,16390539,2015-01-01 19:00:00 UTC,11,2020-04-13T16:09:20Z
1171952,2579008,16654126,2015-01-01 12:00:00 UTC,5,2020-04-21T09:04:34Z
1171952,2579008,16654125,2015-01-01 16:00:00 UTC,6,2020-04-21T09:04:34Z
1171952,2579008,16654124,2015-01-01 19:00:00 UTC,11,2020-04-21T09:04:34Z
1172180,2580258,16661936,2015-01-01 07:00:00 UTC,0,2020-04-21T12:18:00Z
1172180,2580258,16661937,2015-01-01 10:00:00 UTC,3,2020-04-21T12:18:00Z
1172180,2580258,16661939,2015-01-01 16:00:00 UTC,6,2020-04-21T12:18:00Z
1163858,2542038,16414510,2015-01-01 07:00:00 UTC,0,2020-04-14T10:51:37Z
1163858,2542038,16414511,2015-01-01 10:00:00 UTC,3,2020-04-14T10:51:37Z
1163858,2542038,16414513,2015-01-01 16:00:00 UTC,6,2020-04-14T10:51:37Z
1163711,2541269,16410054,2015-01-01 07:00:00 UTC,0,2020-04-14T05:57:32Z
1163711,2541269,16410055,2015-01-01 10:00:00 UTC,3,2020-04-14T05:57:32Z
1163711,2541269,16410056,2015-01-01 12:00:00 UTC,5,2020-04-14T05:57:32Z
1163711,2541269,16410058,2015-01-01 19:00:00 UTC,11,2020-04-14T05:57:32Z
1172082,2579784,16658900,2015-01-01 16:00:00 UTC,6,2020-04-21T11:08:42Z
1172082,2579784,16658902,2015-01-01 22:00:00 UTC,12,2020-04-21T11:08:42Z
1164035,2542713,16418632,2015-01-01 07:00:00 UTC,0,2020-04-14T13:42:56Z
1164035,2542713,16418633,2015-01-01 10:00:00 UTC,3,2020-04-14T13:42:56Z
1164035,2542713,16418635,2015-01-01 16:00:00 UTC,6,2020-04-14T13:42:56Z
1174344,2591987,16738336,2015-01-01 07:00:00 UTC,0,2020-04-22T19:01:42Z
1174344,2591987,16738337,2015-01-01 10:00:00 UTC,3,2020-04-22T19:01:42Z
1174344,2591987,16738339,2015-01-01 16:00:00 UTC,6,2020-04-22T19:01:42Z
1163797,2541833,16413232,2015-01-01 07:00:00 UTC,0,2020-04-14T09:53:16Z
1163797,2541833,16413233,2015-01-01 10:00:00 UTC,3,2020-04-14T09:53:16Z
1163797,2541833,16413235,2015-01-01 16:00:00 UTC,6,2020-04-14T09:53:16Z
1174278,2591744,16736853,2015-01-01 10:00:00 UTC,3,2020-04-22T18:19:41Z
1174278,2591744,16736855,2015-01-01 16:00:00 UTC,6,2020-04-22T18:19:41Z
1174278,2591744,16737334,2015-01-01 16:30:00 UTC,8,2020-04-22T18:35:55Z
1174278,2591744,16737335,2015-01-01 18:00:00 UTC,9,2020-04-22T18:36:17Z
1174278,2591744,16736857,2015-01-01 22:00:00 UTC,12,2020-04-22T18:19:41Z
1174434,2592305,16740331,2015-01-01 07:00:00 UTC,0,2020-04-22T20:01:22Z
1174434,2592305,16740330,2015-01-01 10:00:00 UTC,3,2020-04-22T20:01:22Z
1174434,2592305,16740332,2015-01-01 12:00:00 UTC,5,2020-04-22T20:01:22Z
1174434,2592305,16740334,2015-01-01 16:00:00 UTC,6,2020-04-22T20:01:22Z
1174434,2592305,16740333,2015-01-01 19:00:00 UTC,11,2020-04-22T20:01:22Z
1174434,2592305,16740335,2015-01-01 22:00:00 UTC,12,2020-04-22T20:01:22Z
1163754,2541545,16411541,2015-01-01 07:00:00 UTC,0,2020-04-14T08:35:50Z
1163754,2541545,16411542,2015-01-01 10:00:00 UTC,3,2020-04-14T08:35:50Z
1163754,2541545,16411544,2015-01-01 16:00:00 UTC,6,2020-04-14T08:35:50Z
1163842,2541989,16414203,2015-01-01 07:00:00 UTC,0,2020-04-14T10:31:57Z
1163842,2541989,16414204,2015-01-01 10:00:00 UTC,3,2020-04-14T10:31:57Z
1163842,2541989,16414206,2015-01-01 16:00:00 UTC,6,2020-04-14T10:31:57Z
1163814,2541878,16413507,2015-01-01 07:00:00 UTC,0,2020-04-14T10:06:32Z
1163814,2541878,16413508,2015-01-01 10:00:00 UTC,3,2020-04-14T10:06:32Z
1163814,2541878,16413510,2015-01-01 16:00:00 UTC,6,2020-04-14T10:06:32Z
1163814,2541878,16413511,2015-01-01 19:00:00 UTC,11,2020-04-14T10:06:32Z
1172801,2583213,16680462,2015-01-01 07:00:00 UTC,0,2020-04-21T19:55:05Z
1172801,2583213,16680461,2015-01-01 10:00:00 UTC,3,2020-04-21T19:55:05Z
1172801,2583213,16680460,2015-01-01 12:00:00 UTC,5,2020-04-21T19:55:05Z
1172801,2583213,16680459,2015-01-01 16:00:00 UTC,6,2020-04-21T19:55:05Z
1172801,2583213,16680458,2015-01-01 19:00:00 UTC,11,2020-04-21T19:55:05Z
1172869,2583452,16681874,2015-01-01 07:00:00 UTC,0,2020-04-21T20:47:43Z
1172869,2583452,16681873,2015-01-01 10:00:00 UTC,3,2020-04-21T20:47:43Z
1172869,2583452,16681871,2015-01-01 16:00:00 UTC,6,2020-04-21T20:47:43Z
1172869,2583452,16681870,2015-01-01 19:00:00 UTC,11,2020-04-21T20:47:43Z
1172869,2583452,16681869,2015-01-01 22:00:00 UTC,12,2020-04-21T20:47:43Z
1174397,2592176,16739506,2015-01-01 07:00:00 UTC,0,2020-04-22T19:36:56Z
1174397,2592176,16739505,2015-01-01 10:00:00 UTC,3,2020-04-22T19:36:56Z
1174397,2592176,16739503,2015-01-01 16:00:00 UTC,6,2020-04-22T19:36:56Z
1172844,2583371,16681352,2015-01-01 07:00:00 UTC,0,2020-04-21T20:19:10Z
1172844,2583371,16681355,2015-01-01 16:00:00 UTC,6,2020-04-21T20:19:10Z
1164043,2542744,16418831,2015-01-01 07:00:00 UTC,0,2020-04-14T13:52:13Z
1164043,2542744,16418832,2015-01-01 10:00:00 UTC,3,2020-04-14T13:52:13Z
1164043,2542744,16418834,2015-01-01 16:00:00 UTC,6,2020-04-14T13:52:13Z
1164108,2542942,16420144,2015-01-01 08:30:00 UTC,0,2020-04-14T14:43:14Z
1164108,2542942,16420145,2015-01-01 11:00:00 UTC,3,2020-04-14T14:43:14Z
1164108,2542942,16420146,2015-01-01 13:30:00 UTC,5,2020-04-14T14:43:14Z
1164108,2542942,16420147,2015-01-01 16:00:00 UTC,6,2020-04-14T14:43:14Z
1164108,2542942,16421312,2015-01-01 18:00:00 UTC,6,2020-04-14T15:36:32Z
1164965,2546635,16444756,2015-01-01 07:00:00 UTC,0,2020-04-15T06:06:05Z
1164965,2546635,16444757,2015-01-01 10:00:00 UTC,3,2020-04-15T06:06:05Z
1164965,2546635,16444759,2015-01-01 16:00:00 UTC,6,2020-04-15T06:06:05Z
1164074,2542807,16419220,2015-01-01 07:00:00 UTC,0,2020-04-14T14:12:34Z
1164074,2542807,16419221,2015-01-01 10:00:00 UTC,3,2020-04-14T14:12:34Z
1164074,2542807,16419223,2015-01-01 16:00:00 UTC,6,2020-04-14T14:12:34Z
1164058,2542776,16419024,2015-01-01 07:00:00 UTC,0,2020-04-14T14:05:18Z
1164058,2542776,16419025,2015-01-01 10:00:00 UTC,3,2020-04-14T14:05:18Z
1164058,2542776,16419027,2015-01-01 16:00:00 UTC,6,2020-04-14T14:05:18Z
1164220,2543348,16422692,2015-01-01 07:00:00 UTC,0,2020-04-14T16:35:04Z
1164220,2543348,16422693,2015-01-01 10:00:00 UTC,3,2020-04-14T16:35:04Z
1164220,2543348,16422694,2015-01-01 12:00:00 UTC,5,2020-04-14T16:35:04Z
1164220,2543348,16422695,2015-01-01 16:00:00 UTC,6,2020-04-14T16:35:04Z
1164220,2543348,16423094,2015-01-01 16:00:00 UTC,6,2020-04-14T16:42:47Z
1164220,2543348,16422696,2015-01-01 19:00:00 UTC,11,2020-04-14T16:35:04Z
1164082,2542835,16419399,2015-01-01 07:00:00 UTC,0,2020-04-14T14:20:52Z
1164082,2542835,16419400,2015-01-01 10:00:00 UTC,3,2020-04-14T14:20:52Z
1164082,2542835,16419402,2015-01-01 16:00:00 UTC,6,2020-04-14T14:20:52Z
1164082,2542835,16419403,2015-01-01 19:00:00 UTC,11,2020-04-14T14:20:52Z
1164956,2546619,16444654,2015-01-01 07:00:00 UTC,0,2020-04-15T05:33:24Z
1164956,2546619,16444655,2015-01-01 10:00:00 UTC,3,2020-04-15T05:33:24Z
1164956,2546619,16444657,2015-01-01 16:00:00 UTC,6,2020-04-15T05:33:24Z
1164193,2543262,16422155,2015-01-01 10:00:00 UTC,3,2020-04-14T16:07:57Z
1164193,2543262,16422158,2015-01-01 19:30:00 UTC,11,2020-04-14T16:07:57Z
1136579,2427884,15694037,2015-01-01 12:00:00 UTC,3,2020-03-17T16:08:17Z
1136579,2427884,15693731,2015-01-01 13:00:00 UTC,5,2020-03-17T16:02:56Z
1136579,2427884,15693731,2015-01-01 13:00:00 UTC,5,2020-03-17T16:02:56Z
1136579,2427884,15693731,2015-01-01 13:00:00 UTC,5,2020-03-17T16:02:56Z
1136579,2427884,15693731,2015-01-01 13:00:00 UTC,5,2020-03-17T16:02:56Z
1136579,2427884,15693731,2015-01-01 13:00:00 UTC,5,2020-03-17T16:02:56Z
1136579,2427884,15693731,2015-01-01 13:00:00 UTC,5,2020-03-17T16:02:56Z
1136579,2427884,15693733,2015-01-01 20:00:00 UTC,11,2020-03-17T16:02:56Z
1136579,2427884,15693733,2015-01-01 20:00:00 UTC,11,2020-03-17T16:02:56Z
1136579,2427884,15693734,2015-01-01 22:00:00 UTC,12,2020-03-17T16:02:56Z
1172946,2583747,16683753,2015-01-01 07:00:00 UTC,0,2020-04-21T21:54:55Z
1172946,2583747,16683754,2015-01-01 10:00:00 UTC,3,2020-04-21T21:54:55Z
1172946,2583747,16683755,2015-01-01 12:00:00 UTC,5,2020-04-21T21:54:55Z
1172946,2583747,16683756,2015-01-01 16:00:00 UTC,6,2020-04-21T21:54:55Z
1172946,2583747,16683757,2015-01-01 19:00:00 UTC,11,2020-04-21T21:54:55Z
1172946,2583747,16683758,2015-01-01 22:00:00 UTC,12,2020-04-21T21:54:55Z
1164959,2546629,16444721,2015-01-01 07:00:00 UTC,0,2020-04-15T05:49:13Z
1164959,2546629,16444722,2015-01-01 10:00:00 UTC,3,2020-04-15T05:49:13Z
1164959,2546629,16444724,2015-01-01 16:00:00 UTC,6,2020-04-15T05:49:13Z
1164960,2546630,16444728,2015-01-01 10:00:00 UTC,3,2020-04-15T05:57:34Z
1164960,2546630,16444730,2015-01-01 16:00:00 UTC,6,2020-04-15T05:57:34Z
1164960,2546630,16444731,2015-01-01 19:00:00 UTC,11,2020-04-15T05:57:34Z
1164958,2546621,16444666,2015-01-01 07:00:00 UTC,0,2020-04-15T05:40:25Z
1164958,2546621,16444667,2015-01-01 10:00:00 UTC,3,2020-04-15T05:40:25Z
1164958,2546621,16444669,2015-01-01 16:00:00 UTC,6,2020-04-15T05:40:25Z
1164958,2546621,16444670,2015-01-01 19:00:00 UTC,11,2020-04-15T05:40:25Z
1164966,2546636,16444762,2015-01-01 07:00:00 UTC,0,2020-04-15T06:09:38Z
1164966,2546636,16444763,2015-01-01 10:00:00 UTC,3,2020-04-15T06:09:38Z
1164966,2546636,16444765,2015-01-01 16:00:00 UTC,6,2020-04-15T06:09:38Z
1164966,2546636,16444766,2015-01-01 19:00:00 UTC,11,2020-04-15T06:09:38Z
1172921,2583649,16683149,2015-01-01 07:00:00 UTC,0,2020-04-21T21:36:15Z
1172921,2583649,16683147,2015-01-01 12:00:00 UTC,5,2020-04-21T21:36:15Z
1172921,2583649,16683145,2015-01-01 19:00:00 UTC,11,2020-04-21T21:36:15Z
1172883,2583527,16682376,2015-01-01 07:00:00 UTC,0,2020-04-21T21:00:07Z
1172883,2583527,16682377,2015-01-01 10:00:00 UTC,3,2020-04-21T21:00:07Z
1172883,2583527,16682378,2015-01-01 12:00:00 UTC,5,2020-04-21T21:00:07Z
1172883,2583527,16682379,2015-01-01 16:00:00 UTC,6,2020-04-21T21:00:07Z
1172883,2583527,16682380,2015-01-01 19:00:00 UTC,11,2020-04-21T21:00:07Z
1165005,2546890,16446110,2015-01-01 07:00:00 UTC,0,2020-04-15T08:18:53Z
1165005,2546890,16446111,2015-01-01 10:00:00 UTC,3,2020-04-15T08:18:53Z
1165005,2546890,16446113,2015-01-01 16:00:00 UTC,6,2020-04-15T08:18:53Z
1165027,2546985,16446702,2015-01-01 07:00:00 UTC,0,2020-04-15T08:40:45Z
1165027,2546985,16446703,2015-01-01 10:00:00 UTC,3,2020-04-15T08:40:45Z
1165027,2546985,16446705,2015-01-01 16:00:00 UTC,6,2020-04-15T08:40:45Z
1165027,2546985,16446706,2015-01-01 19:00:00 UTC,11,2020-04-15T08:40:45Z
1165036,2547013,16446870,2015-01-01 07:00:00 UTC,0,2020-04-15T09:01:45Z
1165036,2547013,16446871,2015-01-01 10:00:00 UTC,3,2020-04-15T09:01:45Z
1165036,2547013,16446873,2015-01-01 16:00:00 UTC,6,2020-04-15T09:01:45Z
1165187,2547916,16452451,2015-01-01 07:00:00 UTC,0,2020-04-15T11:49:26Z
1165187,2547916,16452451,2015-01-01 07:00:00 UTC,0,2020-04-15T11:49:26Z
1165187,2547916,16452451,2015-01-01 07:00:00 UTC,0,2020-04-15T11:49:26Z
1165187,2547916,16452452,2015-01-01 10:00:00 UTC,3,2020-04-15T11:49:26Z
1165187,2547916,16452453,2015-01-01 12:00:00 UTC,5,2020-04-15T11:49:26Z
1165187,2547916,16452454,2015-01-01 16:00:00 UTC,6,2020-04-15T11:49:26Z
1165187,2547916,16452455,2015-01-01 19:00:00 UTC,11,2020-04-15T11:49:26Z
1165187,2547916,16452455,2015-01-01 19:00:00 UTC,11,2020-04-15T11:49:26Z
1165187,2547916,16452455,2015-01-01 19:00:00 UTC,11,2020-04-15T11:49:26Z
1172917,2583631,16683022,2015-01-01 07:00:00 UTC,0,2020-04-21T21:27:36Z
1172917,2583631,16683023,2015-01-01 10:00:00 UTC,3,2020-04-21T21:27:36Z
1172917,2583631,16683024,2015-01-01 12:00:00 UTC,5,2020-04-21T21:27:36Z
1172917,2583631,16683025,2015-01-01 16:00:00 UTC,6,2020-04-21T21:27:36Z
1172917,2583631,16683026,2015-01-01 19:00:00 UTC,11,2020-04-21T21:27:36Z
1172917,2583631,16683027,2015-01-01 22:00:00 UTC,12,2020-04-21T21:27:36Z
1165628,2549743,16463833,2015-01-01 07:00:00 UTC,0,2020-04-15T18:20:24Z
1165628,2549743,16463834,2015-01-01 10:00:00 UTC,3,2020-04-15T18:20:24Z
1165628,2549743,16463835,2015-01-01 12:00:00 UTC,5,2020-04-15T18:20:24Z
1165628,2549743,16463836,2015-01-01 16:00:00 UTC,6,2020-04-15T18:20:24Z
1165628,2549743,16464275,2015-01-01 16:00:00 UTC,6,2020-04-15T18:34:27Z
1165628,2549743,16463837,2015-01-01 19:00:00 UTC,11,2020-04-15T18:20:24Z
1165397,2549006,16459310,2015-01-01 07:00:00 UTC,0,2020-04-15T15:57:34Z
1165397,2549006,16459309,2015-01-01 10:00:00 UTC,3,2020-04-15T15:57:34Z
1165397,2549006,16459307,2015-01-01 16:00:00 UTC,6,2020-04-15T15:57:33Z
1165391,2548738,16457650,2015-01-01 10:00:00 UTC,3,2020-04-15T15:20:04Z
1165391,2548738,16457648,2015-01-01 16:00:00 UTC,6,2020-04-15T15:20:04Z
1165450,2549017,16459357,2015-01-01 07:00:00 UTC,0,2020-04-15T15:58:20Z
1165450,2549017,16459358,2015-01-01 10:00:00 UTC,3,2020-04-15T15:58:20Z
1165450,2549017,16459360,2015-01-01 16:00:00 UTC,6,2020-04-15T15:58:21Z
1165450,2549017,16459361,2015-01-01 19:00:00 UTC,11,2020-04-15T15:58:21Z
1133210,2413086,15598783,2015-01-01 07:45:00 UTC,0,2020-03-14T22:33:57Z
1133210,2413086,15598784,2015-01-01 10:00:00 UTC,3,2020-03-14T22:33:57Z
1133210,2413086,15598785,2015-01-01 13:00:00 UTC,5,2020-03-14T22:33:57Z
1133210,2413086,15598786,2015-01-01 17:00:00 UTC,6,2020-03-14T22:33:57Z
1133210,2413086,15598797,2015-01-01 20:00:00 UTC,9,2020-03-14T22:38:11Z
1133210,2413086,15598787,2015-01-01 21:00:00 UTC,11,2020-03-14T22:33:57Z
1133210,2413086,15598788,2015-01-01 23:00:00 UTC,12,2020-03-14T22:33:57Z
1165587,2549555,16462699,2015-01-01 08:30:00 UTC,0,2020-04-15T17:53:57Z
1165587,2549555,16462700,2015-01-01 10:00:00 UTC,3,2020-04-15T17:53:57Z
1165587,2549555,16462701,2015-01-01 12:00:00 UTC,5,2020-04-15T17:53:57Z
1165587,2549555,16462702,2015-01-01 16:00:00 UTC,6,2020-04-15T17:53:57Z
1165587,2549555,16462703,2015-01-01 19:00:00 UTC,11,2020-04-15T17:53:57Z
1165698,2549924,16464892,2015-01-01 07:00:00 UTC,0,2020-04-15T18:59:33Z
1165698,2549924,16464893,2015-01-01 10:00:00 UTC,3,2020-04-15T18:59:33Z
1165698,2549924,16464894,2015-01-01 12:00:00 UTC,5,2020-04-15T18:59:33Z
1165698,2549924,16464895,2015-01-01 16:00:00 UTC,6,2020-04-15T18:59:33Z
1165698,2549924,16464896,2015-01-01 19:00:00 UTC,11,2020-04-15T18:59:33Z
1165714,2549967,16465152,2015-01-01 08:30:00 UTC,0,2020-04-15T19:12:00Z
1165714,2549967,16465153,2015-01-01 11:30:00 UTC,3,2020-04-15T19:12:00Z
1165714,2549967,16465154,2015-01-01 13:30:00 UTC,5,2020-04-15T19:12:00Z
1165714,2549967,16465155,2015-01-01 17:00:00 UTC,6,2020-04-15T19:12:00Z
1165714,2549967,16465156,2015-01-01 20:00:00 UTC,11,2020-04-15T19:12:00Z
1172892,2583552,16682534,2015-01-01 10:00:00 UTC,3,2020-04-21T21:09:57Z
1172892,2583552,16682535,2015-01-01 12:00:00 UTC,5,2020-04-21T21:09:57Z
1172892,2583552,16682537,2015-01-01 19:00:00 UTC,11,2020-04-21T21:09:57Z
1133193,2413056,15598599,2015-01-01 07:00:00 UTC,0,2020-03-14T21:58:27Z
1133193,2413056,15598600,2015-01-01 10:00:00 UTC,3,2020-03-14T21:58:27Z
1133193,2413056,15598601,2015-01-01 12:00:00 UTC,5,2020-03-14T21:58:27Z
1133193,2413056,15598602,2015-01-01 16:00:00 UTC,6,2020-03-14T21:58:27Z
1133193,2413056,15598725,2015-01-01 16:30:00 UTC,8,2020-03-14T22:14:41Z
1133193,2413056,15598603,2015-01-01 19:00:00 UTC,11,2020-03-14T21:58:27Z
1133193,2413056,15598604,2015-01-01 22:00:00 UTC,12,2020-03-14T21:58:27Z
1165730,2550009,16465431,2015-01-01 07:00:00 UTC,0,2020-04-15T19:30:47Z
1165730,2550009,16465432,2015-01-01 10:00:00 UTC,3,2020-04-15T19:30:47Z
1165730,2550009,16465433,2015-01-01 12:00:00 UTC,5,2020-04-15T19:30:47Z
1165730,2550009,16465434,2015-01-01 16:00:00 UTC,6,2020-04-15T19:30:47Z
1165730,2550009,16465435,2015-01-01 19:00:00 UTC,11,2020-04-15T19:30:47Z
1166217,2552443,16482379,2015-01-01 07:00:00 UTC,0,2020-04-16T06:35:02Z
1166217,2552443,16482378,2015-01-01 10:00:00 UTC,3,2020-04-16T06:35:01Z
1166217,2552443,16482376,2015-01-01 16:00:00 UTC,6,2020-04-16T06:35:01Z
1174449,2592382,16740735,2015-01-01 07:00:00 UTC,0,2020-04-22T20:11:17Z
1174449,2592382,16740734,2015-01-01 10:00:00 UTC,3,2020-04-22T20:11:17Z
1174449,2592382,16740733,2015-01-01 12:00:00 UTC,5,2020-04-22T20:11:17Z
1174449,2592382,16740732,2015-01-01 16:00:00 UTC,6,2020-04-22T20:11:17Z
1174449,2592382,16740731,2015-01-01 19:00:00 UTC,11,2020-04-22T20:11:17Z
1166220,2552448,16482404,2015-01-01 07:00:00 UTC,0,2020-04-16T06:44:46Z
1166220,2552448,16482405,2015-01-01 10:00:00 UTC,3,2020-04-16T06:44:46Z
1166220,2552448,16482407,2015-01-01 16:00:00 UTC,6,2020-04-16T06:44:46Z
1166220,2552448,16482408,2015-01-01 19:00:00 UTC,11,2020-04-16T06:44:46Z
1166219,2552446,16482392,2015-01-01 07:00:00 UTC,0,2020-04-16T06:44:02Z
1166219,2552446,16482393,2015-01-01 10:00:00 UTC,3,2020-04-16T06:44:02Z
1166219,2552446,16482395,2015-01-01 16:00:00 UTC,6,2020-04-16T06:44:02Z
1049022,2200290,14254230,2015-01-01 07:00:00 UTC,0,2020-02-11T13:53:04Z
1049022,2200290,14254230,2015-01-01 07:00:00 UTC,0,2020-02-11T13:53:04Z
1049022,2200290,14254230,2015-01-01 07:00:00 UTC,0,2020-02-11T13:53:04Z
1049022,2200290,14254230,2015-01-01 07:00:00 UTC,0,2020-02-11T13:53:04Z
1049022,2200290,14254231,2015-01-01 10:00:00 UTC,3,2020-02-11T13:53:04Z
1049022,2200290,14254232,2015-01-01 12:00:00 UTC,5,2020-02-11T13:53:04Z
1049022,2200290,14254233,2015-01-01 16:00:00 UTC,6,2020-02-11T13:53:04Z
1049022,2200290,14254234,2015-01-01 19:00:00 UTC,11,2020-02-11T13:53:04Z
1049022,2200290,14254234,2015-01-01 19:00:00 UTC,11,2020-02-11T13:53:04Z
1049022,2200290,14254234,2015-01-01 19:00:00 UTC,11,2020-02-11T13:53:04Z
1134842,2421158,15651133,2015-01-01 07:00:00 UTC,0,2020-03-16T15:22:09Z
1134842,2421158,15651134,2015-01-01 10:00:00 UTC,3,2020-03-16T15:22:09Z
1134842,2421158,15651135,2015-01-01 12:00:00 UTC,5,2020-03-16T15:22:09Z
1134842,2421158,15651136,2015-01-01 16:00:00 UTC,6,2020-03-16T15:22:09Z
1134842,2421158,15651137,2015-01-01 19:00:00 UTC,11,2020-03-16T15:22:09Z
1136401,2427351,15690448,2015-01-01 07:00:00 UTC,0,2020-03-17T14:33:28Z
1136401,2427351,15690450,2015-01-01 12:00:00 UTC,5,2020-03-17T14:33:28Z
1136401,2427351,15690450,2015-01-01 12:00:00 UTC,5,2020-03-17T14:33:28Z
1136401,2427351,15690451,2015-01-01 16:00:00 UTC,6,2020-03-17T14:33:28Z
1136401,2427351,15690452,2015-01-01 19:00:00 UTC,11,2020-03-17T14:33:28Z
1136401,2427351,15690452,2015-01-01 19:00:00 UTC,11,2020-03-17T14:33:28Z
1134784,2420976,15650027,2015-01-01 07:45:00 UTC,0,2020-03-16T15:04:28Z
1134784,2420976,15650028,2015-01-01 10:00:00 UTC,3,2020-03-16T15:04:28Z
1134784,2420976,15650029,2015-01-01 13:00:00 UTC,5,2020-03-16T15:04:28Z
1134784,2420976,15650030,2015-01-01 17:00:00 UTC,6,2020-03-16T15:04:28Z
1134784,2420976,15650205,2015-01-01 18:30:00 UTC,8,2020-03-16T15:14:51Z
1134784,2420976,15650206,2015-01-01 20:00:00 UTC,9,2020-03-16T15:15:27Z
1134784,2420976,15650031,2015-01-01 22:00:00 UTC,11,2020-03-16T15:04:28Z
1134890,2421320,15652122,2015-01-01 08:00:00 UTC,0,2020-03-16T15:50:51Z
1134890,2421320,15652123,2015-01-01 10:00:00 UTC,3,2020-03-16T15:50:51Z
1134890,2421320,15652124,2015-01-01 12:00:00 UTC,5,2020-03-16T15:50:51Z
1134890,2421320,15652124,2015-01-01 12:00:00 UTC,5,2020-03-16T15:50:51Z
1134890,2421320,15652124,2015-01-01 12:00:00 UTC,5,2020-03-16T15:50:51Z
1134890,2421320,15652124,2015-01-01 12:00:00 UTC,5,2020-03-16T15:50:51Z
1134890,2421320,15652124,2015-01-01 12:00:00 UTC,5,2020-03-16T15:50:51Z
1134890,2421320,15652124,2015-01-01 12:00:00 UTC,5,2020-03-16T15:50:51Z
1134890,2421320,15652125,2015-01-01 17:00:00 UTC,6,2020-03-16T15:50:51Z
1134890,2421320,15652404,2015-01-01 18:30:00 UTC,8,2020-03-16T16:01:21Z
1134890,2421320,15652126,2015-01-01 21:00:00 UTC,11,2020-03-16T15:50:51Z
1134890,2421320,15652126,2015-01-01 21:00:00 UTC,11,2020-03-16T15:50:51Z
1134890,2421320,15652126,2015-01-01 21:00:00 UTC,11,2020-03-16T15:50:51Z
1134890,2421320,15652126,2015-01-01 21:00:00 UTC,11,2020-03-16T15:50:51Z
1134890,2421320,15652126,2015-01-01 21:00:00 UTC,11,2020-03-16T15:50:51Z
1134890,2421320,15652126,2015-01-01 21:00:00 UTC,11,2020-03-16T15:50:51Z
1134890,2421320,15652127,2015-01-01 22:30:00 UTC,12,2020-03-16T15:50:51Z
1174479,2592509,16741528,2015-01-01 07:00:00 UTC,0,2020-04-22T20:29:10Z
1174479,2592509,16741527,2015-01-01 10:00:00 UTC,3,2020-04-22T20:29:10Z
1174479,2592509,16741526,2015-01-01 12:00:00 UTC,5,2020-04-22T20:29:10Z
1174479,2592509,16741525,2015-01-01 16:00:00 UTC,6,2020-04-22T20:29:10Z
1174479,2592509,16741524,2015-01-01 19:00:00 UTC,11,2020-04-22T20:29:10Z
1174479,2592509,16741523,2015-01-01 22:00:00 UTC,12,2020-04-22T20:29:10Z
1134843,2421159,15651139,2015-01-01 08:00:00 UTC,0,2020-03-16T15:22:13Z
1134843,2421159,15651140,2015-01-01 10:00:00 UTC,3,2020-03-16T15:22:13Z
1134843,2421159,15651141,2015-01-01 13:30:00 UTC,5,2020-03-16T15:22:13Z
1134843,2421159,15651141,2015-01-01 13:30:00 UTC,5,2020-03-16T15:22:13Z
1134843,2421159,15651141,2015-01-01 13:30:00 UTC,5,2020-03-16T15:22:13Z
1134843,2421159,15651141,2015-01-01 13:30:00 UTC,5,2020-03-16T15:22:13Z
1134843,2421159,15651141,2015-01-01 13:30:00 UTC,5,2020-03-16T15:22:13Z
1134843,2421159,15651141,2015-01-01 13:30:00 UTC,5,2020-03-16T15:22:13Z
1134843,2421159,15651142,2015-01-01 17:00:00 UTC,6,2020-03-16T15:22:13Z
1134843,2421159,15651466,2015-01-01 18:30:00 UTC,8,2020-03-16T15:32:19Z
1134843,2421159,15651143,2015-01-01 19:00:00 UTC,11,2020-03-16T15:22:13Z
1134843,2421159,15651144,2015-01-01 22:30:00 UTC,12,2020-03-16T15:22:13Z
1136402,2427352,15690454,2015-01-01 08:00:00 UTC,0,2020-03-17T14:35:01Z
1136402,2427352,15690455,2015-01-01 10:00:00 UTC,3,2020-03-17T14:35:01Z
1136402,2427352,15690456,2015-01-01 12:00:00 UTC,5,2020-03-17T14:35:01Z
1136402,2427352,15690456,2015-01-01 12:00:00 UTC,5,2020-03-17T14:35:01Z
1136402,2427352,15690456,2015-01-01 12:00:00 UTC,5,2020-03-17T14:35:01Z
1136402,2427352,15690456,2015-01-01 12:00:00 UTC,5,2020-03-17T14:35:01Z
1136402,2427352,15690456,2015-01-01 12:00:00 UTC,5,2020-03-17T14:35:01Z
1136402,2427352,15690456,2015-01-01 12:00:00 UTC,5,2020-03-17T14:35:01Z
1136402,2427352,15690457,2015-01-01 17:00:00 UTC,6,2020-03-17T14:35:01Z
1136402,2427352,15690746,2015-01-01 18:30:00 UTC,8,2020-03-17T14:45:29Z
1136402,2427352,15690747,2015-01-01 20:00:00 UTC,9,2020-03-17T14:45:32Z
1136402,2427352,15690458,2015-01-01 21:30:00 UTC,11,2020-03-17T14:35:01Z
1136402,2427352,15690458,2015-01-01 21:30:00 UTC,11,2020-03-17T14:35:01Z
1136402,2427352,15690458,2015-01-01 21:30:00 UTC,11,2020-03-17T14:35:01Z
1136402,2427352,15690458,2015-01-01 21:30:00 UTC,11,2020-03-17T14:35:01Z
1136402,2427352,15690458,2015-01-01 21:30:00 UTC,11,2020-03-17T14:35:01Z
1136402,2427352,15690458,2015-01-01 21:30:00 UTC,11,2020-03-17T14:35:01Z
1173380,2587157,16707864,2015-01-01 10:00:00 UTC,3,2020-04-22T07:33:03Z
1173380,2587157,16707865,2015-01-01 12:00:00 UTC,5,2020-04-22T07:33:03Z
1173380,2587157,16707866,2015-01-01 16:00:00 UTC,6,2020-04-22T07:33:03Z
1173380,2587157,16707867,2015-01-01 19:00:00 UTC,11,2020-04-22T07:33:03Z
1173400,2587397,16709250,2015-01-01 10:00:00 UTC,3,2020-04-22T08:29:52Z
1173400,2587397,16709249,2015-01-01 12:00:00 UTC,5,2020-04-22T08:29:52Z
1173400,2587397,16709248,2015-01-01 16:00:00 UTC,6,2020-04-22T08:29:52Z
1173400,2587397,16709247,2015-01-01 19:00:00 UTC,11,2020-04-22T08:29:52Z
1173475,2587877,16712297,2015-01-01 07:00:00 UTC,0,2020-04-22T09:44:47Z
1173475,2587877,16712296,2015-01-01 10:00:00 UTC,3,2020-04-22T09:44:47Z
1173475,2587877,16712295,2015-01-01 12:00:00 UTC,5,2020-04-22T09:44:47Z
1173475,2587877,16712294,2015-01-01 16:00:00 UTC,6,2020-04-22T09:44:47Z
1173475,2587877,16712293,2015-01-01 19:00:00 UTC,11,2020-04-22T09:44:47Z
1173417,2587518,16710010,2015-01-01 10:00:00 UTC,3,2020-04-22T08:54:46Z
1173417,2587518,16710009,2015-01-01 12:00:00 UTC,5,2020-04-22T08:54:46Z
1173417,2587518,16710008,2015-01-01 16:00:00 UTC,6,2020-04-22T08:54:46Z
1173452,2587713,16711264,2015-01-01 07:00:00 UTC,0,2020-04-22T09:26:09Z
1173452,2587713,16711263,2015-01-01 10:00:00 UTC,3,2020-04-22T09:26:09Z
1173452,2587713,16711261,2015-01-01 16:00:00 UTC,6,2020-04-22T09:26:09Z
1173452,2587713,16711260,2015-01-01 19:00:00 UTC,11,2020-04-22T09:26:09Z
1115713,2359151,15258015,2015-01-01 07:00:00 UTC,0,2020-03-05T16:07:13Z
1115713,2359151,15258016,2015-01-01 10:00:00 UTC,3,2020-03-05T16:07:13Z
1115713,2359151,15258017,2015-01-01 12:00:00 UTC,5,2020-03-05T16:07:13Z
1115713,2359151,15258019,2015-01-01 19:00:00 UTC,11,2020-03-05T16:07:13Z
1167549,2557930,16517544,2015-01-01 07:00:00 UTC,0,2020-04-17T09:29:45Z
1167549,2557930,16517545,2015-01-01 10:00:00 UTC,3,2020-04-17T09:29:45Z
1167549,2557930,16517546,2015-01-01 12:00:00 UTC,5,2020-04-17T09:29:45Z
1167549,2557930,16517547,2015-01-01 16:00:00 UTC,6,2020-04-17T09:29:45Z
1167549,2557930,16517548,2015-01-01 19:00:00 UTC,11,2020-04-17T09:29:45Z
1136512,2427661,15692388,2015-01-01 07:00:00 UTC,0,2020-03-17T15:21:35Z
1136512,2427661,15692390,2015-01-01 12:00:00 UTC,5,2020-03-17T15:21:35Z
1136512,2427661,15692390,2015-01-01 12:00:00 UTC,5,2020-03-17T15:21:35Z
1136512,2427661,15692390,2015-01-01 12:00:00 UTC,5,2020-03-17T15:21:35Z
1136512,2427661,15692390,2015-01-01 12:00:00 UTC,5,2020-03-17T15:21:35Z
1136512,2427661,15692390,2015-01-01 12:00:00 UTC,5,2020-03-17T15:21:35Z
1136512,2427661,15692390,2015-01-01 12:00:00 UTC,5,2020-03-17T15:21:35Z
1136512,2427661,15692879,2015-01-01 18:30:00 UTC,8,2020-03-17T15:34:21Z
1136512,2427661,15692392,2015-01-01 20:30:00 UTC,11,2020-03-17T15:21:35Z
1136512,2427661,15692392,2015-01-01 20:30:00 UTC,11,2020-03-17T15:21:35Z
1136512,2427661,15692392,2015-01-01 20:30:00 UTC,11,2020-03-17T15:21:35Z
1136512,2427661,15692392,2015-01-01 20:30:00 UTC,11,2020-03-17T15:21:35Z
1136512,2427661,15692392,2015-01-01 20:30:00 UTC,11,2020-03-17T15:21:35Z
1136512,2427661,15692392,2015-01-01 20:30:00 UTC,11,2020-03-17T15:21:35Z
1136454,2427492,15691303,2015-01-01 07:00:00 UTC,0,2020-03-17T14:54:00Z
1136454,2427492,15691304,2015-01-01 10:00:00 UTC,3,2020-03-17T14:54:00Z
1136454,2427492,15691305,2015-01-01 12:00:00 UTC,5,2020-03-17T14:54:00Z
1136454,2427492,15691305,2015-01-01 12:00:00 UTC,5,2020-03-17T14:54:00Z
1136454,2427492,15691305,2015-01-01 12:00:00 UTC,5,2020-03-17T14:54:00Z
1136454,2427492,15691305,2015-01-01 12:00:00 UTC,5,2020-03-17T14:54:00Z
1136454,2427492,15691305,2015-01-01 12:00:00 UTC,5,2020-03-17T14:54:00Z
1136454,2427492,15691305,2015-01-01 12:00:00 UTC,5,2020-03-17T14:54:00Z
1136454,2427492,15691306,2015-01-01 17:00:00 UTC,6,2020-03-17T14:54:00Z
1136454,2427492,15691941,2015-01-01 18:30:00 UTC,8,2020-03-17T15:11:17Z
1136454,2427492,15691307,2015-01-01 21:00:00 UTC,11,2020-03-17T14:54:00Z
1136454,2427492,15691307,2015-01-01 21:00:00 UTC,11,2020-03-17T14:54:00Z
1136454,2427492,15691307,2015-01-01 21:00:00 UTC,11,2020-03-17T14:54:00Z
1136454,2427492,15691307,2015-01-01 21:00:00 UTC,11,2020-03-17T14:54:00Z
1136454,2427492,15691307,2015-01-01 21:00:00 UTC,11,2020-03-17T14:54:00Z
1136454,2427492,15691307,2015-01-01 21:00:00 UTC,11,2020-03-17T14:54:00Z
1136454,2427492,15691308,2015-01-01 22:00:00 UTC,12,2020-03-17T14:54:00Z
1167792,2558844,16523188,2015-01-01 07:00:00 UTC,0,2020-04-17T13:56:30Z
1167792,2558844,16523189,2015-01-01 10:00:00 UTC,3,2020-04-17T13:56:30Z
1167792,2558844,16523190,2015-01-01 12:00:00 UTC,5,2020-04-17T13:56:30Z
1167792,2558844,16523192,2015-01-01 19:00:00 UTC,11,2020-04-17T13:56:30Z
1167575,2558045,16518273,2015-01-01 07:00:00 UTC,0,2020-04-17T10:15:05Z
1167575,2558045,16518274,2015-01-01 10:00:00 UTC,3,2020-04-17T10:15:05Z
1167575,2558045,16518275,2015-01-01 12:00:00 UTC,5,2020-04-17T10:15:05Z
1167575,2558045,16518277,2015-01-01 19:00:00 UTC,11,2020-04-17T10:15:05Z
1167613,2558199,16519243,2015-01-01 07:00:00 UTC,0,2020-04-17T11:04:20Z
1167613,2558199,16519244,2015-01-01 10:00:00 UTC,3,2020-04-17T11:04:20Z
1167613,2558199,16519245,2015-01-01 12:00:00 UTC,5,2020-04-17T11:04:20Z
1167613,2558199,16519246,2015-01-01 16:00:00 UTC,6,2020-04-17T11:04:20Z
1167613,2558199,16519247,2015-01-01 19:00:00 UTC,11,2020-04-17T11:04:20Z
1167559,2557972,16517805,2015-01-01 07:00:00 UTC,0,2020-04-17T09:47:45Z
1167559,2557972,16517807,2015-01-01 12:00:00 UTC,5,2020-04-17T09:47:45Z
1167559,2557972,16517808,2015-01-01 16:00:00 UTC,6,2020-04-17T09:47:45Z
1167559,2557972,16517809,2015-01-01 19:00:00 UTC,11,2020-04-17T09:47:45Z
1173516,2588088,16713658,2015-01-01 07:00:00 UTC,0,2020-04-22T10:11:53Z
1173516,2588088,16713659,2015-01-01 10:00:00 UTC,3,2020-04-22T10:11:53Z
1173516,2588088,16713660,2015-01-01 12:00:00 UTC,5,2020-04-22T10:11:53Z
1173516,2588088,16713661,2015-01-01 16:00:00 UTC,6,2020-04-22T10:11:54Z
1173516,2588088,16713662,2015-01-01 19:00:00 UTC,11,2020-04-22T10:11:54Z
1167772,2558790,16522856,2015-01-01 07:00:00 UTC,0,2020-04-17T13:39:24Z
1167772,2558790,16522857,2015-01-01 10:00:00 UTC,3,2020-04-17T13:39:24Z
1167772,2558790,16522858,2015-01-01 12:00:00 UTC,5,2020-04-17T13:39:24Z
1167772,2558790,16522859,2015-01-01 16:00:00 UTC,6,2020-04-17T13:39:24Z
1167772,2558790,16522860,2015-01-01 19:00:00 UTC,11,2020-04-17T13:39:24Z
1167907,2559211,16525516,2015-01-01 07:00:00 UTC,0,2020-04-17T15:46:56Z
1167907,2559211,16525517,2015-01-01 10:00:00 UTC,3,2020-04-17T15:46:56Z
1167907,2559211,16525518,2015-01-01 12:00:00 UTC,5,2020-04-17T15:46:56Z
1167907,2559211,16525519,2015-01-01 16:00:00 UTC,6,2020-04-17T15:46:56Z
1167907,2559211,16525715,2015-01-01 16:00:00 UTC,6,2020-04-17T15:55:08Z
1167907,2559211,16525520,2015-01-01 19:00:00 UTC,11,2020-04-17T15:46:56Z
1167511,2557756,16516423,2015-01-01 07:00:00 UTC,0,2020-04-17T08:38:24Z
1167511,2557756,16516426,2015-01-01 16:00:00 UTC,6,2020-04-17T08:38:24Z
1173532,2588200,16714374,2015-01-01 07:00:00 UTC,0,2020-04-22T10:23:47Z
1173532,2588200,16714373,2015-01-01 10:00:00 UTC,3,2020-04-22T10:23:47Z
1173532,2588200,16714372,2015-01-01 12:00:00 UTC,5,2020-04-22T10:23:47Z
1173532,2588200,16714371,2015-01-01 16:00:00 UTC,6,2020-04-22T10:23:47Z
1173532,2588200,16714370,2015-01-01 19:00:00 UTC,11,2020-04-22T10:23:47Z
1173552,2588345,16715336,2015-01-01 07:00:00 UTC,0,2020-04-22T10:40:46Z
1173552,2588345,16715337,2015-01-01 10:00:00 UTC,3,2020-04-22T10:40:46Z
1173552,2588345,16715338,2015-01-01 12:00:00 UTC,5,2020-04-22T10:40:46Z
1173552,2588345,16715339,2015-01-01 16:00:00 UTC,6,2020-04-22T10:40:46Z
1173552,2588345,16715340,2015-01-01 19:00:00 UTC,11,2020-04-22T10:40:46Z
1167654,2558379,16520289,2015-01-01 07:00:00 UTC,0,2020-04-17T11:47:58Z
1167654,2558379,16520290,2015-01-01 10:00:00 UTC,3,2020-04-17T11:47:58Z
1167654,2558379,16520291,2015-01-01 12:00:00 UTC,5,2020-04-17T11:47:58Z
1167654,2558379,16520291,2015-01-01 12:00:00 UTC,5,2020-04-17T11:47:58Z
1167654,2558379,16520293,2015-01-01 19:00:00 UTC,11,2020-04-17T11:47:58Z
1167637,2558278,16519683,2015-01-01 07:00:00 UTC,0,2020-04-17T11:27:22Z
1167637,2558278,16519684,2015-01-01 10:00:00 UTC,3,2020-04-17T11:27:22Z
1167637,2558278,16519685,2015-01-01 12:00:00 UTC,5,2020-04-17T11:27:22Z
1167637,2558278,16519687,2015-01-01 19:00:00 UTC,11,2020-04-17T11:27:22Z
1167595,2558118,16518682,2015-01-01 07:00:00 UTC,0,2020-04-17T10:41:58Z
1167595,2558118,16518780,2015-01-01 10:00:00 UTC,3,2020-04-17T10:48:19Z
1167595,2558118,16518683,2015-01-01 12:00:00 UTC,3,2020-04-17T10:41:58Z
1167595,2558118,16518683,2015-01-01 12:00:00 UTC,3,2020-04-17T10:41:58Z
1167595,2558118,16518685,2015-01-01 16:00:00 UTC,6,2020-04-17T10:41:58Z
1167595,2558118,16518686,2015-01-01 19:00:00 UTC,11,2020-04-17T10:41:58Z
1167595,2558118,16518686,2015-01-01 19:00:00 UTC,11,2020-04-17T10:41:58Z
1167567,2558011,16518057,2015-01-01 07:00:00 UTC,0,2020-04-17T10:00:35Z
1167567,2558011,16518058,2015-01-01 10:00:00 UTC,3,2020-04-17T10:00:35Z
1167567,2558011,16518059,2015-01-01 12:00:00 UTC,5,2020-04-17T10:00:35Z
1167567,2558011,16518060,2015-01-01 16:00:00 UTC,6,2020-04-17T10:00:35Z
1167567,2558011,16518061,2015-01-01 19:00:00 UTC,11,2020-04-17T10:00:35Z
1174537,2592719,16742873,2015-01-01 07:00:00 UTC,0,2020-04-22T21:00:18Z
1174537,2592719,16742872,2015-01-01 10:00:00 UTC,3,2020-04-22T21:00:18Z
1174537,2592719,16742870,2015-01-01 16:00:00 UTC,6,2020-04-22T21:00:18Z
1167876,2559069,16524590,2015-01-01 07:00:00 UTC,0,2020-04-17T15:22:47Z
1167876,2559069,16524591,2015-01-01 10:00:00 UTC,3,2020-04-17T15:22:47Z
1167876,2559069,16524592,2015-01-01 12:00:00 UTC,5,2020-04-17T15:22:47Z
1167876,2559069,16524593,2015-01-01 16:00:00 UTC,6,2020-04-17T15:22:48Z
1167876,2559069,16524996,2015-01-01 16:00:00 UTC,6,2020-04-17T15:35:46Z
1167876,2559069,16524594,2015-01-01 19:00:00 UTC,11,2020-04-17T15:22:48Z
1167852,2559000,16524154,2015-01-01 07:00:00 UTC,0,2020-04-17T14:57:18Z
1167852,2559000,16524155,2015-01-01 10:00:00 UTC,3,2020-04-17T14:57:18Z
1167852,2559000,16524156,2015-01-01 12:00:00 UTC,5,2020-04-17T14:57:18Z
1167852,2559000,16524157,2015-01-01 16:00:00 UTC,6,2020-04-17T14:57:18Z
1167852,2559000,16524158,2015-01-01 19:00:00 UTC,11,2020-04-17T14:57:18Z
1138173,2434679,15736097,2015-01-01 07:00:00 UTC,0,2020-03-18T17:38:45Z
1137986,2434058,15732407,2015-01-01 07:00:00 UTC,0,2020-03-18T15:38:43Z
1137986,2434058,15732411,2015-01-01 19:00:00 UTC,11,2020-03-18T15:38:43Z
1174128,2591106,16732801,2015-01-01 07:00:00 UTC,0,2020-04-22T16:47:14Z
1174128,2591106,16732802,2015-01-01 10:00:00 UTC,3,2020-04-22T16:47:14Z
1174128,2591106,16732804,2015-01-01 16:00:00 UTC,6,2020-04-22T16:47:14Z
1174128,2591106,16733337,2015-01-01 18:00:00 UTC,9,2020-04-22T17:00:45Z
1138087,2434369,15734279,2015-01-01 07:00:00 UTC,0,2020-03-18T16:49:39Z
1138087,2434369,15734281,2015-01-01 12:00:00 UTC,5,2020-03-18T16:49:39Z
1138087,2434369,15734283,2015-01-01 19:00:00 UTC,11,2020-03-18T16:49:39Z
1174220,2591534,16735552,2015-01-01 07:00:00 UTC,0,2020-04-22T17:39:56Z
1174220,2591534,16735553,2015-01-01 10:00:00 UTC,3,2020-04-22T17:39:56Z
1174220,2591534,16735555,2015-01-01 16:00:00 UTC,6,2020-04-22T17:39:56Z
1174220,2591534,16736235,2015-01-01 16:30:00 UTC,8,2020-04-22T17:59:14Z
1174220,2591534,16736236,2015-01-01 18:00:00 UTC,9,2020-04-22T17:59:42Z
1174220,2591534,16735557,2015-01-01 22:00:00 UTC,12,2020-04-22T17:39:56Z
1174151,2591188,16733311,2015-01-01 07:00:00 UTC,0,2020-04-22T17:00:32Z
1174151,2591188,16733310,2015-01-01 10:00:00 UTC,3,2020-04-22T17:00:32Z
1174151,2591188,16733308,2015-01-01 16:00:00 UTC,6,2020-04-22T17:00:32Z
1138183,2434720,15736345,2015-01-01 12:00:00 UTC,3,2020-03-18T17:43:25Z
1138183,2434720,15736346,2015-01-01 12:00:00 UTC,5,2020-03-18T17:43:25Z
1138183,2434720,15736346,2015-01-01 12:00:00 UTC,5,2020-03-18T17:43:25Z
1138183,2434720,15736346,2015-01-01 12:00:00 UTC,5,2020-03-18T17:43:25Z
1138183,2434720,15736346,2015-01-01 12:00:00 UTC,5,2020-03-18T17:43:25Z
1138183,2434720,15736346,2015-01-01 12:00:00 UTC,5,2020-03-18T17:43:25Z
1138183,2434720,15736346,2015-01-01 12:00:00 UTC,5,2020-03-18T17:43:25Z
1138183,2434720,15736348,2015-01-01 20:00:00 UTC,11,2020-03-18T17:43:25Z
1138183,2434720,15736348,2015-01-01 20:00:00 UTC,11,2020-03-18T17:43:25Z
1138183,2434720,15736349,2015-01-01 22:00:00 UTC,12,2020-03-18T17:43:25Z
1137906,2433808,15730854,2015-01-01 12:00:00 UTC,5,2020-03-18T14:37:25Z
1139674,2440778,15774883,2015-01-01 12:00:00 UTC,5,2020-03-19T21:46:24Z
1139674,2440778,15774884,2015-01-01 16:00:00 UTC,6,2020-03-19T21:46:24Z
1139674,2440778,15774885,2015-01-01 19:00:00 UTC,11,2020-03-19T21:46:24Z
1174031,2590695,16730164,2015-01-01 07:00:00 UTC,0,2020-04-22T16:00:45Z
1174031,2590695,16730163,2015-01-01 10:00:00 UTC,3,2020-04-22T16:00:45Z
1174031,2590695,16730161,2015-01-01 16:00:00 UTC,6,2020-04-22T16:00:45Z
1174031,2590695,16730160,2015-01-01 19:00:00 UTC,11,2020-04-22T16:00:45Z
1139960,2442502,15786556,2015-01-01 12:00:00 UTC,5,2020-03-20T09:39:33Z
1139960,2442502,15786557,2015-01-01 16:00:00 UTC,6,2020-03-20T09:39:33Z
1174548,2592750,16743049,2015-01-01 10:00:00 UTC,3,2020-04-22T21:08:47Z
1174548,2592750,16743051,2015-01-01 16:00:00 UTC,6,2020-04-22T21:08:47Z
1139510,2440312,15772169,2015-01-01 07:00:00 UTC,0,2020-03-19T19:27:56Z
1139510,2440312,15772173,2015-01-01 19:00:00 UTC,11,2020-03-19T19:27:56Z
1174150,2591177,16733246,2015-01-01 07:00:00 UTC,0,2020-04-22T16:59:38Z
1174150,2591177,16733245,2015-01-01 10:00:00 UTC,3,2020-04-22T16:59:38Z
1174150,2591177,16733243,2015-01-01 16:00:00 UTC,6,2020-04-22T16:59:38Z
1139624,2440659,15774182,2015-01-01 07:00:00 UTC,0,2020-03-19T21:08:56Z
1139624,2440659,15774183,2015-01-01 10:00:00 UTC,3,2020-03-19T21:08:56Z
1139624,2440659,15774185,2015-01-01 16:00:00 UTC,6,2020-03-19T21:08:56Z
1139624,2440659,15774186,2015-01-01 19:00:00 UTC,11,2020-03-19T21:08:56Z
1174043,2590765,16730607,2015-01-01 07:00:00 UTC,0,2020-04-22T16:08:56Z
1174043,2590765,16730608,2015-01-01 10:00:00 UTC,3,2020-04-22T16:08:56Z
1174043,2590765,16730610,2015-01-01 16:00:00 UTC,6,2020-04-22T16:08:56Z
1174043,2590765,16731863,2015-01-01 18:00:00 UTC,9,2020-04-22T16:28:25Z
1173867,2589828,16724726,2015-01-01 07:00:00 UTC,0,2020-04-22T14:12:43Z
1173867,2589828,16724725,2015-01-01 10:00:00 UTC,3,2020-04-22T14:12:43Z
1173867,2589828,16724724,2015-01-01 12:00:00 UTC,5,2020-04-22T14:12:43Z
1173867,2589828,16724723,2015-01-01 16:00:00 UTC,6,2020-04-22T14:12:43Z
1173867,2589828,16724722,2015-01-01 19:00:00 UTC,11,2020-04-22T14:12:43Z
1173879,2589919,16725302,2015-01-01 10:00:00 UTC,3,2020-04-22T14:23:48Z
1173879,2589919,16725300,2015-01-01 16:00:00 UTC,6,2020-04-22T14:23:48Z
1173879,2589919,16725299,2015-01-01 19:00:00 UTC,11,2020-04-22T14:23:48Z
1173877,2589907,16725229,2015-01-01 10:00:00 UTC,3,2020-04-22T14:21:58Z
1173877,2589907,16725227,2015-01-01 16:00:00 UTC,6,2020-04-22T14:21:58Z
1173891,2589984,16725690,2015-01-01 07:00:00 UTC,0,2020-04-22T14:30:14Z
1173891,2589984,16725689,2015-01-01 10:00:00 UTC,3,2020-04-22T14:30:14Z
1173891,2589984,16725688,2015-01-01 12:00:00 UTC,5,2020-04-22T14:30:14Z
1173891,2589984,16725687,2015-01-01 16:00:00 UTC,6,2020-04-22T14:30:14Z
1173891,2589984,16725686,2015-01-01 19:00:00 UTC,11,2020-04-22T14:30:14Z
1173849,2589740,16724174,2015-01-01 07:00:00 UTC,0,2020-04-22T14:01:03Z
1173849,2589740,16724175,2015-01-01 10:00:00 UTC,3,2020-04-22T14:01:03Z
1173849,2589740,16724176,2015-01-01 12:00:00 UTC,5,2020-04-22T14:01:03Z
1173849,2589740,16724177,2015-01-01 16:00:00 UTC,6,2020-04-22T14:01:03Z
1173849,2589740,16724178,2015-01-01 19:00:00 UTC,11,2020-04-22T14:01:03Z
1174159,2591210,16733439,2015-01-01 07:00:00 UTC,0,2020-04-22T17:03:01Z
1174159,2591210,16733440,2015-01-01 10:00:00 UTC,3,2020-04-22T17:03:01Z
1174159,2591210,16733442,2015-01-01 16:00:00 UTC,6,2020-04-22T17:03:01Z
1174159,2591210,16734512,2015-01-01 18:00:00 UTC,9,2020-04-22T17:20:26Z
1174159,2591210,16733444,2015-01-01 22:00:00 UTC,12,2020-04-22T17:03:01Z
1173875,2589905,16725218,2015-01-01 07:00:00 UTC,0,2020-04-22T14:21:18Z
1173875,2589905,16725217,2015-01-01 10:00:00 UTC,3,2020-04-22T14:21:18Z
1173875,2589905,16725215,2015-01-01 16:00:00 UTC,6,2020-04-22T14:21:18Z
1173875,2589905,16725214,2015-01-01 19:00:00 UTC,11,2020-04-22T14:21:18Z
1174028,2590684,16730097,2015-01-01 07:00:00 UTC,0,2020-04-22T15:59:59Z
1174028,2590684,16730095,2015-01-01 10:00:00 UTC,3,2020-04-22T15:59:59Z
1174028,2590684,16730093,2015-01-01 16:00:00 UTC,6,2020-04-22T15:59:59Z
1142015,2450992,15839092,2015-01-01 12:00:00 UTC,5,2020-03-22T21:21:07Z
1142015,2450992,15839094,2015-01-01 19:00:00 UTC,11,2020-03-22T21:21:07Z
1174090,2590965,16731908,2015-01-01 10:00:00 UTC,3,2020-04-22T16:29:02Z
1174090,2590965,16731910,2015-01-01 16:00:00 UTC,6,2020-04-22T16:29:02Z
1174090,2590965,16732432,2015-01-01 18:00:00 UTC,9,2020-04-22T16:41:45Z
1174158,2591687,16736506,2015-01-01 07:00:00 UTC,0,2020-04-22T18:09:47Z
1174158,2591687,16736505,2015-01-01 10:00:00 UTC,3,2020-04-22T18:09:47Z
1174158,2591687,16736503,2015-01-01 16:00:00 UTC,6,2020-04-22T18:09:47Z
1174158,2591687,16736502,2015-01-01 19:00:00 UTC,11,2020-04-22T18:09:47Z
1174510,2592613,16742179,2015-01-01 07:00:00 UTC,0,2020-04-22T20:45:14Z
1174510,2592613,16742178,2015-01-01 10:00:00 UTC,3,2020-04-22T20:45:14Z
1174510,2592613,16742177,2015-01-01 12:00:00 UTC,5,2020-04-22T20:45:14Z
1174510,2592613,16742176,2015-01-01 16:00:00 UTC,6,2020-04-22T20:45:14Z
1174161,2591230,16733565,2015-01-01 07:00:00 UTC,0,2020-04-22T17:04:55Z
1174161,2591230,16733566,2015-01-01 10:00:00 UTC,3,2020-04-22T17:04:55Z
1174161,2591230,16733568,2015-01-01 16:00:00 UTC,6,2020-04-22T17:04:55Z
1174573,2592843,16743647,2015-01-01 07:00:00 UTC,0,2020-04-22T21:26:40Z
1174573,2592843,16743648,2015-01-01 10:00:00 UTC,3,2020-04-22T21:26:40Z
1174573,2592843,16743649,2015-01-01 12:00:00 UTC,5,2020-04-22T21:26:40Z
1174573,2592843,16743650,2015-01-01 16:00:00 UTC,6,2020-04-22T21:26:40Z
1174573,2592843,16743651,2015-01-01 19:00:00 UTC,11,2020-04-22T21:26:40Z
1170339,2570458,16598650,2015-01-01 07:00:00 UTC,0,2020-04-20T07:12:06Z
1170339,2570458,16598651,2015-01-01 10:00:00 UTC,3,2020-04-20T07:12:06Z
1170339,2570458,16598652,2015-01-01 12:00:00 UTC,5,2020-04-20T07:12:06Z
1170339,2570458,16598653,2015-01-01 16:00:00 UTC,6,2020-04-20T07:12:06Z
1142069,2451150,15840011,2015-01-01 10:00:00 UTC,3,2020-03-22T22:58:13Z
1142069,2451150,15840012,2015-01-01 12:00:00 UTC,5,2020-03-22T22:58:13Z
1142069,2451150,15840013,2015-01-01 16:00:00 UTC,6,2020-03-22T22:58:13Z
1142069,2451150,15840014,2015-01-01 19:00:00 UTC,11,2020-03-22T22:58:13Z
1175409,2598823,16783290,2015-01-01 07:00:00 UTC,0,2020-04-23T13:58:43Z
1175409,2598823,16783291,2015-01-01 10:00:00 UTC,3,2020-04-23T13:58:43Z
1175409,2598823,16783292,2015-01-01 12:00:00 UTC,5,2020-04-23T13:58:43Z
1175409,2598823,16783293,2015-01-01 16:00:00 UTC,6,2020-04-23T13:58:44Z
1175409,2598823,16783295,2015-01-01 22:00:00 UTC,12,2020-04-23T13:58:44Z
1175051,2596628,16770110,2015-01-01 07:00:00 UTC,0,2020-04-23T07:21:58Z
1175051,2596628,16770111,2015-01-01 10:00:00 UTC,3,2020-04-23T07:21:58Z
1175051,2596628,16770113,2015-01-01 16:00:00 UTC,6,2020-04-23T07:21:58Z
1175051,2596628,16770114,2015-01-01 19:00:00 UTC,11,2020-04-23T07:21:58Z
1175056,2596646,16770228,2015-01-01 07:00:00 UTC,0,2020-04-23T07:31:44Z
1175056,2596646,16770227,2015-01-01 10:00:00 UTC,3,2020-04-23T07:31:43Z
1175056,2596646,16770225,2015-01-01 16:00:00 UTC,6,2020-04-23T07:31:43Z
1175056,2596646,16770224,2015-01-01 19:00:00 UTC,11,2020-04-23T07:31:43Z
1175059,2596658,16770293,2015-01-01 07:00:00 UTC,0,2020-04-23T07:37:08Z
1175059,2596658,16770294,2015-01-01 10:00:00 UTC,3,2020-04-23T07:37:08Z
1175059,2596658,16770295,2015-01-01 12:00:00 UTC,5,2020-04-23T07:37:08Z
1175059,2596658,16770297,2015-01-01 19:00:00 UTC,11,2020-04-23T07:37:08Z
1175068,2596719,16770659,2015-01-01 07:00:00 UTC,0,2020-04-23T07:56:24Z
1175068,2596719,16770658,2015-01-01 10:00:00 UTC,3,2020-04-23T07:56:24Z
1175068,2596719,16770657,2015-01-01 12:00:00 UTC,5,2020-04-23T07:56:24Z
1175068,2596719,16770655,2015-01-01 19:00:00 UTC,11,2020-04-23T07:56:24Z
1175067,2596717,16770642,2015-01-01 07:00:00 UTC,0,2020-04-23T07:52:37Z
1175067,2596717,16770643,2015-01-01 10:00:00 UTC,3,2020-04-23T07:52:37Z
1175067,2596717,16770645,2015-01-01 16:00:00 UTC,6,2020-04-23T07:52:37Z
1175296,2598299,16779920,2015-01-01 07:00:00 UTC,0,2020-04-23T12:05:17Z
1175296,2598299,16779919,2015-01-01 10:00:00 UTC,3,2020-04-23T12:05:17Z
1175296,2598299,16779918,2015-01-01 12:00:00 UTC,5,2020-04-23T12:05:17Z
1175296,2598299,16779917,2015-01-01 16:00:00 UTC,6,2020-04-23T12:05:17Z
1175296,2598299,16779916,2015-01-01 19:00:00 UTC,11,2020-04-23T12:05:17Z
1175367,2598644,16782096,2015-01-01 07:00:00 UTC,0,2020-04-23T13:35:14Z
1175367,2598644,16782094,2015-01-01 12:00:00 UTC,5,2020-04-23T13:35:14Z
1175367,2598644,16782093,2015-01-01 16:00:00 UTC,6,2020-04-23T13:35:14Z
1175367,2598644,16782092,2015-01-01 19:00:00 UTC,11,2020-04-23T13:35:13Z
1175367,2598644,16782091,2015-01-01 22:00:00 UTC,12,2020-04-23T13:35:13Z
1175445,2598941,16784048,2015-01-01 07:00:00 UTC,0,2020-04-23T14:27:31Z
1175445,2598941,16784047,2015-01-01 10:00:00 UTC,3,2020-04-23T14:27:31Z
1175445,2598941,16784045,2015-01-01 16:00:00 UTC,6,2020-04-23T14:27:31Z
1175445,2598941,16784044,2015-01-01 19:00:00 UTC,11,2020-04-23T14:27:31Z
1175445,2598941,16784043,2015-01-01 22:00:00 UTC,12,2020-04-23T14:27:31Z
1173967,2590422,16728416,2015-01-01 07:00:00 UTC,0,2020-04-22T15:24:14Z
1173967,2590422,16728417,2015-01-01 10:00:00 UTC,3,2020-04-22T15:24:14Z
1173967,2590422,16728419,2015-01-01 16:00:00 UTC,6,2020-04-22T15:24:14Z
1173967,2590422,16729330,2015-01-01 16:30:00 UTC,8,2020-04-22T15:43:16Z
1173967,2590422,16729624,2015-01-01 18:00:00 UTC,9,2020-04-22T15:49:40Z
1173967,2590422,16728421,2015-01-01 22:00:00 UTC,12,2020-04-22T15:24:14Z
1175421,2598870,16783600,2015-01-01 10:00:00 UTC,3,2020-04-23T14:09:02Z
1175421,2598870,16783602,2015-01-01 16:00:00 UTC,6,2020-04-23T14:09:02Z
1175421,2598870,16783603,2015-01-01 19:00:00 UTC,11,2020-04-23T14:09:02Z
1176386,2605143,16825478,2015-01-01 07:00:00 UTC,0,2020-04-24T09:55:02Z
1176386,2605143,16825477,2015-01-01 10:00:00 UTC,3,2020-04-24T09:55:02Z
1176386,2605143,16825475,2015-01-01 16:00:00 UTC,6,2020-04-24T09:55:01Z
1176313,2604793,16823194,2015-01-01 07:00:00 UTC,0,2020-04-24T08:31:06Z
1176313,2604793,16823193,2015-01-01 10:00:00 UTC,3,2020-04-24T08:31:06Z
1176313,2604793,16823191,2015-01-01 16:00:00 UTC,6,2020-04-24T08:31:06Z
1176382,2605108,16825234,2015-01-01 10:00:00 UTC,3,2020-04-24T09:45:59Z
1176382,2605108,16825235,2015-01-01 12:00:00 UTC,5,2020-04-24T09:45:59Z
1176382,2605108,16825236,2015-01-01 16:00:00 UTC,6,2020-04-24T09:45:59Z
1176382,2605108,16825237,2015-01-01 19:00:00 UTC,11,2020-04-24T09:45:59Z
1176631,2606343,16833108,2015-01-01 07:00:00 UTC,0,2020-04-24T13:46:05Z
1176631,2606343,16833110,2015-01-01 12:00:00 UTC,5,2020-04-24T13:46:05Z
1176631,2606343,16833111,2015-01-01 16:00:00 UTC,6,2020-04-24T13:46:05Z
1176631,2606343,16833112,2015-01-01 19:00:00 UTC,11,2020-04-24T13:46:05Z
1176398,2605248,16826126,2015-01-01 07:00:00 UTC,0,2020-04-24T10:12:10Z
1176398,2605248,16826125,2015-01-01 10:00:00 UTC,3,2020-04-24T10:12:10Z
1176398,2605248,16826123,2015-01-01 16:00:00 UTC,6,2020-04-24T10:12:10Z
1176398,2605248,16826122,2015-01-01 19:00:00 UTC,11,2020-04-24T10:12:09Z
1176436,2605443,16827401,2015-01-01 07:00:00 UTC,0,2020-04-24T10:48:58Z
1176436,2605443,16827400,2015-01-01 10:00:00 UTC,3,2020-04-24T10:48:58Z
1176436,2605443,16827398,2015-01-01 16:00:00 UTC,6,2020-04-24T10:48:58Z
1174193,2591388,16734578,2015-01-01 07:00:00 UTC,0,2020-04-22T17:21:58Z
1174193,2591388,16734579,2015-01-01 10:00:00 UTC,3,2020-04-22T17:21:58Z
1174193,2591388,16734581,2015-01-01 16:00:00 UTC,6,2020-04-22T17:21:58Z
1174193,2591388,16735426,2015-01-01 16:30:00 UTC,8,2020-04-22T17:38:13Z
1174193,2591388,16735551,2015-01-01 18:00:00 UTC,9,2020-04-22T17:39:31Z
1174193,2591388,16734583,2015-01-01 22:00:00 UTC,12,2020-04-22T17:21:58Z
1176400,2605260,16826196,2015-01-01 07:00:00 UTC,0,2020-04-24T10:12:55Z
1176400,2605260,16826195,2015-01-01 10:00:00 UTC,3,2020-04-24T10:12:55Z
1176400,2605260,16826193,2015-01-01 16:00:00 UTC,6,2020-04-24T10:12:55Z
1176437,2605445,16827413,2015-01-01 07:00:00 UTC,0,2020-04-24T10:49:33Z
1176437,2605445,16827412,2015-01-01 10:00:00 UTC,3,2020-04-24T10:49:33Z
1176437,2605445,16827410,2015-01-01 16:00:00 UTC,6,2020-04-24T10:49:33Z
1176310,2604481,16821168,2015-01-01 07:00:00 UTC,0,2020-04-24T06:13:59Z
1176310,2604481,16821167,2015-01-01 10:00:00 UTC,3,2020-04-24T06:13:59Z
1176310,2604481,16821165,2015-01-01 16:00:00 UTC,6,2020-04-24T06:13:59Z
1176310,2604481,16821164,2015-01-01 19:00:00 UTC,11,2020-04-24T06:13:59Z
1176312,2604512,16821382,2015-01-01 07:00:00 UTC,0,2020-04-24T06:38:26Z
1176312,2604512,16821381,2015-01-01 10:00:00 UTC,3,2020-04-24T06:38:25Z
1176312,2604512,16821379,2015-01-01 16:00:00 UTC,6,2020-04-24T06:38:25Z
1176312,2604512,16821378,2015-01-01 19:00:00 UTC,11,2020-04-24T06:38:25Z
1176652,2606451,16833856,2015-01-01 07:00:00 UTC,0,2020-04-24T14:01:36Z
1176652,2606451,16833855,2015-01-01 10:00:00 UTC,3,2020-04-24T14:01:36Z
1176652,2606451,16833854,2015-01-01 12:00:00 UTC,5,2020-04-24T14:01:36Z
1176652,2606451,16833853,2015-01-01 16:00:00 UTC,6,2020-04-24T14:01:36Z
1176652,2606451,16833852,2015-01-01 19:00:00 UTC,11,2020-04-24T14:01:36Z
1176652,2606451,16833851,2015-01-01 22:00:00 UTC,12,2020-04-24T14:01:36Z
1176377,2605100,16825172,2015-01-01 07:00:00 UTC,0,2020-04-24T09:44:21Z
1176377,2605100,16825171,2015-01-01 10:00:00 UTC,3,2020-04-24T09:44:21Z
1176377,2605100,16825169,2015-01-01 16:00:00 UTC,6,2020-04-24T09:44:21Z
1176372,2605072,16824974,2015-01-01 07:00:00 UTC,0,2020-04-24T09:34:50Z
1176372,2605072,16824973,2015-01-01 10:00:00 UTC,3,2020-04-24T09:34:50Z
1176372,2605072,16824971,2015-01-01 16:00:00 UTC,6,2020-04-24T09:34:50Z
1176372,2605072,16824969,2015-01-01 22:00:00 UTC,12,2020-04-24T09:34:50Z
1176298,2604450,16820947,2015-01-01 07:00:00 UTC,0,2020-04-24T06:03:06Z
1176298,2604450,16820946,2015-01-01 10:00:00 UTC,3,2020-04-24T06:03:06Z
1176298,2604450,16820945,2015-01-01 12:00:00 UTC,5,2020-04-24T06:03:06Z
1176298,2604450,16820944,2015-01-01 16:00:00 UTC,6,2020-04-24T06:03:06Z
1176298,2604450,16820943,2015-01-01 19:00:00 UTC,11,2020-04-24T06:03:06Z
1176321,2604597,16821972,2015-01-01 07:00:00 UTC,0,2020-04-24T07:09:09Z
1176321,2604597,16821975,2015-01-01 16:00:00 UTC,6,2020-04-24T07:09:09Z
1176321,2604597,16821976,2015-01-01 19:00:00 UTC,11,2020-04-24T07:09:09Z
1176321,2604597,16821977,2015-01-01 22:00:00 UTC,12,2020-04-24T07:09:09Z
1177121,2608479,16846665,2015-01-01 10:00:00 UTC,3,2020-04-24T19:46:56Z
1177121,2608479,16846667,2015-01-01 16:00:00 UTC,6,2020-04-24T19:46:56Z
1177083,2608305,16845586,2015-01-01 07:00:00 UTC,0,2020-04-24T19:17:36Z
1177083,2608305,16845587,2015-01-01 10:00:00 UTC,3,2020-04-24T19:17:36Z
1177083,2608305,16845588,2015-01-01 12:00:00 UTC,5,2020-04-24T19:17:36Z
1177083,2608305,16845589,2015-01-01 16:00:00 UTC,6,2020-04-24T19:17:36Z
1177083,2608305,16845590,2015-01-01 19:00:00 UTC,11,2020-04-24T19:17:36Z
1177077,2608294,16845517,2015-01-01 07:00:00 UTC,0,2020-04-24T19:14:03Z
1177077,2608294,16845516,2015-01-01 10:00:00 UTC,3,2020-04-24T19:14:03Z
1177077,2608294,16845515,2015-01-01 12:00:00 UTC,5,2020-04-24T19:14:03Z
1177077,2608294,16845514,2015-01-01 16:00:00 UTC,6,2020-04-24T19:14:03Z
1177077,2608294,16845513,2015-01-01 19:00:00 UTC,11,2020-04-24T19:14:03Z
1176600,2606251,16832507,2015-01-01 10:00:00 UTC,3,2020-04-24T13:28:10Z
1176600,2606251,16832506,2015-01-01 12:00:00 UTC,5,2020-04-24T13:28:10Z
1176600,2606251,16832505,2015-01-01 16:00:00 UTC,6,2020-04-24T13:28:10Z
1176600,2606251,16832504,2015-01-01 19:00:00 UTC,11,2020-04-24T13:28:10Z
1177095,2608365,16845977,2015-01-01 07:00:00 UTC,0,2020-04-24T19:25:54Z
1177095,2608365,16845974,2015-01-01 16:00:00 UTC,6,2020-04-24T19:25:53Z
1177095,2608365,16845973,2015-01-01 19:00:00 UTC,11,2020-04-24T19:25:53Z
1177114,2608443,16846443,2015-01-01 07:00:00 UTC,0,2020-04-24T19:37:33Z
1177114,2608443,16846442,2015-01-01 10:00:00 UTC,3,2020-04-24T19:37:33Z
1177114,2608443,16846440,2015-01-01 16:00:00 UTC,6,2020-04-24T19:37:33Z
1177125,2608497,16846775,2015-01-01 10:00:00 UTC,3,2020-04-24T19:51:08Z
1177125,2608497,16846773,2015-01-01 16:00:00 UTC,6,2020-04-24T19:51:08Z
1177125,2608497,16846772,2015-01-01 19:00:00 UTC,11,2020-04-24T19:51:08Z
1177125,2608497,16846771,2015-01-01 22:00:00 UTC,12,2020-04-24T19:51:08Z
1177177,2608721,16848183,2015-01-01 07:00:00 UTC,0,2020-04-24T20:33:21Z
1177177,2608721,16848178,2015-01-01 10:00:00 UTC,3,2020-04-24T20:33:21Z
1177177,2608721,16848181,2015-01-01 12:00:00 UTC,5,2020-04-24T20:33:21Z
1177177,2608721,16848179,2015-01-01 20:00:00 UTC,11,2020-04-24T20:33:21Z
1176314,2604523,16821455,2015-01-01 07:00:00 UTC,0,2020-04-24T06:40:03Z
1176314,2604523,16821454,2015-01-01 10:00:00 UTC,3,2020-04-24T06:40:03Z
1176314,2604523,16821452,2015-01-01 16:00:00 UTC,6,2020-04-24T06:40:03Z
1177140,2608563,16847168,2015-01-01 07:00:00 UTC,0,2020-04-24T20:00:26Z
1177140,2608563,16847169,2015-01-01 10:00:00 UTC,3,2020-04-24T20:00:26Z
1177140,2608563,16847171,2015-01-01 16:00:00 UTC,6,2020-04-24T20:00:27Z
1177140,2608563,16847172,2015-01-01 19:00:00 UTC,11,2020-04-24T20:00:27Z
1176358,2604927,16824084,2015-01-01 07:00:00 UTC,0,2020-04-24T09:11:02Z
1176358,2604927,16824083,2015-01-01 10:00:00 UTC,3,2020-04-24T09:11:02Z
1176358,2604927,16824081,2015-01-01 16:00:00 UTC,6,2020-04-24T09:11:02Z
1176618,2606301,16832828,2015-01-01 07:00:00 UTC,0,2020-04-24T13:38:39Z
1176618,2606301,16832829,2015-01-01 10:00:00 UTC,3,2020-04-24T13:38:39Z
1176618,2606301,16832830,2015-01-01 12:00:00 UTC,5,2020-04-24T13:38:39Z
1176618,2606301,16832831,2015-01-01 16:00:00 UTC,6,2020-04-24T13:38:39Z
1176618,2606301,16832832,2015-01-01 19:00:00 UTC,11,2020-04-24T13:38:39Z
1176387,2605152,16825532,2015-01-01 07:00:00 UTC,0,2020-04-24T09:55:32Z
1176387,2605152,16825531,2015-01-01 10:00:00 UTC,3,2020-04-24T09:55:32Z
1176387,2605152,16825529,2015-01-01 16:00:00 UTC,6,2020-04-24T09:55:32Z
1176387,2605152,16825528,2015-01-01 19:00:00 UTC,11,2020-04-24T09:55:32Z
1177171,2608691,16847982,2015-01-01 07:00:00 UTC,0,2020-04-24T20:24:02Z
1177171,2608691,16847990,2015-01-01 10:00:00 UTC,3,2020-04-24T20:24:02Z
1177171,2608691,16847984,2015-01-01 12:00:00 UTC,5,2020-04-24T20:24:02Z
1177171,2608691,16847985,2015-01-01 16:00:00 UTC,6,2020-04-24T20:24:02Z
1177171,2608691,16847981,2015-01-01 18:00:00 UTC,6,2020-04-24T20:24:02Z
1177171,2608691,16847988,2015-01-01 20:00:00 UTC,11,2020-04-24T20:24:02Z
1177171,2608691,16847983,2015-01-01 22:00:00 UTC,12,2020-04-24T20:24:02Z
1176676,2606538,16834445,2015-01-01 07:00:00 UTC,0,2020-04-24T14:21:44Z
1176676,2606538,16834443,2015-01-01 10:00:00 UTC,3,2020-04-24T14:21:44Z
1176676,2606538,16834439,2015-01-01 16:00:00 UTC,6,2020-04-24T14:21:44Z
1176676,2606538,16834434,2015-01-01 19:00:00 UTC,11,2020-04-24T14:21:44Z
1176667,2606492,16834116,2015-01-01 07:00:00 UTC,0,2020-04-24T14:14:03Z
1176667,2606492,16834117,2015-01-01 10:00:00 UTC,3,2020-04-24T14:14:03Z
1176667,2606492,16834118,2015-01-01 12:00:00 UTC,5,2020-04-24T14:14:03Z
1176667,2606492,16834119,2015-01-01 16:00:00 UTC,6,2020-04-24T14:14:03Z
1176667,2606492,16834120,2015-01-01 19:00:00 UTC,11,2020-04-24T14:14:03Z
1164052,2542759,16418923,2015-01-01 07:00:00 UTC,0,2020-04-14T13:58:32Z
1164052,2542759,16418924,2015-01-01 10:00:00 UTC,3,2020-04-14T13:58:32Z
1164052,2542759,16418926,2015-01-01 16:00:00 UTC,6,2020-04-14T13:58:32Z
1164052,2542759,16418927,2015-01-01 19:00:00 UTC,11,2020-04-14T13:58:32Z
1177162,2608648,16847703,2015-01-01 07:00:00 UTC,0,2020-04-24T20:19:01Z
1177162,2608648,16847702,2015-01-01 10:00:00 UTC,3,2020-04-24T20:19:01Z
1177162,2608648,16847701,2015-01-01 12:00:00 UTC,5,2020-04-24T20:19:01Z
1177162,2608648,16847700,2015-01-01 16:00:00 UTC,6,2020-04-24T20:19:01Z
1177162,2608648,16847699,2015-01-01 19:00:00 UTC,11,2020-04-24T20:19:01Z
1177162,2608648,16847698,2015-01-01 22:00:00 UTC,12,2020-04-24T20:19:01Z
1177204,2608787,16848609,2015-01-01 07:00:00 UTC,0,2020-04-24T20:58:11Z
1177204,2608787,16848608,2015-01-01 10:00:00 UTC,3,2020-04-24T20:58:11Z
1177204,2608787,16848607,2015-01-01 12:00:00 UTC,5,2020-04-24T20:58:11Z
1177204,2608787,16848606,2015-01-01 16:00:00 UTC,6,2020-04-24T20:58:11Z
1177204,2608787,16848605,2015-01-01 19:00:00 UTC,11,2020-04-24T20:58:11Z
1177151,2608619,16847506,2015-01-01 07:00:00 UTC,0,2020-04-24T20:11:38Z
1177151,2608619,16847507,2015-01-01 10:00:00 UTC,3,2020-04-24T20:11:38Z
1177151,2608619,16847508,2015-01-01 12:00:00 UTC,5,2020-04-24T20:11:38Z
1177151,2608619,16847509,2015-01-01 16:00:00 UTC,6,2020-04-24T20:11:38Z
1177151,2608619,16847510,2015-01-01 19:00:00 UTC,11,2020-04-24T20:11:38Z
1177151,2608619,16847511,2015-01-01 22:00:00 UTC,12,2020-04-24T20:11:38Z
1177188,2608743,16848332,2015-01-01 07:00:00 UTC,0,2020-04-24T20:43:17Z
1177188,2608743,16848330,2015-01-01 12:00:00 UTC,5,2020-04-24T20:43:17Z
1177188,2608743,16848329,2015-01-01 16:00:00 UTC,6,2020-04-24T20:43:17Z
1177188,2608743,16848328,2015-01-01 19:00:00 UTC,11,2020-04-24T20:43:16Z
1177188,2608743,16848327,2015-01-01 22:00:00 UTC,12,2020-04-24T20:43:16Z
1177213,2608822,16848835,2015-01-01 07:00:00 UTC,0,2020-04-24T21:07:01Z
1177213,2608822,16848830,2015-01-01 10:00:00 UTC,3,2020-04-24T21:07:01Z
1177213,2608822,16848833,2015-01-01 12:00:00 UTC,5,2020-04-24T21:07:01Z
1177213,2608822,16848834,2015-01-01 22:00:00 UTC,12,2020-04-24T21:07:01Z
1177109,2608419,16846287,2015-01-01 07:00:00 UTC,0,2020-04-24T19:32:55Z
1177109,2608419,16846288,2015-01-01 10:00:00 UTC,3,2020-04-24T19:32:55Z
1177109,2608419,16846289,2015-01-01 12:00:00 UTC,5,2020-04-24T19:32:55Z
1177109,2608419,16846290,2015-01-01 16:00:00 UTC,6,2020-04-24T19:32:55Z
1177109,2608419,16846291,2015-01-01 19:00:00 UTC,11,2020-04-24T19:32:55Z
2291878,6803328,42585577,2015-01-01 07:00:00 UTC,0,2021-08-31T10:36:22Z
2291878,6803328,42585578,2015-01-01 10:00:00 UTC,3,2021-08-31T10:36:22Z
2291878,6803328,42585579,2015-01-01 12:00:00 UTC,5,2021-08-31T10:36:22Z
2291878,6803328,42585580,2015-01-01 16:00:00 UTC,6,2021-08-31T10:36:22Z
2291878,6803328,42585581,2015-01-01 19:00:00 UTC,11,2021-08-31T10:36:23Z
1077664,2244821,14530003,2015-01-01 07:00:00 UTC,0,2020-02-15T11:58:28Z
1077664,2244821,14530005,2015-01-01 12:00:00 UTC,5,2020-02-15T11:58:28Z
1077664,2244821,14530005,2015-01-01 12:00:00 UTC,5,2020-02-15T11:58:28Z
1077664,2244821,14530005,2015-01-01 12:00:00 UTC,5,2020-02-15T11:58:28Z
1077664,2244821,14530007,2015-01-01 19:00:00 UTC,11,2020-02-15T11:58:28Z
1167672,2558464,16520876,2015-01-01 07:00:00 UTC,0,2020-04-17T12:06:23Z
1167672,2558464,16520877,2015-01-01 10:00:00 UTC,3,2020-04-17T12:06:23Z
1167672,2558464,16520878,2015-01-01 12:00:00 UTC,5,2020-04-17T12:06:23Z
1167672,2558464,16520880,2015-01-01 19:00:00 UTC,11,2020-04-17T12:06:23Z
1718721,4514787,28612280,2015-01-01 07:00:00 UTC,0,2021-01-28T10:58:13Z
1718721,4514787,28612282,2015-01-01 12:00:00 UTC,5,2021-01-28T10:58:13Z
1718721,4514787,28612283,2015-01-01 16:00:00 UTC,6,2021-01-28T10:58:13Z
1718721,4514787,28612284,2015-01-01 19:00:00 UTC,11,2021-01-28T10:58:13Z
1294899,3127995,20233228,2015-01-01 07:00:00 UTC,0,2020-06-29T14:16:53Z
1170368,2570630,16599659,2015-01-01 07:00:00 UTC,0,2020-04-20T08:22:25Z
1170368,2570630,16599660,2015-01-01 10:00:00 UTC,3,2020-04-20T08:22:25Z
1170368,2570630,16599661,2015-01-01 12:00:00 UTC,5,2020-04-20T08:22:25Z
1170368,2570630,16599662,2015-01-01 16:00:00 UTC,6,2020-04-20T08:22:25Z
1170368,2570630,16599663,2015-01-01 19:00:00 UTC,11,2020-04-20T08:22:25Z
2241178,6626295,41509593,2015-01-01 07:00:00 UTC,0,2021-08-09T09:35:47Z
2241178,6626295,41509595,2015-01-01 12:00:00 UTC,5,2021-08-09T09:35:47Z
2241178,6626295,41509596,2015-01-01 16:00:00 UTC,6,2021-08-09T09:35:47Z
2241178,6626295,41509597,2015-01-01 19:00:00 UTC,11,2021-08-09T09:35:47Z
2241236,6626513,41510839,2015-01-01 07:00:00 UTC,0,2021-08-09T10:09:12Z
2241236,6626513,41510841,2015-01-01 12:00:00 UTC,5,2021-08-09T10:09:12Z
2241236,6626513,41510843,2015-01-01 19:00:00 UTC,11,2021-08-09T10:09:12Z
2241236,6626513,41510844,2015-01-01 22:00:00 UTC,12,2021-08-09T10:09:12Z
2241262,6626597,41511329,2015-01-01 07:00:00 UTC,0,2021-08-09T10:22:44Z
2241262,6626597,41511331,2015-01-01 12:00:00 UTC,5,2021-08-09T10:22:44Z
2241262,6626597,41511332,2015-01-01 16:00:00 UTC,6,2021-08-09T10:22:44Z
2241262,6626597,41511333,2015-01-01 19:00:00 UTC,11,2021-08-09T10:22:44Z
2241291,6626691,41511844,2015-01-01 07:00:00 UTC,0,2021-08-09T10:46:42Z
2241291,6626691,41511845,2015-01-01 10:00:00 UTC,3,2021-08-09T10:46:42Z
2241291,6626691,41511846,2015-01-01 12:00:00 UTC,5,2021-08-09T10:46:42Z
2241291,6626691,41511847,2015-01-01 16:00:00 UTC,6,2021-08-09T10:46:42Z
2241291,6626691,41511848,2015-01-01 19:00:00 UTC,11,2021-08-09T10:46:42Z
2241333,6626803,41512500,2015-01-01 07:00:00 UTC,0,2021-08-09T11:17:42Z
2241333,6626803,41512501,2015-01-01 10:00:00 UTC,3,2021-08-09T11:17:42Z
2241333,6626803,41512502,2015-01-01 12:00:00 UTC,5,2021-08-09T11:17:42Z
2241333,6626803,41512504,2015-01-01 19:00:00 UTC,11,2021-08-09T11:17:42Z
2307491,6859000,42915849,2015-01-01 08:00:00 UTC,0,2021-09-06T09:27:31Z
2307491,6859000,42915850,2015-01-01 10:30:00 UTC,3,2021-09-06T09:27:31Z
2307491,6859000,42915851,2015-01-01 13:00:00 UTC,5,2021-09-06T09:27:31Z
2307491,6859000,42915852,2015-01-01 17:00:00 UTC,6,2021-09-06T09:27:31Z
2307491,6859000,42915853,2015-01-01 19:00:00 UTC,11,2021-09-06T09:27:31Z
2307610,6859489,42918626,2015-01-01 09:00:00 UTC,0,2021-09-06T10:26:17Z
2307610,6859489,42918627,2015-01-01 10:00:00 UTC,3,2021-09-06T10:26:17Z
2307610,6859489,42918628,2015-01-01 12:00:00 UTC,5,2021-09-06T10:26:17Z
2307610,6859489,42918629,2015-01-01 17:00:00 UTC,6,2021-09-06T10:26:17Z
2307610,6859489,42918630,2015-01-01 19:00:00 UTC,11,2021-09-06T10:26:17Z
2241701,6627754,41517955,2015-01-01 07:00:00 UTC,0,2021-08-09T14:01:50Z
2241701,6627754,41517957,2015-01-01 12:00:00 UTC,5,2021-08-09T14:01:50Z
2241701,6627754,41517958,2015-01-01 16:00:00 UTC,6,2021-08-09T14:01:50Z
2241701,6627754,41517959,2015-01-01 19:00:00 UTC,11,2021-08-09T14:01:50Z
2292006,6803716,42587803,2015-01-01 07:00:00 UTC,0,2021-08-31T11:40:02Z
2292006,6803716,42587804,2015-01-01 10:00:00 UTC,3,2021-08-31T11:40:02Z
2292006,6803716,42587805,2015-01-01 12:00:00 UTC,5,2021-08-31T11:40:02Z
2292006,6803716,42587806,2015-01-01 16:00:00 UTC,6,2021-08-31T11:40:02Z
2292006,6803716,42587807,2015-01-01 19:00:00 UTC,11,2021-08-31T11:40:02Z
2292019,6803769,42588123,2015-01-01 07:00:00 UTC,0,2021-08-31T11:49:54Z
2292019,6803769,42588124,2015-01-01 10:00:00 UTC,3,2021-08-31T11:49:54Z
2292019,6803769,42588125,2015-01-01 12:00:00 UTC,5,2021-08-31T11:49:54Z
2292019,6803769,42588126,2015-01-01 16:00:00 UTC,6,2021-08-31T11:49:54Z
2292019,6803769,42588127,2015-01-01 19:00:00 UTC,11,2021-08-31T11:49:54Z
2292053,6803867,42588731,2015-01-01 07:00:00 UTC,0,2021-08-31T12:06:59Z
2292053,6803867,42588734,2015-01-01 16:00:00 UTC,6,2021-08-31T12:06:59Z
2292053,6803867,42588735,2015-01-01 19:00:00 UTC,11,2021-08-31T12:06:59Z
1139932,2442269,15785153,2015-01-01 07:00:00 UTC,0,2020-03-20T08:18:55Z
1139932,2442269,15785154,2015-01-01 10:00:00 UTC,3,2020-03-20T08:18:55Z
1139932,2442269,15785156,2015-01-01 16:00:00 UTC,6,2020-03-20T08:18:55Z
1139932,2442269,15785157,2015-01-01 19:00:00 UTC,11,2020-03-20T08:18:55Z
1100931,2317047,14989877,2015-01-01 19:00:00 UTC,11,2020-02-27T20:11:47Z
1174020,2590637,16729785,2015-01-01 07:00:00 UTC,0,2020-04-22T15:52:49Z
1174020,2590637,16729786,2015-01-01 10:00:00 UTC,3,2020-04-22T15:52:49Z
1174020,2590637,16729788,2015-01-01 16:00:00 UTC,6,2020-04-22T15:52:49Z
2249336,6655001,41686935,2015-01-01 07:00:00 UTC,0,2021-08-12T12:22:06Z
2249336,6655001,41686937,2015-01-01 12:00:00 UTC,5,2021-08-12T12:22:06Z
2249336,6655001,41686938,2015-01-01 16:00:00 UTC,6,2021-08-12T12:22:06Z
2249336,6655001,41686939,2015-01-01 19:00:00 UTC,11,2021-08-12T12:22:06Z
1172964,2583811,16684125,2015-01-01 10:00:00 UTC,3,2020-04-21T22:14:17Z
1172964,2583811,16684126,2015-01-01 12:00:00 UTC,5,2020-04-21T22:14:17Z
1172964,2583811,16684127,2015-01-01 16:00:00 UTC,6,2020-04-21T22:14:17Z
1172964,2583811,16684129,2015-01-01 22:00:00 UTC,12,2020-04-21T22:14:17Z
2261671,6700250,41964730,2015-01-01 07:00:00 UTC,0,2021-08-18T09:21:39Z
2261671,6700250,41964731,2015-01-01 10:00:00 UTC,3,2021-08-18T09:21:39Z
2261671,6700250,41964732,2015-01-01 12:00:00 UTC,5,2021-08-18T09:21:39Z
2261671,6700250,41964733,2015-01-01 16:00:00 UTC,6,2021-08-18T09:21:39Z
2261671,6700250,41964734,2015-01-01 19:00:00 UTC,11,2021-08-18T09:21:39Z
2261722,6700427,41965749,2015-01-01 07:00:00 UTC,0,2021-08-18T09:53:15Z
2261722,6700427,41965751,2015-01-01 12:00:00 UTC,5,2021-08-18T09:53:15Z
2261722,6700427,41965753,2015-01-01 19:00:00 UTC,11,2021-08-18T09:53:15Z
2261863,6700902,41968504,2015-01-01 07:00:00 UTC,0,2021-08-18T11:14:28Z
2261863,6700902,41968505,2015-01-01 10:00:00 UTC,3,2021-08-18T11:14:28Z
2261863,6700902,41968506,2015-01-01 12:00:00 UTC,5,2021-08-18T11:14:28Z
2261863,6700902,41968507,2015-01-01 16:00:00 UTC,6,2021-08-18T11:14:28Z
2261863,6700902,41968508,2015-01-01 19:00:00 UTC,11,2021-08-18T11:14:28Z
2261775,6700622,41966876,2015-01-01 07:00:00 UTC,0,2021-08-18T10:27:15Z
2261775,6700622,41966878,2015-01-01 12:00:00 UTC,5,2021-08-18T10:27:15Z
2261775,6700622,41966880,2015-01-01 19:00:00 UTC,11,2021-08-18T10:27:15Z
2261819,6700742,41967572,2015-01-01 07:00:00 UTC,0,2021-08-18T10:52:52Z
2261819,6700742,41967573,2015-01-01 10:00:00 UTC,3,2021-08-18T10:52:52Z
2261819,6700742,41967574,2015-01-01 12:00:00 UTC,5,2021-08-18T10:52:52Z
2261819,6700742,41967575,2015-01-01 16:00:00 UTC,6,2021-08-18T10:52:52Z
2261819,6700742,41967576,2015-01-01 19:00:00 UTC,11,2021-08-18T10:52:52Z
2291835,6803184,42584766,2015-01-01 07:00:00 UTC,0,2021-08-31T10:23:50Z
2291835,6803184,42584767,2015-01-01 10:00:00 UTC,3,2021-08-31T10:23:50Z
2291835,6803184,42584768,2015-01-01 12:00:00 UTC,5,2021-08-31T10:23:50Z
2291835,6803184,42584769,2015-01-01 16:00:00 UTC,6,2021-08-31T10:23:50Z
2291835,6803184,42584770,2015-01-01 19:00:00 UTC,11,2021-08-31T10:23:50Z
2291835,6803184,42584770,2015-01-01 19:00:00 UTC,11,2021-08-31T10:23:50Z
2291835,6803184,42584770,2015-01-01 19:00:00 UTC,11,2021-08-31T10:23:50Z
2291657,6802566,42581281,2015-01-01 07:00:00 UTC,0,2021-08-31T08:37:08Z
2291657,6802566,42581282,2015-01-01 10:00:00 UTC,3,2021-08-31T08:37:08Z
2291657,6802566,42581284,2015-01-01 16:00:00 UTC,6,2021-08-31T08:37:08Z
2291657,6802566,42581286,2015-01-01 22:00:00 UTC,12,2021-08-31T08:37:08Z
2291927,6803476,42586373,2015-01-01 07:00:00 UTC,0,2021-08-31T10:56:22Z
2291927,6803476,42586374,2015-01-01 10:00:00 UTC,3,2021-08-31T10:56:22Z
2291927,6803476,42586375,2015-01-01 12:00:00 UTC,5,2021-08-31T10:56:22Z
2291927,6803476,42586376,2015-01-01 16:00:00 UTC,6,2021-08-31T10:56:22Z
2291927,6803476,42586377,2015-01-01 19:00:00 UTC,11,2021-08-31T10:56:22Z
2291636,6802498,42580880,2015-01-01 07:00:00 UTC,0,2021-08-31T08:22:02Z
2291636,6802498,42580882,2015-01-01 12:00:00 UTC,5,2021-08-31T08:22:02Z
2291636,6802498,42580884,2015-01-01 19:00:00 UTC,11,2021-08-31T08:22:02Z
1167539,2557881,16517236,2015-01-01 07:00:00 UTC,0,2020-04-17T09:16:43Z
1167539,2557881,16517237,2015-01-01 10:00:00 UTC,3,2020-04-17T09:16:43Z
1167539,2557881,16517238,2015-01-01 12:00:00 UTC,5,2020-04-17T09:16:43Z
1167539,2557881,16517240,2015-01-01 19:00:00 UTC,11,2020-04-17T09:16:43Z
2277850,6755288,42296211,2015-01-01 16:00:00 UTC,6,2021-08-25T13:26:28Z
2277850,6755288,42296622,2015-01-01 18:00:00 UTC,9,2021-08-25T13:38:18Z
2291701,6802697,42582025,2015-01-01 07:00:00 UTC,0,2021-08-31T09:11:27Z
2291701,6802697,42582026,2015-01-01 10:00:00 UTC,3,2021-08-31T09:11:27Z
2291701,6802697,42582028,2015-01-01 16:00:00 UTC,6,2021-08-31T09:11:27Z
2291701,6802697,42582030,2015-01-01 22:00:00 UTC,12,2021-08-31T09:11:27Z
2277858,6755313,42296345,2015-01-01 07:00:00 UTC,0,2021-08-25T13:27:39Z
2277858,6755313,42296346,2015-01-01 10:00:00 UTC,3,2021-08-25T13:27:39Z
2277858,6755313,42296347,2015-01-01 13:00:00 UTC,5,2021-08-25T13:27:39Z
2277858,6755313,42296348,2015-01-01 16:00:00 UTC,6,2021-08-25T13:27:39Z
2277858,6755313,42296349,2015-01-01 19:00:00 UTC,11,2021-08-25T13:27:39Z
2277858,6755313,42296350,2015-01-01 22:00:00 UTC,12,2021-08-25T13:27:39Z
2291727,6802848,42582817,2015-01-01 07:00:00 UTC,0,2021-08-31T09:25:27Z
2291727,6802848,42582819,2015-01-01 12:00:00 UTC,5,2021-08-31T09:25:27Z
2291727,6802848,42582820,2015-01-01 16:00:00 UTC,6,2021-08-31T09:25:27Z
2291727,6802848,42582821,2015-01-01 19:00:00 UTC,11,2021-08-31T09:25:27Z
2272073,6737595,42189188,2015-01-01 07:00:00 UTC,0,2021-08-23T13:17:10Z
2272073,6737595,42189190,2015-01-01 12:00:00 UTC,5,2021-08-23T13:17:10Z
2272073,6737595,42189192,2015-01-01 19:00:00 UTC,11,2021-08-23T13:17:10Z
2277831,6755233,42295919,2015-01-01 09:00:00 UTC,0,2021-08-25T13:19:31Z
2277831,6755233,42295921,2015-01-01 12:00:00 UTC,5,2021-08-25T13:19:31Z
2277831,6755233,42295922,2015-01-01 16:00:00 UTC,6,2021-08-25T13:19:31Z
2277831,6755233,42295923,2015-01-01 19:00:00 UTC,11,2021-08-25T13:19:31Z
2277831,6755233,42295924,2015-01-01 22:00:00 UTC,12,2021-08-25T13:19:31Z
2277901,6755374,42296705,2015-01-01 12:00:00 UTC,5,2021-08-25T13:42:05Z
2277901,6755374,42296706,2015-01-01 16:00:00 UTC,6,2021-08-25T13:42:05Z
2277901,6755374,42297435,2015-01-01 16:30:00 UTC,8,2021-08-25T14:04:14Z
2277901,6755374,42297484,2015-01-01 18:00:00 UTC,9,2021-08-25T14:04:44Z
2277901,6755374,42296708,2015-01-01 22:00:00 UTC,12,2021-08-25T13:42:05Z
2278047,6755676,42298443,2015-01-01 07:00:00 UTC,0,2021-08-25T14:32:24Z
2278047,6755676,42298444,2015-01-01 10:00:00 UTC,3,2021-08-25T14:32:24Z
2278047,6755676,42298882,2015-01-01 16:30:00 UTC,8,2021-08-25T14:41:45Z
2278047,6755676,42298943,2015-01-01 18:00:00 UTC,9,2021-08-25T14:42:51Z
2277973,6755531,42297661,2015-01-01 10:00:00 UTC,3,2021-08-25T14:09:17Z
2277973,6755531,42298400,2015-01-01 18:00:00 UTC,9,2021-08-25T14:30:41Z
2277973,6755531,42297665,2015-01-01 22:00:00 UTC,12,2021-08-25T14:09:17Z
2291789,6803030,42583918,2015-01-01 07:00:00 UTC,0,2021-08-31T10:02:17Z
2291789,6803030,42583919,2015-01-01 10:00:00 UTC,3,2021-08-31T10:02:17Z
2291789,6803030,42583920,2015-01-01 12:00:00 UTC,5,2021-08-31T10:02:17Z
2291789,6803030,42583921,2015-01-01 16:00:00 UTC,6,2021-08-31T10:02:17Z
2291789,6803030,42583922,2015-01-01 19:00:00 UTC,11,2021-08-31T10:02:17Z
2291844,6803213,42584921,2015-01-01 07:00:00 UTC,0,2021-08-31T10:26:43Z
2291844,6803213,42584922,2015-01-01 10:00:00 UTC,3,2021-08-31T10:26:43Z
2291844,6803213,42584924,2015-01-01 16:00:00 UTC,6,2021-08-31T10:26:43Z
2291844,6803213,42584926,2015-01-01 22:00:00 UTC,12,2021-08-31T10:26:43Z
2275072,6746671,42244030,2015-01-01 10:00:00 UTC,3,2021-08-24T13:38:43Z
2275072,6746671,42244031,2015-01-01 12:00:00 UTC,5,2021-08-24T13:38:43Z
2275072,6746671,42244032,2015-01-01 16:00:00 UTC,6,2021-08-24T13:38:43Z
2275072,6746671,42244033,2015-01-01 19:00:00 UTC,11,2021-08-24T13:38:43Z
2275440,6747651,42249534,2015-01-01 07:00:00 UTC,0,2021-08-24T15:26:35Z
2275440,6747651,42249535,2015-01-01 10:00:00 UTC,3,2021-08-24T15:26:35Z
2275440,6747651,42249537,2015-01-01 16:00:00 UTC,6,2021-08-24T15:26:35Z
2275030,6746558,42243400,2015-01-01 07:00:00 UTC,0,2021-08-24T13:24:34Z
2275030,6746558,42243402,2015-01-01 12:00:00 UTC,5,2021-08-24T13:24:34Z
2275030,6746558,42243403,2015-01-01 16:00:00 UTC,6,2021-08-24T13:24:34Z
2275030,6746558,42243404,2015-01-01 19:00:00 UTC,11,2021-08-24T13:24:34Z
2275679,6748258,42252957,2015-01-01 07:00:00 UTC,0,2021-08-24T16:50:12Z
2275679,6748258,42252958,2015-01-01 10:00:00 UTC,3,2021-08-24T16:50:12Z
2275679,6748258,42252960,2015-01-01 16:00:00 UTC,6,2021-08-24T16:50:12Z
2275679,6748258,42252961,2015-01-01 19:00:00 UTC,11,2021-08-24T16:50:12Z
2275547,6747926,42251089,2015-01-01 07:00:00 UTC,0,2021-08-24T16:03:03Z
2275547,6747926,42251090,2015-01-01 10:00:00 UTC,3,2021-08-24T16:03:03Z
2275547,6747926,42251092,2015-01-01 16:00:00 UTC,6,2021-08-24T16:03:03Z
2275547,6747926,42251093,2015-01-01 19:00:00 UTC,11,2021-08-24T16:03:03Z
2275639,6748138,42252300,2015-01-01 07:00:00 UTC,0,2021-08-24T16:37:22Z
2275639,6748138,42252301,2015-01-01 10:00:00 UTC,3,2021-08-24T16:37:22Z
2275639,6748138,42252303,2015-01-01 16:00:00 UTC,6,2021-08-24T16:37:22Z
2275726,6748414,42253835,2015-01-01 10:00:00 UTC,3,2021-08-24T17:08:26Z
2275726,6748414,42253837,2015-01-01 16:00:00 UTC,6,2021-08-24T17:08:26Z
2275703,6748340,42253423,2015-01-01 07:00:00 UTC,0,2021-08-24T17:00:53Z
2275703,6748340,42253424,2015-01-01 10:00:00 UTC,3,2021-08-24T17:00:53Z
2275703,6748340,42253426,2015-01-01 16:00:00 UTC,6,2021-08-24T17:00:53Z
2275703,6748340,42253427,2015-01-01 19:00:00 UTC,11,2021-08-24T17:00:53Z
2277196,6753456,42286131,2015-01-01 07:00:00 UTC,0,2021-08-25T07:20:41Z
2277196,6753456,42286132,2015-01-01 10:00:00 UTC,3,2021-08-25T07:20:41Z
2277196,6753456,42286133,2015-01-01 12:00:00 UTC,5,2021-08-25T07:20:41Z
2277196,6753456,42286134,2015-01-01 16:00:00 UTC,6,2021-08-25T07:20:41Z
2277196,6753456,42286135,2015-01-01 19:00:00 UTC,11,2021-08-25T07:20:41Z
2277166,6753356,42285610,2015-01-01 07:00:00 UTC,0,2021-08-25T06:25:24Z
2277166,6753356,42285611,2015-01-01 10:00:00 UTC,3,2021-08-25T06:25:24Z
2277166,6753356,42285612,2015-01-01 12:00:00 UTC,5,2021-08-25T06:25:24Z
2277166,6753356,42285613,2015-01-01 16:00:00 UTC,6,2021-08-25T06:25:24Z
2277166,6753356,42285614,2015-01-01 19:00:00 UTC,11,2021-08-25T06:25:24Z
2277131,6753276,42285138,2015-01-01 07:00:00 UTC,0,2021-08-25T05:20:42Z
2277131,6753276,42285139,2015-01-01 10:00:00 UTC,3,2021-08-25T05:20:42Z
2277131,6753276,42285141,2015-01-01 16:00:00 UTC,6,2021-08-25T05:20:42Z
2277101,6753220,42284814,2015-01-01 07:00:00 UTC,0,2021-08-25T04:39:42Z
2277101,6753220,42284815,2015-01-01 10:00:00 UTC,3,2021-08-25T04:39:42Z
2277101,6753220,42284817,2015-01-01 16:00:00 UTC,6,2021-08-25T04:39:42Z
2277261,6753693,42287257,2015-01-01 10:00:00 UTC,3,2021-08-25T08:30:05Z
2277261,6753693,42287258,2015-01-01 12:00:00 UTC,5,2021-08-25T08:30:05Z
2277261,6753693,42287259,2015-01-01 16:00:00 UTC,6,2021-08-25T08:30:05Z
2277261,6753693,42287260,2015-01-01 19:00:00 UTC,11,2021-08-25T08:30:05Z
2277210,6753500,42286357,2015-01-01 07:00:00 UTC,0,2021-08-25T07:37:58Z
2277210,6753500,42286358,2015-01-01 10:00:00 UTC,3,2021-08-25T07:37:58Z
2277210,6753500,42286359,2015-01-01 12:00:00 UTC,5,2021-08-25T07:37:58Z
2277210,6753500,42286360,2015-01-01 16:00:00 UTC,6,2021-08-25T07:37:58Z
2277210,6753500,42286361,2015-01-01 19:00:00 UTC,11,2021-08-25T07:37:58Z
2277210,6753500,42286362,2015-01-01 22:00:00 UTC,12,2021-08-25T07:37:58Z
2277176,6753398,42285845,2015-01-01 07:00:00 UTC,0,2021-08-25T06:51:21Z
2277176,6753398,42285846,2015-01-01 10:00:00 UTC,3,2021-08-25T06:51:21Z
2277176,6753398,42285847,2015-01-01 12:00:00 UTC,5,2021-08-25T06:51:21Z
2277176,6753398,42285848,2015-01-01 16:00:00 UTC,6,2021-08-25T06:51:21Z
2277176,6753398,42285849,2015-01-01 19:00:00 UTC,11,2021-08-25T06:51:21Z
2277116,6753248,42284970,2015-01-01 07:00:00 UTC,0,2021-08-25T04:54:46Z
2277116,6753248,42284971,2015-01-01 10:00:00 UTC,3,2021-08-25T04:54:46Z
2277116,6753248,42284972,2015-01-01 12:00:00 UTC,5,2021-08-25T04:54:46Z
2277116,6753248,42284973,2015-01-01 16:00:00 UTC,6,2021-08-25T04:54:46Z
2277116,6753248,42284974,2015-01-01 19:00:00 UTC,11,2021-08-25T04:54:46Z
2277222,6753532,42286541,2015-01-01 07:00:00 UTC,0,2021-08-25T07:49:09Z
2277222,6753532,42286542,2015-01-01 10:00:00 UTC,3,2021-08-25T07:49:09Z
2277222,6753532,42286543,2015-01-01 12:00:00 UTC,5,2021-08-25T07:49:09Z
2277222,6753532,42286544,2015-01-01 16:00:00 UTC,6,2021-08-25T07:49:09Z
2277222,6753532,42286545,2015-01-01 19:00:00 UTC,11,2021-08-25T07:49:09Z
2277222,6753532,42286546,2015-01-01 22:00:00 UTC,12,2021-08-25T07:49:09Z
2277121,6753259,42285036,2015-01-01 07:00:00 UTC,0,2021-08-25T05:06:40Z
2277121,6753259,42285037,2015-01-01 10:00:00 UTC,3,2021-08-25T05:06:40Z
2277121,6753259,42285039,2015-01-01 16:00:00 UTC,6,2021-08-25T05:06:40Z
2277144,6753304,42285307,2015-01-01 10:00:00 UTC,3,2021-08-25T05:38:08Z
2277144,6753304,42285309,2015-01-01 16:00:00 UTC,6,2021-08-25T05:38:08Z
2277144,6753304,42295846,2015-01-01 16:30:00 UTC,8,2021-08-25T13:17:47Z
2277144,6753304,42295906,2015-01-01 18:00:00 UTC,9,2021-08-25T13:18:12Z
2277144,6753304,42285311,2015-01-01 22:00:00 UTC,12,2021-08-25T05:38:08Z
2295407,6814214,42649972,2015-01-01 09:00:00 UTC,0,2021-09-01T13:33:46Z
2295407,6814214,42649973,2015-01-01 10:00:00 UTC,3,2021-09-01T13:33:46Z
2295407,6814214,42649974,2015-01-01 13:00:00 UTC,5,2021-09-01T13:33:46Z
2295407,6814214,42649975,2015-01-01 16:00:00 UTC,6,2021-09-01T13:33:46Z
2295407,6814214,42649976,2015-01-01 19:00:00 UTC,11,2021-09-01T13:33:46Z
2301851,6837338,42788279,2015-01-01 07:00:00 UTC,0,2021-09-03T12:38:47Z
2301851,6837338,42788280,2015-01-01 10:00:00 UTC,3,2021-09-03T12:38:47Z
2301851,6837338,42788281,2015-01-01 12:00:00 UTC,5,2021-09-03T12:38:47Z
2301851,6837338,42788282,2015-01-01 16:00:00 UTC,6,2021-09-03T12:38:47Z
2301851,6837338,42788283,2015-01-01 19:00:00 UTC,11,2021-09-03T12:38:47Z
2301851,6837338,42788284,2015-01-01 22:00:00 UTC,12,2021-09-03T12:38:47Z
2301885,6837422,42788795,2015-01-01 07:00:00 UTC,0,2021-09-03T12:47:04Z
2301885,6837422,42788796,2015-01-01 10:00:00 UTC,3,2021-09-03T12:47:04Z
2301885,6837422,42788797,2015-01-01 12:00:00 UTC,5,2021-09-03T12:47:04Z
2301885,6837422,42788799,2015-01-01 19:00:00 UTC,11,2021-09-03T12:47:04Z
2289092,6794500,42532600,2015-01-01 07:00:00 UTC,0,2021-08-30T13:12:52Z
2289092,6794500,42532601,2015-01-01 10:00:00 UTC,3,2021-08-30T13:12:52Z
2289092,6794500,42532602,2015-01-01 12:00:00 UTC,5,2021-08-30T13:12:52Z
2289092,6794500,42532603,2015-01-01 16:00:00 UTC,6,2021-08-30T13:12:52Z
2289092,6794500,42532604,2015-01-01 19:00:00 UTC,11,2021-08-30T13:12:52Z
2289112,6794541,42532820,2015-01-01 07:00:00 UTC,0,2021-08-30T13:20:57Z
2289112,6794541,42532821,2015-01-01 10:00:00 UTC,3,2021-08-30T13:20:57Z
2289112,6794541,42532823,2015-01-01 16:00:00 UTC,6,2021-08-30T13:20:57Z
2243804,6635433,41566109,2015-01-01 07:00:00 UTC,0,2021-08-10T08:45:34Z
2243804,6635433,41566110,2015-01-01 10:00:00 UTC,3,2021-08-10T08:45:34Z
2243804,6635433,41566111,2015-01-01 12:00:00 UTC,5,2021-08-10T08:45:34Z
2243804,6635433,41566113,2015-01-01 19:00:00 UTC,11,2021-08-10T08:45:34Z
2243804,6635433,41566114,2015-01-01 22:00:00 UTC,12,2021-08-10T08:45:34Z
2243785,6635373,41565780,2015-01-01 07:00:00 UTC,0,2021-08-10T08:18:42Z
2243785,6635373,41565781,2015-01-01 10:00:00 UTC,3,2021-08-10T08:18:42Z
2243785,6635373,41565782,2015-01-01 12:00:00 UTC,5,2021-08-10T08:18:42Z
2243785,6635373,41565784,2015-01-01 19:00:00 UTC,11,2021-08-10T08:18:42Z
2291609,6802426,42580459,2015-01-01 07:00:00 UTC,0,2021-08-31T08:06:33Z
2291609,6802426,42580460,2015-01-01 10:00:00 UTC,3,2021-08-31T08:06:33Z
2291609,6802426,42580462,2015-01-01 16:00:00 UTC,6,2021-08-31T08:06:33Z
2291609,6802426,42580464,2015-01-01 22:00:00 UTC,12,2021-08-31T08:06:33Z
2243908,6635860,41568537,2015-01-01 07:00:00 UTC,0,2021-08-10T10:04:49Z
2243908,6635860,41568538,2015-01-01 10:00:00 UTC,3,2021-08-10T10:04:49Z
2243908,6635860,41568539,2015-01-01 12:00:00 UTC,5,2021-08-10T10:04:49Z
2243908,6635860,41568540,2015-01-01 16:00:00 UTC,6,2021-08-10T10:04:49Z
2243908,6635860,41568541,2015-01-01 19:00:00 UTC,11,2021-08-10T10:04:49Z
2243858,6635668,41567450,2015-01-01 07:00:00 UTC,0,2021-08-10T09:30:22Z
2243858,6635668,41567451,2015-01-01 10:00:00 UTC,3,2021-08-10T09:30:22Z
2243858,6635668,41567452,2015-01-01 12:00:00 UTC,5,2021-08-10T09:30:22Z
2243858,6635668,41567453,2015-01-01 16:00:00 UTC,6,2021-08-10T09:30:22Z
2243858,6635668,41567454,2015-01-01 19:00:00 UTC,11,2021-08-10T09:30:22Z
2247131,6647047,41636736,2015-01-01 07:00:00 UTC,0,2021-08-11T15:02:22Z
2247131,6647047,41636737,2015-01-01 10:00:00 UTC,3,2021-08-11T15:02:22Z
2247131,6647047,41636738,2015-01-01 12:00:00 UTC,5,2021-08-11T15:02:22Z
2247131,6647047,41636739,2015-01-01 16:00:00 UTC,6,2021-08-11T15:02:22Z
2247131,6647047,41636740,2015-01-01 19:00:00 UTC,11,2021-08-11T15:02:22Z
2247131,6647047,41636741,2015-01-01 22:00:00 UTC,12,2021-08-11T15:02:22Z
2291951,6803569,42586949,2015-01-01 07:00:00 UTC,0,2021-08-31T11:09:56Z
2291951,6803569,42586950,2015-01-01 10:00:00 UTC,3,2021-08-31T11:09:56Z
2291951,6803569,42586951,2015-01-01 12:00:00 UTC,5,2021-08-31T11:09:56Z
2291951,6803569,42586952,2015-01-01 16:00:00 UTC,6,2021-08-31T11:09:56Z
2291951,6803569,42586953,2015-01-01 19:00:00 UTC,11,2021-08-31T11:09:56Z
2285260,6780036,42446719,2015-01-01 07:00:00 UTC,0,2021-08-28T08:45:12Z
2285260,6780036,42446720,2015-01-01 10:00:00 UTC,3,2021-08-28T08:45:12Z
2285260,6780036,42446722,2015-01-01 16:00:00 UTC,6,2021-08-28T08:45:12Z
2285237,6779955,42446234,2015-01-01 07:00:00 UTC,0,2021-08-28T08:12:02Z
2285237,6779955,42446235,2015-01-01 10:00:00 UTC,3,2021-08-28T08:12:02Z
2285237,6779955,42446237,2015-01-01 16:00:00 UTC,6,2021-08-28T08:12:02Z
2285237,6779955,42446238,2015-01-01 19:00:00 UTC,11,2021-08-28T08:12:02Z
2285197,6779774,42445335,2015-01-01 07:00:00 UTC,0,2021-08-28T07:12:05Z
2285197,6779774,42445336,2015-01-01 10:00:00 UTC,3,2021-08-28T07:12:05Z
2285197,6779774,42445338,2015-01-01 16:00:00 UTC,6,2021-08-28T07:12:05Z
2285291,6780144,42447359,2015-01-01 07:00:00 UTC,0,2021-08-28T09:14:51Z
2285291,6780144,42447360,2015-01-01 10:00:00 UTC,3,2021-08-28T09:14:51Z
2285291,6780144,42447362,2015-01-01 16:00:00 UTC,6,2021-08-28T09:14:51Z
2249049,6654016,41681167,2015-01-01 07:00:00 UTC,0,2021-08-12T08:48:08Z
2249049,6654016,41681168,2015-01-01 10:00:00 UTC,3,2021-08-12T08:48:08Z
2249049,6654016,41681169,2015-01-01 12:00:00 UTC,5,2021-08-12T08:48:08Z
2249049,6654016,41681170,2015-01-01 16:00:00 UTC,6,2021-08-12T08:48:08Z
2249049,6654016,41681171,2015-01-01 19:00:00 UTC,11,2021-08-12T08:48:08Z
2249116,6654219,41682341,2015-01-01 07:00:00 UTC,0,2021-08-12T09:27:35Z
2249116,6654219,41682342,2015-01-01 10:00:00 UTC,3,2021-08-12T09:27:35Z
2249116,6654219,41682343,2015-01-01 12:00:00 UTC,5,2021-08-12T09:27:35Z
2249116,6654219,41682345,2015-01-01 19:00:00 UTC,11,2021-08-12T09:27:35Z
2249367,6655081,41687396,2015-01-01 07:00:00 UTC,0,2021-08-12T12:43:05Z
2249367,6655081,41687398,2015-01-01 12:00:00 UTC,5,2021-08-12T12:43:05Z
2249367,6655081,41687399,2015-01-01 16:00:00 UTC,6,2021-08-12T12:43:05Z
2249367,6655081,41687400,2015-01-01 19:00:00 UTC,11,2021-08-12T12:43:05Z
2286841,6785349,42479176,2015-01-01 07:00:00 UTC,0,2021-08-29T10:03:18Z
2286841,6785349,42479177,2015-01-01 10:00:00 UTC,3,2021-08-29T10:03:18Z
2286841,6785349,42479179,2015-01-01 16:00:00 UTC,6,2021-08-29T10:03:18Z
2286841,6785349,42479180,2015-01-01 19:00:00 UTC,11,2021-08-29T10:03:18Z
2286854,6785425,42479602,2015-01-01 07:00:00 UTC,0,2021-08-29T10:15:12Z
2286854,6785425,42479603,2015-01-01 10:00:00 UTC,3,2021-08-29T10:15:12Z
2286854,6785425,42479605,2015-01-01 16:00:00 UTC,6,2021-08-29T10:15:12Z
2286869,6785467,42479848,2015-01-01 07:00:00 UTC,0,2021-08-29T10:32:35Z
2286869,6785467,42479849,2015-01-01 10:00:00 UTC,3,2021-08-29T10:32:35Z
2286869,6785467,42479851,2015-01-01 16:00:00 UTC,6,2021-08-29T10:32:35Z
2286858,6785432,42479639,2015-01-01 07:00:00 UTC,0,2021-08-29T10:23:13Z
2286858,6785432,42479640,2015-01-01 10:00:00 UTC,3,2021-08-29T10:23:13Z
2286858,6785432,42479642,2015-01-01 16:00:00 UTC,6,2021-08-29T10:23:13Z
2295441,6814292,42650418,2015-01-01 08:00:00 UTC,0,2021-09-01T13:42:56Z
2295441,6814292,42650419,2015-01-01 10:30:00 UTC,3,2021-09-01T13:42:56Z
2295441,6814292,42650420,2015-01-01 12:00:00 UTC,5,2021-09-01T13:42:56Z
2295441,6814292,42650421,2015-01-01 17:00:00 UTC,6,2021-09-01T13:42:56Z
2295441,6814292,42650422,2015-01-01 19:00:00 UTC,11,2021-09-01T13:42:56Z
2307673,6859755,42920089,2015-01-01 08:00:00 UTC,0,2021-09-06T10:52:16Z
2307673,6859755,42920091,2015-01-01 12:00:00 UTC,5,2021-09-06T10:52:16Z
2307673,6859755,42920092,2015-01-01 17:00:00 UTC,6,2021-09-06T10:52:16Z
2307673,6859755,42920093,2015-01-01 20:00:00 UTC,11,2021-09-06T10:52:16Z
2307673,6859755,42920094,2015-01-01 22:30:00 UTC,12,2021-09-06T10:52:16Z
