recipe_id,recipe_food_id,recipe_name,food_group_id,food_group,preparation_time_minutes,total_time_minutes,portions,yield,yield_unit_of_measure_id,image_url,preparation_steps,phosphorus,16_1_c,18_1_c,20_3_n_6,15_0,22_0,14_1,18_2_t_not_further_defined,18_3_n_6_c_c_c,carotene_beta,fatty_acids_total_polyunsaturated,22_1_c,galactose,maltose,sucrose,fructose,sodium,phytosterols,fatty_acids_total_saturated,lactose,retinol,vitamin_a,folate_total,vitamin_c,energy_5,potassium,20_2_n_6_c_c,thiamin,riboflavin,niacin,histidine,tocopherol_gamma,vitamin_b_6,tocopherol_delta,tocotrienol_gamma,folate_food,glutamic_acid,valine,tryptophan,zinc,magnesium,pantothenic_acid,lysine,folate_dfe,choline_total,tocotrienol_alpha,iodine,water,calcium,iron,18_2_i,beta_sitosterol,18_2_undifferentiated,8_0,4_0,serine,proline,glycine,phenylalanine,cystine,vitamin_k,alcohol,24_0,20_4_n_6,epa,carotene_alpha,caffeine,ash,fat,protein,carbohydrate,vitamin_d_d2_d3,vitamin_d2,theobromine,lycopene,tocotrienol_beta,tocotrienol_delta,folic_acid,betaine,dihydrophylloquinone,selenium,fluoride,fiber,sugars,vitamin_e_added,vitamin_b_12_added,leucine,isoleucine,threonine,fatty_acids_total_trans,tyrosine,12_0,18_4,22_1_undifferentiated,22_1_t,24_1_c,20_1,16_1_undifferentiated,dha,17_1,15_1,18_3_n_3_c_c_c_ala,chloride,biotin,starch,fatty_acids_total_trans_polyenoic,fatty_acids_total_trans_monoenoic,22_4,energy,20_3_n_3,vitamin_e,vitamin_d,vitamin_d3,arginine,alanine,aspartic_acid,17_0,cholesterol,20_3_undifferentiated,16_1_t,22_5_n_3_dpa,20_4_undifferentiated,18_3_undifferentiated,20_0,18_1_t,lutein_zeaxanthin,cryptoxanthin_beta,vitamin_a_32,methionine,stigmasterol,campesterol,glucose,18_2_n_6_c_c,fatty_acids_total_monounsaturated,6_0,10_0,14_0,16_0,18_0,18_1_undifferentiated,18_2_clas,manganese,vitamin_b_12,copper,tocopherol_beta,13_0,menaquinone_4,18_1_11_t_18_1t_n_7,18_2_t_t,hydroxyproline,18_3i,21_5
149394,341819,"ZUCCHINI MINIFLAN WITH BUFFALO CREAM, ZAFFERANO AND MINT CRUMBLE",,,,,1.0,95.79,3,https://app.nutrium.com/rails/active_storage/representations/redirect/eyJfcmFpbHMiOnsibWVzc2FnZSI6IkJBaHBBMUxMQlE9PSIsImV4cCI6bnVsbCwicHVyIjoiYmxvYl9pZCJ9fQ==--8035fe88d80c3e92d3d446324db283eea1b2a607/eyJfcmFpbHMiOnsibWVzc2FnZSI6IkJBaDdCem9MWm05eWJXRjBTU0lJYW5CbkJqb0dSVlE2RTNKbGMybDZaVjkwYjE5bWFXeHNXd2RwQWl3QmFRSXNBUT09IiwiZXhwIjpudWxsLCJwdXIiOiJ2YXJpYXRpb24ifX0=--b44c98460dfda55293bc1375ff5638f722bd6d84/IMG_6968.jpg,"[{'created_at': '2021-07-01T13:42:15Z', 'description': 'Oven cooked.', 'id': 283445, 'recipe_id': 149394}]",95.99926923478442,0.08894039043741518,2.014339701430212,0.0009646100845599749,0.02331767407871385,0.00017538365173817727,0.0003069213905418102,0.0005261509552145317,0.0005261509552145317,75.99791209938407,0.6441097191773671,0.0,2.0879006159306817e-05,0.0022027351498068687,0.011848835995406617,0.014851237081114936,1762.5105960956257,0.1578452865643595,7.307169955110137,0.3383547343146466,146.5810627414135,161.90155548595885,26.424157010126315,3.542833281135817,238.68357866165567,154.04760413404318,0.0007892264328217976,0.054435536068483135,0.14419584507777428,0.5000584612172461,0.015714792775863864,0.02421964714479591,0.09530493788495667,0.0026307547760726587,0.00043845912934544314,2.4428437206388978,0.09049785990186868,0.042744127779517686,0.008563837561332081,0.8170393569266102,7.007412047186553,0.16418749347531056,0.04619250443678881,2.4428437206388978,14.514291679716044,0.0026307547760726587,1.8373525420189998,52.26076834742666,100.84633051466749,0.808067647979956,0.02472074329261927,0.33406409854890906,0.29679037477816056,0.1271197411003236,0.3488339075060026,0.04684580853951351,0.029823572397953857,0.021003758221108674,0.03363179872638063,0.012844138219020775,0.6192400041758013,0.0,0.0,0.0,0.0,0.0,0.0,0.3289122037791001,15.375906670842467,8.057586386887984,18.46257542540975,0.15554859588683578,0.0,0.0,0.0,0.0,0.0,0.0,0.03820858127153147,0.004384591293454432,2.080154504645579,0.2820753732122351,0.8278108362041966,1.4870101263179871,0.0,0.0,0.055206180185823156,0.034166614469151264,0.027900511535650905,0.3535191564881512,0.025667188641820646,0.2998851654661238,0.0,0.0,0.0,0.0,0.009535442112955423,0.08907192817621881,0.0025430629502035704,0.0005261509552145317,0.0,0.03936945401398893,2511.5596617601,0.3215366948533249,16.15199916483975,0.0252468942478338,0.2501847792045099,0.0005699968681490761,998.6520931203687,4.384591293454432e-05,0.7664349096982982,3.595364860632634,0.08769182586908862,0.04022632842676688,0.03510690051153565,0.06439670111702682,0.059217037269025996,52.27476772105647,0.0010084559974945192,0.00013153773880363292,0.0003069213905418102,0.00824303163169433,0.028447228311932346,0.011656749138740995,0.25005324146570623,23.008247207432923,0.3946132164108988,232.40087691825866,0.018551205762605702,0.0,0.0,0.03765111180707798,0.2905125796012109,3.0907251278839123,0.21699551101367573,0.29220899885165463,0.8544466019417474,2.50846006890072,1.1003289487420398,1.8169637749243133,0.022824929533354212,0.3445767825451508,0.5376135295959912,0.010997807704353272,0.001586804468107318,,,,,,,
149399,341825,Stracciatella with 3 types of tomatoes,,,,,1.0,130.0,3,https://app.nutrium.com/rails/active_storage/representations/redirect/eyJfcmFpbHMiOnsibWVzc2FnZSI6IkJBaHBBMmpMQlE9PSIsImV4cCI6bnVsbCwicHVyIjoiYmxvYl9pZCJ9fQ==--84eedf86ad1dadacf6f4587eac67e97fc0184074/eyJfcmFpbHMiOnsibWVzc2FnZSI6IkJBaDdCem9MWm05eWJXRjBTU0lJYW5CbkJqb0dSVlE2RTNKbGMybDZaVjkwYjE5bWFXeHNXd2RwQWl3QmFRSXNBUT09IiwiZXhwIjpudWxsLCJwdXIiOiJ2YXJpYXRpb24ifX0=--b44c98460dfda55293bc1375ff5638f722bd6d84/IMG_6966.jpg,"[{'created_at': '2021-07-01T13:56:20Z', 'description': 'No cooked.', 'id': 283450, 'recipe_id': 149399}]",212.84615384615384,,,,,,,,,198.0769230769231,0.6977692307692308,,0.0,0.0,0.0,0.15384615384615385,113.07692307692308,0.4615384615384616,11.585846153846155,1.3692307692307693,156.46153846153848,186.6153846153846,18.923076923076927,5.16923076923077,243.10384615384618,402.23076923076934,,0.06761538461538462,0.20123076923076924,1.0145384615384618,0.01761538461538462,0.05307692307692308,0.07907692307692309,0.002307692307692308,,7.538461538461539,0.42776923076923085,0.029692307692307695,0.008546153846153847,1.4823076923076923,23.53846153846154,0.3482307692307693,0.042692307692307696,7.538461538461539,8.046153846153848,,0.15384615384615385,60.618461538461546,107.92307692307693,0.9476923076923077,,,0.09292307692307694,0.0,0.0,0.03084615384615385,0.02184615384615385,0.028615384615384615,0.03007692307692308,0.015076923076923078,3.307692307692308,0.0,,,0.0,0.0,0.0,1.0076923076923079,20.056153846153848,10.583846153846155,6.164615384615386,0.12307692307692308,,0.0,3530.923076923077,,,0.0,,,1.8384615384615386,,1.1,4.537692307692308,0.0,0.0,0.04253846153846154,0.027846153846153854,0.029307692307692312,0.0,0.019923076923076925,0.0,0.0,0.0,,,0.0,0.0010000000000000002,0.0,,,,7.307692307692308,0.1384615384615385,0.0,,,,1017.1464923076917,,0.5138461538461538,0.0,,0.028230769230769236,0.03307692307692309,0.16092307692307695,,53.53846153846154,,,0.0,0.0,0.001153846153846154,,,118.15384615384616,2.4615384615384617,67.23076923076924,0.010000000000000002,,,0.12307692307692311,,6.136846153846154,0.0,0.0,0.0003076923076923077,0.02715384615384616,0.008153846153846156,0.03961538461538462,,0.1604615384615385,0.8461538461538463,0.1210769230769231,0.0015384615384615387,,,,,,,
45917,149093,Milkshake,,,10.0,10.0,2.0,464.0,3,https://app.nutrium.com/rails/active_storage/representations/redirect/eyJfcmFpbHMiOnsibWVzc2FnZSI6IkJBaHBBbktXIiwiZXhwIjpudWxsLCJwdXIiOiJibG9iX2lkIn19--77d2060f38b3723bf71377c4ecb27e165afb8c13/eyJfcmFpbHMiOnsibWVzc2FnZSI6IkJBaDdCem9MWm05eWJXRjBTU0lJY0c1bkJqb0dSVlE2RTNKbGMybDZaVjkwYjE5bWFXeHNXd2RwQWl3QmFRSXNBUT09IiwiZXhwIjpudWxsLCJwdXIiOiJ2YXJpYXRpb24ifX0=--4552dbf2491cfca91c5c95eb02751f0ee0bdb83e/190523-vanilla-milkshake-050-square-1559169406.png,"[{'created_at': '2019-12-04T14:47:02Z', 'description': 'In a blender, blend together ice cream and milk. ', 'id': 84465, 'recipe_id': 45917}, {'created_at': '2019-12-04T14:47:10Z', 'description': 'Pour into a glass and garnish with whipped topping, sprinkles, and a cherry.', 'id': 84466, 'recipe_id': 45917}]",97.24137931034483,,0.3448275862068966,0.0,0.017241379310344827,0.0,0.0,,0.0,24.17241379310345,0.3002758620689655,0.0,0.0,0.0,0.0,0.0,69.22413793103448,,4.8805172413793105,2.0689655172413794,89.27586206896552,92.56896551724138,3.2758620689655173,0.3413793103448276,146.22413793103448,173.56896551724137,,0.04056896551724138,0.21413793103448275,0.10910344827586207,0.05006896551724138,0.0,0.044551724137931036,0.0,,2.8448275862068964,0.3874655172413793,0.12346551724137933,0.025948275862068965,0.565,12.706896551724139,0.4685,0.1467931034482759,2.8448275862068964,14.793103448275861,,13.362068965517242,73.58620689655174,120.24137931034485,0.1503448275862069,,,0.15646551724137933,0.08982758620689657,0.26948275862068966,0.10070689655172414,0.18548275862068966,0.05291379310344828,0.08932758620689656,0.0165,0.1706896551724138,0.0,0.0,0.0,0.001706896551724138,0.0,0.0,0.5120689655172413,7.939655172413793,3.3706896551724137,15.496551724137934,0.11379310344827587,,0.0,0.0,,,0.0,,,1.4551724137931037,8.762068965517244,0.39827586206896554,14.142413793103449,0.0,0.0,0.17979310344827587,0.11094827586206897,0.08306896551724138,0.06465517241379311,0.0881896551724138,0.22810344827586207,0.0,0.0,,0.0,0.0,0.11720689655172414,0.0,,,0.008620689655172414,40.08620689655172,0.7758620689655172,0.0,,,,611.8017931034462,,0.20517241379310347,4.551724137931035,0.11379310344827587,0.07112068965517242,0.0688448275862069,0.14224137931034483,0.01293103448275862,31.06896551724138,,,0.0,0.0,0.09956896551724138,0.004310344827586207,,0.0,0.0,239.5344827586207,0.046086206896551726,,,0.0,0.02586206896551724,2.141844827586207,0.1582758620689655,0.2024137931034483,0.8024137931034483,2.163448275862069,0.9341034482758621,1.572051724137931,,0.004551724137931035,0.30810344827586206,0.01739655172413793,0.0,0.0,,,,,,
149442,341876,1/2 Homemade kamut pasta with Trapanese pesto and toasted almonds,,,,,1.0,90.0,3,https://app.nutrium.com/rails/active_storage/representations/redirect/eyJfcmFpbHMiOnsibWVzc2FnZSI6IkJBaHBBOWJMQlE9PSIsImV4cCI6bnVsbCwicHVyIjoiYmxvYl9pZCJ9fQ==--d33e6e02b953ba2da30dee7fada3abb8abd54c53/eyJfcmFpbHMiOnsibWVzc2FnZSI6IkJBaDdCem9MWm05eWJXRjBTU0lJYW5CbkJqb0dSVlE2RTNKbGMybDZaVjkwYjE5bWFXeHNXd2RwQWl3QmFRSXNBUT09IiwiZXhwIjpudWxsLCJwdXIiOiJ2YXJpYXRpb24ifX0=--b44c98460dfda55293bc1375ff5638f722bd6d84/IMG_7004.jpg,"[{'created_at': '2021-07-01T15:16:18Z', 'description': 'Pasta Boiled', 'id': 283505, 'recipe_id': 149442}, {'created_at': '2021-07-01T15:16:21Z', 'description': 'Pan cooked', 'id': 283506, 'recipe_id': 149442}]",259.964434565157,0.0233370380661295,3.27334815226452,0.0,0.0,0.00232564601278133,0.0,0.000308419005279244,0.0,148.80911364267902,2.39175882189497,0.000277854959711031,0.0165545984995832,3.40216726868575,0.7004445679355381,0.15859405390386203,287.28702417338206,,2.20105307029731,0.006335093081411501,15.204223395387602,25.3400944706863,8.4709641567102,1.6371214226173902,320.88310641845,313.97026951931105,0.000205612670186163,0.340137816060017,0.234032786885246,3.75635120866907,0.253040844679078,0.647468741317033,0.16510141706029502,0.014754098360655702,0.0103362045012503,6.866351764379001,3.14840455682134,0.44732370102806307,0.09022172825784941,2.3921200333426005,99.745207001945,0.5740500138927481,0.277176993609336,6.866351764379001,19.08268963601,0.16021116976938,0.271186440677966,32.727379827729905,68.0152820227841,2.52911642122812,,13.9483189774938,1.7497949430397302,0.0,0.0,0.489429285912754,0.926998055015282,0.450346762989719,0.519833287024173,0.18276243400944703,15.284773548207802,0.0,0.000833564879133093,0.0,0.0,1.03362045012503,0.0,1.27109196999166,15.344806890803001,10.706779661016903,38.956626840789106,0.015837732703528805,,0.0,0.0,0.0,0.0,0.0,58.464740205612706,0.0,42.9239788830231,,7.18985829397055,4.68210614059461,0.0,0.0,0.732707418727425,0.373305362600722,0.293799944429008,0.004126146151708811,0.230833009169214,0.0,0.0,0.000277854959711031,,0.0,0.00647679911086413,0.025882189497082504,0.0,0.0013364823562100603,0.0,0.0253931647679911,333.40650180605707,0.0100027785495971,27.1600444567936,0.000308419005279244,0.00123367602111698,,1342.5749172547949,,5.0671575437621605,0.0,,0.6171486524034461,0.38787941094748507,0.696158377327035,0.000411225340372326,3.3105862739649905,0.0,0.00123367602111698,0.0,0.0,0.0372142261739372,0.0025868296749097003,0.0,350.9780494581831,2.2795220894693,187.11864406779702,0.147100305640456,0.5070853014726311,0.6015559877743821,0.4152208946929701,1.4421783828841301,9.38728646846346,0.0,0.0,0.000586273964990275,0.43235732147818806,0.09131981105862741,3.3829041400389,0.000205612670186163,1.6875665462628502,0.0348430119477633,0.39061405946096106,0.09611003056404561,0.0,0.0,,,,,
73537,201647,Tonnarello Cacio e Pepe,,,,,1.0,223.0,3,https://app.nutrium.com/rails/active_storage/representations/redirect/eyJfcmFpbHMiOnsibWVzc2FnZSI6IkJBaHBBdHVtIiwiZXhwIjpudWxsLCJwdXIiOiJibG9iX2lkIn19--6a082b584937cc4d2719a6e175d73a93376b08e8/eyJfcmFpbHMiOnsibWVzc2FnZSI6IkJBaDdCem9MWm05eWJXRjBTU0lJYW5CbkJqb0dSVlE2RTNKbGMybDZaVjkwYjE5bWFXeHNXd2RwQWl3QmFRSXNBUT09IiwiZXhwIjpudWxsLCJwdXIiOiJ2YXJpYXRpb24ifX0=--b44c98460dfda55293bc1375ff5638f722bd6d84/DSC00889.jpg,"[{'created_at': '2020-07-02T12:06:41Z', 'description': 'Boiled pasta', 'id': 137299, 'recipe_id': 73537}, {'created_at': '2020-07-02T12:06:46Z', 'description': 'Pan cooked souce', 'id': 137300, 'recipe_id': 73537}]",251.47312185129832,,,,,,,,,10.473343298455404,0.6117267342080496,,,0.0,0.0,0.0,523.4485965786415,,5.9168953108564315,0.05336876487848087,148.53346620162765,151.02125892708844,16.39705475280961,0.3755190167746221,292.7710618391186,121.9983945081105,,0.12835796932956872,0.17813873664396845,0.591485356806732,,,0.09935226706527155,,,,,,,1.4105884958201869,14.807174887892378,0.11207440624480969,,,,,,37.34005425455351,240.10247467198133,1.3231788739412058,,,,,,,,,,,,0.0,,,,,,0.20461717322703857,11.408752698887213,14.923384819797382,34.752772518407795,0.30561922161324273,,,,,,,,,1.7365498532912578,,2.018263854287771,0.9466423074793777,,,,,,,,,,,,,,,,,,,,,33.12645739910314,,,,1224.9541227348739,,0.4150744616065991,,,,,,,76.7203676022809,,,,,,,,,,,,,,0.0,,2.9617040358744395,,0.037646016719260274,0.0,0.0,0.0,,,0.10601173669933012,0.2935282068316448,0.012011570060344362,,,,0.0,,,,
149466,341902,1/2 Tonnarello Cacio e Pepe,,,,,1.0,110.0,3,https://app.nutrium.com/rails/active_storage/representations/redirect/eyJfcmFpbHMiOnsibWVzc2FnZSI6IkJBaHBBd0xNQlE9PSIsImV4cCI6bnVsbCwicHVyIjoiYmxvYl9pZCJ9fQ==--8318eae0fe9b7051b0ac2486072d7f38a26fae92/eyJfcmFpbHMiOnsibWVzc2FnZSI6IkJBaDdCem9MWm05eWJXRjBTU0lJYW5CbkJqb0dSVlE2RTNKbGMybDZaVjkwYjE5bWFXeHNXd2RwQWl3QmFRSXNBUT09IiwiZXhwIjpudWxsLCJwdXIiOiJ2YXJpYXRpb24ifX0=--b44c98460dfda55293bc1375ff5638f722bd6d84/DSC00889.jpg,"[{'created_at': '2021-07-01T15:52:31Z', 'description': 'Boiled pasta', 'id': 283548, 'recipe_id': 149466}, {'created_at': '2021-07-01T15:52:31Z', 'description': 'Pan cooked souce', 'id': 283549, 'recipe_id': 149466}]",251.473121851298,,,,,,,,,10.4733432984554,0.61172673420805,,,0.0,0.0,0.0,523.448596578642,,5.91689531085643,0.0533687648784809,148.53346620162802,151.021258927088,16.3970547528096,0.37551901677462207,292.771061839119,121.99839450811001,,0.128357969329569,0.17813873664396804,0.591485356806732,,,0.0993522670652715,,,,,,,1.41058849582019,14.8071748878924,0.11207440624481,,,,,,37.3400542545535,240.10247467198104,1.32317887394121,,,,,,,,,,,,0.0,,,,,,0.204617173227039,11.4087526988872,14.923384819797402,34.75277251840781,0.305619221613243,,,,,,,,,1.73654985329126,,2.0182638542877704,0.946642307479378,,,,,,,,,,,,,,,,,,,,,33.12645739910311,,,,1224.9541227348739,,0.415074461606599,,,,,,,76.7203676022809,,,,,,,,,,,,,,0.0,,2.9617040358744404,,0.0376460167192603,0.0,0.0,0.0,,,0.10601173669933,0.293528206831645,0.012011570060344402,,,,0.0,,,,
149489,341928,Prosciutto crudo and melon,,,,,1.0,350.0,3,https://app.nutrium.com/rails/active_storage/representations/redirect/eyJfcmFpbHMiOnsibWVzc2FnZSI6IkJBaHBBei9NQlE9PSIsImV4cCI6bnVsbCwicHVyIjoiYmxvYl9pZCJ9fQ==--6558fbfea74239e66905ab28f89fc0251d4c18e3/eyJfcmFpbHMiOnsibWVzc2FnZSI6IkJBaDdCem9MWm05eWJXRjBTU0lJYW5CbkJqb0dSVlE2RTNKbGMybDZaVjkwYjE5bWFXeHNXd2RwQWl3QmFRSXNBUT09IiwiZXhwIjpudWxsLCJwdXIiOiJ2YXJpYXRpb24ifX0=--b44c98460dfda55293bc1375ff5638f722bd6d84/download.jpg,"[{'created_at': '2021-07-01T16:26:28Z', 'description': 'No cooked.', 'id': 283572, 'recipe_id': 149489}, {'created_at': '2021-07-01T16:26:28Z', 'description': 'No cooked.', 'id': 283573, 'recipe_id': 149489}, {'created_at': '2021-07-01T16:26:28Z', 'description': 'No cooked.', 'id': 283574, 'recipe_id': 149489}]",143.7428571428569,,,,,,,,,673.7999999999997,0.3941142857142857,,0.015428571428571427,0.010285714285714287,1.1214285714285712,0.48085714285714287,147.08571428571395,2.571428571428571,3.493542857142858,0.28571428571428603,171.4285714285716,240.3714285714285,21.114285714285746,9.808571428571428,214.77485714285697,176.0571428571428,,0.033257142857142874,0.20028571428571462,0.4807428571428571,0.0038571428571428567,0.028285714285714286,0.08451428571428567,0.0,0.0,5.4,0.053742857142857134,0.008485714285714286,0.0005142857142857143,1.9160000000000024,10.485714285714284,0.2055714285714283,0.0077142857142857135,5.4,1.9542857142857142,0.0,,65.52428571428572,153.0000000000001,0.2168571428571427,,,0.009000000000000001,0.0,0.0,0.010799999999999999,0.004885714285714286,0.006685714285714285,0.005914285714285714,0.0005142857142857143,0.6428571428571428,0.0,,,0.0,4.114285714285714,0.0,0.19571428571428576,17.48314285714288,12.18457142857146,2.4668571428571426,0.1142857142857144,,0.0,0.0,0.0,0.0,0.0,0.025714285714285717,0.0,2.2457142857142824,0.2571428571428571,0.2714285714285714,2.3068571428571434,0.0,0.0,0.0074571428571428575,0.005399999999999999,0.004371428571428571,0.0,0.0036,0.00025714285714285715,0.0,0.0,,,0.0,0.0,0.0,,,,,,0.0077142857142857135,,,,898.6180022857137,,0.19657142857142834,0.0,,0.0074571428571428575,0.024428571428571428,0.03497142857142857,,39.999999999999964,,,0.0,0.0,0.011828571428571428,,,6.685714285714286,0.2571428571428571,869.6571428571428,0.003085714285714286,,,0.396,,1.3531999999999977,0.0,0.0,0.00025714285714285715,0.011057142857142856,0.0012857142857142859,0.0007714285714285715,,0.018542857142857166,1.5000000000000007,0.011685714285714287,0.0,,,,,,,
60225,176574,Porto Fluviale Neapolitan Focaccia,,,,,1.0,470.0,3,https://app.nutrium.com/rails/active_storage/representations/redirect/eyJfcmFpbHMiOnsibWVzc2FnZSI6IkJBaHBBdktlIiwiZXhwIjpudWxsLCJwdXIiOiJibG9iX2lkIn19--e6a14b39886062f3392f3668a34f980f97260a20/eyJfcmFpbHMiOnsibWVzc2FnZSI6IkJBaDdCem9MWm05eWJXRjBTU0lJYW5CbkJqb0dSVlE2RTNKbGMybDZaVjkwYjE5bWFXeHNXd2RwQWl3QmFRSXNBUT09IiwiZXhwIjpudWxsLCJwdXIiOiJ2YXJpYXRpb24ifX0=--b44c98460dfda55293bc1375ff5638f722bd6d84/focaccia_porto_fluviale__1_.jpg,"[{'created_at': '2020-04-20T17:47:22Z', 'description': 'cooked in a wood oven 400 ° 1 minute and 30 seconds', 'id': 113455, 'recipe_id': 60225}]",144.12416647737317,,0.0,,0.0,0.0,0.0,,0.0,45.81095284066531,0.41903850104742435,,0.0,0.0,0.0,0.0,1191.9064486004886,,4.334531652406552,0.4923404255319149,56.25957446808511,63.672340425531914,11.497163120567357,0.11063829787234043,244.7804842129172,78.42844861310924,0.0,0.03996053860326597,0.06762175361550694,0.3948569950278892,0.0,0.0,0.06482823502687968,0.0,0.0,0.0,0.0,0.0,8.1822139774362e-06,0.7944855947603546,5.634005956437245,0.13668005917555,0.0,0.0,0.0,0.0,0.850202429149798,39.41428538527546,59.32229404861058,0.3679752845713134,,,0.0,0.0,0.0,0.0,0.0,0.0,0.0,0.0,0.0,0.0,,,0.0,0.0,0.0,0.0,11.147701187501582,11.877917897074783,25.85000586810023,0.04425531914893618,,0.0,0.0,0.0,0.0,0.0,0.0,0.0,1.09311740890688,,0.8048919764771213,1.039666969536357,0.0,0.0,0.0,0.0,0.0,0.0,0.0,0.0,0.0,0.0,,,0.0,0.0,0.0,0.0,0.0,0.0,0.18732963579919756,0.049216324676308015,24.8103388985639,0.0,0.0,,1024.1615459468446,,0.4331033290426794,0.0,,0.0,0.0,0.0,0.0,19.25299741614295,0.0,,0.0,0.0,0.0,0.0,0.0,0.0,0.0,0.0,0.0,,,0.0,0.0,2.891822406047297,0.0,0.0,0.0,0.0,0.0,0.0,,0.0,0.3042553191489362,0.007135546805986715,0.0,,0.0,0.0,0.0,0.0,,
60232,176590,Gricia Neapolitan Pizza,,,,,1.0,456.0,3,https://app.nutrium.com/rails/active_storage/representations/redirect/eyJfcmFpbHMiOnsibWVzc2FnZSI6IkJBaHBBdmFlIiwiZXhwIjpudWxsLCJwdXIiOiJibG9iX2lkIn19--f3aae7a46c2c2a3c540e1bf8e54a8dcc7716ae40/eyJfcmFpbHMiOnsibWVzc2FnZSI6IkJBaDdCem9MWm05eWJXRjBTU0lJYW5CbkJqb0dSVlE2RTNKbGMybDZaVjkwYjE5bWFXeHNXd2RwQWl3QmFRSXNBUT09IiwiZXhwIjpudWxsLCJwdXIiOiJ2YXJpYXRpb24ifX0=--b44c98460dfda55293bc1375ff5638f722bd6d84/DSC00963.jpg,"[{'created_at': '2020-04-20T17:59:50Z', 'description': 'cooked in a wood oven 400 ° 1 minute and 30 seconds', 'id': 113480, 'recipe_id': 60232}]",205.31218913238024,,,,,,,,,45.761289112089244,0.4140659988865997,,0.0,0.0,0.0,0.0,1306.6579623733105,,3.9916400803313152,0.008771929824561405,71.71052631578947,79.51315789473684,13.336988304093547,0.09210526315789473,295.85150785103303,108.55125186000295,,0.0935996779463487,0.12882066710370232,1.011848218559447,,,0.08778348785665228,,,0.0,,,8.433422301304856e-06,1.233000503371418,8.710488595450668,0.11441281138790035,,0.0,0.0,,0.0,42.033583620788306,103.28832939220825,0.615500841553766,,,0.0,0.0,0.0,,,,,,0.0,0.0,,,0.0,0.0,0.0,0.04052631578947369,16.91100780290733,10.9811873061955,26.48184815352436,0.060526315789473685,,0.0,0.0,,,0.0,,,1.2109649122807018,,0.9458316424215943,0.7417620080747537,0.0,0.0,,,,0.13157894736842105,,0.0,0.0,0.0,,,0.0,0.0,0.0,,,,0.1930809842667168,0.05072735218829992,25.572059829660155,,,,1237.842708848722,,0.4346021154606563,0.0,,,,,,27.984449091199973,,,0.0,0.0,0.0,,,0.0,0.0,0.0,,,,0.0,,2.6396722167592754,0.0,0.007456140350877193,0.0,0.0,0.0,0.0,,0.026228070175438597,0.6627192982456142,0.013938524120205603,,,,0.0,,,,
60242,176607,Norma Neapolitan Pizza,,,,,1.0,564.0,3,https://app.nutrium.com/rails/active_storage/representations/redirect/eyJfcmFpbHMiOnsibWVzc2FnZSI6IkJBaHBBdnVlIiwiZXhwIjpudWxsLCJwdXIiOiJibG9iX2lkIn19--e92a2d69fc06e17590c16372909d55b3b8e8b219/eyJfcmFpbHMiOnsibWVzc2FnZSI6IkJBaDdCem9MWm05eWJXRjBTU0lJYW5CbkJqb0dSVlE2RTNKbGMybDZaVjkwYjE5bWFXeHNXd2RwQWl3QmFRSXNBUT09IiwiZXhwIjpudWxsLCJwdXIiOiJ2YXJpYXRpb24ifX0=--b44c98460dfda55293bc1375ff5638f722bd6d84/norma__2_.jpg,"[{'created_at': '2020-04-20T17:58:14Z', 'description': 'cooked in a wood oven 400 ° 1 minute and 30 seconds', 'id': 113472, 'recipe_id': 60242}]",144.30205362476133,,,,,,,,,125.18997843105087,0.38023775796505227,,0.0,0.0,0.0,0.0,994.9787780890596,,2.8545884337430487,0.37234042553191493,49.9113475177305,56.02836879432624,16.971040189125283,3.3510638297872344,165.28905599303386,140.42796249673998,,0.049116051672934403,0.0790819578001565,0.5599340206792695,,,0.08710863557204512,,,0.0,,,6.8185116478635006e-06,0.7571067899598701,8.89004042469061,0.13168837232780597,,0.0,0.0,,0.23936170212765956,60.892400941630264,71.69411028873576,0.4410432335966618,,,0.011879432624113477,0.0,0.0,,,,,,0.6205673758865249,0.0,,,0.0,0.0,0.0,0.18879432624113476,5.4879779399392605,7.641527325576502,22.358338223416858,0.041489361702127664,,0.0,0.0,,,0.0,,,0.8599290780141845,,1.2877645903266792,1.6788004887980281,0.0,0.0,,,,0.0,,0.0,0.0,0.0,,,0.0,0.0,0.0,,,,1.8582356894071326,0.041013603896923344,20.678473904831616,,,,691.5694102748544,,0.45889816427315483,0.0,,,,,,12.625724797140405,,,0.0,0.0,0.0016134751773049646,,,0.0,0.0,0.0,,,,0.0,,1.8634229270252298,0.0,0.006028368794326242,0.0,0.004432624113475178,0.0015957446808510637,0.001950354609929078,,0.05319148936170213,0.3617021276595745,0.03112359396952794,,,,0.033297872340425534,,,,
74273,202890,Fried Courgette Flower,,,,,1.0,77.0,3,https://app.nutrium.com/rails/active_storage/representations/redirect/eyJfcmFpbHMiOnsibWVzc2FnZSI6IkJBaHBBbjJuIiwiZXhwIjpudWxsLCJwdXIiOiJibG9iX2lkIn19--8f44bc5fc0183289393e6d5afbb129be3b15cfe6/eyJfcmFpbHMiOnsibWVzc2FnZSI6IkJBaDdCem9MWm05eWJXRjBTU0lJYW5CbkJqb0dSVlE2RTNKbGMybDZaVjkwYjE5bWFXeHNXd2RwQWl3QmFRSXNBUT09IiwiZXhwIjpudWxsLCJwdXIiOiJ2YXJpYXRpb24ifX0=--b44c98460dfda55293bc1375ff5638f722bd6d84/DSC00918.jpg,"[{'created_at': '2020-07-06T14:18:44Z', 'description': 'Fried', 'id': 138788, 'recipe_id': 74273}, {'created_at': '2020-07-06T14:18:44Z', 'description': 'Fried', 'id': 138789, 'recipe_id': 74273}]",239.418988778212,,,,,,,,,81.81818181818181,0.580643676711638,,0.0,0.0,0.0,0.0,892.773925104022,,5.943158491993443,0.0,98.08977430336654,132.0,29.56184592106922,2.545454545454546,259.66288929517077,242.22985752111978,,0.03789433867103769,0.20107300466523767,0.7420249653259363,,,0.11052200226957509,,,,,,2.5217500945656297e-05,1.7673811625267934,11.812633967973772,0.28431471441180156,,,,,4.0946917160509395,42.80658807212205,112.39427562728532,1.7062917664859416,,,0.08765603328710131,0.0,0.0,,,,,,1.5827764468541166,0.0,,,0.055894590846047164,,,1.6179863825494893,10.975400327827513,16.437170596393898,24.243443449754125,0.32282183835581896,,,,,,11.719833564493767,,,3.2291009960912853,,0.8290253435884513,0.48436514941369313,,,,,,0.0,,0.0015584415584415587,,,,,,,0.07702685663850711,,,,791.0005043500189,0.6304375236414058,11.766801160005032,,,,1086.4295288109954,,0.34027234901021297,,,,,,,47.41583659059386,,,,0.006818812255705455,0.007923338797125205,,,,,,,,,0.0,,3.4383829277518596,0.0,0.0,0.010544698020426175,0.19224561845921073,0.30088891690833436,0.5774933804060016,,0.013535493632581013,3.7035367545076276,0.050624133148405,,,,0.0,,,,
60248,176614,Principessa Neapolitan Pizza,,,,,1.0,390.0,3,https://app.nutrium.com/rails/active_storage/representations/redirect/eyJfcmFpbHMiOnsibWVzc2FnZSI6IkJBaHBBdjZlIiwiZXhwIjpudWxsLCJwdXIiOiJibG9iX2lkIn19--590f4813b6be80a60d3a4c28c599453b12224db0/eyJfcmFpbHMiOnsibWVzc2FnZSI6IkJBaDdCem9MWm05eWJXRjBTU0lJYW5CbkJqb0dSVlE2RTNKbGMybDZaVjkwYjE5bWFXeHNXd2RwQWl3QmFRSXNBUT09IiwiZXhwIjpudWxsLCJwdXIiOiJ2YXJpYXRpb24ifX0=--b44c98460dfda55293bc1375ff5638f722bd6d84/principessa__2_.jpg,"[{'created_at': '2020-04-20T17:59:17Z', 'description': 'cooked in a wood oven 400 ° 1 minute and 30 seconds', 'id': 113477, 'recipe_id': 60248}]",171.5932262676035,,,,,,,,,57.300379064391514,0.49974127049304984,,0.0,0.0,0.0,0.0,1437.3923867749477,,3.1525330170027677,0.2282051282051282,44.46153846153845,50.51282051282051,18.704273504273484,1.8358974358974358,211.75808353864377,132.28556627733676,,0.05410629011162822,0.07962108769048273,0.7702635581105332,,,0.09238274477598321,,,0.0,,,9.860616844602598e-06,0.9372005885573503,10.240981537244885,0.09236472305867323,,0.0,0.0,,0.0,49.90208751558837,66.47558513550504,0.7193548301244033,,,0.0,0.0,0.0,,,,,,0.0,0.0,,,0.0,0.0,0.0,0.04871794871794871,6.698255277245495,8.621336952884993,31.08616091796694,0.2251282051282051,,0.0,0.0,,,0.0,,,3.089743589743589,,1.2930749460108897,1.1813935273899685,0.0,0.0,,,,0.0,,0.0,0.0,0.0,,,0.0,0.0,0.0,,,,0.2257562277580073,0.05931198102016606,29.904767390577,,,,885.9958215256866,,0.6256886273078444,0.0,,,,,,17.002330219454326,,,0.0,0.0,0.0,,,0.0,0.0,0.0,,,,0.007692307692307691,,2.576911617544178,0.0,0.0,0.0001282051282051282,0.0041025641025641026,0.0005897435897435897,0.0,,0.03333333333333333,0.33641025641025646,0.02885565897131732,,,,0.0,,,,
61004,178204,Prosciutto Bassiano,,,,,1.0,125.0,3,https://app.nutrium.com/rails/active_storage/representations/redirect/eyJfcmFpbHMiOnsibWVzc2FnZSI6IkJBaHBBdEtmIiwiZXhwIjpudWxsLCJwdXIiOiJibG9iX2lkIn19--edeefa19858913b06f7f748de361d31ac17d4ef7/eyJfcmFpbHMiOnsibWVzc2FnZSI6IkJBaDdCem9MWm05eWJXRjBTU0lJYW5CbkJqb0dSVlE2RTNKbGMybDZaVjkwYjE5bWFXeHNXd2RwQWl3QmFRSXNBUT09IiwiZXhwIjpudWxsLCJwdXIiOiJ2YXJpYXRpb24ifX0=--b44c98460dfda55293bc1375ff5638f722bd6d84/DSC00881.jpg,"[{'created_at': '2020-04-25T13:18:42Z', 'description': 'Raw.', 'id': 114790, 'recipe_id': 61004}]",,,,,,,,,,,,,,,,,,,,,,,,,246.0,,,,,,,,,,,,,,,,,,,,,,,59.71000000000001,,,,,,,,,,,,,,,,,,,,,18.52,18.49,0.06,,,,,,,,,,,,0.0,0.0,,,,,,,,,,,,,,,,,,,,,,,,,1029.264,,,,,,,,,,,,,,,,,,,,,,,,,,,,,,,,,,,,,,,,,,,
60997,178191,Ananas,,,,,1.0,300.0,3,https://app.nutrium.com/rails/active_storage/representations/redirect/eyJfcmFpbHMiOnsibWVzc2FnZSI6IkJBaHBBczZmIiwiZXhwIjpudWxsLCJwdXIiOiJibG9iX2lkIn19--76beb628300671d1c1a9ce5a2070d5032fa79b22/eyJfcmFpbHMiOnsibWVzc2FnZSI6IkJBaDdCem9MWm05eWJXRjBTU0lJYW5CbkJqb0dSVlE2RTNKbGMybDZaVjkwYjE5bWFXeHNXd2RwQWl3QmFRSXNBUT09IiwiZXhwIjpudWxsLCJwdXIiOiJ2YXJpYXRpb24ifX0=--b44c98460dfda55293bc1375ff5638f722bd6d84/DSC00874.jpg,"[{'created_at': '2020-04-25T12:52:26Z', 'description': 'Raw.', 'id': 114785, 'recipe_id': 60997}]",8.0,,,,,,,,,,0.039999999999999994,,,,,,1.0,,0.009999999999999998,,5.669999999999999,2.83,15.0,36.2,48.0,115.0,,0.07999999999999999,0.03,0.49,,,0.11,,,,,,,0.1,12.0,,,,,,,,13.0,0.28,,,0.019999999999999997,,,,,,,,,,,,,,,,0.12,0.54,12.629999999999999,,,,,,,,,,0.1,,1.3999999999999997,9.26,,,,,,,,,,,,,,,,,,,,,,,,,200.832,,0.019999999999999997,,,,,,,,,,,,0.019999999999999997,,,,,,,,,,,0.009999999999999998,,,,,,,,1.18,,0.1,,,,,,,,
61002,178201,Culatta,,,,,1.0,125.0,3,https://app.nutrium.com/rails/active_storage/representations/redirect/eyJfcmFpbHMiOnsibWVzc2FnZSI6IkJBaHBBdENmIiwiZXhwIjpudWxsLCJwdXIiOiJibG9iX2lkIn19--8c415ec5bebced25150d69166f91046de181f355/eyJfcmFpbHMiOnsibWVzc2FnZSI6IkJBaDdCem9MWm05eWJXRjBTU0lJYW5CbkJqb0dSVlE2RTNKbGMybDZaVjkwYjE5bWFXeHNXd2RwQWl3QmFRSXNBUT09IiwiZXhwIjpudWxsLCJwdXIiOiJ2YXJpYXRpb24ifX0=--b44c98460dfda55293bc1375ff5638f722bd6d84/DSC00882.jpg,"[{'created_at': '2020-04-25T13:12:37Z', 'description': '1', 'id': 114787, 'recipe_id': 61002}]",,,,,,,,,,,,,,,,,,,,,,,,,269.0,,,,,,,,,,,,,,,,,,,,,,,,,,,,,,,,,,,,,,,,,,,,17.0,29.0,0.0,,,,,,,,,,,,,,,,,,,,,,,,,,,,,,,,,,,,,,1125.496,,,,,,,,,,,,,,,,,,,,,,,,,,,,,,,,,,,,,,,,,,,
60998,178192,Burrata cheese with three types of tomatoes.,,,,,1.0,340.0,3,https://app.nutrium.com/rails/active_storage/representations/redirect/eyJfcmFpbHMiOnsibWVzc2FnZSI6IkJBaHBBcytmIiwiZXhwIjpudWxsLCJwdXIiOiJibG9iX2lkIn19--ba188d9c95b5cf23d191ac06a77abdb2512660bd/eyJfcmFpbHMiOnsibWVzc2FnZSI6IkJBaDdCem9MWm05eWJXRjBTU0lJYW5CbkJqb0dSVlE2RTNKbGMybDZaVjkwYjE5bWFXeHNXd2RwQWl3QmFRSXNBUT09IiwiZXhwIjpudWxsLCJwdXIiOiJ2YXJpYXRpb24ifX0=--b44c98460dfda55293bc1375ff5638f722bd6d84/DSC00863.jpg,"[{'created_at': '2020-04-25T12:55:52Z', 'description': 'Raw.', 'id': 114786, 'recipe_id': 60998}]",201.35294117647064,,,,,,,,,317.4117647058824,0.6708235294117648,,0.0,0.0,0.0,0.1947058823529412,101.61764705882354,0.5294117647058824,11.073382352941177,1.3088235294117647,149.55882352941177,201.41176470588235,23.85294117647059,6.135294117647059,229.7102941176471,155.0588235294118,,0.05888235294117648,0.19070588235294117,0.8048235294117646,0.0009411764705882353,0.052941176470588235,0.07641176470588236,0.0023529411764705885,0.0,0.7647058823529412,0.02311764705882353,0.0015882352941176472,0.0004764705882352942,1.4076470588235293,7.705882352941177,0.17611764705882357,0.0022941176470588237,0.7647058823529412,0.4058823529411765,0.0,0.11764705882352942,63.02294117647058,115.3529411764706,0.9041176470588235,,,0.002470588235294118,0.0,0.0,0.001647058823529412,0.0011764705882352942,0.0015294117647058824,0.001647058823529412,0.000823529411764706,0.16470588235294117,0.0,,,0.0,0.0,0.0,0.03529411764705882,19.171176470588232,10.105882352941176,4.500588235294119,0.11764705882352942,,0.0,178.8823529411765,0.0,0.0,0.0,,0.0,1.352941176470588,,0.9823529411764709,4.411176470588236,0.0,0.0,0.0022941176470588237,0.0015294117647058824,0.0015882352941176472,0.0,0.0010588235294117646,0.0,0.0,0.0,,,0.0,5.882352941176471e-05,0.0,,,,5.588235294117648,0.10588235294117648,0.0,,,,961.1078705882351,,0.5488235294117647,0.0,,0.0015294117647058824,0.0017647058823529412,0.008705882352941178,,51.1764705882353,,,0.0,0.0,0.00011764705882352942,,,12.411764705882355,1.8823529411764708,28.764705882352946,0.0005294117647058823,,,0.1635294117647059,,5.860058823529411,0.0,0.0,0.0,0.0006470588235294118,0.00023529411764705883,0.0009411764705882353,,0.013235294117647059,0.8088235294117647,0.007352941176470589,0.0017647058823529412,,,,,,,
89457,231943,Quattro Formaggi Neapolitan Style Pizza,,,,,1.0,375.0,3,https://app.nutrium.com/rails/active_storage/representations/redirect/eyJfcmFpbHMiOnsibWVzc2FnZSI6IkJBaHBBaEt5IiwiZXhwIjpudWxsLCJwdXIiOiJibG9iX2lkIn19--54e13146e411c176feba7f22845da292f4cc26f5/eyJfcmFpbHMiOnsibWVzc2FnZSI6IkJBaDdCem9MWm05eWJXRjBTU0lJYW5CbkJqb0dSVlE2RTNKbGMybDZaVjkwYjE5bWFXeHNXd2RwQWl3QmFRSXNBUT09IiwiZXhwIjpudWxsLCJwdXIiOiJ2YXJpYXRpb24ifX0=--b44c98460dfda55293bc1375ff5638f722bd6d84/quattro_formaggi__2_.jpg,"[{'created_at': '2020-10-06T10:00:24Z', 'description': 'cooked in a wood oven 400 ° 1 minute and 30 seconds', 'id': 167243, 'recipe_id': 89457}]",186.310288651641,,0.0,,0.0,0.0,,,,28.12572756030051,0.4965842546461052,,0.0,0.0,0.0,0.0,1563.261415579279,0.0,4.502474337682878,0.084,48.733333333333334,36.24,16.108444444444423,0.0,240.90974021352284,76.05698892843024,,0.050803875049426676,0.08440593119810204,0.6344074337682879,,0.0,0.08607805456702253,0.0,,0.0,,,1.0255041518386705e-05,1.0453552787663112,6.9706207987346795,0.0965926453143535,,0.0,0.0,,3.7333333333333334,42.76617101621191,161.21460854092527,0.5102623566627127,,0.0,0.034133333333333335,0.0176,0.0384,,,,,,0.04800000000000001,0.0,0.0,,0.0,0.0,0.0,0.41173333333333334,8.377118821668649,11.515790431000392,31.921607354685623,0.0448,,0.0,0.0,,,0.0,,,0.6,,1.0087979438513253,0.8259826018189005,0.0,0.0,,,,0.0,,0.04373333333333333,0.0,0.0,,,0.0,0.0,0.0,0.0,,,63.16811981020166,0.06168446026097271,31.09562475286675,,,,1007.9663530533803,,0.42418283906682486,0.0,,,,,0.0,18.967756761565838,,,0.0,0.0018666666666666669,0.0041066666666666665,0.0,,0.0,0.0,0.0,,0.0,0.0,0.0,,2.9146014155792788,0.024533333333333338,0.08053333333333335,0.15093333333333334,0.43520000000000003,0.15146666666666664,0.2768,,0.0005333333333333334,0.45893333333333336,0.04480988533017002,0.0,,,0.0,,,,
89444,231923,Norma Roman Style Pizza,,,,,1.0,444.0,3,https://app.nutrium.com/rails/active_storage/representations/redirect/eyJfcmFpbHMiOnsibWVzc2FnZSI6IkJBaHBBZ3l5IiwiZXhwIjpudWxsLCJwdXIiOiJibG9iX2lkIn19--848726315d676cbe9edde432377e25bb69d85df6/eyJfcmFpbHMiOnsibWVzc2FnZSI6IkJBaDdCem9MWm05eWJXRjBTU0lJYW5CbkJqb0dSVlE2RTNKbGMybDZaVjkwYjE5bWFXeHNXd2RwQWl3QmFRSXNBUT09IiwiZXhwIjpudWxsLCJwdXIiOiJ2YXJpYXRpb24ifX0=--b44c98460dfda55293bc1375ff5638f722bd6d84/norma_romana__1_.jpg,"[{'created_at': '2020-10-06T09:02:51Z', 'description': 'cooked in a wood oven 400 ° 1 minute and 30 seconds', 'id': 167223, 'recipe_id': 89444}]",139.01351351351337,,0.13441441441441432,,0.0,0.002162162162162163,,,,157.02702702702703,0.7778603603603617,,0.0,0.0,0.2306306306306305,0.0,219.63288288288285,3.045045045045046,3.6309009009009006,0.472972972972973,63.4009009009009,71.17117117117117,42.68918918918918,4.256756756756757,160.15168918918934,225.51351351351346,,0.0647297297297296,0.12042792792792795,0.6033783783783785,,0.584864864864864,0.10168918918918925,0.3113513513513515,,0.0,,,0.0003630630630630626,0.9361576576576578,18.630630630630623,0.27846846846846857,,0.0,0.0,,0.5022522522522523,65.22184684684683,79.53603603603605,0.8730900900900892,,1.6036036036036048,0.41673423423423284,0.0,0.0,,,,,,2.106756756756756,0.0,0.0007207207207207219,,0.0,0.0,0.0,0.23987657657657654,7.369594594594592,9.11576576576578,14.56351351351351,0.052702702702702706,,0.0,0.0,,,2.2545045045045047,,,1.3445945945945947,,1.8795045045045047,2.0020270270270277,0.0,0.0,,,,0.0007207207207207219,,0.0,0.0,0.0,,,0.0010810810810810815,0.001441441441441441,0.0,0.0003603603603603594,,,274.900900900901,1.4054054054054064,10.258333333333338,,,,670.0746675675667,,0.6168918918918919,0.0,,,,,0.0007207207207207219,16.046846846846847,,,0.0,0.0,0.057905405405405355,0.0018018018018018003,,0.0,0.0,0.0,,0.5189189189189202,0.7495495495495504,0.0,,2.279076576576576,0.0,0.007657657657657658,0.0003603603603603594,0.12882882882882893,0.04745495495495509,0.6166216216216229,,0.1551574324324324,0.4594594594594595,0.10521328828828824,0.02018018018018018,,,0.042297297297297295,,,,
60252,176618,Quattro Formaggi Roman Style Pizza,,,,,1.0,255.0,3,https://app.nutrium.com/rails/active_storage/representations/redirect/eyJfcmFpbHMiOnsibWVzc2FnZSI6IkJBaHBBZ0NmIiwiZXhwIjpudWxsLCJwdXIiOiJibG9iX2lkIn19--77ac2a856f94e2884dd195a89e36e9a568e5c3ef/eyJfcmFpbHMiOnsibWVzc2FnZSI6IkJBaDdCem9MWm05eWJXRjBTU0lJYW5CbkJqb0dSVlE2RTNKbGMybDZaVjkwYjE5bWFXeHNXd2RwQWl3QmFRSXNBUT09IiwiZXhwIjpudWxsLCJwdXIiOiJ2YXJpYXRpb24ifX0=--b44c98460dfda55293bc1375ff5638f722bd6d84/4formaggi_romana__1_.jpg,"[{'created_at': '2020-04-20T18:01:56Z', 'description': 'cooked in a wood oven 400 ° 1 minute and 30 seconds', 'id': 113493, 'recipe_id': 60252}]",196.8705882352939,,0.23403921568627434,,0.0,0.003764705882352943,,,,37.88235294117647,1.243666666666669,,0.0,0.0,0.40156862745098015,0.0,480.67450980392147,5.301960784313727,6.629647058823528,0.12352941176470589,71.66666666666667,53.294117647058826,60.482352941176465,0.0,267.5508823529414,193.91372549019596,,0.07878431372548995,0.15890196078431373,0.7450980392156864,,1.018352941176469,0.11098039215686283,0.5421176470588238,,0.0,,,0.0006321568627450972,1.4927607843137254,23.027450980392146,0.3356470588235296,,0.0,0.0,,5.835294117647059,41.77450980392154,216.99607843137255,1.2951058823529393,,2.7921568627451,0.7495294117647036,0.02588235294117647,0.05647058823529411,,,,,,2.3662745098039206,0.0,0.0012549019607843157,,0.0,0.0,0.0,0.6055890196078431,13.012941176470585,15.9058823529412,22.84980392156862,0.06588235294117648,,0.0,0.0,,,3.925490196078431,,,1.3215686274509804,,1.907843137254902,0.9874509803921576,0.0,0.0,,,,0.0012549019607843157,,0.06431372549019608,0.0,0.0,,,0.0018823529411764715,0.0025098039215686267,0.0,0.0006274509803921551,,,567.4352941176472,2.4470588235294133,17.854509803921577,,,,1119.4328917647053,,0.6829411764705882,0.0,,,,,0.0012549019607843157,27.90901960784314,,,0.0,0.0027450980392156868,0.10329411764705874,0.0031372549019607816,,0.0,0.0,0.0,,0.903529411764708,1.3050980392156877,0.0,,4.132999999999999,0.03607843137254902,0.11843137254901963,0.2225882352941177,0.8545098039215687,0.30184313725490214,1.4763921568627472,,0.15329372549019607,0.6749019607843137,0.180253725490196,0.035137254901960784,,,0.0,,,,
89622,232341,Gricia Roman Style Pizza,,,,,1.0,336.0,3,https://app.nutrium.com/rails/active_storage/representations/redirect/eyJfcmFpbHMiOnsibWVzc2FnZSI6IkJBaHBBaSt5IiwiZXhwIjpudWxsLCJwdXIiOiJibG9iX2lkIn19--cde64c0c50b302c87045017c5691ff8f8566a127/eyJfcmFpbHMiOnsibWVzc2FnZSI6IkJBaDdCem9MWm05eWJXRjBTU0lJYW5CbkJqb0dSVlE2RTNKbGMybDZaVjkwYjE5bWFXeHNXd2RwQWl3QmFRSXNBUT09IiwiZXhwIjpudWxsLCJwdXIiOiJ2YXJpYXRpb24ifX0=--b44c98460dfda55293bc1375ff5638f722bd6d84/gricia_romana__2_.jpg,"[{'created_at': '2020-10-07T08:39:04Z', 'description': 'cooked in a wood oven 400 ° 1 minute and 30 seconds', 'id': 167534, 'recipe_id': 89622}]",220.11309523809507,,0.17761904761904748,,0.0,0.0028571428571428584,,,,59.46428571428572,0.9515773809523826,,0.0,0.0,0.30476190476190457,0.0,393.4077380952381,4.023809523809525,5.423571428571428,0.011904761904761908,97.32142857142857,107.91071428571428,46.02380952380952,0.125,335.69229166666685,209.6011904761904,,0.13011904761904744,0.2012202380952381,1.230654761904762,,0.7728571428571417,0.10729166666666673,0.41142857142857164,,0.0,,,0.0004797619047619041,1.639565476190476,21.51785714285714,0.3022023809523811,,0.0,0.0,,0.2619047619047621,41.01934523809522,124.93452380952384,1.248726190476189,,2.119047619047621,0.5307440476190458,0.0,0.0,,,,,,1.742261904761904,0.0,0.000952380952380954,,0.0,0.0,0.0,0.055075000000000006,23.477083333333333,14.122023809523828,17.654226190476184,0.08214285714285714,,0.0,0.0,,,2.9791666666666665,,,1.9767857142857144,,1.605654761904762,0.834226190476191,0.0,0.0,,,,0.1795238095238095,,0.0,0.0,0.0,,,0.0014285714285714292,0.0019047619047619041,0.0,0.00047619047619047494,,,360.40476190476204,1.8571428571428583,13.550297619047624,,,,1404.5365483333348,,0.634702380952381,0.0,,,,,0.000952380952380954,37.990476190476194,,,0.0,0.0,0.07380952380952374,0.002380952380952379,,0.0,0.0,0.0,,0.6857142857142874,0.9904761904761916,0.0,,3.4661607142857136,0.0,0.01011904761904762,0.00047619047619047494,0.16279761904761916,0.06002976190476207,0.8115476190476207,,0.1513389880952381,0.8994047619047622,0.10570523809523803,0.026666666666666665,,,0.0,,,,
75766,205552,Burrata cheese and Cantabrico anchovies,,,,,1.0,15.0,3,https://app.nutrium.com/rails/active_storage/representations/redirect/eyJfcmFpbHMiOnsibWVzc2FnZSI6IkJBaHBBcjJvIiwiZXhwIjpudWxsLCJwdXIiOiJibG9iX2lkIn19--57b184382963905d71aa8705484763bb7a47eb63/eyJfcmFpbHMiOnsibWVzc2FnZSI6IkJBaDdCem9MWm05eWJXRjBTU0lJYW5CbkJqb0dSVlE2RTNKbGMybDZaVjkwYjE5bWFXeHNXd2RwQWl3QmFRSXNBUT09IiwiZXhwIjpudWxsLCJwdXIiOiJ2YXJpYXRpb24ifX0=--b44c98460dfda55293bc1375ff5638f722bd6d84/stracciatella__2_.jpg,"[{'created_at': '2020-07-14T14:55:52Z', 'description': 'No cooked.', 'id': 141591, 'recipe_id': 75766}]",273.2666666666667,,,,,,,,,105.86666666666669,1.2548666666666668,,0.0,0.0,0.0,0.0,249.06666666666666,,10.740266666666667,1.1866666666666668,154.93333333333337,172.8,10.933333333333335,0.2666666666666667,259.7066666666667,318.00000000000006,,0.037333333333333336,0.20400000000000001,2.3373333333333335,,,0.09866666666666668,,,,,,,1.8533333333333335,28.866666666666667,0.4460000000000001,,,,,,57.786666666666676,99.46666666666668,0.5933333333333334,,,,,,,,,,,,0.0,,,,,,,20.900000000000002,16.72666666666667,1.2533333333333336,1.7733333333333334,,,,,,,,,23.86666666666667,,0.0,1.2533333333333336,,,,,,,,,,,,,,,,,,,,,0.0,,,,1086.6126933333348,,0.4886666666666667,,,,,,,84.4,,,,,,,,,,,,,,0.06666666666666668,,7.331799999999999,,,,,,,,0.03333333333333334,1.0266666666666668,0.11333333333333334,,,,,,,,
89620,232339,Principessa Roman Style Pizza,,,,,1.0,270.0,3,https://app.nutrium.com/rails/active_storage/representations/redirect/eyJfcmFpbHMiOnsibWVzc2FnZSI6IkJBaHBBaTJ5IiwiZXhwIjpudWxsLCJwdXIiOiJibG9iX2lkIn19--2c7b40695b5c33e1a3ffae5e20ec82df929b001c/eyJfcmFpbHMiOnsibWVzc2FnZSI6IkJBaDdCem9MWm05eWJXRjBTU0lJYW5CbkJqb0dSVlE2RTNKbGMybDZaVjkwYjE5bWFXeHNXd2RwQWl3QmFRSXNBUT09IiwiZXhwIjpudWxsLCJwdXIiOiJ2YXJpYXRpb24ifX0=--b44c98460dfda55293bc1375ff5638f722bd6d84/principessa_romana__1_.jpg,"[{'created_at': '2020-10-07T08:39:00Z', 'description': 'cooked in a wood oven 400 ° 1 minute and 30 seconds', 'id': 167532, 'recipe_id': 89620}]",175.0259259259257,,0.22103703703703687,,0.0,0.003555555555555557,,,,79.48148148148148,1.2067222222222243,,0.0,0.0,0.379259259259259,0.0,359.00740740740736,5.007407407407408,4.561555555555556,0.3296296296296296,64.22222222222221,72.96296296296296,61.76666666666666,2.651851851851852,223.9628703703706,268.5851851851851,,0.08199999999999977,0.14785185185185187,0.9351851851851852,,0.9617777777777763,0.11870370370370378,0.5120000000000002,,0.0,,,0.0005970370370370362,1.3116814814814814,26.85925925925925,0.3162592592592594,,0.0,0.0,,0.3259259259259261,52.137037037037004,77.05185185185185,1.5535259259259242,,2.637037037037039,0.6604814814814792,0.0,0.0,,,,,,2.168148148148147,0.0,0.0011851851851851871,,0.0,0.0,0.0,0.0704637037037037,10.330370370370368,11.481111111111133,22.147037037037027,0.3251851851851852,,0.0,0.0,,,3.7074074074074073,,,4.877777777777776,,2.2685185185185186,1.4918518518518522,0.0,0.0,,,,0.0011851851851851871,,0.0,0.0,0.0,,,0.0017777777777777785,0.0023703703703703695,0.0,0.000592592592592591,,,448.5037037037039,2.3111111111111122,16.870000000000008,,,,937.0606496296323,,0.9596296296296296,0.0,,,,,0.0011851851851851871,24.57333333333333,,,0.0,0.0,0.09185185185185177,0.00296296296296296,,0.0,0.0,0.0,,0.8533333333333354,1.232592592592594,0.01111111111111111,,3.577537037037036,0.0,0.0,0.0007777777777777762,0.20851851851851866,0.07555555555555576,1.009925925925928,,0.1921848148148148,0.485925925925926,0.149684074074074,0.033185185185185186,,,0.0,,,,
78195,211429,Recipe,,,,,,0.0,3,https://app.nutrium.com/assets/fallback/recipe/thumb_300-c0992789d8ed6768187bb33ee08735b0f4b7c26f98d17db0a493c815082575d8.png,[],,,,,,,,,,,,,,,,,,,,,,,,,,,,,,,,,,,,,,,,,,,,,,,,,,,,,,,,,,,,,,,,,,,,,,,,,,,,,,,,,,,,,,,,,,,,,,,,,,,,,,,,,,,,,,,,,,,,,,,,,,,,,,,,,,,,,,,,,,,,,,,,,,,,,,,,
80281,215219,Principessa Neapolitan Whole Wheat Pizza,,,,,1.0,388.0,3,https://app.nutrium.com/rails/active_storage/representations/redirect/eyJfcmFpbHMiOnsibWVzc2FnZSI6IkJBaHBBcEtyIiwiZXhwIjpudWxsLCJwdXIiOiJibG9iX2lkIn19--96badaef48546db8b23085ccb9cad351438938ed/eyJfcmFpbHMiOnsibWVzc2FnZSI6IkJBaDdCem9MWm05eWJXRjBTU0lJYW5CbkJqb0dSVlE2RTNKbGMybDZaVjkwYjE5bWFXeHNXd2RwQWl3QmFRSXNBUT09IiwiZXhwIjpudWxsLCJwdXIiOiJ2YXJpYXRpb24ifX0=--b44c98460dfda55293bc1375ff5638f722bd6d84/principessa_integrale__1_.jpg,"[{'created_at': '2020-08-15T10:52:16Z', 'description': 'cooked in a wood oven 400 ° 1 minute and 30 seconds', 'id': 149927, 'recipe_id': 80281}]",207.99484536082483,,,,,,,,,59.81958762886598,0.7996134020618556,,0.0,0.0,0.0,0.0,449.06701030927866,,3.296159793814433,0.22938144329896906,44.69072164948452,50.77319587628865,31.244845360824744,1.845360824742268,211.2714819587631,241.63659793814458,,0.13993556701030957,0.1522422680412371,2.434832474226804,,,0.11029639175257717,,,10.463917525773173,,,1.804123711340204e-05,1.8827835051546407,56.85824742268039,0.5058376288659796,,10.463917525773173,11.659793814432968,,0.0,51.25734536082471,61.65463917525772,1.8664948453608277,,,0.0,0.0,0.0,,,,,,0.7100515463917519,0.0,,,0.0,0.0,0.0,1.6465206185567,7.402190721649483,8.176675257731961,29.937628865979406,0.2262886597938144,,0.0,0.0,,,0.0,,,8.587886597938143,,5.461597938144328,0.9056701030927832,0.0,0.0,,,,0.0,,0.0,0.0,0.0,,,0.0,0.0,0.0,,,,0.0,0.5154639175257729,1.2451030927835034,,,,883.9598805154643,,0.8393041237113399,0.0,,,,,,17.090335051546386,,,0.0,0.0,0.0,,,82.2164948453607,0.0,3.3634020618556693,,,,0.0077319587628865965,,2.796469072164949,0.0,0.0,0.00012886597938144327,0.004123711340206185,0.0005927835051546391,0.0,,1.4177706185566992,0.33814432989690724,0.2202765979381444,,,,0.0,,,,
80286,215224,Gricia Neapolitan Whole Wheat Pizza,,,,,1.0,454.0,3,https://app.nutrium.com/rails/active_storage/representations/redirect/eyJfcmFpbHMiOnsibWVzc2FnZSI6IkJBaHBBcGVyIiwiZXhwIjpudWxsLCJwdXIiOiJibG9iX2lkIn19--d6cc427e638a78afb1c3848be11e1480b75d5bd1/eyJfcmFpbHMiOnsibWVzc2FnZSI6IkJBaDdCem9MWm05eWJXRjBTU0lJYW5CbkJqb0dSVlE2RTNKbGMybDZaVjkwYjE5bWFXeHNXd2RwQWl3QmFRSXNBUT09IiwiZXhwIjpudWxsLCJwdXIiOiJ2YXJpYXRpb24ifX0=--b44c98460dfda55293bc1375ff5638f722bd6d84/gricia_integrale__1_-min.jpg,"[{'created_at': '2020-08-15T10:53:41Z', 'description': 'cooked in a wood oven 400 ° 1 minute and 30 seconds', 'id': 149932, 'recipe_id': 80286}]",236.57048458149794,,,,,,,,,47.86343612334802,0.6699669603524229,,0.0,0.0,0.0,0.0,461.4339207048462,,4.118083700440529,0.00881057268722467,72.02643171806167,79.86343612334801,24.030837004405292,0.09251101321585903,295.8061013215861,201.90088105726898,,0.1671255506607932,0.19110132158590307,2.4354955947136565,,,0.1030726872246695,,,8.94273127753302,,,1.5418502202643153e-05,2.0424229074889886,48.544052863436114,0.4678744493392072,,8.94273127753302,9.964757709251083,,0.0,43.15715859030834,99.33039647577093,1.595418502202646,,,0.0,0.0,0.0,,,,,,0.6068281938325986,0.0,,,0.0,0.0,0.0,1.40601321585903,17.55759911894273,10.611563876651987,25.480000000000018,0.06079295154185022,,0.0,0.0,,,0.0,,,5.901541850220264,,4.506828193832598,0.5041850220264316,0.0,0.0,,,,0.13215859030837004,,0.0,0.0,0.0,,,0.0,0.0,0.0,,,,0.0,0.44052863436123324,1.0596916299559458,,,,1237.652727929516,,0.6163215859030834,0.0,,,,,,28.10803964757709,,,0.0,0.0,0.0,,,70.26431718061664,0.0,2.874449339207048,,,,0.0,,2.827588105726873,0.0,0.00748898678414097,0.0,0.0,0.0,0.0,,1.2093722466960337,0.6656387665198239,0.1774660352422908,,,,0.0,,,,
80278,215216,Norma Neapolitan Whole Wheat Pizza,,,,,1.0,562.0,3,https://app.nutrium.com/rails/active_storage/representations/redirect/eyJfcmFpbHMiOnsibWVzc2FnZSI6IkJBaHBBcENyIiwiZXhwIjpudWxsLCJwdXIiOiJibG9iX2lkIn19--99039961c0729bdcf35029eedfc2be77cf238bd4/eyJfcmFpbHMiOnsibWVzc2FnZSI6IkJBaDdCem9MWm05eWJXRjBTU0lJYW5CbkJqb0dSVlE2RTNKbGMybDZaVjkwYjE5bWFXeHNXd2RwQWl3QmFRSXNBUT09IiwiZXhwIjpudWxsLCJwdXIiOiJ2YXJpYXRpb24ifX0=--b44c98460dfda55293bc1375ff5638f722bd6d84/norma_integrale__2_.jpg,"[{'created_at': '2020-08-15T10:51:14Z', 'description': 'cooked in a wood oven 400 ° 1 minute and 30 seconds', 'id': 149924, 'recipe_id': 80278}]",169.33629893238444,,,,,,,,,127.17081850533809,0.5868416370106762,,0.0,0.0,0.0,0.0,311.0729537366551,,2.952686832740214,0.3736654804270463,50.08896797153025,56.227758007117444,25.622775800711747,3.3629893238434168,164.7877402135233,215.95195729537386,,0.10835409252669059,0.1292170818505338,1.7083896797153026,,,0.09945729537366539,,,7.224199288256213,,,1.2455516014234861e-05,1.4092882562277593,41.06939501779359,0.41728647686832754,,7.224199288256213,8.049822064056926,,0.24021352313167257,61.867170818505315,68.38434163701068,1.232028469750892,,,0.011921708185053382,0.0,0.0,,,,,,1.1129893238434159,0.0,,,0.0,0.0,0.0,1.2924021352313162,5.969661921708185,7.3310498220640605,21.534341637010694,0.04163701067615659,,0.0,0.0,,,0.0,,,4.647864768683274,,4.165658362989323,1.4902135231316727,0.0,0.0,,,,0.0,,0.0,0.0,0.0,,,0.0,0.0,0.0,,,,1.708185053380783,0.3558718861209963,0.8592526690391448,,,,689.4719050533802,,0.605782918149466,0.0,,,,,,12.670907473309608,,,0.0,0.0,0.001619217081850534,,,56.76156583629886,0.0,2.3220640569395017,,,,0.0,,2.0124644128113887,0.0,0.00604982206405694,0.0,0.004448398576512456,0.001601423487544484,0.0019572953736654805,,1.0090658362989313,0.3629893238434164,0.16328704626334525,,,,0.033416370106761566,,,,
80320,215276,Quattro Formaggi Neapolitan Whole Wheat Pizza,,,,,1.0,373.0,3,https://app.nutrium.com/rails/active_storage/representations/redirect/eyJfcmFpbHMiOnsibWVzc2FnZSI6IkJBaHBBcWFyIiwiZXhwIjpudWxsLCJwdXIiOiJibG9iX2lkIn19--edf951b43534210ba458fdf9128f824e61721132/eyJfcmFpbHMiOnsibWVzc2FnZSI6IkJBaDdCem9MWm05eWJXRjBTU0lJYW5CbkJqb0dSVlE2RTNKbGMybDZaVjkwYjE5bWFXeHNXd2RwQWl3QmFRSXNBUT09IiwiZXhwIjpudWxsLCJwdXIiOiJ2YXJpYXRpb24ifX0=--b44c98460dfda55293bc1375ff5638f722bd6d84/4formaggi_integrale__1_.jpg,"[{'created_at': '2020-08-15T15:01:17Z', 'description': 'cooked in a wood oven 400 ° 1 minute and 30 seconds', 'id': 150018, 'recipe_id': 80320}]",224.25469168900818,,,,,,,,,30.589812332439678,0.8084986595174263,,0.0,0.0,0.0,0.0,535.8659517426278,,4.65911528150134,0.08445040214477212,48.9946380697051,36.434316353887404,29.13941018766757,0.0,240.55987935656862,189.5040214477215,,0.14006702412868663,0.15997319034852547,2.365187667560322,,,0.1046782841823055,,,10.884718498659495,,,1.876675603217156e-05,2.0295442359249347,55.4450402144772,0.5267158176943701,,10.884718498659495,12.128686327077727,,3.7533512064343166,44.13766756032169,156.7077747989276,1.7024128686327114,,,0.03431635388739947,0.01769436997319035,0.0386058981233244,,,,,,0.7868632707774793,0.0,,,0.0,0.0,0.0,2.075737265415549,9.118364611260054,11.068766756032176,30.73136729222523,0.0450402144772118,,0.0,0.0,,,0.0,,,6.305898123324396,,5.343431635388739,0.5372654155495976,0.0,0.0,,,,0.0,,0.04396782841823057,0.0,0.0,,,0.0,0.0,0.0,,,,63.270777479892764,0.5361930294906164,1.2898123324396766,,,,1006.5025352278848,,0.645308310991957,0.0,,,,,,19.069839142091155,,,0.0,0.0018766756032171585,0.004128686327077748,,,85.52278820375324,0.0,3.4986595174262733,,,,0.0,,3.1447989276139423,0.02466487935656837,0.08096514745308313,0.15174262734584454,0.4375335120643432,0.1522788203753351,0.27828418230563007,,1.4404691689008025,0.4613941018766756,0.24401426273458451,,,,0.0,,,,
80329,215285,Panuozzo Bassiano,,,,,1.0,360.76,3,https://app.nutrium.com/rails/active_storage/representations/redirect/eyJfcmFpbHMiOnsibWVzc2FnZSI6IkJBaHBBcTZyIiwiZXhwIjpudWxsLCJwdXIiOiJibG9iX2lkIn19--535e8676cd6d2d9b566bae77659dba7b16003963/eyJfcmFpbHMiOnsibWVzc2FnZSI6IkJBaDdCem9MWm05eWJXRjBTU0lJYW5CbkJqb0dSVlE2RTNKbGMybDZaVjkwYjE5bWFXeHNXd2RwQWl3QmFRSXNBUT09IiwiZXhwIjpudWxsLCJwdXIiOiJ2YXJpYXRpb24ifX0=--b44c98460dfda55293bc1375ff5638f722bd6d84/panuozzo_bassiano__2_.jpg,"[{'created_at': '2020-08-15T15:33:12Z', 'description': 'cooked in a wood oven 400 ° 1 minute and 30 seconds', 'id': 150030, 'recipe_id': 80329}]",124.9425656946447,,,,,,,,,58.405726798979934,0.33513970506708063,,0.0,0.0,0.0,0.0,1578.550726244593,,0.6577392172081163,0.03326311120966848,19.95786672580109,25.95908637321211,15.93303026943118,0.5405255571571128,220.7562229737219,81.73115090364789,,0.04820268322430428,0.04010976826699193,0.4969786007317884,,,0.07880585430757288,,,2.688768156114869,,,1.105998447721476e-05,0.6775335403038035,6.4598070739549875,0.036561703071293944,,2.688768156114869,0.4241046679232732,,0.0,46.997297372214184,55.38687770262778,0.48860572125512836,,,0.0036035037143807526,0.0,0.0,,,,,,3.0103115644749976,0.0,,,0.0,0.0,0.0,0.03880696307794656,6.168175518350154,8.873356247921052,34.445864286506236,0.013305244483867393,,0.0,0.0,,,0.0,0.0027719259341390406,,0.2577891118749307,,1.1556159219425663,0.8568023062423771,0.0,0.0,,,,0.0,,8.315777802417122e-05,0.0,0.0,,,0.0,2.7719259341390404e-05,0.0,,,,0.25321543408360153,0.06652622241933695,33.536395387515256,,,,923.6440369220528,,0.4058908969952323,0.0,,,,,,4.659449218316888,,,0.0,5.543851868278081e-05,0.004712274088036369,,,98.54196695864287,0.0,65.77780241711942,,,,0.0,,1.1087287947666025,0.0,0.0,0.0,0.0019957866725801086,0.00011087703736556162,0.0012750859297039584,,0.00889788224858632,0.17463133385075952,0.011751857190375862,,,,,,,,
80330,215287,Panuozzo scarola,,,,,1.0,549.76,3,https://app.nutrium.com/rails/active_storage/representations/redirect/eyJfcmFpbHMiOnsibWVzc2FnZSI6IkJBaHBBcStyIiwiZXhwIjpudWxsLCJwdXIiOiJibG9iX2lkIn19--ca3f78ef78f5769c29f3800648c3b7d6e5380b1a/eyJfcmFpbHMiOnsibWVzc2FnZSI6IkJBaDdCem9MWm05eWJXRjBTU0lJYW5CbkJqb0dSVlE2RTNKbGMybDZaVjkwYjE5bWFXeHNXd2RwQWl3QmFRSXNBUT09IiwiZXhwIjpudWxsLCJwdXIiOiJ2YXJpYXRpb24ifX0=--b44c98460dfda55293bc1375ff5638f722bd6d84/panuozzo_scarola__2_.jpg,"[{'created_at': '2020-08-15T15:34:18Z', 'description': 'cooked in a wood oven 400 ° 1 minute and 30 seconds', 'id': 150031, 'recipe_id': 80330}]",170.16567229336442,,,,,,,,,432.3531177240978,0.4115614086146682,,0.0,0.0,0.0,0.0,1096.6511932479616,,2.869481228172293,0.06366414435389987,40.908760186263095,44.4557625145518,49.71078288707798,1.7735011641443539,174.68820940046547,162.42602226426078,,0.05880675203725264,0.09456853899883585,0.6389515424912688,,,0.0730136786961583,,,0.0,,,7.257712456344579e-06,1.1501873544819559,11.805951688009314,0.3269972351571595,,0.0,0.0,,0.1091385331781141,58.391561772409766,109.53210491850989,0.6576858993015134,,,0.02046347497089639,0.0,0.0,,,,,,0.0,0.0,,,0.0,0.0,0.0,0.3819848661233992,5.774576178696161,8.964188009313153,22.70716312572757,0.17916909196740394,,0.0,0.0,,,0.0,,,2.8921711292200234,,1.5597715366705476,0.6810244470314317,0.0,0.0,,,,0.0,,0.0,0.0,0.0,,,0.0,0.0,0.0,,,,0.16616341676367885,0.04365541327124563,22.025320139697328,,,,730.8954681315456,,0.3348537543655414,0.0,,,,,,18.14599625291036,,,0.0,0.0,0.003547002328288708,,,0.0,0.0,0.0,,,,0.005456926658905704,,2.141661816065191,0.0,0.0,0.0008185389988358558,0.011186699650756693,0.0005456926658905704,0.0010913853317811408,,0.11786961583236322,0.5205908032596042,0.09163926076833526,,,,0.36288562281722936,,,,
80332,215289,Whole Wheat Panuozzo Bassiano,,,,,1.0,349.0,3,https://app.nutrium.com/rails/active_storage/representations/redirect/eyJfcmFpbHMiOnsibWVzc2FnZSI6IkJBaHBBckNyIiwiZXhwIjpudWxsLCJwdXIiOiJibG9iX2lkIn19--2c9debf52efc9226827ee787061baf64912dbc39/eyJfcmFpbHMiOnsibWVzc2FnZSI6IkJBaDdCem9MWm05eWJXRjBTU0lJYW5CbkJqb0dSVlE2RTNKbGMybDZaVjkwYjE5bWFXeHNXd2RwQWl3QmFRSXNBUT09IiwiZXhwIjpudWxsLCJwdXIiOiJ2YXJpYXRpb24ifX0=--b44c98460dfda55293bc1375ff5638f722bd6d84/panuozzo_bassiano_integrale__2_.jpg,"[{'created_at': '2020-08-15T15:36:57Z', 'description': 'cooked in a wood oven 400 ° 1 minute and 30 seconds', 'id': 150032, 'recipe_id': 80332}]",164.6303724928368,,,,,,,,,62.75071633237822,0.6664613180515758,,0.0,0.0,0.0,0.0,466.34957020057345,,0.8122063037249283,0.03438395415472779,20.630372492836674,26.833810888252145,29.89684813753582,0.5587392550143266,220.38720630372518,203.10888252149027,,0.14328080229226392,0.12120343839541546,2.343510028653295,,,0.09838108882521475,,,14.41260744985671,,,2.0057306590257852e-05,1.7295702005730678,58.28366762177648,0.4968051575931234,,14.41260744985671,13.401146131805133,,0.0,48.62965616045842,50.292263610315175,1.7610315186246452,,,0.0037249283667621777,0.0,0.0,,,,,,3.9011461318051563,0.0,,,0.0,0.0,0.0,1.81618911174785,7.062320916905442,8.447421203438399,32.869627507163344,0.013753581661891117,,0.0,0.0,,,0.0,0.002865329512893983,,6.36131805157593,,5.780802292263608,0.5446991404011459,0.0,0.0,,,,0.0,,8.595988538681949e-05,0.0,0.0,,,0.0,2.8653295128939826e-05,0.0,,,,0.0,0.5730659025787963,1.3785100286532932,,,,922.1000711747854,,0.6396561604584523,0.0,,,,,,4.81676217765043,,,0.0,5.730659025787965e-05,0.004871060171919771,,,193.266475644699,0.0,71.73352435530086,,,,0.0,,1.3398997134670496,0.0,0.0,0.0,0.0020630372492836673,0.0001146131805157593,0.001318051575931232,,1.5481518624641815,0.18051575931232092,0.2244335816618912,,,,,,,,
80333,215290,Whole Wheat Panuozzo scarola,,,,,1.0,538.0,3,https://app.nutrium.com/rails/active_storage/representations/redirect/eyJfcmFpbHMiOnsibWVzc2FnZSI6IkJBaHBBckdyIiwiZXhwIjpudWxsLCJwdXIiOiJibG9iX2lkIn19--d4683cb53b0f8e9884b980291e262155d44aeed5/eyJfcmFpbHMiOnsibWVzc2FnZSI6IkJBaDdCem9MWm05eWJXRjBTU0lJYW5CbkJqb0dSVlE2RTNKbGMybDZaVjkwYjE5bWFXeHNXd2RwQWl3QmFRSXNBUT09IiwiZXhwIjpudWxsLCJwdXIiOiJ2YXJpYXRpb24ifX0=--b44c98460dfda55293bc1375ff5638f722bd6d84/panuozzo_scarola_integrale__1_-min.jpg,"[{'created_at': '2020-08-15T15:37:10Z', 'description': 'cooked in a wood oven 400 ° 1 minute and 30 seconds', 'id': 150033, 'recipe_id': 80333}]",196.8996282527882,,,,,,,,,443.34572490706313,0.6281598513011152,,0.0,0.0,0.0,0.0,364.6338289962828,,3.018029739776951,0.06505576208178437,41.80297397769516,45.42750929368029,59.50743494423791,1.812267657992565,173.44184014869904,242.92750929368052,,0.12071561338289982,0.14836431226765798,1.8398977695167285,,,0.08558550185873595,,,7.5464684014869725,,,1.301115241635686e-05,1.8429739776951681,45.54089219330854,0.6319052044609667,,7.5464684014869725,8.408921933085486,,0.11152416356877325,59.69953531598511,107.41078066914497,1.4868029739776976,,,0.02091078066914498,0.0,0.0,,,,,,0.5120817843866167,0.0,,,0.0,0.0,0.0,1.542472118959107,6.346003717472119,8.689869888475839,21.42806691449816,0.183085501858736,,0.0,0.0,,,0.0,,,6.909107806691449,,4.56895910780669,0.4747211895910779,0.0,0.0,,,,0.0,,0.0,0.0,0.0,,,0.0,0.0,0.0,,,,0.0,0.3717472118959106,0.9129182156133817,,,,725.6806591821565,,0.4849442379182154,0.0,,,,,,18.542843866171,,,0.0,0.0,0.00362453531598513,,,59.29368029739768,0.0,2.4256505576208176,,,,0.0055762081784386614,,2.3142007434944243,0.0,0.0,0.0008364312267657993,0.011431226765799255,0.0005576208178438662,0.0011152416356877324,,1.1187639405204448,0.5319702602230483,0.2313518959107807,,,,0.370817843866171,,,,
102993,259259,"1/2 portion Pici Pasta with garlic, oil, peperoncino, anchovies, Roman broccoli cream, raisins and Pine nuts",,,,,1.0,81.0,3,https://app.nutrium.com/assets/fallback/recipe/thumb_300-c0992789d8ed6768187bb33ee08735b0f4b7c26f98d17db0a493c815082575d8.png,"[{'created_at': '2020-12-18T15:22:03Z', 'description': 'Pasta cooked in boiling water and then creamed in a pan.', 'id': 193631, 'recipe_id': 102993}]",226.479876160991,,0.50030959752322,0.0,0.0,0.0198142414860681,0.0,,0.0,87.5048297213622,2.80329721362229,0.00247678018575851,0.000928792569659443,0.00371517027863777,0.024272445820433402,0.901733746130031,652.221052631579,,1.2734613003096003,0.00371517027863777,1.2569659442724501,11.3374613003096,29.000619195046404,14.5536222910217,223.537430340557,311.256965944272,,0.185975232198142,0.0788854489164087,2.9114551083591294,0.119628482972136,0.126315789473684,0.22947368421052602,0.0198142414860681,,16.1733746130031,1.76210526315789,0.22068111455108402,0.0654414860681115,2.01318885448916,63.4520123839009,0.505046439628483,0.112569659442724,16.1733746130031,0.702167182662539,,0.495356037151703,46.656346749226,32.7399380804954,1.8302167182662503,,5.20123839009288,1.9213003095975203,0.000247678018575851,0.000247678018575851,0.247801857585139,0.542043343653251,0.18390092879257,0.253003095975232,0.10625386996904,0.247678018575851,0.0,0.00743034055727554,0.0,0.000247678018575851,0.0,0.0,1.23529411764706,8.74167182662539,7.71678018575851,31.6313312693498,0.10990712074303402,,0.0,0.0,,,0.0,,,35.6136222910217,,0.798452012383901,2.39907120743034,0.0,0.0,0.346996904024768,0.198018575851393,0.135975232198142,0.0,0.132631578947368,0.00160990712074303,0.0,0.00247678018575851,,0.0,0.00253869969040248,0.00687306501547988,0.000247678018575851,0.0,0.0,0.00247678018575851,5.893498452012391,0.0495356037151703,0.485139318885449,,,,935.2806085448905,,2.43006191950464,0.0,,0.179442724458204,0.158637770897833,0.22922600619195,0.0,2.50315789473684,,,0.0,0.000247678018575851,0.0245201238390093,0.00743034055727554,,0.0,0.0,0.006191950464396291,0.0821052631578947,0.854489164086687,0.780185758513932,0.896222910216718,1.5653250773993803,3.97345820433437,0.000247678018575851,0.000247678018575851,0.00606811145510836,0.333287925696594,0.123083591331269,0.646625386996904,,1.28177089783282,0.0252631578947368,0.246792569659443,0.0,,,,,,,
102996,259262,"Tonnarello Cacio, Pepe, Chestnut Honey and toasted hazelnut",,,,,1.0,244.0,3,https://app.nutrium.com/rails/active_storage/representations/redirect/eyJfcmFpbHMiOnsibWVzc2FnZSI6IkJBaHBBcmE4IiwiZXhwIjpudWxsLCJwdXIiOiJibG9iX2lkIn19--73f091d4fe4473735c6c48d1aed2db2b484b68b2/eyJfcmFpbHMiOnsibWVzc2FnZSI6IkJBaDdCem9MWm05eWJXRjBTU0lJYW5CbkJqb0dSVlE2RTNKbGMybDZaVjkwYjE5bWFXeHNXd2RwQWl3QmFRSXNBUT09IiwiZXhwIjpudWxsLCJwdXIiOiJ2YXJpYXRpb24ifX0=--b44c98460dfda55293bc1375ff5638f722bd6d84/DSC00889.jpg,"[{'created_at': '2020-12-18T15:22:32Z', 'description': 'Boiled pasta', 'id': 193632, 'recipe_id': 102996}, {'created_at': '2020-12-18T15:22:32Z', 'description': 'Pan cooked souce', 'id': 193633, 'recipe_id': 102996}]",241.37502529852264,,,,,,,,,14.305555555555554,0.6996518923294879,,0.12704918032786888,0.059016393442622946,0.03647540983606558,1.6778688524590166,479.38539769277486,,5.524170714430263,0.04877555150779194,136.52853673345476,139.60139647844557,17.391570532280916,0.46205221615057673,301.73989463165344,127.95754907913376,,0.13435994737907306,0.1686677798016597,0.6348821088848411,4.098360655737705e-05,,0.10916211293260472,,,0.0819672131147541,0.0007377049180327869,0.00036885245901639344,0.0001639344262295082,1.3527099777373017,13.614754098360656,0.1052155434122646,0.0003278688524590164,0.0819672131147541,0.09016393442622953,,,35.47963974903866,223.86414693381903,1.3320446265938068,,,0.0,0.0,0.0,0.00024590163934426235,0.003688524590163934,0.0002868852459016394,0.0004508196721311476,0.00012295081967213117,0.0,0.0,,,0.0,0.0,0.0,0.19520340012143278,12.031360048573148,14.21215088038859,36.47835357215139,0.2858733049989882,,0.0,0.0,,,0.0,0.06967213114754099,,1.6198795790325837,0.2868852459016394,2.0763231127302166,4.309021453147137,0.0,0.0,0.0004098360655737705,0.0003278688524590164,0.0001639344262295082,,0.0003278688524590164,0.0,0.0,0.0,,,0.0,0.0,0.0,,,,,,31.53688524590164,,,,1262.4797191388361,,1.0016049382716048,0.0,,0.00020491803278688525,0.00024590163934426235,0.0011065573770491805,,71.9821392430682,,,0.0,0.0,0.0,,,0.0,0.0,0.0,4.098360655737705e-05,,,1.4651639344262297,,3.6572131147540987,0.0,0.03440599069014361,0.0,0.0,0.0,0.0,,0.10016646427848613,0.26826553329285574,0.012453197227281937,,,,0.0,,,,
103005,259272,"1/2 portion Tonnarello Cacio, Pepe, Chestnut Honey and toasted hazelnut",,,,,1.0,122.0,3,https://app.nutrium.com/rails/active_storage/representations/redirect/eyJfcmFpbHMiOnsibWVzc2FnZSI6IkJBaHBBcmk4IiwiZXhwIjpudWxsLCJwdXIiOiJibG9iX2lkIn19--5087f9e1651f4f66270e3fb693e30f29484346bd/eyJfcmFpbHMiOnsibWVzc2FnZSI6IkJBaDdCem9MWm05eWJXRjBTU0lJYW5CbkJqb0dSVlE2RTNKbGMybDZaVjkwYjE5bWFXeHNXd2RwQWl3QmFRSXNBUT09IiwiZXhwIjpudWxsLCJwdXIiOiJ2YXJpYXRpb24ifX0=--b44c98460dfda55293bc1375ff5638f722bd6d84/DSC00889.jpg,"[{'created_at': '2020-12-18T16:00:49Z', 'description': 'Boiled pasta', 'id': 193640, 'recipe_id': 103005}, {'created_at': '2020-12-18T16:00:49Z', 'description': 'Pan cooked souce', 'id': 193641, 'recipe_id': 103005}]",241.375025298523,,,,,,,,,14.305555555555602,0.699651892329488,,0.127049180327869,0.059016393442622904,0.0364754098360656,1.6778688524590197,479.3853976927749,,5.52417071443026,0.0487755515077919,136.528536733455,139.601396478446,17.3915705322809,0.462052216150577,301.739894631653,127.957549079134,,0.134359947379073,0.16866777980166,0.634882108884841,4.0983606557377e-05,,0.109162112932605,,,0.0819672131147541,0.000737704918032787,0.000368852459016393,0.000163934426229508,1.3527099777373,13.614754098360699,0.105215543412265,0.000327868852459016,0.0819672131147541,0.0901639344262295,,,35.4796397490387,223.86414693381903,1.33204462659381,,,0.0,0.0,0.0,0.000245901639344262,0.00368852459016393,0.000286885245901639,0.0004508196721311479,0.000122950819672131,0.0,0.0,,,0.0,0.0,0.0,0.195203400121433,12.0313600485731,14.212150880388602,36.4783535721514,0.285873304998988,,0.0,0.0,,,0.0,0.069672131147541,,1.61987957903258,0.286885245901639,2.07632311273022,4.30902145314714,0.0,0.0,0.00040983606557377,0.000327868852459016,0.000163934426229508,,0.000327868852459016,0.0,0.0,0.0,,,0.0,0.0,0.0,,,,,,31.5368852459016,,,,1262.4797191388361,,1.0016049382716,0.0,,0.000204918032786885,0.000245901639344262,0.00110655737704918,,71.9821392430682,,,0.0,0.0,0.0,,,0.0,0.0,0.0,4.0983606557377e-05,,,1.46516393442623,,3.6572131147541,0.0,0.0344059906901436,0.0,0.0,0.0,0.0,,0.100166464278486,0.268265533292856,0.0124531972272819,,,,0.0,,,,
73539,201649,Carbonara Mezzi Paccheri,,,,,1.0,250.0,3,https://app.nutrium.com/rails/active_storage/representations/redirect/eyJfcmFpbHMiOnsibWVzc2FnZSI6IkJBaHBBdHltIiwiZXhwIjpudWxsLCJwdXIiOiJibG9iX2lkIn19--6a1701425805410b3b5595a9e6ea31d7f0d8cfd8/eyJfcmFpbHMiOnsibWVzc2FnZSI6IkJBaDdCem9MWm05eWJXRjBTU0lJYW5CbkJqb0dSVlE2RTNKbGMybDZaVjkwYjE5bWFXeHNXd2RwQWl3QmFRSXNBUT09IiwiZXhwIjpudWxsLCJwdXIiOiJ2YXJpYXRpb24ifX0=--b44c98460dfda55293bc1375ff5638f722bd6d84/DSC00857.jpg,"[{'created_at': '2020-07-02T12:14:47Z', 'description': 'Boiled pasta', 'id': 137303, 'recipe_id': 73539}, {'created_at': '2020-07-02T12:14:54Z', 'description': 'Pan cooked', 'id': 137304, 'recipe_id': 73539}, {'created_at': '2020-07-02T12:14:54Z', 'description': 'Pan cooked', 'id': 137305, 'recipe_id': 73539}]",148.61986754966887,0.00786754966887418,0.1346225165562914,0.000874172185430464,0.00031788079470198606,0.0001589403973509934,0.000278145695364238,0.00047682119205297996,0.00047682119205297996,7.738807947019868,0.4671141721854304,0.0,0.0,0.0,0.0,0.0,194.77845033112578,,1.5417547019867541,0.011973509933774842,53.33403973509934,55.758940397351004,15.526622516556301,0.027814569536423802,395.4047337748344,121.30225165562916,0.00071523178807947,0.21721112582781457,0.15589456953642378,1.7647536423841061,0.012278145695364241,0.01986754966887418,0.10454304635761591,0.0023841059602649002,0.000397350993377484,1.8675496688741722,0.066476821192053,0.034092715231788,0.00663576158940398,0.8504,4.095629139072847,0.1560582781456954,0.0362384105960264,1.8675496688741722,11.67417218543046,0.0023841059602649002,,24.19770331125828,52.94647682119208,1.142190728476822,,,0.0617880794701986,0.0001589403973509934,0.0001589403973509934,0.0385827814569536,0.0203443708609272,0.017165562913907282,0.027019867549668803,0.01080794701986756,0.0119205298013245,0.0,0.0,,0.0,0.0,0.0,0.042119205298013204,25.30575099337748,12.805324503311262,30.432124503311258,0.2630039735099338,,0.0,0.0,0.0,0.0,0.0,0.0119205298013245,0.0039735099337748405,2.021139072847682,0.0437086092715232,1.4126993377483446,0.8234754966887418,0.0,0.0,0.0431523178807948,0.0266622516556292,0.022092715231788,0.28150993377483446,0.01982781456953642,0.0,0.0,0.0,0.0,0.0,0.001072847682119206,0.007986754966887421,0.0023046357615894,0.00047682119205297996,0.0,0.00143046357615894,,,29.5488,0.00047682119205297996,0.0010331125827814582,0.000516556291390728,1654.3734061139055,3.97350993377484e-05,0.3533933774834438,3.25827814569536,0.0794701986754966,0.032582781456953605,0.029205298013245003,0.0528079470198676,0.000874172185430464,100.61605298013241,0.0009139072847682121,0.00011920529801324499,0.000278145695364238,0.00747019867549668,0.0019072847682119198,0.00011920529801324499,0.0009139072847682121,19.98675496688742,0.35761589403973604,21.456953642384203,0.01509933774834438,,,0.014701986754966881,0.0608344370860928,1.052878940397352,0.0,0.00023841059602648998,0.001311258278145696,0.08864900662251661,0.032225165562914,0.1355364238410596,0.00047682119205297996,0.01116688741721854,0.3308185430463576,0.01612335099337748,0.000397350993377484,,,,,,,
103015,259287,1/2 portion Chickpeas cream soup with chicory and paprika croutons,,,,,1.0,238.0,3,https://app.nutrium.com/assets/fallback/recipe/thumb_300-c0992789d8ed6768187bb33ee08735b0f4b7c26f98d17db0a493c815082575d8.png,"[{'created_at': '2020-12-18T16:40:59Z', 'description': 'Boiled vegetables than mashed with olive oil ans seasonings.', 'id': 193650, 'recipe_id': 103015}]",140.212621105001,,,,0.0,0.0,0.0,,,1010.38753600419,1.47058130400628,,0.007488871432312129,0.0,0.425373134328358,0.245116522649908,583.990049751244,,0.604548311076198,0.0,0.0,258.69730295889,230.065724011521,4.23540193768002,219.701283058392,453.966221523959,0.0,0.22857030636292197,0.147761194029851,1.26584184341451,0.24427860696517398,0.0,0.306944226237235,0.0,0.0,210.408483896308,1.85539408222048,0.38318931657502,0.092725844461901,1.41107619795758,45.980361351138995,0.815697826656193,0.546884001047395,210.408483896308,39.5312909138518,0.000916470280178057,0.622152395915161,43.158942131448,49.4409531290914,2.72685257920922,,,1.0427991620843198,0.0,0.0,0.459046870908615,0.488714323121236,0.371903639696256,0.484825870646766,0.14142445666404796,9.72429955485729,0.0,0.0,,0.0,318.65671641790993,0.0,1.42498036135114,4.72296412673475,10.0686567164179,36.5255826132495,0.0,,0.0,0.0916470280178057,0.0,0.0,0.0,0.0366588112071223,0.0,5.17151086671904,0.293270489656978,6.65328620057607,4.84427860696517,0.0,0.0,0.648651479444881,0.381801518722179,0.338779785284106,0.0,0.236567164179105,0.0,0.0,0.0,,,0.0,0.0047656454569259,0.0,0.0,0.0,,847.2348782403769,0.52369730295889,0.301518722178581,,,,919.2301683163122,,0.8713694684472378,0.0,,0.779209217072532,0.381500392772977,0.967936632626342,0.0,0.00395915161036921,0.0,,0.0,0.0,0.0407436501702016,0.0,,26.1455878502226,0.0,1555.61665357423,0.127166797590992,,,0.130688661953391,,1.9647996857816201,0.0,0.0,0.0034825870646766196,0.216614296936371,0.0332678711704635,0.519062581827704,,8.14655669023305,0.0,0.346122021471589,0.000916470280178057,,,,,,,
103006,259273,1/2 portion Carbonara Mezzi Paccheri,,,,,1.0,125.0,3,https://app.nutrium.com/rails/active_storage/representations/redirect/eyJfcmFpbHMiOnsibWVzc2FnZSI6IkJBaHBBcm04IiwiZXhwIjpudWxsLCJwdXIiOiJibG9iX2lkIn19--dc43ce3ba1f60cadb6016aefff01b8c423db6152/eyJfcmFpbHMiOnsibWVzc2FnZSI6IkJBaDdCem9MWm05eWJXRjBTU0lJYW5CbkJqb0dSVlE2RTNKbGMybDZaVjkwYjE5bWFXeHNXd2RwQWl3QmFRSXNBUT09IiwiZXhwIjpudWxsLCJwdXIiOiJ2YXJpYXRpb24ifX0=--b44c98460dfda55293bc1375ff5638f722bd6d84/DSC00857.jpg,"[{'created_at': '2020-12-18T16:03:12Z', 'description': 'Boiled pasta', 'id': 193642, 'recipe_id': 103006}, {'created_at': '2020-12-18T16:03:12Z', 'description': 'Pan cooked', 'id': 193643, 'recipe_id': 103006}, {'created_at': '2020-12-18T16:03:12Z', 'description': 'Pan cooked', 'id': 193644, 'recipe_id': 103006}]",148.619867549669,0.00786754966887418,0.134622516556291,0.000874172185430464,0.00031788079470198606,0.00015894039735099303,0.000278145695364238,0.00047682119205298007,0.00047682119205298007,7.738807947019871,0.46711417218543005,0.0,0.0,0.0,0.0,0.0,194.778450331126,,1.54175470198675,0.0119735099337748,53.33403973509931,55.758940397351004,15.5266225165563,0.027814569536423802,395.4047337748341,121.302251655629,0.00071523178807947,0.21721112582781502,0.155894569536424,1.7647536423841101,0.012278145695364201,0.019867549668874204,0.104543046357616,0.0023841059602649,0.000397350993377484,1.86754966887417,0.066476821192053,0.034092715231788,0.00663576158940398,0.8504000000000002,4.09562913907285,0.156058278145695,0.0362384105960264,1.86754966887417,11.6741721854305,0.0023841059602649,,24.1977033112583,52.9464768211921,1.14219072847682,,,0.0617880794701986,0.00015894039735099303,0.00015894039735099303,0.0385827814569536,0.020344370860927205,0.017165562913907303,0.0270198675496688,0.0108079470198676,0.0119205298013245,0.0,0.0,,0.0,0.0,0.0,0.0421192052980132,25.3057509933775,12.8053245033113,30.4321245033113,0.263003973509934,,0.0,0.0,0.0,0.0,0.0,0.0119205298013245,0.00397350993377484,2.02113907284768,0.0437086092715232,1.41269933774834,0.8234754966887421,0.0,0.0,0.0431523178807948,0.0266622516556292,0.022092715231788004,0.2815099337748341,0.019827814569536403,0.0,0.0,0.0,0.0,0.0,0.00107284768211921,0.00798675496688742,0.0023046357615894,0.00047682119205298007,0.0,0.00143046357615894,,,29.5488,0.00047682119205298007,0.00103311258278146,0.000516556291390728,1654.3734061139055,3.97350993377484e-05,0.35339337748344407,3.25827814569536,0.0794701986754966,0.0325827814569536,0.029205298013245003,0.0528079470198676,0.000874172185430464,100.616052980132,0.0009139072847682121,0.00011920529801324502,0.000278145695364238,0.007470198675496681,0.0019072847682119203,0.00011920529801324502,0.0009139072847682121,19.986754966887403,0.35761589403973604,21.456953642384203,0.0150993377483444,,,0.014701986754966902,0.0608344370860928,1.05287894039735,0.0,0.00023841059602649003,0.0013112582781457,0.08864900662251661,0.032225165562914,0.13553642384106,0.00047682119205298007,0.0111668874172185,0.330818543046358,0.0161233509933775,0.000397350993377484,,,,,,,
73535,201645,Maccheroncini Amatriciana,,,,,1.0,315.0,3,https://app.nutrium.com/rails/active_storage/representations/redirect/eyJfcmFpbHMiOnsibWVzc2FnZSI6IkJBaHBBdHFtIiwiZXhwIjpudWxsLCJwdXIiOiJibG9iX2lkIn19--476a5a020fd9014bfa17b5e5cf54fb9f7e1580f7/eyJfcmFpbHMiOnsibWVzc2FnZSI6IkJBaDdCem9MWm05eWJXRjBTU0lJYW5CbkJqb0dSVlE2RTNKbGMybDZaVjkwYjE5bWFXeHNXd2RwQWl3QmFRSXNBUT09IiwiZXhwIjpudWxsLCJwdXIiOiJ2YXJpYXRpb24ifX0=--b44c98460dfda55293bc1375ff5638f722bd6d84/DSC00848.jpg,"[{'created_at': '2020-07-02T12:17:09Z', 'description': 'Pasta Boiled', 'id': 137306, 'recipe_id': 73535}, {'created_at': '2020-07-02T12:17:15Z', 'description': 'Pan cooked', 'id': 137307, 'recipe_id': 73535}]",64.4175824175824,,,,,,,,,64.96245421245425,0.0730946275946275,,0.0,0.0,0.0,0.0,335.77464896214894,,1.3002127594627595,0.0126984126984127,30.476190476190474,31.346764346764346,5.208333333333333,3.2820512820512833,301.7757936507936,96.94932844932859,,0.179567155067155,0.10356135531135531,1.3181364468864467,,,0.06065338827838837,,,,,,,0.4688377594627595,6.068208180708179,0.13372863247863256,,,,,0.053525641025641,36.36475579975579,59.88754578754579,0.8539789377289378,,,0.028910256410256397,0.0,0.0,,,,,,0.6833333333333332,0.0,,,0.0,,0.0,0.41740384615384596,20.07404151404151,7.374325396825396,21.46203907203907,0.031746031746031744,,,,,,0.0,,,0.775,,1.5696062271062274,1.9266636141636138,,,,,,0.24786324786324782,,0.0,,,,,,,0.0,,,,,,0.0,,,,1262.6299206349222,,0.2980555555555555,,,,,,,47.42515262515263,,,,0.0,0.0031538461538461533,,,,,,,,,0.0,,0.51456105006105,0.0,0.0,0.0,0.009724358974358966,0.0021025641025641034,0.008935897435897433,,0.021900183150183147,0.273089133089133,0.02839300976800976,,,,0.120897435897436,,,,
103008,259276,1/2 portion Maccheroncini Amatriciana,,,,,1.0,157.0,3,https://app.nutrium.com/rails/active_storage/representations/redirect/eyJfcmFpbHMiOnsibWVzc2FnZSI6IkJBaHBBcnE4IiwiZXhwIjpudWxsLCJwdXIiOiJibG9iX2lkIn19--717b5088f188d64023efd3594c7a4fdfaa134f45/eyJfcmFpbHMiOnsibWVzc2FnZSI6IkJBaDdCem9MWm05eWJXRjBTU0lJYW5CbkJqb0dSVlE2RTNKbGMybDZaVjkwYjE5bWFXeHNXd2RwQWl3QmFRSXNBUT09IiwiZXhwIjpudWxsLCJwdXIiOiJ2YXJpYXRpb24ifX0=--b44c98460dfda55293bc1375ff5638f722bd6d84/DSC00848.jpg,"[{'created_at': '2020-12-18T16:05:09Z', 'description': 'Pasta Boiled', 'id': 193645, 'recipe_id': 103008}, {'created_at': '2020-12-18T16:05:09Z', 'description': 'Pan cooked', 'id': 193646, 'recipe_id': 103008}]",64.4175824175824,,,,,,,,,64.9624542124542,0.0730946275946275,,0.0,0.0,0.0,0.0,335.77464896214894,,1.3002127594627597,0.0126984126984127,30.4761904761905,31.3467643467643,5.20833333333333,3.28205128205128,301.775793650794,96.9493284493286,,0.179567155067155,0.103561355311355,1.31813644688645,,,0.0606533882783884,,,,,,,0.46883775946276,6.06820818070818,0.133728632478633,,,,,0.053525641025641,36.3647557997558,59.8875457875458,0.8539789377289381,,,0.0289102564102564,0.0,0.0,,,,,,0.683333333333333,0.0,,,0.0,,0.0,0.417403846153846,20.0740415140415,7.3743253968254,21.4620390720391,0.0317460317460317,,,,,,0.0,,,0.7749999999999999,,1.56960622710623,1.92666361416361,,,,,,0.247863247863248,,0.0,,,,,,,0.0,,,,,,0.0,,,,1262.6299206349222,,0.298055555555556,,,,,,,47.4251526251526,,,,0.0,0.0031538461538461494,,,,,,,,,0.0,,0.51456105006105,0.0,0.0,0.0,0.00972435897435897,0.0021025641025641,0.00893589743589743,,0.0219001831501831,0.273089133089133,0.0283930097680098,,,,0.120897435897436,,,,
103012,259283,1/2 portion Fettuccine pasta with Porcini Mushrooms,,,,,1.0,164.0,3,https://app.nutrium.com/assets/fallback/recipe/thumb_300-c0992789d8ed6768187bb33ee08735b0f4b7c26f98d17db0a493c815082575d8.png,"[{'created_at': '2020-12-18T16:16:18Z', 'description': 'Pasta cooked in boiling water and then creamed in a pan.', 'id': 193648, 'recipe_id': 103012}]",65.9011834319527,,,,,,,,,90.7573964497042,0.300671597633136,,0.0,0.0,0.0,0.00532544378698225,56.97455621301779,,0.32644082840236693,0.0,13.491124260354999,25.692307692307697,12.008875739644997,6.2621301775147895,132.656656804734,83.3366863905325,,0.08331360946745558,0.0486390532544379,0.42763313609467496,0.00100295857988166,,0.0735059171597633,,,1.3579881656804698,0.007144970414201179,0.011665680473372799,0.00396153846153846,0.33964497041420094,5.183431952662719,0.019165680473372797,0.0061508875739645,1.3579881656804698,0.20591715976331398,,0.0520710059171598,66.3137278106509,25.9313609467456,1.17087573964497,,,0.004547337278106509,0.0012130177514792899,0.0,0.00168639053254438,0.0008875739644970409,0.00177514792899408,0.0016242603550295897,0.0005769230769230769,3.2576923076923094,0.0,,,0.0,0.0,0.0,0.10798816568047298,1.67408284023669,6.789585798816569,24.292544378698196,0.11360946745562099,,0.0,0.0,,,0.0,,,0.131952662721893,,3.0878698224852097,1.4301775147929,0.0,0.0,0.0104852071005917,0.0103579881656805,0.0059497041420118295,0.0,0.000718934911242604,0.00115384615384615,0.0,0.0,,,0.0,0.0,0.0,,,,71.83431952662718,0.00236686390532544,21.857988165680496,,,,555.0354520710071,,0.19807100591715998,0.0,,0.00562721893491124,0.0011715976331360897,0.004340236686390529,,32.3080650887574,,,0.0,0.0,0.013402366863905299,,,0.142011834319527,0.0,140.64201183431996,0.0006745562130177519,,,0.00828402366863905,,0.45847041420118295,0.0,0.00063905325443787,0.0007692307692307689,0.009440828402366859,0.0013905325443787,0.00249408284023669,,0.0668816568047337,0.0,0.0194171597633136,,,,,,,,
106669,265900,"1/2 Portion Beef tartare with anchovies, gherkins, fried capers, mustard mayonnaise and English Sichuan pepper sauce",,,,,1.0,105.0,3,https://app.nutrium.com/assets/fallback/recipe/thumb_300-c0992789d8ed6768187bb33ee08735b0f4b7c26f98d17db0a493c815082575d8.png,"[{'created_at': '2021-01-14T14:38:02Z', 'description': 'No cooked.', 'id': 200573, 'recipe_id': 106669}]",73.4606317774635,0.00392267798208392,0.0821404997642621,0.000414898632720415,0.0141159830268741,0.00393210749646393,0.00883074021687883,0.000344177274870344,0.00254596888260255,5.92314945780292,0.569164073550212,0.0248939179632249,0.00325318246110325,0.00231023102310231,0.115700141442716,0.112399811409712,494.876944837341,2.26308345120226,1.93280433757662,0.00768505421970769,18.1801037246582,18.2809995285243,7.08580858085809,0.304101838755304,110.124304573314,85.4804337576615,0.00347477604903347,0.0138330975954738,0.0984064120697784,1.23990099009901,0.0182036775106082,0.0717114568599717,0.031211692597831197,0.00301744460160302,0.000188590287600189,5.16737388024517,0.0997736916548798,0.0473361621876473,0.007529467232437529,1.24634606317775,15.3512494106554,0.250905233380481,0.05002357378595,5.16737388024517,119.379066478076,0.0132013201320132,1.1975483262612,80.1645450259312,75.5054219707685,0.764167845355964,,0.0,0.11038661008958,7.54361150400754e-05,7.54361150400754e-05,0.0494578029231495,0.0323809523809524,0.027152286657237196,0.0392597831211693,0.0162989156058463,1.97029702970297,0.0,0.000212164073550212,0.0,0.0,0.0235737859500236,0.0,0.818246110325318,7.42621404997643,9.4950966525224,0.8400754361150399,0.588637435172089,,0.0,0.0,0.0,0.0,0.0,0.0202734559170203,0.00188590287600189,11.4602074493164,0.0561056105610561,0.510608203677511,0.433239038189533,0.0,0.0,0.06089580386610089,0.0379113625648279,0.0292409240924092,0.0879160773220179,0.0276520509193777,4.71475719000472e-05,0.0,0.0248939179632249,0.0,0.0012022630834512,0.0172277227722772,0.0552003771805752,0.00109382366808109,0.000226308345120226,0.0,0.0135313531353135,368.033946251768,0.292314945780292,0.0245167373880245,0.000344177274870344,0.000584629891560585,0.000245167373880245,460.7600903347458,0.000443187175860443,0.376520509193777,1.54644035832155,0.0377180575200377,0.0427911362564828,0.040961810466761,0.0745214521452145,0.0474351720886374,85.5106082036775,0.000858085808580858,5.65770862800566e-05,0.000179160773220179,0.0314757190004715,0.0247289014615747,0.00284771334276285,0.000528052805280528,12.1499292786422,0.806223479490806,19.2597831211693,0.0221263554926921,0.0,0.0,0.166949552098067,0.037312588401697294,4.13081612446959,0.0,0.000231023102310231,0.041357850070721396,0.425733144743046,0.286388495992456,0.904776049033475,0.000226308345120226,0.13860443187175897,0.898774163130599,0.126412069778406,0.000188590287600189,,0.0,,,0.0,0.0,
153817,349507,Pulled Pork Miniburger,,,,,1.0,90.0,3,https://app.nutrium.com/rails/active_storage/representations/redirect/eyJfcmFpbHMiOnsibWVzc2FnZSI6IkJBaHBBek1FQ0E9PSIsImV4cCI6bnVsbCwicHVyIjoiYmxvYl9pZCJ9fQ==--3f956f46c5255b6b698f93540a09af3439b9f3a5/eyJfcmFpbHMiOnsibWVzc2FnZSI6IkJBaDdCem9MWm05eWJXRjBTU0lJYW5CbkJqb0dSVlE2RTNKbGMybDZaVjkwYjE5bWFXeHNXd2RwQWl3QmFRSXNBUT09IiwiZXhwIjpudWxsLCJwdXIiOiJ2YXJpYXRpb24ifX0=--b44c98460dfda55293bc1375ff5638f722bd6d84/20220106_140631.jpg,"[{'created_at': '2021-07-22T10:48:10Z', 'description': 'Grilled.', 'id': 292128, 'recipe_id': 153817}]",177.20750000000004,5.714285714285711e-05,0.00552857142857143,0.0,1.42857142857143e-05,0.000114285714285714,0.0,3.5714285714285703e-05,0.0,380.157142857143,0.7550250000000001,0.007542857142857141,0.003928571428571431,0.0,0.38310714285714303,0.0332857142857143,464.05428571428604,,2.7877571428571404,0.00178571428571429,0.7178571428571431,46.895250000000004,47.8839285714286,8.22096428571429,167.687392857143,401.78928571428605,7.142857142857141e-05,0.549825,0.17238928571428602,5.894635714285711,0.0010214285714285703,0.015357142857142903,0.579925,0.0005714285714285711,0.0,0.12142857142857101,0.006667857142857141,0.0016464285714285702,0.00024285714285714302,1.41907142857143,30.6889285714286,0.14090357142857102,0.00226785714285714,0.12142857142857101,0.20107142857142904,0.00017857142857142903,2.4621428571428603,62.918785714285704,36.470357142857104,2.46167857142857,,,0.346671428571429,9.28571428571428e-05,0.0,0.0016928571428571403,0.0028142857142857106,0.0018285714285714303,0.00141428571428571,0.0008321428571428571,6.21142857142857,0.0,6.428571428571431e-05,,2.85714285714286e-05,12.425000000000002,0.0,1.9815357142857102,7.944142857142861,16.476000000000003,8.478071428571432,0.45125000000000004,,0.0,0.0035714285714285704,0.0,0.0,0.0,0.0032142857142857103,0.0,6.284285714285711,0.0221428571428571,1.6666071428571403,2.66832142857143,0.0,0.0,0.00257857142857143,0.00135357142857143,0.0019071428571428603,6.428571428571431e-05,0.00114642857142857,0.00470357142857143,0.0,0.007542857142857141,0.0,0.00036428571428571407,0.00206428571428571,6.428571428571431e-05,0.0,0.0,0.0,0.0026642857142857106,55.72142857142861,2.14285714285714,2.8580714285714306,3.5714285714285703e-05,2.85714285714286e-05,0.0,701.6040517142864,0.00012857142857142904,0.7332678571428571,0.0,,0.00216785714285714,0.0016428571428571401,0.0035357142857142905,1.42857142857143e-05,31.290785714285704,0.00012857142857142904,0.0,0.0,0.015428571428571401,0.0208775,0.00014285714285714303,2.85714285714286e-05,1.7214285714285702,0.19285714285714303,60.44285714285721,0.0006357142857142861,,,0.028500000000000004,0.0025571428571428603,3.3168571428571405,3.21428571428571e-05,0.006028571428571431,0.058175000000000004,1.12707857142857,0.6264875000000001,1.7570750000000002,0.0,0.307585714285714,0.20000000000000004,0.125775464285714,3.5714285714285703e-05,,0.0,0.0365,,0.0,0.0,
153818,349508,Fluviale Miniburger,,,,,1.0,90.0,3,https://app.nutrium.com/rails/active_storage/representations/redirect/eyJfcmFpbHMiOnsibWVzc2FnZSI6IkJBaHBBelFFQ0E9PSIsImV4cCI6bnVsbCwicHVyIjoiYmxvYl9pZCJ9fQ==--55f2c25120cf414470d211b62ab0381ffe4cf5cb/eyJfcmFpbHMiOnsibWVzc2FnZSI6IkJBaDdCem9MWm05eWJXRjBTU0lJYW5CbkJqb0dSVlE2RTNKbGMybDZaVjkwYjE5bWFXeHNXd2RwQWl3QmFRSXNBUT09IiwiZXhwIjpudWxsLCJwdXIiOiJ2YXJpYXRpb24ifX0=--b44c98460dfda55293bc1375ff5638f722bd6d84/20220106_142340.jpg,"[{'created_at': '2021-07-22T10:49:36Z', 'description': 'Grilled.', 'id': 292129, 'recipe_id': 153818}]",169.99665427509302,,,,,,,,,78.31970260223052,0.704568773234201,,0.0,0.0,0.207063197026022,0.24498141263940504,105.63197026022301,,6.633557620817841,0.317100371747212,28.5130111524164,40.498141263940504,20.466542750929403,2.6414869888475803,248.21460966542702,315.45724907063203,,0.09305576208178441,0.15562453531598502,3.8364684014869903,,,0.32446096654275103,,,,,,0.00314498141263941,3.38672862453532,19.869888475836404,0.516431226765799,,,,,11.397769516728602,55.59293680297401,26.907806691449803,1.4905947955390302,,,0.000635687732342007,0.0,0.0,,,,,,0.031226765799256505,0.0,,,0.0,,,0.07732342007434942,16.419962825278805,18.374386617100402,6.940892193308551,0.9013011152416361,,,,,,,,,7.830855018587361,,0.5827137546468402,1.7438661710037202,,,,,,0.6423791821561341,,0.0,,,,,,,0.0,,,,99.81412639405201,2.3420074349442404,4.902044609665431,,,,1038.5299268401466,,0.43171003717472106,,,,,,,99.81784386617102,,,,0.0,6.356877323420072e-05,,,,,,,,,0.24237918215613402,,7.1436579925650605,0.0,,0.0,0.000646840148698885,0.00012267657992565101,0.00020074349442379203,,0.0342007434944238,1.6275092936803002,0.014003717472119002,,,,0.0158364312267658,,,,
153819,349509,Norma Miniburger,,,,,1.0,80.0,3,https://app.nutrium.com/rails/active_storage/representations/redirect/eyJfcmFpbHMiOnsibWVzc2FnZSI6IkJBaHBBOG9JQmc9PSIsImV4cCI6bnVsbCwicHVyIjoiYmxvYl9pZCJ9fQ==--adfa3ea7145960564ab4fa8a08ab1572d242d257/eyJfcmFpbHMiOnsibWVzc2FnZSI6IkJBaDdCem9MWm05eWJXRjBTU0lJYW5CbkJqb0dSVlE2RTNKbGMybDZaVjkwYjE5bWFXeHNXd2RwQWl3QmFRSXNBUT09IiwiZXhwIjpudWxsLCJwdXIiOiJ2YXJpYXRpb24ifX0=--b44c98460dfda55293bc1375ff5638f722bd6d84/5434.jpg,"[{'created_at': '2021-07-22T10:50:47Z', 'description': 'Grilled.', 'id': 292130, 'recipe_id': 153819}]",50.84739229384151,0.0039206678600282,0.0708201984359571,0.00043562976222535503,0.000158410822627402,0.000227055512432609,0.000138609469798977,0.00023761623394110302,0.00023761623394110302,10.2647572882179,0.89117466905339,1.84812626398636e-05,0.0,0.0805439827649025,4.11082104329368,0.586102618530898,63.1620859537124,2.41536901801131,1.58486437393403,0.00217814881112678,3.1682164525480405,3.64722437836953,12.120962504158301,10.4390883985194,171.22080884566,400.537091894118,0.00035642435091165405,0.242538454227193,0.053254523949076205,0.473396618456973,0.024736245980325405,0.04094127710805201,0.421264012757352,0.00846441828905751,0.0413848274114087,8.516165824449132,0.252171020324109,0.0566401856574841,0.012420616112492802,0.40235345678816803,21.758154197094704,0.140254962219019,0.04917824385762041,14.0209419107513,8.46440508815562,0.0015841082262740202,0.013760620125567002,60.63383549564111,42.29557347357971,0.691430766549971,,0.038810651543713506,0.13803061025129204,7.9205411313701e-05,7.9205411313701e-05,0.05803538897777501,0.0771266652937729,0.0401717965371394,0.0522957688469276,0.0181942750328702,1.31775626910831,0.0,5.54437879195907e-05,0.0,0.0,0.0,0.0,0.44890458916153203,7.1642313642868105,4.05827564539209,23.9383539003385,0.0396027056568505,,0.0,0.0,0.0,0.0,3.2474218638617405,0.00594040584852757,0.045543111505378,1.74496649611101,0.0217814881112678,2.53280054493323,5.92137754051357,0.0,0.0,0.07882839355584771,0.04832124130720611,0.0390122293155068,0.0007524514074801591,0.0337371489220143,0.0,0.0,1.84812626398636e-05,0.0,0.0,0.000553117789007345,0.00459813814479805,0.0011484784640486603,0.00023761623394110302,0.0,0.0007313299644631722,12.6517443671752,0.0,16.9892967087511,0.00023761623394110302,0.000514835173539056,0.000257417586769528,716.3878642102414,1.98013528284252e-05,0.529994033192348,1.6237109319308702,0.0396027056568505,0.0551859743057646,0.0489715177340916,0.105817637460991,0.00043562976222535503,7.3667131338413006,0.00045543111505378004,5.94040584852757e-05,0.000138609469798977,0.00372265433174394,0.012500382826154701,0.00011484784640486602,0.00045543111505378004,20.7526098183028,0.17821217545582702,17.5879576092639,0.0200100590872368,0.00637603561075293,0.005821597731557021,0.576764300537013,0.0419960291687128,4.20808655567348,0.0,0.0186330730115482,0.000671925905977897,0.0803361213638116,0.0406802424741658,0.116745713667158,0.00023761623394110302,0.10814859991234602,0.0314841509971961,0.0418885474255601,0.0017821217545582703,,,,,,,
149434,341867,"1/2 TAGLIOLINI WITH CUTTLEFISH INK, PECORINO OCTOPUS RAGU AND SAFFRON",,,,,1.0,109.0,3,https://app.nutrium.com/rails/active_storage/representations/redirect/eyJfcmFpbHMiOnsibWVzc2FnZSI6IkJBaHBBOFBMQlE9PSIsImV4cCI6bnVsbCwicHVyIjoiYmxvYl9pZCJ9fQ==--5c36d67b97c7e0abb71636411c7bd406e8afc72a/eyJfcmFpbHMiOnsibWVzc2FnZSI6IkJBaDdCem9MWm05eWJXRjBTU0lJYW5CbkJqb0dSVlE2RTNKbGMybDZaVjkwYjE5bWFXeHNXd2RwQWl3QmFRSXNBUT09IiwiZXhwIjpudWxsLCJwdXIiOiJ2YXJpYXRpb24ifX0=--b44c98460dfda55293bc1375ff5638f722bd6d84/IMG_7006.jpg,"[{'created_at': '2021-07-01T15:04:19Z', 'description': 'Pasta Boiled', 'id': 283497, 'recipe_id': 149434}, {'created_at': '2021-07-01T15:04:22Z', 'description': 'Pan cooked', 'id': 283498, 'recipe_id': 149434}]",164.037228125272,0.025380910743143303,0.516981555322587,0.0028202181864794003,0.0010258793153174602,0.0044538013248671205,0.0008972838850561031,0.0015391623214015902,0.0015382009458104603,60.51321433639911,0.5974758397157991,4.1201811048494503e-07,1.2589442264817802e-05,0.0393706194463392,0.38235326432793004,0.250114907273035,356.66908536557503,12.525716797062802,2.4822129950512104,0.018311916021553104,75.17041526847561,64.6437645636957,18.304568365249505,5.304783530262731,229.95632608028902,220.82985025430702,0.0023076905469311504,0.131777537688212,0.13455733232007402,1.2484139591735801,0.039611650040972904,0.654650997770524,0.19336996479534102,0.007691004729052311,0.0012818341215087201,6.025192618466651,0.21446366686962404,0.10998915018975701,0.022194728914973202,1.1849256307310603,23.352751594281205,0.540208595613381,0.11691174114275502,6.025192618466651,37.66114257200021,0.007691004729052311,0.38706812490557907,47.32341292912831,116.35249522745701,2.3648111354761303,,8.267830083731242,0.28993844907227306,0.000513328785874188,0.000512733648603488,0.12447158677330301,0.06563883408030691,0.055381643219784206,0.08716998493844912,0.03486749039768901,0.34841167018408103,0.0,0.00394830088309215,,0.017854301240174505,0.0,0.0,0.6314321749520461,6.825606467768741,11.352549476508102,33.5004035488493,0.30214661435562706,,0.0,0.0,0.0,0.0,0.0,0.03848706949829931,0.012818341215087202,5.7279307077097705,0.141001753365959,1.7103901811506301,1.1685332613064603,0.0,0.0,0.139216341553858,0.08601656312804151,0.07127409733698961,0.00487678369506997,0.06396787174334022,8.011463259429491e-07,0.0,4.1201811048494503e-07,0.0,0.0,0.011343293489656101,0.025765460979596002,0.026479030567165805,0.0015382009458104603,0.0,0.00462799342602215,193.41183041334602,0.7086711500341061,31.702046814413304,0.0015392081011916501,0.0033375755938783304,0.0016677119718729002,962.1372683199291,0.000128183412150872,1.1218616809423303,10.511039796371502,0.256366824301744,0.10511772273012401,0.09422144600044861,0.17036948868552504,0.0028210422227003705,68.6369067511456,0.00294840159863027,0.00038455023645261606,0.000901495625741061,0.024100862033446704,0.0061661943718326106,0.00038896798619281507,0.00295302535742571,64.4762563118885,1.1560083685456202,69.22270494467512,0.04871152780893351,0.15748247778535704,2.55909026401205,0.27272714787330005,0.28685975819114906,2.6738398943402406,2.0600905524247302e-07,0.0007720990491537611,0.0101874453503756,0.4813103549307121,0.12451285725403702,0.5199345806800131,0.0015395285597220303,0.4395827401035541,4.49978712397625,0.176035378621754,0.0760860110695532,,,,,0.0,,
153839,349547,Siciliana Salad,,,,,1.0,420.0,3,https://app.nutrium.com/rails/active_storage/representations/redirect/eyJfcmFpbHMiOnsibWVzc2FnZSI6IkJBaHBBeG5sQnc9PSIsImV4cCI6bnVsbCwicHVyIjoiYmxvYl9pZCJ9fQ==--b09eb941dddad7911c31e245d6b8351e44bf6a93/eyJfcmFpbHMiOnsibWVzc2FnZSI6IkJBaDdCem9MWm05eWJXRjBTU0lJYW5CbkJqb0dSVlE2RTNKbGMybDZaVjkwYjE5bWFXeHNXd2RwQWl3QmFRSXNBUT09IiwiZXhwIjpudWxsLCJwdXIiOiJ2YXJpYXRpb24ifX0=--b44c98460dfda55293bc1375ff5638f722bd6d84/IMG_20211213_195704.jpg,"[{'created_at': '2021-07-22T12:31:07Z', 'description': 'No cooked.', 'id': 292153, 'recipe_id': 153839}]",24.80952380952381,,,,,,,,,44.05357142857143,0.3519047619047619,,0.0,0.11904761904761904,0.11904761904761904,0.5952380952380952,20.38095238095238,9.714285714285714,0.43066666666666664,0.11904761904761904,0.0,12.547619047619047,20.238095238095237,42.76785714285714,68.70238095238095,302.4761904761905,,0.05511904761904761,0.043571428571428567,0.4357142857142857,,0.0,0.0824285714285714,0.0,,8.571428571428571,,,0.0,0.244047619047619,12.833333333333332,0.2709523809523809,,8.571428571428571,,,11.904761904761903,84.17857142857143,75.4047619047619,0.538095238095238,,,0.014238095238095237,0.005952380952380952,0.005952380952380952,,,,,,0.0,0.0,,,0.005952380952380952,0.0,,0.794047619047619,3.342857142857143,1.2142857142857142,8.803571428571429,0.0,,,0.0,,,0.0,,,12.19047619047619,,4.8619047619047615,1.4047619047619049,0.0,0.0,,,,0.0,,0.005952380952380952,0.0,0.0,,,0.0,0.0014285714285714286,0.005952380952380952,,,,46.785714285714285,0.0,0.20833333333333331,,,,287.4507619047617,,0.35595238095238096,,,,,,,0.0,,,0.0,0.005952380952380952,0.009095238095238094,,,0.0,0.0,120.0,,,,0.7142857142857142,,2.1019523809523806,0.005952380952380952,0.005952380952380952,0.006238095238095238,0.011952380952380952,0.006238095238095238,0.015095238095238094,,0.05952380952380952,0.0,0.0739047619047619,0.0,,,,,,,
153860,349579,Recipe,,,,,,0.0,3,https://app.nutrium.com/assets/fallback/recipe/thumb_300-c0992789d8ed6768187bb33ee08735b0f4b7c26f98d17db0a493c815082575d8.png,[],,,,,,,,,,,,,,,,,,,,,,,,,,,,,,,,,,,,,,,,,,,,,,,,,,,,,,,,,,,,,,,,,,,,,,,,,,,,,,,,,,,,,,,,,,,,,,,,,,,,,,,,,,,,,,,,,,,,,,,,,,,,,,,,,,,,,,,,,,,,,,,,,,,,,,,,
153841,349549,Caprese Salad,,,,,1.0,325.0,3,https://app.nutrium.com/rails/active_storage/representations/redirect/eyJfcmFpbHMiOnsibWVzc2FnZSI6IkJBaHBBeFFKQmc9PSIsImV4cCI6bnVsbCwicHVyIjoiYmxvYl9pZCJ9fQ==--37b08933d97678cf31edeae972a5cca0fec40498/eyJfcmFpbHMiOnsibWVzc2FnZSI6IkJBaDdCem9MWm05eWJXRjBTU0lJYW5CbkJqb0dSVlE2RTNKbGMybDZaVjkwYjE5bWFXeHNXd2RwQWl3QmFRSXNBUT09IiwiZXhwIjpudWxsLCJwdXIiOiJ2YXJpYXRpb24ifX0=--b44c98460dfda55293bc1375ff5638f722bd6d84/5434.jpg,"[{'created_at': '2021-07-22T12:34:34Z', 'description': 'No cooked.', 'id': 292160, 'recipe_id': 153841}]",112.98461538461538,,1.536,0.007384615384615385,0.08492307692307693,0.0036923076923076927,,,0.0,309.3846153846154,0.3173692307692308,0.0,0.004153846153846155,0.0,0.0,0.984923076923077,147.13846153846154,,5.096015384615384,0.0,95.26153846153845,144.24615384615385,22.584615384615386,13.815384615384616,103.86153846153846,160.60000000000002,0.0036923076923076927,0.036215384615384615,0.15501538461538464,0.42003076923076926,0.0007846153846153847,0.14892307692307694,0.07623076923076924,0.0,0.0,1.0461538461538462,0.0042615384615384624,0.001953846153846154,0.002507692307692308,1.070923076923077,11.446153846153848,0.2739846153846154,0.0016923076923076926,1.0461538461538462,0.17538461538461542,0.0,7.8769230769230765,80.82553846153846,141.30769230769232,0.19646153846153847,,0.036923076923076927,0.0011230769230769233,0.10707692307692307,0.2843076923076923,0.0015230769230769232,0.0016,0.0018769230769230772,0.0020000000000000005,0.0004307692307692309,10.073846153846155,0.0,0.0036923076923076927,0.011076923076923076,0.0,0.0,0.0,0.022923076923076924,7.566769230769231,7.223846153846154,1.8869230769230771,0.07384615384615385,,0.0,312.0,0.0,0.0,0.0,0.006153846153846156,0.0,2.2199999999999998,,0.64,1.8507692307692307,0.0,0.0,0.002938461538461539,0.0016,0.0016,0.2953846153846154,0.0011846153846153847,0.24738461538461542,0.0,0.0,,,0.0,0.0,0.0,,,0.0516923076923077,291.69230769230774,1.6738461538461538,0.0,,,,434.556676923075,,0.4467692307692308,0.0,0.07384615384615385,0.0018000000000000004,0.002030769230769231,0.004630769230769232,0.044307692307692305,21.415384615384614,,,0.0036923076923076927,0.0,0.004861538461538462,0.011076923076923076,,155.23076923076923,19.784615384615385,81.15384615384616,0.0005538461538461539,0.0,0.11076923076923077,0.8618461538461538,0.2030769230769231,1.8807384615384617,0.18830769230769231,0.2030769230769231,0.8012307692307692,2.1494769230769233,0.7496153846153845,0.001353846153846154,,0.09889230769230771,0.6276923076923078,0.024384615384615387,0.1673846153846154,0.007384615384615385,,,,,,
153842,349551,Greek salad,,,,,1.0,265.0,3,https://app.nutrium.com/rails/active_storage/representations/redirect/eyJfcmFpbHMiOnsibWVzc2FnZSI6IkJBaHBBeGtKQmc9PSIsImV4cCI6bnVsbCwicHVyIjoiYmxvYl9pZCJ9fQ==--862e4ab007b8bad8c2b0f8f1a3f29f3bd08c22f3/eyJfcmFpbHMiOnsibWVzc2FnZSI6IkJBaDdCem9MWm05eWJXRjBTU0lJYW5CbkJqb0dSVlE2RTNKbGMybDZaVjkwYjE5bWFXeHNXd2RwQWl3QmFRSXNBUT09IiwiZXhwIjpudWxsLCJwdXIiOiJ2YXJpYXRpb24ifX0=--b44c98460dfda55293bc1375ff5638f722bd6d84/5434.jpg,"[{'created_at': '2021-07-22T12:37:43Z', 'description': 'No cooked.', 'id': 292162, 'recipe_id': 153842}]",80.66037735849058,,,,0.0,0.0,0.0,,,66.24528301886794,0.49294339622641514,,0.022641509433962266,0.013584905660377358,0.08792452830188681,0.588301886792453,238.9245283018868,3.6981132075471703,3.5270188679245282,0.32830188679245287,49.81132075471699,61.54716981132076,27.409433962264156,4.548490566037736,93.22075471698113,199.05660377358492,0.0,0.07130188679245283,0.08494339622641511,0.3609811320754717,0.003245283018867925,0.6316981132075472,0.04133962264150944,0.0,0.0,3.4716981132075473,0.05622641509433962,0.007622641509433962,0.0026339622641509434,0.399056603773585,11.452830188679247,0.21845283018867928,0.009056603773584906,3.4716981132075473,1.849056603773585,0.010566037735849057,1.4339622641509435,83.43283018867925,102.52830188679246,0.36547169811320757,,,0.011584905660377358,0.0005660377358490566,0.0005660377358490566,0.006566037735849056,0.005056603773584905,0.00739622641509434,0.007018867924528302,0.001660377358490566,42.75471698113208,0.0,0.0,,0.0005660377358490566,2.490566037735849,0.0,0.1530188679245283,7.500377358490567,4.348113207547169,2.25,0.11320754716981132,,0.0,0.0,0.0,0.0,0.0,0.030188679245283023,0.0,2.3773584905660377,0.7471698113207549,1.1,1.6656603773584906,0.0,0.0,0.008905660377358491,0.006264150943396227,0.006037735849056604,0.0,0.003169811320754717,0.0005660377358490566,0.0,0.0,,,0.0,0.0,0.0005660377358490566,0.0,0.0,,393.7754716981133,0.7547169811320755,0.20773584905660378,,,,390.035637735849,,0.5158490566037737,0.0,,0.012830188679245283,0.00739622641509434,0.014113207547169814,0.0,15.849056603773587,0.0,,0.0,0.0005660377358490566,0.004037735849056604,0.0,,5.962264150943397,5.886792452830189,24.301886792452834,0.0021132075471698114,,,0.5569811320754717,,2.921471698113207,0.0005660377358490566,0.0005660377358490566,0.0016981132075471702,0.012905660377358493,0.00369811320754717,0.009773584905660378,,0.07215094339622642,0.24905660377358493,0.04079245283018868,0.0022641509433962265,,,,,,,
153875,349598,Recipe,,,,,,0.0,3,https://app.nutrium.com/assets/fallback/recipe/thumb_300-c0992789d8ed6768187bb33ee08735b0f4b7c26f98d17db0a493c815082575d8.png,[],,,,,,,,,,,,,,,,,,,,,,,,,,,,,,,,,,,,,,,,,,,,,,,,,,,,,,,,,,,,,,,,,,,,,,,,,,,,,,,,,,,,,,,,,,,,,,,,,,,,,,,,,,,,,,,,,,,,,,,,,,,,,,,,,,,,,,,,,,,,,,,,,,,,,,,,
153844,349553,Mixed Salad,,,,,1.0,215.0,3,https://app.nutrium.com/rails/active_storage/representations/redirect/eyJfcmFpbHMiOnsibWVzc2FnZSI6IkJBaHBBeW9FQ0E9PSIsImV4cCI6bnVsbCwicHVyIjoiYmxvYl9pZCJ9fQ==--77407fd29fb47ee743fb9d15e957af7a85dccf11/eyJfcmFpbHMiOnsibWVzc2FnZSI6IkJBaDdCem9MWm05eWJXRjBTU0lJYW5CbkJqb0dSVlE2RTNKbGMybDZaVjkwYjE5bWFXeHNXd2RwQWl3QmFRSXNBUT09IiwiZXhwIjpudWxsLCJwdXIiOiJ2YXJpYXRpb24ifX0=--b44c98460dfda55293bc1375ff5638f722bd6d84/20220106_143642.jpg,"[{'created_at': '2021-07-22T12:40:39Z', 'description': 'No cooked.', 'id': 292164, 'recipe_id': 153844}]",37.76744186046512,0.0005581395348837209,0.05804651162790697,0.0,0.00013953488372093022,0.0,0.00027906976744186045,0.0005581395348837209,0.0,1689.7209302325582,0.1687906976744186,0.0,0.0,0.0,0.7920930232558139,1.3032558139534884,19.232558139534884,,0.0892093023255814,0.0,0.0,181.02325581395348,31.069767441860463,8.30232558139535,30.395348837209305,253.62790697674416,0.0,0.09018604651162791,0.043813953488372095,0.701953488372093,0.01986046511627907,0.6467441860465116,0.0726046511627907,0.008372093023255813,0.0,9.395348837209301,0.1568372093023256,0.03865116279069768,0.005490697674418604,0.24372093023255814,14.116279069767442,0.45944186046511626,0.037906976744186055,9.395348837209301,4.846511627906977,0.0018604651162790699,0.7674418604651162,90.14697674418605,20.930232558139533,0.30627906976744185,,,0.08446511627906976,0.0,0.0,0.031395348837209305,0.0507906976744186,0.02646511627906977,0.03227906976744186,0.019069767441860466,29.497674418604653,0.0,0.00041860465116279067,,0.0,649.1162790697675,0.0,0.26697674418604656,0.41209302325581393,1.4479069767441861,5.986976744186046,0.0,,0.0,0.18604651162790697,0.0,0.0,0.0,0.0744186046511628,0.0,0.1581395348837209,0.5953488372093024,2.0348837209302326,3.3506976744186048,0.0,0.0,0.06753488372093024,0.03232558139534884,0.05353488372093024,0.0009767441860465116,0.025162790697674416,0.00013953488372093022,0.0,0.0,0.0,0.0,0.0008372093023255813,0.0009302325581395349,0.0,0.0,0.0,0.0019534883720930232,42.837209302325576,0.6488372093023256,1.0613953488372092,0.0005581395348837209,0.00041860465116279067,0.0,127.17413953488371,0.0,0.6209302325581395,0.0,,0.03520930232558139,0.0621860465116279,0.0693953488372093,0.00013953488372093022,0.0,0.0,0.0,0.0,0.00013953488372093022,0.002325581395348837,0.0009767441860465116,0.00041860465116279067,170.13953488372093,24.976744186046513,3134.1860465116283,0.013069767441860464,,,1.2534883720930232,0.06530232558139534,0.09041860465116279,0.0,0.00041860465116279067,0.00013953488372093022,0.04213953488372093,0.006651162790697674,0.06051162790697673,0.0,0.1270232558139535,0.0,0.062186046511627915,0.0074418604651162795,,,,,,,
153888,349613,1/2 FRIED CUTTLEFISH AND ZUCCHINI CARTOCCIO IN CARPIONE SAUCE,,,,,1.0,300.0,3,https://app.nutrium.com/rails/active_storage/representations/redirect/eyJfcmFpbHMiOnsibWVzc2FnZSI6IkJBaHBBMmNKQmc9PSIsImV4cCI6bnVsbCwicHVyIjoiYmxvYl9pZCJ9fQ==--c3bfaa22f9a7bc2e41844848e59fdad639c66d7e/eyJfcmFpbHMiOnsibWVzc2FnZSI6IkJBaDdCem9MWm05eWJXRjBTU0lJYW5CbkJqb0dSVlE2RTNKbGMybDZaVjkwYjE5bWFXeHNXd2RwQWl3QmFRSXNBUT09IiwiZXhwIjpudWxsLCJwdXIiOiJ2YXJpYXRpb24ifX0=--b44c98460dfda55293bc1375ff5638f722bd6d84/IMG_7012.jpg,"[{'created_at': '2021-07-22T14:17:58Z', 'description': 'Fried.', 'id': 292249, 'recipe_id': 153888}]",64.40261865793778,,0.00343698854337152,,0.0,0.00016366612111292996,,,,9.42716857610475,0.14823240589198,,0.0,0.0016366612111293,15.4746317512275,0.0687397708674304,674.026186579378,0.5204582651391159,0.141587561374795,0.0,7.36497545008183,8.93617021276596,18.0687397708674,2.8805237315875596,112.334697217676,153.911620294599,,0.05957446808510639,0.0458265139116203,0.505728314238953,0.000130932896890344,0.0245499181669394,0.16219312602291297,0.0,0.0,0.0,0.0008674304418985269,0.00022913256955810196,4.90998363338789e-05,1.3381342062193098,12.8314238952537,0.21145662847790497,9.81996726677578e-05,0.0,0.00654664484451719,0.0,0.7201309328968899,60.7450081833061,18.4451718494272,0.527168576104746,,0.343698854337152,0.00417348608837971,0.0,0.0,0.00019639934533551598,0.000392798690671031,0.000147299509001637,0.000212765957446809,9.81996726677578e-05,0.0124386252045827,1.34860883797054,0.00016366612111292996,,0.0,0.0,0.0,0.00147299509001637,0.5196399345335518,4.86677577741408,20.3857610474632,0.0,,0.0,0.0,0.0,0.0,0.0,,,19.342062193126,,0.46153846153846195,16.1882160392799,0.0,0.0,0.0005891980360065469,0.00016366612111292996,0.000147299509001637,0.0,0.00016366612111292996,0.0,0.0,0.0,,,0.000327332242225859,0.0,0.0,0.0,,0.0,988.625204582651,0.0294599018003273,2.5891980360065494,,,,470.00837315875634,,0.6433715220949259,0.0,,0.00019639934533551598,0.00031096563011456595,0.000327332242225859,0.0,18.8543371522095,,,0.0,0.0,0.0,0.0,,0.0,0.0,0.0,9.81996726677578e-05,0.00654664484451719,0.10638297872340399,0.274959083469722,0.0037643207855973795,0.0709983633387889,0.0,0.0,0.0,0.00669394435351882,0.000343698854337152,0.0036988543371522095,,0.0293453355155483,0.589198036006547,0.34860883797053993,0.00310965630114566,,,,,,,
153858,349577,Chicken Strips and French Fries,,,,,1.0,222.0,3,https://app.nutrium.com/rails/active_storage/representations/redirect/eyJfcmFpbHMiOnsibWVzc2FnZSI6IkJBaHBBNmZsQnc9PSIsImV4cCI6bnVsbCwicHVyIjoiYmxvYl9pZCJ9fQ==--5efb031b025501f8ea50cfb5abe6451eb522e0ec/eyJfcmFpbHMiOnsibWVzc2FnZSI6IkJBaDdCem9MWm05eWJXRjBTU0lJYW5CbkJqb0dSVlE2RTNKbGMybDZaVjkwYjE5bWFXeHNXd2RwQWl3QmFRSXNBUT09IiwiZXhwIjpudWxsLCJwdXIiOiJ2YXJpYXRpb24ifX0=--b44c98460dfda55293bc1375ff5638f722bd6d84/IMG_9842.jpg,"[{'created_at': '2021-07-22T13:53:57Z', 'description': 'fried', 'id': 292227, 'recipe_id': 153858}]",167.37387387387386,,,,0.0,0.0,0.0,,,0.0,0.7990090090090091,,0.0,0.1989189189189189,0.0,0.25486486486486487,461.95045045045043,0.8288288288288289,0.7552657657657658,0.0,0.0,0.0,13.27027027027027,8.108108108108109,208.11711711711712,474.8918918918919,,0.3059054054054054,0.1251756756756757,6.979198198198198,0.03066666666666667,0.07873873873873874,0.5336171171171171,0.01864864864864865,0.10774774774774776,2.59009009009009,0.4271576576576577,0.062162162162162166,0.019318018018018017,0.7259009009009009,32.62162162162162,0.7388108108108109,0.04454954954954955,16.99099099099099,1.5126126126126127,0.001036036036036036,3.454954954954955,54.24337837837838,25.725225225225227,1.036891891891892,,,0.19415315315315318,0.0,0.0,0.06858558558558558,0.14152252252252254,0.050558558558558564,0.06786036036036036,0.028801801801801807,0.6837837837837838,0.0,0.0,,0.0,0.0,0.0,0.29734234234234236,7.198648648648649,15.936711711711713,20.385315315315317,0.0873873873873874,,0.0,0.0,0.0,0.0,8.495495495495495,,0.113963963963964,9.164864864864866,,1.6824324324324327,1.092792792792793,0.0,0.0,0.09977027027027027,0.056360360360360365,0.04423873873873874,0.0,0.04123423423423424,0.0,0.0,0.0,,,0.0,0.0,0.0,,,,567.1666666666666,0.8738738738738738,18.658468468468467,,,,870.7620180180176,,0.28306306306306306,0.0,,0.0571891891891892,0.050040540540540544,0.07936036036036036,0.0,38.013513513513516,,,0.0,0.0,0.01927027027027027,0.0,,0.0,0.0,0.0,0.02403603603603604,,,0.18855855855855858,,3.2591396396396397,0.0,0.0,0.0,0.06982882882882883,0.05480630630630631,0.10598648648648648,,0.0995810810810811,0.036261261261261266,0.0620945945945946,0.004144144144144144,,,,,,,
153879,349603,"PORK FILLET WITH CITRUS FRUIT, MUSHED POTATOES AND THYME CRUMBLE",,,,,1.0,421.0,3,https://app.nutrium.com/rails/active_storage/representations/redirect/eyJfcmFpbHMiOnsibWVzc2FnZSI6IkJBaHBBMTBKQmc9PSIsImV4cCI6bnVsbCwicHVyIjoiYmxvYl9pZCJ9fQ==--3670baace8000f33d7acd9f3384ff707cc1399f7/eyJfcmFpbHMiOnsibWVzc2FnZSI6IkJBaDdCem9MWm05eWJXRjBTU0lJYW5CbkJqb0dSVlE2RTNKbGMybDZaVjkwYjE5bWFXeHNXd2RwQWl3QmFRSXNBUT09IiwiZXhwIjpudWxsLCJwdXIiOiJ2YXJpYXRpb24ifX0=--b44c98460dfda55293bc1375ff5638f722bd6d84/IMG_6978.jpg,"[{'created_at': '2021-07-22T14:08:58Z', 'description': 'Pan cooked.', 'id': 292241, 'recipe_id': 153879}]",158.09026128266032,0.034239904988123515,0.6049168646080759,,0.0,0.0,0.0,,,18.69596199524941,0.5143159144893111,,0.0,0.002375296912114015,0.09501187648456055,0.1828978622327791,70.68646080760095,1.187648456057007,2.9527007125890736,0.002375296912114015,23.90736342042755,26.361045130641326,12.09026128266033,12.636817102137767,142.89311163895488,376.38717339667454,,0.7128812351543944,0.13522802850356297,4.863073634204276,0.008776722090261284,0.0,0.3395320665083136,0.0,0.0,8.052256532066508,0.0869833729216152,0.026631828978622325,0.008441805225653206,1.2676009501187648,22.779097387173397,1.033394299287411,0.027033254156769597,8.052256532066508,5.30166270783848,0.0,2.137767220902613,68.23197149643705,38.57482185273159,0.8319477434679335,0.010546318289786222,0.14251781472684083,0.36782660332541567,0.042496437054631825,0.11494061757719715,0.019572446555819478,0.021923990498812353,0.014061757719714962,0.020344418052256532,0.0061045130641330155,0.9501187648456056,0.0,0.0,,0.0,0.7125890736342042,0.0,0.5013064133016627,5.379643705463183,16.16225653206651,8.041211401425176,0.3420427553444181,0.0,0.0,0.0,0.0,0.0,0.0,0.05819477434679334,0.0,9.263657957244657,0.09976247030878858,0.5498812351543942,1.56270783847981,0.0,0.0,0.026501187648456055,0.017933491686460808,0.01739667458432304,0.11679334916864606,0.012387173396674582,0.09321615201900237,0.0,0.0,,,0.003562945368171021,0.07782660332541567,0.0,0.0,0.0,0.011223277909738717,29.002375296912113,2.173396674584323,5.889548693586698,0.010546318289786222,0.10624703087885985,0.0,597.8647790973877,,0.1168646080760095,0.0,0.0,0.02877672209026128,0.016591448931116387,0.11617577197149642,0.019952494061757718,45.712589073634206,0.0,,0.0,0.0,0.01691686460807601,0.004916864608076009,0.10624703087885985,18.64608076009501,20.07125890736342,125.73871733966746,0.007992874109263658,0.0,0.0,0.15676959619952494,0.07717339667458431,1.5474964370546318,0.07150831353919239,0.11058432304038003,0.2653586698337292,1.1662660332541568,0.5714536817102138,1.2284940617577198,0.009513064133016627,0.047788598574821844,0.4336104513064133,0.10179334916864609,0.0,,,,,,,0.0
153878,349602,1/2 Beef Tartare with asparagus salad and bio egg cream,,,,,1.0,140.0,3,https://app.nutrium.com/rails/active_storage/representations/redirect/eyJfcmFpbHMiOnsibWVzc2FnZSI6IkJBaHBBMXNKQmc9PSIsImV4cCI6bnVsbCwicHVyIjoiYmxvYl9pZCJ9fQ==--df57ae9112a22f0469f4355a58f0fdf12f4e0534/eyJfcmFpbHMiOnsibWVzc2FnZSI6IkJBaDdCem9MWm05eWJXRjBTU0lJYW5CbkJqb0dSVlE2RTNKbGMybDZaVjkwYjE5bWFXeHNXd2RwQWl3QmFRSXNBUT09IiwiZXhwIjpudWxsLCJwdXIiOiJ2YXJpYXRpb24ifX0=--b44c98460dfda55293bc1375ff5638f722bd6d84/IMG_6995.jpg,"[{'created_at': '2021-07-22T14:05:19Z', 'description': 'No cooked.', 'id': 292238, 'recipe_id': 153878}]",168.40714285714296,0.0353571428571429,1.4739999999999998,0.00957142857142857,0.012714285714285699,0.000714285714285714,0.0012499999999999998,0.00214285714285714,0.00214285714285714,49.5714285714286,0.617285714285714,0.0,0.00142857142857143,0.0,0.024642857142857095,0.10857142857142899,1242.82857142857,2.57142857142857,1.7364285714285699,0.0,30.642857142857096,35.1071428571429,26.449999999999996,1.20714285714286,114.936607142857,286.9,0.00321428571428571,0.0828928571428572,0.22364285714285698,3.19389285714286,0.060428571428571394,0.09892857142857138,0.35017857142857095,0.0107142857142857,0.0017857142857142898,13.9642857142857,0.323714285714286,0.165535714285714,0.0353664285714286,2.72192857142857,28.2142857142857,0.768821428571429,0.17399999999999996,13.9642857142857,54.178571428571395,0.0107142857142857,5.64285714285714,73.1778571428572,23.299999999999997,2.22121428571429,,,0.281964285714286,0.000714285714285714,0.000714285714285714,0.18475,0.09903571428571428,0.0871071428571429,0.129464285714286,0.0518928571428572,5.68,0.0,0.0,0.0112857142857143,0.00564285714285714,0.9642857142857139,0.0,3.09428571428571,5.28178571428571,16.2671428571429,0.626428571428571,0.8178571428571428,,0.0,0.0,0.0,0.0,0.0,0.11785714285714298,0.0178571428571429,12.1428571428571,0.196428571428571,0.45928571428571396,0.353928571428571,0.0,0.0,0.207642857142857,0.127857142857143,0.108285714285714,0.0857857142857143,0.09467857142857139,0.0,0.0,0.0,0.0,0.0,0.00482142857142857,0.0358928571428571,0.010357142857142898,0.00214285714285714,0.0,0.023357142857142896,28.9928571428571,0.564285714285714,0.0,0.00214285714285714,0.00464285714285714,0.00232142857142857,480.8947642857137,0.000178571428571429,0.565,14.6428571428571,0.35714285714285693,0.156178571428571,0.143571428571429,0.29175,0.026499999999999996,103.23007142857098,0.00410714285714286,0.000535714285714286,0.012535714285714298,0.0335714285714286,0.00964285714285714,0.000535714285714286,0.00410714285714286,165.892857142857,1.60714285714286,177.428571428571,0.0711785714285714,,,0.144285714285714,0.335464285714286,2.45925,0.0,0.00107142857142857,0.0623214285714286,0.950035714285714,0.47774999999999995,0.609107142857143,0.00214285714285714,0.126214285714286,1.31892857142857,0.0776071428571429,0.0017857142857142898,,,,,,,
153890,349615,"Roasted octopus, potatoes and currants",,,,,1.0,391.0,3,https://app.nutrium.com/rails/active_storage/representations/redirect/eyJfcmFpbHMiOnsibWVzc2FnZSI6IkJBaHBBMjBKQmc9PSIsImV4cCI6bnVsbCwicHVyIjoiYmxvYl9pZCJ9fQ==--7cf38080b055b654423ae45f66fe01284eb9f5ee/eyJfcmFpbHMiOnsibWVzc2FnZSI6IkJBaDdCem9MWm05eWJXRjBTU0lJYW5CbkJqb0dSVlE2RTNKbGMybDZaVjkwYjE5bWFXeHNXd2RwQWl3QmFRSXNBUT09IiwiZXhwIjpudWxsLCJwdXIiOiJ2YXJpYXRpb24ifX0=--b44c98460dfda55293bc1375ff5638f722bd6d84/IMG_6980.jpg,"[{'created_at': '2021-07-22T14:22:04Z', 'description': 'Grilled.', 'id': 292251, 'recipe_id': 153890}, {'created_at': '2021-07-22T14:22:04Z', 'description': 'Grilled.', 'id': 292252, 'recipe_id': 153890}]",238.5140664961637,,1.1033248081841434,0.0,0.0,0.001534526854219949,0.0,,0.0,0.6138107416879796,0.532838874680307,0.0,0.0010230179028132994,0.0,0.044501278772378514,0.04859335038363172,680.8695652173913,0.7672634271099745,0.6002046035805627,0.0,73.65728900255755,0.28132992327365736,22.49104859335039,7.867007672634272,152.20971867007677,592.9028132992328,,0.059641943734015344,0.06787723785166241,3.2755498721227623,0.004910485933503836,0.0,0.5595396419437341,0.0,,2.762148337595908,0.04956521739130435,0.014578005115089514,0.0029156010230179026,2.807416879795397,53.93861892583121,0.7865473145780052,0.0150383631713555,2.762148337595908,2.516624040920716,,0.3375959079283887,62.00153452685423,90.6291560102302,7.977800511508951,,1.565217391304348,0.12184143222506393,0.0,0.0,0.010588235294117648,0.008900255754475703,0.007979539641943733,0.011508951406649617,0.003375959079283887,2.1647058823529415,0.0,0.006138107416879796,0.0,0.12276214833759591,0.0,0.0,2.787723785166241,3.273657289002558,24.73196930946292,6.040920716112533,0.0,,0.0,0.0,,,0.0,0.030690537084398978,0.0,0.10230179028132994,,0.3902813299232737,0.20102301790281332,,,0.013810741687979541,0.00936061381074169,0.009514066496163683,0.0,0.006751918158567774,0.002148337595907928,0.0,0.0,,0.0,0.004603580562659846,0.010895140664961637,0.13094629156010232,0.001534526854219949,0.0,0.010741687979539642,459.7442455242967,0.0,2.0485933503836318,,,,636.8454629156022,,1.0618925831202046,0.0,,0.014271099744245523,0.008900255754475703,0.06782608695652174,0.001534526854219949,78.5677749360614,,,0.0,0.0,0.01289002557544757,0.006138107416879796,,3.2225063938618925,0.0,1.0741687979539642,0.004450127877237852,0.009207161125319692,0.03375959079283888,0.06240409207161125,0.11508951406649616,1.3863427109974427,0.0,0.00015345268542199487,0.04260869565217392,0.40388746803069053,0.1286445012787724,1.1034782608695655,,0.12531969309462915,29.46291560102302,0.6337595907928388,0.0,,,,,,,
154133,350068,Recipe,,,,,,0.0,3,https://app.nutrium.com/assets/fallback/recipe/thumb_300-c0992789d8ed6768187bb33ee08735b0f4b7c26f98d17db0a493c815082575d8.png,[],,,,,,,,,,,,,,,,,,,,,,,,,,,,,,,,,,,,,,,,,,,,,,,,,,,,,,,,,,,,,,,,,,,,,,,,,,,,,,,,,,,,,,,,,,,,,,,,,,,,,,,,,,,,,,,,,,,,,,,,,,,,,,,,,,,,,,,,,,,,,,,,,,,,,,,,
154497,351929,Crunchy Scarola Neapolitan Style Pizza,,,,,,619.76,3,https://app.nutrium.com/rails/active_storage/representations/redirect/eyJfcmFpbHMiOnsibWVzc2FnZSI6IkJBaHBBeE1TQmc9PSIsImV4cCI6bnVsbCwicHVyIjoiYmxvYl9pZCJ9fQ==--ca51b7353abcb9acfcb6eb6c6c0eecf9226b37c4/eyJfcmFpbHMiOnsibWVzc2FnZSI6IkJBaDdCem9MWm05eWJXRjBTU0lJYW5CbkJqb0dSVlE2RTNKbGMybDZaVjkwYjE5bWFXeHNXd2RwQWl3QmFRSXNBUT09IiwiZXhwIjpudWxsLCJwdXIiOiJ2YXJpYXRpb24ifX0=--b44c98460dfda55293bc1375ff5638f722bd6d84/IMG_7025.jpg,"[{'created_at': '2021-07-26T12:08:51Z', 'description': 'cooked in a wood oven 400 ° 1 minute and 30 seconds', 'id': 293470, 'recipe_id': 154497}]",129.3489092551956,,0.0,,0.0,0.0,,,,446.8188492319607,0.747200529237124,,0.0,0.0,0.0,0.0,941.8241900090347,0.0,2.642597134374596,0.0,33.88408416161094,47.59907060797728,43.781463792435765,4.800245256228218,175.37811410868707,203.16788756938172,,0.06612172453853106,0.08622692655221377,0.5615399509487543,,0.0,0.060975216212727494,0.0,,0.0,,,6.4379759907060735e-06,0.950895507938557,7.7617787530657045,0.2602943074738609,,0.0,0.0,,0.09681166903317415,60.85475829353297,67.72197302181489,0.7608903446495419,,0.0,0.018152187943720147,0.0,0.0,,,,,,0.0,0.0,0.0,,0.0,0.0,0.0,0.3388408416161094,8.275188782754617,6.704453336775524,20.266700012908206,0.025816445075513103,,0.0,0.0,,,0.0,,,0.6292758487156318,,1.7708467793984772,0.7283464566929133,0.0,0.0,,,,0.0,,0.0,0.0,0.0,,,0.0,0.0,0.0,0.0,,,0.14739576610300775,0.03872466761326965,19.537627468697565,,,,733.7820294307463,,0.5893236091390215,0.0,,,,,0.0,7.746454918032787,,,0.0,0.0,0.0031463792435781593,0.0,,0.0,0.0,0.0,,0.0,0.0,0.0,,4.3814944494643076,0.0,0.0,0.0007260875177488061,0.009923196075900349,0.00048405834516587065,0.0009681166903317413,,0.10165225248483284,0.33884084161610944,0.029575319478507802,0.0,,,0.0,,,,
154515,351951,"Focaccia with Mortadella, pistacchi and stracciatella",,,,,1.0,544.76,3,https://app.nutrium.com/rails/active_storage/representations/redirect/eyJfcmFpbHMiOnsibWVzc2FnZSI6IkJBaHBBeDdsQnc9PSIsImV4cCI6bnVsbCwicHVyIjoiYmxvYl9pZCJ9fQ==--970dbad6a23175c6ed5b7aa589f2a266684e7abc/eyJfcmFpbHMiOnsibWVzc2FnZSI6IkJBaDdCem9MWm05eWJXRjBTU0lJYW5CbkJqb0dSVlE2RTNKbGMybDZaVjkwYjE5bWFXeHNXd2RwQWl3QmFRSXNBUT09IiwiZXhwIjpudWxsLCJwdXIiOiJ2YXJpYXRpb24ifX0=--b44c98460dfda55293bc1375ff5638f722bd6d84/IMG_9824%20-%20Copia.jpg,"[{'created_at': '2021-07-26T13:11:56Z', 'description': 'cooked in a wood oven 400 ° 1 minute and 30 seconds', 'id': 293490, 'recipe_id': 154515}, {'created_at': '2021-07-26T13:11:56Z', 'description': 'cooked in a wood oven 400 ° 1 minute and 30 seconds', 'id': 293491, 'recipe_id': 154515}]",171.11990601365744,,,,,,,,,48.330365665614224,1.3537209046185477,,0.0,0.0,0.0,0.0,1301.850282693295,0.0,6.467508627652544,0.5227990307658419,59.740069021220364,68.37332036126,12.818488875835214,0.2551582348190029,263.7683383508332,134.206494603128,,0.08276966003377635,0.10252221161612456,0.8917321389235625,0.09545487921286439,,0.13137895587047504,,,0.5507012262280637,0.4807621704970997,0.13492180042587562,0.02790951978853073,1.2347217123136796,10.800058741464133,0.14604596519568253,0.23166164916660548,0.5507012262280637,13.253542844555401,,0.0,47.5881948013804,65.2183897496145,0.7117251633746973,,,0.8976429987517438,0.0,0.0,0.12188853807181145,0.20174021587488067,0.24194140538952935,0.10977311109479403,0.03744768338350833,0.29370732065496735,0.0,,,0.0,0.0,0.0,0.5305088479330348,14.458166899184965,10.346211175563548,24.5518026286805,0.23056024671414935,,0.0,0.0,,,0.0,0.5690579337689992,,4.870034510610177,,1.00411190248917,1.2231074234525294,0.0,0.0,0.2226668624715471,0.12996548938982302,0.11619795873412145,0.0,0.09729054996695793,0.012849695278654821,0.0,0.0,,,0.0,0.2092664659666642,0.0,,,,0.16768852338644558,0.044056098098245094,22.209027828768637,,,,1103.6067276598853,,0.5180615316836772,7.526250091783537,,0.18815625229458843,0.2109185696453484,0.29003597914678025,,30.723516594463614,,,0.0,0.0,0.047268521917908805,,,0.0,0.0,0.0,0.07232542771128571,,,0.0,,5.68471804097217,0.0,0.022028049049122547,0.09361920845877084,0.9967692194727953,0.5929216535722153,1.879726852191791,,0.03854908583596446,0.5947573243263089,0.05319700418532931,,,,,,,,
154527,351977,Fried Mix,,,,,1.0,368.747,3,https://app.nutrium.com/rails/active_storage/representations/redirect/eyJfcmFpbHMiOnsibWVzc2FnZSI6IkJBaHBBMWpsQnc9PSIsImV4cCI6bnVsbCwicHVyIjoiYmxvYl9pZCJ9fQ==--6d0f7fc24c8c4f9eb87bedf2d5319bbed7a50489/eyJfcmFpbHMiOnsibWVzc2FnZSI6IkJBaDdCem9MWm05eWJXRjBTU0lJYW5CbkJqb0dSVlE2RTNKbGMybDZaVjkwYjE5bWFXeHNXd2RwQWl3QmFRSXNBUT09IiwiZXhwIjpudWxsLCJwdXIiOiJ2YXJpYXRpb24ifX0=--b44c98460dfda55293bc1375ff5638f722bd6d84/IMG_9887.jpg,"[{'created_at': '2021-07-26T13:46:05Z', 'description': 'Fried', 'id': 293502, 'recipe_id': 154527}]",225.23292995528706,0.0036513924181078086,0.18397546285122313,0.0005432450975872347,1.9525582581010757e-06,1.898320528709383e-05,0.0,4.555969268902522e-06,0.0,154.1682237414813,0.6138934358185361,1.9525582581010757e-06,0.002516630643774729,0.20469319072426362,0.5027337322217017,0.047254621732515885,369.2783519444075,0.09996013526889702,5.784034872750759,0.05655910420966137,91.204177028333,108.25886945068915,17.33689132838144,1.523471377394257,199.63014472735432,196.9404587246359,1.8440827993176899e-06,0.22526529632030154,0.16906907415894637,1.5371456325219064,0.09669860364965684,0.0001128144771347293,0.16481380488820546,1.410180964184115e-05,0.0,1.318058180812318,0.37953350128950125,0.13148115103309305,0.0311948436190667,1.7264015104604982,21.53952408803026,0.33297994439427436,0.21775775802921837,1.318058180812318,0.2296384784147396,3.0373128459350086e-05,0.8283186032699927,59.18261261937195,88.68173842770246,0.9350652344290243,0.0011238057529959565,1.9708906106354769,0.08378336637315022,0.006364906019574397,0.01704257932945895,0.10010625171187834,0.0975187865935181,0.11492812144912365,0.09678614334489502,0.030907695520234663,5.5764901138178695,0.0,5.3261450262646216e-05,0.0021695091756678696,0.00018527608360203608,0.4178474672336318,0.0,0.5514385804419356,10.93229379191938,13.776965703374465,12.824613382918676,0.07626788978772849,0.0,0.0,0.356775783938581,0.0,0.0,0.0,0.0013667907806707588,0.0,6.281934949075299,0.011465855993404694,1.541867308600327,1.6687005061886748,0.0,0.0,0.19446178545181378,0.11344612973122484,0.11066199860609027,0.016161107751385094,0.08447233469018055,0.015022413741671119,0.0,1.9525582581010757e-06,0.0,0.0,0.004983199863320929,0.02532408399254765,0.0007267855738487364,0.0,0.0,0.012106945954814546,240.443664626424,0.7459260685510658,10.450300913935875,0.001128578673182426,0.011344363479567294,6.291576609436827e-06,835.2525255392492,0.0,0.43634013745648514,0.0,0.0,0.15057836402736827,0.14105085600696418,0.2246447564319166,0.0026732692062579493,31.475474150750173,8.678036702671483e-07,0.0,0.0005623367783331118,0.008168635948224659,0.004751658996547774,0.0014669136291278302,0.011344363479567294,11.444269377106803,2.587302405172109,88.67882314974773,0.06410129438341189,0.20078807420806138,0.7555315704263357,0.028377722395029656,0.09842705160991146,3.621524074169491,0.01057136736027683,0.01407498908465696,0.05205278958201694,0.3408083455594216,0.14939641542846455,0.38307389619441,0.001019994738940249,0.3446678059603048,0.9875623846883289,0.0686512806281212,7.050904820920583e-05,0.0,,0.024949355520180443,0.0,0.0,0.0,0.0
154483,351907,"Provola cheese, zucchini and Speck Roman Style Pizza",,,,,1.0,342.0,3,https://app.nutrium.com/rails/active_storage/representations/redirect/eyJfcmFpbHMiOnsibWVzc2FnZSI6IkJBaHBBKzhSQmc9PSIsImV4cCI6bnVsbCwicHVyIjoiYmxvYl9pZCJ9fQ==--b8856b2ac80df36dcfee7b42aa42899d9aca8fa0/eyJfcmFpbHMiOnsibWVzc2FnZSI6IkJBaDdCem9MWm05eWJXRjBTU0lJYW5CbkJqb0dSVlE2RTNKbGMybDZaVjkwYjE5bWFXeHNXd2RwQWl3QmFRSXNBUT09IiwiZXhwIjpudWxsLCJwdXIiOiJ2YXJpYXRpb24ifX0=--b44c98460dfda55293bc1375ff5638f722bd6d84/IMG_7041.jpg,"[{'created_at': '2021-07-26T11:15:13Z', 'description': 'cooked in a wood oven 400 ° 1 minute and 30 seconds', 'id': 293460, 'recipe_id': 154483}]",186.67836257309924,,0.17450292397660805,,0.0,0.00280701754385965,,,,44.57309941520467,1.3275964912280716,,0.0015789473684210526,0.0,0.29941520467836236,0.00011695906432748539,484.6637426900584,3.9532163742690067,4.327023391812864,0.14327485380116955,46.87134502923977,52.71345029239766,54.064327485380105,2.0350877192982453,214.9564327485382,235.9590643274853,,0.08745029239766064,0.15737426900584794,0.6748654970760234,0.0002982456140350877,0.7602339181286538,0.1592397660818714,0.4042105263157897,0.0,0.3976608187134503,0.0016198830409356725,0.0007426900584795321,0.0006994152046783619,1.5124970760233918,20.614035087719287,0.34753801169590653,0.0006432748538011696,0.3976608187134503,0.06666666666666667,0.0,0.257309941520468,54.367309941520446,97.77192982456141,1.3128421052631565,,2.081871345029241,0.5218596491228052,0.0,0.0,0.0005789473684210526,0.0006081871345029239,0.0007134502923976608,0.000760233918128655,0.00016374269005847955,4.137426900584795,0.0,0.0009356725146198846,,0.0,0.0,0.0,0.008787134502923975,10.349649122807016,13.860526315789489,17.407894736842096,0.11695906432748536,,0.0,0.0,0.0,0.0,2.9269005847953213,0.0023391812865497076,0.0,1.9081871345029238,,1.6599415204678363,1.0757309941520474,0.0,0.0,0.0011169590643274852,0.0006081871345029239,0.0006081871345029239,0.0009356725146198846,0.00045029239766081864,0.0,0.0,0.0,,,0.001403508771929825,0.0018713450292397653,0.0,0.00046783625730994024,,,354.08187134502936,1.824561403508773,13.330116959064332,,,,899.377714619883,,0.7260233918128653,0.0,,0.0006842105263157894,0.0007719298245614035,0.0017602339181286549,0.0009356725146198846,33.1719298245614,,,0.0,0.0,0.07436257309941513,0.0023391812865497055,,33.04093567251462,0.26900584795321636,30.84795321637427,0.00021052631578947364,0.6736842105263174,0.9730994152046795,0.05859649122807018,,3.727532163742689,0.0,0.0,0.00046783625730994024,0.16015204678362585,0.059005847953216534,0.7978245614035103,,0.12159619883040934,0.6140350877192983,0.17188508771929817,0.026198830409356725,,,0.0,,,,
154494,351924,Gricia Estiva Roman Style Pizza,,,,,1.0,432.0,3,https://app.nutrium.com/rails/active_storage/representations/redirect/eyJfcmFpbHMiOnsibWVzc2FnZSI6IkJBaHBBd1VTQmc9PSIsImV4cCI6bnVsbCwicHVyIjoiYmxvYl9pZCJ9fQ==--0ae4d9d26dabf1cddfcfec5692538e90399351dc/eyJfcmFpbHMiOnsibWVzc2FnZSI6IkJBaDdCem9MWm05eWJXRjBTU0lJYW5CbkJqb0dSVlE2RTNKbGMybDZaVjkwYjE5bWFXeHNXd2RwQWl3QmFRSXNBUT09IiwiZXhwIjpudWxsLCJwdXIiOiJ2YXJpYXRpb24ifX0=--b44c98460dfda55293bc1375ff5638f722bd6d84/IMG_7045.jpg,"[{'created_at': '2021-07-26T12:01:21Z', 'description': 'cooked in a wood oven 400 ° 1 minute and 30 seconds', 'id': 293467, 'recipe_id': 154494}]",213.52546296296285,,0.13814814814814805,,0.0,0.002222222222222223,,,,47.41898148148149,0.8286689814814828,,0.007870370370370371,0.0,0.23703703703703688,0.000925925925925926,394.2986111111111,3.685185185185186,4.5251273148148154,0.11805555555555555,88.81944444444446,115.12731481481481,36.67361111111111,1.994212962962963,333.68194444444464,204.1805555555555,,0.14618055555555542,0.2086226851851852,1.6200462962962965,,0.6011111111111102,0.10172453703703707,0.3200000000000002,,0.2662037037037037,,,0.0003731481481481476,1.5177175925925925,20.611111111111107,0.3063078703703705,,0.2662037037037037,0.07523148148148148,,0.20370370370370383,43.82349537037036,143.88888888888889,1.242874999999999,,1.6481481481481495,0.41408564814814675,0.0,0.0,,,,,,2.3976851851851846,0.0,0.000740740740740742,,0.0,0.0,0.0,0.09311388888888887,25.432175925925925,13.071990740740755,13.767708333333328,0.2490740740740741,,0.0,0.0,,,2.3171296296296298,,,4.206018518518518,,1.2803240740740742,0.8137731481481486,0.0,0.0,,,,0.23222222222222225,,0.0,0.0,0.0,,,0.0011226851851851855,0.0015277777777777772,0.0,0.0003703703703703694,,,280.4537037037038,1.4444444444444453,10.539120370370375,,,,1396.1252555555577,,0.5667824074074074,0.0,,,,,0.000740740740740742,43.275,,,1.1574074074074075e-05,2.314814814814815e-05,0.05952546296296291,0.0018518518518518502,,0.0,0.0,1.5972222222222223,,0.5333333333333347,0.7703703703703713,0.007870370370370371,,3.023171296296296,0.0,0.0,0.00038194444444444343,0.12858796296296304,0.04710648148148161,0.6318634259259273,,0.15597199074074075,0.8314814814814816,0.17695532407407402,0.02074074074074074,,,0.0,,,,
154496,351928,Crunchy Scarola Roman Style Pizza,,,,,,490.0,3,https://app.nutrium.com/rails/active_storage/representations/redirect/eyJfcmFpbHMiOnsibWVzc2FnZSI6IkJBaHBBdzRTQmc9PSIsImV4cCI6bnVsbCwicHVyIjoiYmxvYl9pZCJ9fQ==--8f23a2d42f66dff4cbd3691ffe38e487a07963e0/eyJfcmFpbHMiOnsibWVzc2FnZSI6IkJBaDdCem9MWm05eWJXRjBTU0lJYW5CbkJqb0dSVlE2RTNKbGMybDZaVjkwYjE5bWFXeHNXd2RwQWl3QmFRSXNBUT09IiwiZXhwIjpudWxsLCJwdXIiOiJ2YXJpYXRpb24ifX0=--b44c98460dfda55293bc1375ff5638f722bd6d84/IMG_7024.jpg,"[{'created_at': '2021-07-26T12:07:43Z', 'description': 'cooked in a wood oven 400 ° 1 minute and 30 seconds', 'id': 293469, 'recipe_id': 154496}]",120.61632653061213,,0.12179591836734685,,0.0,0.0019591836734693885,,,,563.265306122449,1.204775510204083,,0.0,0.0,0.20897959183673456,0.0,203.42244897959182,2.7591836734693884,3.3401224489795918,0.0,42.85714285714286,60.204081632653065,74.2326530612245,6.071428571428571,172.37571428571442,298.1183673469387,,0.08457142857142845,0.12677551020408165,0.6008163265306123,,0.5299591836734686,0.06724489795918372,0.282122448979592,,,,,0.00032897959183673427,1.167661224489796,16.35102040816326,0.4298775510204083,,,,,0.30204081632653074,65.14591836734692,74.33469387755103,1.2350040816326522,,1.4530612244897971,0.38689795918367226,0.0,0.0,,,,,,1.1946938775510199,0.0,0.000653061224489797,,0.0,0.0,,0.4286228571428571,10.786326530612245,7.815306122448992,12.182040816326527,0.0326530612244898,,,,,,2.0428571428571427,,,1.0244897959183672,,2.4316326530612247,0.7832653061224494,,,,,,0.000653061224489797,,0.0,,,,,0.0009795918367346943,0.0013061224489795914,0.0,0.0003265306122448971,,,247.13469387755111,1.2734693877551029,9.31214285714286,,,,721.2199885714274,,0.7663265306122449,,,,,,0.000653061224489797,9.805714285714286,,,,0.0,0.05459183673469384,0.0016326530612244886,,,0.0,,,0.4702040816326542,0.6791836734693886,0.0,,5.436775510204081,0.0,0.0,0.0012448979591836726,0.12418367346938783,0.04177551020408175,0.5577142857142868,,0.20793857142857144,0.4285714285714286,0.09666265306122446,0.018285714285714287,,,0.0,,,,
154500,351932,"Friggitelli, potatoes and sausages Neapolitan Style Pizza",,,,,1.0,674.76,3,https://app.nutrium.com/rails/active_storage/representations/redirect/eyJfcmFpbHMiOnsibWVzc2FnZSI6IkJBaHBBeGtTQmc9PSIsImV4cCI6bnVsbCwicHVyIjoiYmxvYl9pZCJ9fQ==--f03e5869a4053b4d72426bed188b0e2a31df77a6/eyJfcmFpbHMiOnsibWVzc2FnZSI6IkJBaDdCem9MWm05eWJXRjBTU0lJYW5CbkJqb0dSVlE2RTNKbGMybDZaVjkwYjE5bWFXeHNXd2RwQWl3QmFRSXNBUT09IiwiZXhwIjpudWxsLCJwdXIiOiJ2YXJpYXRpb24ifX0=--b44c98460dfda55293bc1375ff5638f722bd6d84/5434.jpg,"[{'created_at': '2021-07-26T12:19:44Z', 'description': 'cooked in a wood oven 400 ° 1 minute and 30 seconds', 'id': 293472, 'recipe_id': 154500}]",141.99905151461263,0.07913924951093723,1.4889738573715101,0.004594226095204221,0.001778410101369376,0.0016302092595885944,0.000889205050684688,0.0034086193609579704,0.0007410042089039066,56.79122947418342,0.9482112158397061,0.0014820084178078132,0.0,0.0,0.059280336712312524,0.21192720374651733,1067.4535538561852,2.0748117849309384,3.0461141739285083,0.0,29.277076293793353,35.946114173928514,14.099828087023523,13.189874918489538,182.80587171735124,180.3831436362559,0.028454561621910016,0.13231311873851445,0.08875748414250995,1.4596597308672714,0.06713498132669393,0.0,0.15011263263975338,0.0,0.0,5.335230304108128,0.3685754935088032,0.10418519177188927,0.021599516865255797,1.003063311399609,12.004920267947124,0.16690378801351594,0.1808050269725532,5.335230304108128,3.2455984349991107,0.0,0.0,59.37273252712074,50.46441697788843,0.7833443001956254,,0.1778410101369376,0.5806508980971012,0.00029640168356156267,0.000889205050684688,0.1000355682020274,0.11040962712668209,0.1403461971663999,0.09544134210682317,0.026379749836979074,1.5264686703420478,0.0,0.0005928033671231253,,0.00029640168356156267,3.112217677396408,0.0,0.5853933250340863,7.399121169008243,8.365421779595708,21.903328590906384,0.021340921216432513,,0.0,0.0,0.0,0.0,0.0,0.044460252534234405,0.0,2.1489122058213295,0.29640168356156266,1.0855711660442235,1.2121346849250103,0.0,0.0,0.16035331080680537,0.0896615092773727,0.09796075641709645,0.017043096804789853,0.06920979311162488,0.0029640168356156265,0.0,0.0014820084178078132,0.0,0.000444602525342344,0.04179263738218033,0.08032485624518348,0.000444602525342344,0.007558242930819847,0.0,0.022526527950678762,202.42953049973326,0.035568202027387516,19.908693461378867,0.003556820202738752,0.0134862766020511,0.005631631987669691,764.8597672653966,0.0040014227280810956,0.29779358586756777,0.0,,0.14256920979311163,0.13219515086845696,0.2720967455095145,0.010077657241093132,18.030029788369202,0.008447447981504536,0.0010374058924654693,0.003112217677396408,0.013782678285612663,0.026676151520540637,0.00904025134862766,0.012597071551366414,53.64870472464284,1.0374058924654692,55.87171735135456,0.05661272156025846,0.0,0.0,0.40755231489714866,0.5585689726717649,3.088275831406722,0.0,0.0022230126267117198,0.04609046179382299,0.8069535834963544,0.4077005157389294,1.5029047364989034,0.004149623569861877,0.04772067105341159,0.6728318216847472,0.04806094018614026,0.0,,,0.0,,0.0010374058924654693,0.00014820084178078133,
154501,351933,Principessa Roman Style Pizza,,,,,1.0,387.0,3,https://app.nutrium.com/rails/active_storage/representations/redirect/eyJfcmFpbHMiOnsibWVzc2FnZSI6IkJBaHBBeHdTQmc9PSIsImV4cCI6bnVsbCwicHVyIjoiYmxvYl9pZCJ9fQ==--3c94c06e627ab4c54d79858969e64be5349caa45/eyJfcmFpbHMiOnsibWVzc2FnZSI6IkJBaDdCem9MWm05eWJXRjBTU0lJYW5CbkJqb0dSVlE2RTNKbGMybDZaVjkwYjE5bWFXeHNXd2RwQWl3QmFRSXNBUT09IiwiZXhwIjpudWxsLCJwdXIiOiJ2YXJpYXRpb24ifX0=--b44c98460dfda55293bc1375ff5638f722bd6d84/5434.jpg,"[{'created_at': '2021-07-26T12:22:36Z', 'description': 'cooked in a wood oven 400 ° 1 minute and 30 seconds', 'id': 293473, 'recipe_id': 154501}]",200.6666666666665,,0.15421188630490942,,0.0,0.0024806201550387607,,,,88.18346253229974,0.9494883720930246,,0.0,0.0,0.2645994832041342,0.0,266.4366925064599,3.493540051679587,6.796268733850129,0.413953488372093,101.5658914728682,116.9612403100775,49.28940568475451,3.341085271317829,225.77713178294587,204.20671834625315,,0.0680103359173125,0.17175710594315247,0.5081136950904392,,0.6710077519379835,0.10728682170542639,0.35720930232558157,,,,,0.0004165374677002578,1.4628010335917312,17.12919896640826,0.24935400516795875,,,,,0.2273901808785531,55.64211886304907,93.05426356589147,1.0096950904392752,,1.8397932816537481,0.46166666666666506,0.0,0.0,,,,,,1.5126614987080096,0.0,0.0008268733850129212,,0.0,0.0,,0.00781705426356589,13.090956072351418,12.026098191214485,15.793281653746762,0.0785529715762274,,,,,,2.58656330749354,,,1.573643410852713,,1.5620155038759689,1.3316537467700262,,,,,,0.0008268733850129212,,0.0,,,,,0.0012403100775193803,0.001653746770025839,0.0,0.0004134366925064588,,,313.08527131782955,1.6124031007751947,11.777519379844964,,,,944.651519379846,,0.7565116279069766,,,,,,0.0008268733850129212,28.601550387596895,,,,0.0,0.06444444444444439,0.002067183462532298,,,0.0,,,0.5953488372093038,0.8599483204134376,0.0,,4.197281653746769,0.0,0.0,0.00042635658914728567,0.1418346253229975,0.052144702842377405,0.7047416020671848,,0.10772583979328165,0.7984496124031008,0.08520594315245472,0.023152454780361754,,,0.0,,,,
154506,351940,Recipe,,,,,,0.0,3,https://app.nutrium.com/assets/fallback/recipe/thumb_300-c0992789d8ed6768187bb33ee08735b0f4b7c26f98d17db0a493c815082575d8.png,[],,,,,,,,,,,,,,,,,,,,,,,,,,,,,,,,,,,,,,,,,,,,,,,,,,,,,,,,,,,,,,,,,,,,,,,,,,,,,,,,,,,,,,,,,,,,,,,,,,,,,,,,,,,,,,,,,,,,,,,,,,,,,,,,,,,,,,,,,,,,,,,,,,,,,,,,
154519,351957,Nero di Nebrodi Roll Sword,,,,,1.0,165.0,3,https://app.nutrium.com/rails/active_storage/representations/redirect/eyJfcmFpbHMiOnsibWVzc2FnZSI6IkJBaHBBMVFTQmc9PSIsImV4cCI6bnVsbCwicHVyIjoiYmxvYl9pZCJ9fQ==--50ca75b40921eb425e68e49f05ab6c635545b587/eyJfcmFpbHMiOnsibWVzc2FnZSI6IkJBaDdCem9MWm05eWJXRjBTU0lJYW5CbkJqb0dSVlE2RTNKbGMybDZaVjkwYjE5bWFXeHNXd2RwQWl3QmFRSXNBUT09IiwiZXhwIjpudWxsLCJwdXIiOiJ2YXJpYXRpb24ifX0=--b44c98460dfda55293bc1375ff5638f722bd6d84/IMG_7013.jpg,"[{'created_at': '2021-07-26T13:24:21Z', 'description': 'Grilled.', 'id': 293496, 'recipe_id': 154519}]",5.909090909090909,,,,,,,,,467.2727272727273,0.00909090909090909,,0.0,,,,6.827272727272728,,16.836363636363636,0.0,0.0,77.72727272727273,0.8181818181818181,2.090909090909091,346.8181818181818,43.63636363636364,,0.008181818181818182,0.0,0.045454545454545456,,,0.006363636363636364,,,,,,2.727272727272727e-05,0.03636363636363636,2.090909090909091,0.053636363636363635,,,,,0.2727272727272727,5.963636363636363,2.818181818181818,0.08181818181818183,,,,,,,,,,,,,,,,0.0,,,49.12727272727273,9.236363636363636,2.536363636363636,0.0,,,,,,,,,0.09090909090909091,,,1.3181818181818181,,,,,,,,,,,,,,,,,,,7.7272727272727275,,1.218181818181818,,,,1451.0872727272733,,0.5418181818181819,,,,,,,0.0,,,,,,,,,,,,,,,,0.0,,,,,,,,0.045454545454545456,0.0,0.016363636363636365,,,,,,,,
154485,351909,"Provola cheese, zucchini and Speck Neapolitan Style Pizza",,,,,1.0,471.76,3,https://app.nutrium.com/rails/active_storage/representations/redirect/eyJfcmFpbHMiOnsibWVzc2FnZSI6IkJBaHBBeG9TQmc9PSIsImV4cCI6bnVsbCwicHVyIjoiYmxvYl9pZCJ9fQ==--71fe52b3f8975f1f7ee716884eb76345c0d58e49/eyJfcmFpbHMiOnsibWVzc2FnZSI6IkJBaDdCem9MWm05eWJXRjBTU0lJYW5CbkJqb0dSVlE2RTNKbGMybDZaVjkwYjE5bWFXeHNXd2RwQWl3QmFRSXNBUT09IiwiZXhwIjpudWxsLCJwdXIiOiJ2YXJpYXRpb24ifX0=--b44c98460dfda55293bc1375ff5638f722bd6d84/IMG_7043.jpg,"[{'created_at': '2021-07-26T11:15:30Z', 'description': 'cooked in a wood oven 400 ° 1 minute and 30 seconds', 'id': 293461, 'recipe_id': 154485}]",179.97982024758355,,0.0,,0.0,0.0,,,,34.264138545022895,0.6926890791928099,,0.0011446498219433612,0.0,0.0,8.478887569950823e-05,1377.3591656774618,0.0,3.1392190944548073,0.10386637273189757,33.979141936577925,38.21434627776836,19.60742750551126,1.4753264371714432,207.18869764286904,128.3180642699678,,0.062420722401220985,0.09568848567068003,0.6028997795489232,0.00021621163303374595,0.0006783110055960658,0.12569950822452094,0.0,0.0,0.288282177378328,0.0011743259284381891,0.0005384093606918773,0.00017379599796506697,1.132879006274377,8.15762251992539,0.14740122095981006,0.00046633881634729527,0.288282177378328,0.04832965914871969,0.0,0.0,51.69464346277766,82.63814227573341,0.668580210276412,,0.0,0.000309479396303205,0.0,0.0,0.0004197049347125657,0.00044090215363744274,0.0005172121417670001,0.0005511276920468035,0.00011870442597931152,1.758521282007801,0.0,0.0,,0.0,0.0,0.0,0.006316771239613363,7.17083050703748,10.738409360691875,26.591465999660826,0.08478887569950821,,0.0,0.0,0.0,0.0,0.0,0.0016957775139901645,0.0,1.1459216550788536,,1.0041122604714268,0.9231388841783957,0.0,0.0,0.0008097337629303035,0.00044090215363744274,0.00044090215363744274,0.0,0.0003264371714431067,0.0,0.0,0.0,,,0.0,0.0,0.0,0.0,,,0.1936365948787521,0.05087332541970493,25.658364422587763,,,,866.8775109377639,,0.5045769035102595,0.0,,0.0004960149228421232,0.0005596065796167543,0.0012760725792775988,0.0,24.039644946583007,,,0.0,0.0,0.00133966423605223,0.0,,23.952857385111074,0.19501441410886894,22.363065965745296,0.0001526199762591148,0.0,0.0,0.04247922672545362,,2.8113256740715604,0.0,0.0,0.0,0.0001526199762591148,2.1197218924877057e-05,0.0003730710530778362,,0.005714770222146854,0.4451415974224182,0.06306087841275224,0.0,,,0.0,,,,
154516,351953,Saffron and Mortadella Arancino,,,,,1.0,79.872,3,https://app.nutrium.com/rails/active_storage/representations/redirect/eyJfcmFpbHMiOnsibWVzc2FnZSI6IkJBaHBBMDRTQmc9PSIsImV4cCI6bnVsbCwicHVyIjoiYmxvYl9pZCJ9fQ==--c1de2806ad45f865ffc23bcee5cff3fec2547ff9/eyJfcmFpbHMiOnsibWVzc2FnZSI6IkJBaDdCem9MWm05eWJXRjBTU0lJYW5CbkJqb0dSVlE2RTNKbGMybDZaVjkwYjE5bWFXeHNXd2RwQWl3QmFRSXNBUT09IiwiZXhwIjpudWxsLCJwdXIiOiJ2YXJpYXRpb24ifX0=--b44c98460dfda55293bc1375ff5638f722bd6d84/5434.jpg,"[{'created_at': '2021-07-26T13:14:28Z', 'description': 'Fried', 'id': 293492, 'recipe_id': 154516}, {'created_at': '2021-07-26T13:14:28Z', 'description': 'Fried', 'id': 293493, 'recipe_id': 154516}]",66.06583032852565,0.024063501602564104,0.48228415464743596,0.0,1.2520032051282051e-05,0.0,0.0,0.0,0.0,5.346053685897436,0.8517062299679488,0.0,0.00250400641025641,0.2283653846153846,0.052333733974358976,0.2954727564102564,780.2462690304487,3.496844951923077,2.8072097856570513,0.0,16.80188301282051,17.96624599358974,17.067307692307693,0.00500801282051282,194.67247596153845,94.10018529647435,0.0,0.15586200420673077,0.09552796975160255,1.55907464443109,0.12178623297275641,0.09753104967948717,0.06252942207532051,0.021409254807692308,0.12369791666666666,4.008914262820513,0.9365121694711538,0.21395607972756409,0.0506074719551282,0.8174441606570512,17.522661258012818,0.22193497095352563,0.2682066306089743,20.54161658653846,12.29122846554487,0.0011894030448717948,0.5508814102564102,56.49491311097756,32.184995993589745,0.9462890625,0.007411858974358974,1.7415364583333335,0.7754967948717948,0.029797676282051277,0.08077924679487178,0.21494253305288463,0.3382578375400641,0.261401617588141,0.19729016426282048,0.07711788862179488,3.2389322916666665,0.0,0.0023788060897435895,,0.0,0.8012820512820512,0.0,0.8339217748397436,6.440512319711538,6.077621694711539,29.3203851161859,0.13772035256410256,0.0,0.0,0.08764022435897437,0.0,0.0,9.753104967948717,0.43444511217948717,0.13083433493589744,7.890174278846153,0.07011217948717947,1.185021033653846,0.8156462840544872,0.0,0.0,0.33488356370192307,0.19407088842147432,0.16370079627403844,0.08208133012820513,0.1457584635416667,0.07441907051282051,0.0,0.0,0.0,0.0,0.00250400641025641,0.18106470352564097,0.0,0.0,0.0,0.010266426282051282,761.2680288461538,0.2616686698717949,27.29252053285256,0.007411858974358974,0.07466947115384616,0.0,814.509639423075,0.0,0.1050430689102564,5.646534455128204,0.0,0.24178998898237178,0.25241586538461536,0.3737208283253205,0.014022435897435898,13.095953525641026,0.0,0.0,0.0,0.0,0.06268780048076923,0.0034555288461538465,0.07466947115384616,1.1067708333333335,0.0,65.55488782051283,0.10404797676282052,0.3330328525641025,0.3092447916666667,0.23428109975961536,0.05428685897435897,2.2822119140624997,0.05025540865384615,0.07989032451923077,0.2588391426282051,1.4145785757211538,0.7607999048477564,2.0894034204727565,0.006685697115384615,0.4502690554887821,0.25135341546474355,0.10569411057692309,0.007136418269230769,,,,0.0,,0.0,
154495,351927,Gricia Estiva Neapolitan Style Pizza,,,,,1.0,561.76,3,https://app.nutrium.com/rails/active_storage/representations/redirect/eyJfcmFpbHMiOnsibWVzc2FnZSI6IkJBaHBBd2tTQmc9PSIsImV4cCI6bnVsbCwicHVyIjoiYmxvYl9pZCJ9fQ==--e57de91730610f872c0c71e9e7e591d79331babb/eyJfcmFpbHMiOnsibWVzc2FnZSI6IkJBaDdCem9MWm05eWJXRjBTU0lJYW5CbkJqb0dSVlE2RTNKbGMybDZaVjkwYjE5bWFXeHNXd2RwQWl3QmFRSXNBUT09IiwiZXhwIjpudWxsLCJwdXIiOiJ2YXJpYXRpb24ifX0=--b44c98460dfda55293bc1375ff5638f722bd6d84/IMG_7047.jpg,"[{'created_at': '2021-07-26T12:02:46Z', 'description': 'cooked in a wood oven 400 ° 1 minute and 30 seconds', 'id': 293468, 'recipe_id': 154495}]",201.6987325548277,,0.0,,0.0,0.0,,,,38.10426160637995,0.41072700085445746,,0.006052406721731701,0.0,0.0,0.0007120478496154942,1164.847906579321,0.42722870976929656,3.48186236115067,0.0907861008259755,68.30318997436629,88.5342495015665,11.754129877527754,1.5335730561093706,299.7344773568782,121.12526701794363,,0.11159498718313873,0.14498184277983484,1.3412845343207063,,0.0,0.08684313585872969,0.0,,0.2047137567644546,,,7.102677299914547e-06,1.1977125462831106,10.151025348903447,0.14775882939333523,,0.2047137567644546,0.057853887781258904,,0.0,44.01451687553402,120.52721802905154,0.7179923810880093,,0.0,0.0009879663913414981,0.0,0.0,,,,,,0.8017658786670465,0.0,0.0,,0.0,0.0,0.0,0.07156080888635716,19.278750712047852,10.632213044716604,22.320813158644242,0.19154087154656793,,0.0,0.0,,,0.0,,,3.035103958986044,,0.8172529193961839,0.7461371404158359,0.0,0.0,,,,0.17801196240387354,,0.0,0.0,0.0,,,8.900598120193677e-06,3.560239248077471e-05,0.0,0.0,,,0.2694211050982628,0.042722870976929644,21.53693748219881,,,,1254.0890532611777,,0.41759683850754775,0.0,,,,,0.0,33.27211424807747,,,8.900598120193677e-06,1.7801196240387355e-05,0.001628809455995443,0.0,,0.0,0.0,1.2282825405867275,,0.0,0.0,0.006052406721731701,,2.416450085445741,0.0,0.0,8.900598120193677e-06,0.0015131016804329253,0.00032042153232697237,0.0005073340928510396,,0.05071560808886357,0.6394189689547138,0.08439475932782682,0.0,,,0.0,,,,
154498,351930,"Friggitelli, potatoes and sausages Roman Style Pizza",,,,,1.0,545.0,3,https://app.nutrium.com/rails/active_storage/representations/redirect/eyJfcmFpbHMiOnsibWVzc2FnZSI6IkJBaHBBeFlTQmc9PSIsImV4cCI6bnVsbCwicHVyIjoiYmxvYl9pZCJ9fQ==--960b7d4bddea9770d9ffabe40260c0ca9feae9d4/eyJfcmFpbHMiOnsibWVzc2FnZSI6IkJBaDdCem9MWm05eWJXRjBTU0lJYW5CbkJqb0dSVlE2RTNKbGMybDZaVjkwYjE5bWFXeHNXd2RwQWl3QmFRSXNBUT09IiwiZXhwIjpudWxsLCJwdXIiOiJ2YXJpYXRpb24ifX0=--b44c98460dfda55293bc1375ff5638f722bd6d84/IMG_7034.jpg,"[{'created_at': '2021-07-26T12:18:16Z', 'description': 'cooked in a wood oven 400 ° 1 minute and 30 seconds', 'id': 293471, 'recipe_id': 154498}]",137.15963302752283,0.0979816513761468,1.9529908256880737,0.005688073394495413,0.0022018348623853213,0.0037798165137614688,0.0011009174311926607,0.004220183486238533,0.0009174311926605505,68.62385321100918,1.407467889908258,0.001834862385321101,0.0,0.0,0.26128440366972466,0.2623853211009175,433.4807339449541,5.049541284403671,3.7693211009174314,0.0,36.247706422018354,44.50458715596331,34.41100917431193,16.3302752293578,181.8749541284405,260.3266055045871,0.03522935779816514,0.16466055045871547,0.1258165137614679,1.7088073394495416,0.08311926605504587,0.47647706422018277,0.17697247706422023,0.2536513761467891,0.0,6.605504587155964,0.4563302752293578,0.1289908256880734,0.027030642201834865,1.2103743119266055,20.73761467889908,0.29713761467889915,0.22385321100917432,6.605504587155964,4.018348623853211,0.0,0.161467889908257,62.87798165137614,52.30091743119268,1.2149577981651367,,1.5266055045871572,1.046110091743118,0.00036697247706422024,0.0011009174311926607,0.12385321100917433,0.13669724770642203,0.17376146788990826,0.11816513761467891,0.0326605504587156,2.964036697247706,0.0,0.0013211009174311937,,0.00036697247706422024,3.853211009174312,0.0,0.724816880733945,9.448256880733945,9.759633027522948,15.024220183486236,0.026422018348623857,,0.0,0.0,0.0,0.0,1.836697247706422,0.05504587155963304,0.0,2.86605504587156,0.3669724770642202,1.51651376146789,1.3766972477064225,0.0,0.0,0.1985321100917431,0.11100917431192661,0.12128440366972476,0.021688073394495418,0.08568807339449541,0.003669724770642202,0.0,0.001834862385321101,0.0,0.0005504587155963303,0.05262385321100918,0.10062385321100918,0.0005504587155963303,0.00965137614678899,0.0,0.027889908256880733,472.6532110091744,1.1449541284403677,10.803486238532114,0.004403669724770643,0.01669724770642202,0.006972477064220183,760.9648080733931,0.004954128440366972,0.38752293577981645,0.0,,0.1765137614678899,0.1636697247706422,0.3368807339449541,0.013064220183486241,22.329908256880735,0.010458715596330275,0.0012844036697247708,0.0038532110091743124,0.017064220183486238,0.07853211009174309,0.012660550458715596,0.01559633027522936,66.42201834862385,1.2844036697247707,69.17431192660551,0.07009174311926605,0.4227522935779827,0.6106422018348632,0.5045871559633028,0.691559633027523,3.7291559633027522,0.0,0.0027522935779816515,0.05735779816513761,1.0994495412844039,0.5417798165137616,2.3610642201834873,0.005137614678899083,0.13044018348623854,0.8330275229357799,0.11277926605504585,0.016440366972477066,,,0.0,,0.0012844036697247708,0.00018348623853211012,
154503,351936,Principessa Neapolitan Style Pizza,,,,,1.0,516.76,3,https://app.nutrium.com/rails/active_storage/representations/redirect/eyJfcmFpbHMiOnsibWVzc2FnZSI6IkJBaHBBeDBTQmc9PSIsImV4cCI6bnVsbCwicHVyIjoiYmxvYl9pZCJ9fQ==--978b2e51f28c2c44a929533b3c43ca243ec69d9c/eyJfcmFpbHMiOnsibWVzc2FnZSI6IkJBaDdCem9MWm05eWJXRjBTU0lJYW5CbkJqb0dSVlE2RTNKbGMybDZaVjkwYjE5bWFXeHNXd2RwQWl3QmFRSXNBUT09IiwiZXhwIjpudWxsLCJwdXIiOiJ2YXJpYXRpb24ifX0=--b44c98460dfda55293bc1375ff5638f722bd6d84/5434.jpg,"[{'created_at': '2021-07-26T12:24:08Z', 'description': 'cooked in a wood oven 400 ° 1 minute and 30 seconds', 'id': 293474, 'recipe_id': 154503}]",243.1417004048583,,0.0,,0.0,0.0,,,,138.165991902834,0.4648134530536419,,0.0,0.0,0.0,0.0,1136.1927393761116,0.0,10.289457489878542,0.3100085145909126,76.06238872977785,87.59191887917021,23.89068825910931,2.5021286477281524,215.44190283400812,152.834008097166,,0.05004179890084374,0.21295546558704453,0.4842867094976391,,0.0,0.09137651821862348,0.0,,0.0,,,7.721185850298004e-06,1.1287193281213719,7.558704453441296,0.185668016194332,,0.0,0.0,,0.0,52.882082591531834,120.5991902834008,0.4976573264184536,,0.0,0.0006482699899373018,0.0,0.0,,,,,,0.0,0.0,0.0,,0.0,0.0,0.0,0.00580540289496091,17.61497975708502,13.085425101214577,24.58257218050931,0.058828082668937236,,0.0,0.0,,,0.0,,,0.9617617462651907,,0.9878860592925154,1.2795546558704454,0.0,0.0,,,,0.0,,0.0,0.0,0.0,,,0.0,0.0,0.0,0.0,,,0.30836365043734054,0.046443223159687276,23.422072141806648,,,,901.4089214574894,,0.5466932425110304,0.0,,,,,0.0,44.79352226720647,,,0.0,0.0,0.00027091880176484254,0.0,,0.0,0.0,0.0,,0.0,0.0,0.0,,3.2429038625280584,0.0,0.0,9.675671491601517e-06,0.00036767551668085764,1.9351342983203035e-05,0.00010643238640761669,,0.0054183760352968496,0.5979564981809738,0.0018623481781376518,0.0,,,0.0,,,,
154517,351954,Fried Cod Fillet,,,,,1.0,173.35,3,https://app.nutrium.com/rails/active_storage/representations/redirect/eyJfcmFpbHMiOnsibWVzc2FnZSI6IkJBaHBBMlhsQnc9PSIsImV4cCI6bnVsbCwicHVyIjoiYmxvYl9pZCJ9fQ==--0aefb8f5293e7a1e3414fbe4073056cd812468c2/eyJfcmFpbHMiOnsibWVzc2FnZSI6IkJBaDdCem9MWm05eWJXRjBTU0lJYW5CbkJqb0dSVlE2RTNKbGMybDZaVjkwYjE5bWFXeHNXd2RwQWl3QmFRSXNBUT09IiwiZXhwIjpudWxsLCJwdXIiOiJ2YXJpYXRpb24ifX0=--b44c98460dfda55293bc1375ff5638f722bd6d84/IMG_9879.jpg,"[{'created_at': '2021-07-26T13:18:39Z', 'description': 'Fried.', 'id': 293494, 'recipe_id': 154517}, {'created_at': '2021-07-26T13:18:39Z', 'description': 'Fried.', 'id': 293495, 'recipe_id': 154517}]",193.45699451975773,0.0011421978655898472,0.022657629074127487,0.00012691087395442745,4.61494087107009e-05,0.00017132967983847706,4.038073262186329e-05,6.922411306605134e-05,6.922411306605134e-05,0.0,0.24310112489183738,0.0,0.0,0.0014825497548312662,0.0074127487741563304,0.0,277.97727141621,0.4714508220363426,0.15139336602249787,0.0,11.998846264782236,11.998846264782236,9.04834150562446,0.923057398327084,99.17472887222384,413.2274012114221,0.00010383616959907701,0.08062417075281224,0.06536256129218344,1.9746293625612927,0.4856383040092299,0.025122584366887794,0.23561465243726568,0.0003461205653302567,5.7686760888376126e-05,7.271993077588695,2.464446495529276,0.8518627055090857,0.18479226997404097,0.4762019036631094,30.396711854629366,0.1596988751081627,1.5151035477357948,7.271993077588695,61.88104989904818,0.0003461205653302567,0.2538217479088549,76.32163945774445,17.332044995673495,0.42118603980386504,,0.3113354485145659,0.0169990193250649,2.307470435535045e-05,2.307470435535045e-05,0.6761476781078742,0.5848168445341794,0.7920922988174216,0.6458032881453707,0.17797519469281803,0.10538909720219211,0.0,0.0001482549754831266,,0.05907124314969715,0.0,0.0,1.078084799538506,0.7206887799250072,17.067393135275456,5.34581367176233,0.8422267089702915,,0.0,0.0,0.0,0.0,0.0,0.0025151427747331988,0.0005768676088837612,30.774306316700322,0.006345543697721374,0.15449091433516007,0.07153735217767522,0.0,0.0,1.342502451687338,0.7620801845976349,0.7245203345832132,0.00021920969137582928,0.5578552062301702,1.130660513412172e-05,0.000922988174214018,0.0027689645226420543,0.0,0.0,0.014297086818575139,0.01645549466397462,0.11109316411883473,6.922411306605134e-05,0.0,0.00020767233919815402,347.6637438707817,0.026685895586962792,5.262745889818286,6.922411306605134e-05,0.0001499855783097779,7.499278915488895e-05,414.9470656013844,5.768676088837612e-06,0.6150660513412172,33.70060571098933,0.8422267089702915,0.9891041246034037,0.9988335736948372,1.6912316123449669,0.00012691087395442745,41.83443899625036,0.00013267955004326508,1.7306028266512835e-05,0.009270262474762044,0.021390250937409868,0.0011998846264782235,1.7306028266512835e-05,0.00013267955004326508,2.901644072685319,0.05191808479953851,40.03461205653303,0.48874300548024235,0.005930199019325065,0.0963657340640323,0.0021344101528699166,0.012241707528122295,0.11511427747331987,0.0,3.461205653302567e-05,0.008497259878857803,0.10295494663974619,0.032721315258148254,0.07955869627920394,6.922411306605134e-05,0.024456186905105277,0.8450695125468707,0.029044937986732047,0.002874531295067782,,0.0,,,,,
154521,351960,Nero di Nebrodi Roll,,,,,1.0,30.0,3,https://app.nutrium.com/rails/active_storage/representations/redirect/eyJfcmFpbHMiOnsibWVzc2FnZSI6IkJBaHBBMWNTQmc9PSIsImV4cCI6bnVsbCwicHVyIjoiYmxvYl9pZCJ9fQ==--aa9d43a2dd94f1f4dd23d1212e331eac3352167b/eyJfcmFpbHMiOnsibWVzc2FnZSI6IkJBaDdCem9MWm05eWJXRjBTU0lJYW5CbkJqb0dSVlE2RTNKbGMybDZaVjkwYjE5bWFXeHNXd2RwQWl3QmFRSXNBUT09IiwiZXhwIjpudWxsLCJwdXIiOiJ2YXJpYXRpb24ifX0=--b44c98460dfda55293bc1375ff5638f722bd6d84/IMG_6974.jpg,"[{'created_at': '2021-07-26T13:25:25Z', 'description': 'Grilled.', 'id': 293497, 'recipe_id': 154521}]",,,,,,,,,,,,,,,,,2.31,,18.5,,,,,,370.0,,,,,,,,,,,,,,,,,,,,,,,,,,,,,,,,,,,,,,,,,,,,54.0,10.0,0.0,,,,,,,,,,,,,,,,,,,,,,,,,,,,,,,,,,,,,,1548.08,,,,,,,,,,,,,,,,,,,,,,,,,,,,,,,,,,,,,,,,,,,
185705,434997,Cicchetto Tiramisù,,,,,1.0,39.0,3,https://app.nutrium.com/rails/active_storage/representations/redirect/eyJfcmFpbHMiOnsibWVzc2FnZSI6IkJBaHBBeTBFQ0E9PSIsImV4cCI6bnVsbCwicHVyIjoiYmxvYl9pZCJ9fQ==--b636a5f472e2dca1f2afd775b732f40dcfba81a1/eyJfcmFpbHMiOnsibWVzc2FnZSI6IkJBaDdCem9MWm05eWJXRjBTU0lJYW5CbkJqb0dSVlE2RTNKbGMybDZaVjkwYjE5bWFXeHNXd2RwQWl3QmFRSXNBUT09IiwiZXhwIjpudWxsLCJwdXIiOiJ2YXJpYXRpb24ifX0=--b44c98460dfda55293bc1375ff5638f722bd6d84/20220106_143721.jpg,"[{'created_at': '2022-01-11T11:36:52Z', 'description': 'No cooked.', 'id': 357450, 'recipe_id': 185705}]",100.57983193277302,,0.4669411764705881,,0.00110924369747899,0.0,0.00110924369747899,,0.0015630252100840303,136.453781512605,1.32498319327731,0.0,0.0,0.0,0.5899159663865551,0.08991596638655461,53.981512605042,,15.079991596638703,0.63781512605042,221.35798319327702,219.94957983193302,25.098319327731105,0.20588235294117602,380.09558823529403,96.5882352941177,0.0023697478991596605,0.0341260504201681,0.17170588235294104,0.08706722689075631,0.020117647058823504,0.008067226890756302,0.0632773109243698,0.0,,7.613445378151261,0.0979159663865546,0.045781512605042,0.011442857142857102,0.9485714285714291,20.181512605042002,0.5561092436974792,0.059596638655462206,7.613445378151261,32.233613445378104,,11.764705882352901,37.2880672268907,50.9966386554622,0.7341176470588241,,,0.49229411764705905,0.0006050420168067231,0.0,0.06559663865546221,0.031008403361344503,0.024000000000000004,0.0347394957983193,0.013815126050420201,0.12016806722689102,0.9865546218487391,0.0,,0.000672268907563025,1.81512605042017,0.0,0.2702521008403361,26.755630252100804,5.866554621848741,27.222100840336104,0.5814285714285711,0.0,0.0,0.0,,,0.0,,,9.078991596638662,,0.138991596638655,22.857899159663905,0.0,0.0,0.06811764705882352,0.039327731092437,0.0355966386554622,0.00494117647058824,0.0343865546218487,0.0006050420168067231,0.0018151260504201702,0.0,,,0.0029243697478991606,0.0274789915966387,0.025932773109243704,0.0,0.0,0.0046890756302521,11.929411764705902,0.28235294117647103,2.98235294117647,0.0014621848739495803,0.0034789915966386606,,1590.31994117647,,1.05949579831933,12.0,0.36705882352941205,0.05500840336134451,0.040890756302521,0.07578151260504201,0.0025714285714285704,174.79831932773104,0.0,,0.00110924369747899,0.05119327731092441,0.019991596638655504,0.00015126050420168102,0.0034789915966386606,48.20168067226891,1.6134453781512603,74.06722689075632,0.018907563025210104,,,0.0979831932773109,0.20067226890756304,8.43061344537815,0.0,0.0006050420168067231,0.011230252100840301,0.7758067226890761,0.24384033613445402,1.2817647058823503,,0.010319327731092402,0.46941176470588203,0.14453781512605,0.012100840336134502,,,0.0,0.0014621848739495803,,0.0,
185702,434991,"Icecream - Cream Flavour (Vanilla, Pistacchio, Hazelnut, Chocolate)",,,,,1.0,150.0,3,https://app.nutrium.com/rails/active_storage/representations/redirect/eyJfcmFpbHMiOnsibWVzc2FnZSI6IkJBaHBBOGYvQnc9PSIsImV4cCI6bnVsbCwicHVyIjoiYmxvYl9pZCJ9fQ==--bcdd4d606843c1acb7cb5f14d59d2a0969bd00e2/eyJfcmFpbHMiOnsibWVzc2FnZSI6IkJBaDdCem9MWm05eWJXRjBTU0lKYW5CbFp3WTZCa1ZVT2hOeVpYTnBlbVZmZEc5ZlptbHNiRnNIYVFJc0FXa0NMQUU9IiwiZXhwIjpudWxsLCJwdXIiOiJ2YXJpYXRpb24ifX0=--00b856c396c27fea483cca98a97eba49705fca24/WhatsApp%20Image%202022-01-06%20at%2014.51.25.jpeg,"[{'created_at': '2022-01-11T11:30:56Z', 'description': 'No cooked', 'id': 357442, 'recipe_id': 185702}]",105.0,,,,0.0,0.0,0.0,,,19.0,0.452,,,,,,80.0,,6.79,,116.0,118.0,5.0,0.5999999999999999,207.0,199.0,,0.040999999999999995,0.24,0.116,0.088,,0.048,,,5.0,0.681,0.217,0.045,0.69,14.0,0.581,0.258,5.0,26.0,,,61.0,128.0,0.09,,,0.275,0.12,0.36,0.17699999999999996,0.32599999999999996,0.093,0.15699999999999997,0.029,0.29999999999999993,0.0,0.0,,0.003,0.0,0.0,0.9,11.0,3.5,23.6,0.2,,0.0,0.0,,,0.0,,,1.8,15.4,0.6999999999999998,21.22,0.0,0.0,0.31599999999999995,0.19499999999999998,0.14599999999999996,,0.15499999999999997,0.30999999999999994,0.0,0.0,,,0.0,0.206,0.0,,,,,,,,,,866.088,,0.29999999999999993,8.0,0.2,0.125,0.121,0.25,0.0,44.0,,,0.0,0.0,0.17499999999999996,0.0,,0.0,0.0,421.0,0.08099999999999999,,,,,2.969,0.21,0.28,1.13,3.0599999999999996,1.316,2.763,,0.008,0.38999999999999996,0.023,,0.0,,,,,,
185704,434995,Cicchetto white chocolate mousse cake with raspberry and mint.,,,,,1.0,14.0,3,https://app.nutrium.com/rails/active_storage/representations/redirect/eyJfcmFpbHMiOnsibWVzc2FnZSI6IkJBaHBBeTRFQ0E9PSIsImV4cCI6bnVsbCwicHVyIjoiYmxvYl9pZCJ9fQ==--29a757f5ed34442df4f9b82f5b9d1b8dcd100b4a/eyJfcmFpbHMiOnsibWVzc2FnZSI6IkJBaDdCem9MWm05eWJXRjBTU0lJYW5CbkJqb0dSVlE2RTNKbGMybDZaVjkwYjE5bWFXeHNXd2RwQWl3QmFRSXNBUT09IiwiZXhwIjpudWxsLCJwdXIiOiJ2YXJpYXRpb24ifX0=--b44c98460dfda55293bc1375ff5638f722bd6d84/20220106_143630.jpg,"[{'created_at': '2022-01-11T11:34:21Z', 'description': 'No cooked.', 'id': 357444, 'recipe_id': 185704}, {'created_at': '2022-01-11T11:34:21Z', 'description': 'No cooked.', 'id': 357445, 'recipe_id': 185704}, {'created_at': '2022-01-11T11:34:21Z', 'description': 'No cooked.', 'id': 357446, 'recipe_id': 185704}, {'created_at': '2022-01-11T11:34:21Z', 'description': 'No cooked.', 'id': 357447, 'recipe_id': 185704}, {'created_at': '2022-01-11T11:34:21Z', 'description': 'No cooked.', 'id': 357448, 'recipe_id': 185704}, {'created_at': '2022-01-11T11:34:21Z', 'description': 'No cooked.', 'id': 357449, 'recipe_id': 185704}]",184.75681818181803,,,,,,,,,13.931818181818201,0.627272727272728,,0.0,0.059090909090909104,15.797727272727302,0.07727272727272731,56.62339090909091,,12.366590909090903,4.806818181818181,21.25,24.659091136363603,13.945454545454501,3.5409090909090906,359.12323181818203,380.2727272727271,,0.0755227272727273,0.20759090909090902,0.42672727272727307,,0.0018181818181818203,0.06925000000000002,0.0,,,,,0.000479545454545455,1.3993181818181801,75.00454545454551,0.06568181818181822,,,,,0.08636363636363642,27.935227272727303,150.00000000000003,1.4915909090909103,,,0.0,0.0,0.0,,,,,,0.17045454545454602,0.0,,,0.0,0.0,,0.7327272727272731,19.985995454545503,6.974677272727271,38.4867090909091,0.015681818181818203,,,,,,,,,0.38181818181818206,,0.6977272727272731,12.040736363636402,,,,,,,,0.0,,,,,,,0.0,,,,4.954545454545451,0.10454545454545501,6.427272727272731,,,,1502.5716019272734,,0.19681818181818203,,0.014545454545454504,,,,,7.454545454545462,,,,0.0,0.0,,,0.5909090909090912,,,,,,0.15454545454545504,,5.481363636363641,0.0,0.0,0.0,0.0,0.0,0.0,,0.04731818181818181,0.26590909090909104,0.48241590909090903,0.0027272727272727305,,,0.0,,,,
185703,434993,Strawberries,,,,,1.0,100.0,3,https://app.nutrium.com/rails/active_storage/representations/redirect/eyJfcmFpbHMiOnsibWVzc2FnZSI6IkJBaHBBOC8vQnc9PSIsImV4cCI6bnVsbCwicHVyIjoiYmxvYl9pZCJ9fQ==--6dbbcf6e14be2f0bcecaaee04c16038390e87fc5/eyJfcmFpbHMiOnsibWVzc2FnZSI6IkJBaDdCem9MWm05eWJXRjBTU0lKYW5CbFp3WTZCa1ZVT2hOeVpYTnBlbVZmZEc5ZlptbHNiRnNIYVFJc0FXa0NMQUU9IiwiZXhwIjpudWxsLCJwdXIiOiJ2YXJpYXRpb24ifX0=--00b856c396c27fea483cca98a97eba49705fca24/WhatsApp%20Image%202022-01-06%20at%2014.51.26.jpeg,"[{'created_at': '2022-01-11T11:33:31Z', 'description': 'No cooked', 'id': 357443, 'recipe_id': 185703}]",26.0,,,,,,,,,0.0,0.29,,0.0,0.0,0.0,3.1,1.0,,0.04,0.0,0.0,0.0,61.0,57.0,30.0,170.0,,0.02,0.02,0.6,,0.14,0.03,0.01,,,,,0.0001,0.1,12.0,0.37,,,,,1.0,91.6,17.0,0.25,,,,,,,,,,,3.0,0.0,,,,0.0,,,0.5,0.6,6.1,0.0,,,86.0,,,,,,0.0,,3.8,6.1,,,,,,0.0,,,,,,,,,,,,,62.0,1.2,0.0,,,,125.52,,0.39,,,,,,,0.0,,,,,,,,38.0,0.0,,,,,3.0,,0.07,,,,,,,,0.31,0.0,0.03,0.0,,,,,,,
185706,434998,Cicchetto Cheesecake with wild berries,,,,,1.0,46.0,3,https://app.nutrium.com/rails/active_storage/representations/redirect/eyJfcmFpbHMiOnsibWVzc2FnZSI6IkJBaHBBeXNFQ0E9PSIsImV4cCI6bnVsbCwicHVyIjoiYmxvYl9pZCJ9fQ==--025e06c3f6954b75ef51ae6833f7869c9c5af0b3/eyJfcmFpbHMiOnsibWVzc2FnZSI6IkJBaDdCem9MWm05eWJXRjBTU0lJYW5CbkJqb0dSVlE2RTNKbGMybDZaVjkwYjE5bWFXeHNXd2RwQWl3QmFRSXNBUT09IiwiZXhwIjpudWxsLCJwdXIiOiJ2YXJpYXRpb24ifX0=--b44c98460dfda55293bc1375ff5638f722bd6d84/20220106_144122.jpg,"[{'created_at': '2022-01-11T11:39:09Z', 'description': 'No baked', 'id': 357451, 'recipe_id': 185706}]",70.3078571428571,,1.44285714285714,0.0,0.00142857142857143,0.008571428571428568,0.0,,0.0,38.3357142857143,0.759164285714286,0.0,0.0,0.0185714285714286,2.62285714285714,0.0242857142857143,184.5,,9.682635714285707,0.6,143.792857142857,151.471428714286,11.3657142857143,3.84775285714286,251.315525714286,130.086864285714,0.0,0.0353071428571429,0.08315,0.342321428571429,,,0.0397,,,0.0,,,0.000261428571428571,0.591928571428571,11.3171428571429,0.217507142857143,,0.0,,,0.0,45.0027142857143,67.2514285714286,0.43601,,,0.312878571428571,0.00142857142857143,0.0,,,,,,0.472857142857143,0.245714285714286,0.00428571428571429,0.0,0.00142857142857143,0.0,0.0,0.0494285714285714,17.490948571428596,4.13603714285714,27.5400485714286,0.0969285714285714,,0.0,0.0,,,0.256345714285714,,,1.47571428571429,,1.40771428571429,19.84422,0.0,0.0,,,,0.00142857142857143,,0.00571428571428571,0.0,0.0,,0.0,0.00714285714285714,0.00571428571428571,0.00142857142857143,0.0,,0.008571428571428568,62.0892857142857,0.718571428571429,6.87142857142857,,,0.0,1051.5041595885727,,0.983285714285714,0.0,,,,,0.00285714285714286,42.5571428571429,0.0,,0.0,0.0,0.00857857142857143,0.009999999999999998,,0.0,0.0,0.0,,,,0.05,0.312857142857143,5.86399285714286,0.0,0.0,0.019999999999999997,0.928607142857143,0.115721428571429,1.44577142857143,,0.268785714285714,0.126428571428571,0.06938042857142859,,0.0,,0.0604285714285714,,,,
186167,435993,White chocolate Arancino with dark heart in zabaglione sauce,,,,,1.0,109.93,3,https://app.nutrium.com/rails/active_storage/representations/redirect/eyJfcmFpbHMiOnsibWVzc2FnZSI6IkJBaHBBK2dJQ0E9PSIsImV4cCI6bnVsbCwicHVyIjoiYmxvYl9pZCJ9fQ==--d394f5e5cb95b37a24d4d1467affc30924161462/eyJfcmFpbHMiOnsibWVzc2FnZSI6IkJBaDdCem9MWm05eWJXRjBTU0lJYW5CbkJqb0dSVlE2RTNKbGMybDZaVjkwYjE5bWFXeHNXd2RwQWl3QmFRSXNBUT09IiwiZXhwIjpudWxsLCJwdXIiOiJ2YXJpYXRpb24ifX0=--b44c98460dfda55293bc1375ff5638f722bd6d84/20220106_143706.jpg,"[{'created_at': '2022-01-13T15:18:24Z', 'description': 'Fried.', 'id': 358398, 'recipe_id': 186167}, {'created_at': '2022-01-13T15:18:24Z', 'description': 'Fried.', 'id': 358399, 'recipe_id': 186167}]",126.537250977895,,2.01537341944874,0.001728372600745929,0.0626944419175839,0.001728372600745929,0.026198489948148815,,0.003511325388883835,42.67442918220685,0.8815973801510051,0.0,0.0,0.01819339579732557,9.390521240789592,0.35386154825798233,512.8761939415991,0.11461839352315109,8.436295824615664,2.565996543254798,112.67533885199671,118.73010097334667,23.16019284999545,0.8096061129809878,231.0562175930137,176.8210679523333,0.004275448012371509,0.05567179113981624,0.19439197671245337,0.17110888747384698,0.03629582461566452,0.4036568725552624,0.07131811152551623,0.015628126989902662,,13.736013826980805,0.17665787319203127,0.08259801691985809,0.02087310106431365,0.9004539252251432,28.12189575184208,0.6460474847630309,0.10752296916219412,13.736013826980805,58.15518966615118,,14.103156554170836,57.12541344491949,90.65850996088419,1.4947639406895297,,0.20376603293004636,0.5282452469753479,0.07815882834531064,0.22219594287273714,0.11834803966160282,0.055944692076776124,0.04330028199763486,0.06267624852178659,0.024924952242336033,0.5214227235513509,0.0,0.0003456745201491858,0.0031110706813426716,0.0029837169107613934,3.2748112435186023,0.0,0.413653233876103,14.694441917583916,4.887019012098608,20.02277176384972,0.8006913490402984,0.0,0.0,0.0,,,0.0,,,8.117656690621304,,1.2626216683343947,14.670380241972161,0.0,0.0,0.12289638861093422,0.07095424360956973,0.06422268716455926,0.2137360138269808,0.0620394796688802,0.20833257527517507,0.0032748112435186023,0.0,,0.0027653961611934863,0.005276084781224415,0.04957700354771218,0.015919221322659875,0.0,0.0,0.03846083871554626,796.210315655417,1.403256617847721,4.765627217320112,0.0026380423906122077,0.006276721550077322,,966.7392144091705,,0.4876739743473119,21.650140998817427,0.5458018739197672,0.09924497407441098,0.07377421995815518,0.13672336941690164,0.03982534340034567,107.1054307286455,0.0,,0.004766669698899299,0.045483489493313926,0.02110433912489766,0.004766669698899299,0.006276721550077322,82.9618848358046,2.9109433275720913,133.6304921313563,0.03411261711998545,0.01637405621759301,0.0,0.3770581278995725,0.4386427726735195,4.436987173655963,0.13401255344310015,0.1645774583826071,0.620176475939234,3.2435367961429997,2.250868734649322,2.1179841717456562,,0.20198453561357227,0.5543527699445101,0.17166587828618213,0.021340853270262892,,,,0.0026380423906122077,,0.0,
186169,435996,Recipe,,,,,,0.0,3,https://app.nutrium.com/assets/fallback/recipe/thumb_300-c0992789d8ed6768187bb33ee08735b0f4b7c26f98d17db0a493c815082575d8.png,[],,,,,,,,,,,,,,,,,,,,,,,,,,,,,,,,,,,,,,,,,,,,,,,,,,,,,,,,,,,,,,,,,,,,,,,,,,,,,,,,,,,,,,,,,,,,,,,,,,,,,,,,,,,,,,,,,,,,,,,,,,,,,,,,,,,,,,,,,,,,,,,,,,,,,,,,
186174,436008,Cicchetto mascarpone cream with strawberries and almond crumble,,,,,1.0,53.0,3,https://app.nutrium.com/rails/active_storage/representations/redirect/eyJfcmFpbHMiOnsibWVzc2FnZSI6IkJBaHBBd3dKQ0E9PSIsImV4cCI6bnVsbCwicHVyIjoiYmxvYl9pZCJ9fQ==--50407924d8fa9883577da1c592d10bf49125b639/eyJfcmFpbHMiOnsibWVzc2FnZSI6IkJBaDdCem9MWm05eWJXRjBTU0lJYW5CbkJqb0dSVlE2RTNKbGMybDZaVjkwYjE5bWFXeHNXd2RwQWl3QmFRSXNBUT09IiwiZXhwIjpudWxsLCJwdXIiOiJ2YXJpYXRpb24ifX0=--b44c98460dfda55293bc1375ff5638f722bd6d84/20220106_143747.jpg,"[{'created_at': '2022-01-13T15:40:41Z', 'description': 'No cooked.', 'id': 358405, 'recipe_id': 186174}]",98.4913425879523,,4.42764420667535,0.00925002505763255,0.259343991179713,0.0143392302295279,0.142007868096622,,0.00392841034379072,104.02951789115001,1.2473582990879,0.0,0.0,0.003927783902976851,15.636420016036901,0.587695449533928,31.868164277839004,0.381690387892152,12.1659926581137,1.48688232935752,220.367971334068,237.893154254786,31.097273729578,10.881778089606101,294.37750576325504,111.86848501553601,0.00752042197053222,0.046675478600781806,0.15585847449133,0.24330272125889502,0.0422415305201964,0.038306855768267,0.0726044903277538,0.0022025659015736205,,15.9861431291972,0.20559662223113204,0.09612859577027161,0.0242046707427082,0.601596171193745,9.23261000300691,0.55461749523905,0.125136564097424,15.9861431291972,67.68173048010422,,4.97870101232835,52.032953292572905,77.62998646887841,0.6729039290367841,,0.28197353914002204,0.793399193144232,0.25407437105342306,0.7103926531021351,0.137734915305202,0.0651091259897765,0.0503934048311115,0.0729433948080585,0.0290079683271524,0.8771048411346101,0.0,0.00286784604590558,0.020721409241254905,0.00703367745815375,3.8112659115966703,0.0,0.171632254184625,21.4843289566002,4.38970883030971,21.9295003508069,0.7915330259597071,0.0,0.0,16.1621729978952,,,0.0,,,6.479903778690991,,0.714327954294878,18.3543775684073,0.0,0.0,0.14302834018242003,0.0825774280845945,0.07474315926631252,0.679074371053423,0.07220231532524811,0.556860779793525,0.00381126591159667,0.0,,0.0025859476796632206,0.0290417961311015,0.25108812769369504,0.0142972586949985,0.03562443620326751,0.00508920517189536,0.0416789866693395,53.81314523403831,1.11411245865491,3.2364751428285103,0.0030701864287862105,0.007304926330560291,,1231.6754841134589,,0.7400546256389701,25.1967024155558,0.635210985266112,0.11550253082088802,0.0858593515084695,0.159120351809161,0.24403315124787,152.429588052521,0.00763380775784304,,0.012548862383482,0.06969279342487722,0.08947078280044102,0.019787385987771904,0.007304926330560291,106.239350506164,3.38779192141926,155.520822892653,0.039700686579132,0.0,0.22901423273529103,0.591140874010223,0.5148316127092311,5.5905282148942606,0.451190237546357,0.45733436904881203,1.7950818131702901,5.391303122181021,1.9635267364939402,3.56809098426381,,0.06651673849854671,0.431379673248471,0.0331017590458053,0.011592913701513502,0.0203568206875814,,,0.0030701864287862105,,0.0,
186175,436009,Apple pie with cinnamon crumble and cream ice cream,,,,,1.0,156.16,3,https://app.nutrium.com/rails/active_storage/representations/redirect/eyJfcmFpbHMiOnsibWVzc2FnZSI6IkJBaHBBdzhKQ0E9PSIsImV4cCI6bnVsbCwicHVyIjoiYmxvYl9pZCJ9fQ==--5fb3993858ee86f9c48ee4ef3b42c23667e33ed9/eyJfcmFpbHMiOnsibWVzc2FnZSI6IkJBaDdCem9MWm05eWJXRjBTU0lJYW5CbkJqb0dSVlE2RTNKbGMybDZaVjkwYjE5bWFXeHNXd2RwQWl3QmFRSXNBUT09IiwiZXhwIjpudWxsLCJwdXIiOiJ2YXJpYXRpb24ifX0=--b44c98460dfda55293bc1375ff5638f722bd6d84/20220106_142153.jpg,"[{'created_at': '2022-01-13T15:44:58Z', 'description': 'Apple pie ove cooked ', 'id': 358407, 'recipe_id': 186175}, {'created_at': '2022-01-13T15:45:05Z', 'description': 'Ice cream no cooked', 'id': 358408, 'recipe_id': 186175}]",63.49186731557377,0.036923668032786884,1.9949547899590165,0.003922259221311476,0.0661390881147541,0.003922259221311476,0.055156762295081964,,0.0019143186475409834,66.27689549180327,0.7174358350409836,0.0,0.0,3.842213114754098e-05,5.244544057377048,2.06985143442623,78.80209912909837,,8.39989683657787,0.04710553278688525,142.74180327868854,152.61609887295083,6.730468750000001,1.5097336065573772,249.41338050717215,129.56051485655738,0.0005236936475409836,0.048904456967213114,0.10550089651639344,0.2344834784836066,0.03510668545081967,0.0023533555327868855,0.05343801229508197,0.0007844518442622951,0.0,3.3986936475409832,0.2548481045081967,0.08562961065573771,0.017683753842213115,0.4029252049180328,7.193263319672132,0.25774769467213116,0.10251460040983607,3.3986936475409832,17.259106045081968,0.0,3.0251024590163937,52.97304367315574,53.18346567622951,0.32002433401639346,0.01137295081967213,0.46746926229508196,0.24754456967213118,0.1696516393442623,0.4996561219262295,0.07645837602459016,0.11630443135245902,0.03865420081967213,0.06176267930327869,0.012965932377049181,1.1454149590163936,0.0,0.0007844518442622951,0.007060066598360656,0.005669185450819673,0.4011270491803279,0.0,0.4466271772540984,13.763043673155739,3.1354841188524594,29.906739241803283,0.2014920594262295,0.0,0.0,0.0,0.0,0.0,0.0,0.011526639344262294,0.0,1.2621413934426229,5.0384221311475414,1.1445382940573772,18.042587090163934,0.0,0.0,0.1239033043032787,0.07500768442622952,0.05799462090163934,0.3521773821721312,0.05912320696721312,0.4096842981557377,0.00040112704918032787,0.0,,0.006275614754098361,0.004488473360655738,0.10895427766393442,0.0015061475409836067,0.0,0.0,0.04922400102459017,40.634605532786885,0.018890881147540985,10.192911116803279,0.011696080942622951,0.1153436219262295,,1043.5455840420077,,0.4493423411885246,5.213370901639344,0.13089139344262296,0.05529162397540984,0.05273527151639344,0.12294582479508197,0.06601396004098362,50.09983350409836,0.0,,0.006520747950819672,0.00546170594262295,0.07177676741803278,0.015533555327868853,0.1153436219262295,15.83606557377049,4.5189549180327875,259.34976946721315,0.031240394467213117,0.0,0.0,1.1638217213114754,0.20209208504098358,3.610891649590164,0.2965375256147541,0.37038998463114753,1.3050436731557378,3.617158299180328,1.5028660348360658,1.7575835040983607,0.010258709016393443,0.03907095286885246,0.17610783811475408,0.02339497950819672,0.008693007172131149,0.0,,,0.0003231301229508197,,0.0,
186170,435997,Mascarpone cream with strawberries and almond crumble,,,,,1.0,159.632,3,https://app.nutrium.com/rails/active_storage/representations/redirect/eyJfcmFpbHMiOnsibWVzc2FnZSI6IkJBaHBBL2dJQ0E9PSIsImV4cCI6bnVsbCwicHVyIjoiYmxvYl9pZCJ9fQ==--61a38b76b643b444decc76641888bf127f1e82c7/eyJfcmFpbHMiOnsibWVzc2FnZSI6IkJBaDdCem9MWm05eWJXRjBTU0lJYW5CbkJqb0dSVlE2RTNKbGMybDZaVjkwYjE5bWFXeHNXd2RwQWl3QmFRSXNBUT09IiwiZXhwIjpudWxsLCJwdXIiOiJ2YXJpYXRpb24ifX0=--b44c98460dfda55293bc1375ff5638f722bd6d84/20220106_143744.jpg,"[{'created_at': '2022-01-13T15:26:36Z', 'description': 'No cooked.', 'id': 358404, 'recipe_id': 186170}]",98.49134258795226,,4.427644206675352,0.009250025057632554,0.25934399117971324,0.01433923022952791,0.14200786809662222,,0.003928410343790718,104.02951789114962,1.2473582990879017,0.0,0.0,0.003927783902976846,15.636420016036881,0.5876954495339279,31.868164277839025,0.38169038789215187,12.165992658113659,1.486882329357522,220.3679713340683,237.89315425478594,31.097273729578024,10.881778089606092,294.37750576325544,111.86848501553573,0.0075204219705322225,0.046675478600781785,0.15585847449133003,0.24330272125889543,0.04224153052019644,0.03830685576826701,0.07260449032775382,0.0022025659015736192,,15.986143129197151,0.20559662223113154,0.0961285957702716,0.024204670742708222,0.6015961711937454,9.232610003006915,0.5546174952390498,0.12513656409742405,15.986143129197151,67.68173048010422,,4.9787010123283535,52.032953292572905,77.6299864688784,0.6729039290367844,,0.281973539140022,0.7933991931442316,0.2540743710534228,0.7103926531021347,0.13773491530520193,0.06510912598977647,0.05039340483111154,0.07294339480805852,0.029007968327152446,0.8771048411346095,0.0,0.002867846045905582,0.02072140924125488,0.007033677458153752,3.8112659115966716,0.0,0.17163225418462458,21.484328956600173,4.389708830309711,21.929500350806855,0.791533025959707,0.0,0.0,16.16217299789516,,,0.0,,,6.479903778690988,,0.7143279542948782,18.354377568407333,0.0,0.0,0.14302834018241953,0.08257742808459455,0.07474315926631249,0.6790743710534228,0.07220231532524807,0.556860779793525,0.0038112659115966713,0.0,,0.002585947679663225,0.029041796131101524,0.2510881276936955,0.014297258694998495,0.03562443620326751,0.0050892051718953585,0.041678986669339474,53.813145234038274,1.114112458654906,3.2364751428285055,0.003070186428786208,0.007304926330560287,,1231.6754841134589,,0.7400546256389695,25.196702415555773,0.6352109852661119,0.11550253082088802,0.08585935150846946,0.15912035180916104,0.24403315124787006,152.42958805252076,0.007633807757843038,,0.012548862383482006,0.0696927934248772,0.08947078280044099,0.019787385987771872,0.007304926330560287,106.23935050616416,3.3877919214192636,155.52082289265306,0.03970068657913199,0.0,0.22901423273529112,0.5911408740102234,0.5148316127092311,5.590528214894256,0.4511902375463565,0.4573343690488122,1.7950818131702915,5.391303122181015,1.963526736493936,3.568090984263806,,0.06651673849854665,0.4313796732484714,0.03310175904580535,0.011592913701513479,0.020356820687581434,,,0.003070186428786208,,0.0,
80255,215188,Prosciutto crudo and buffalo mozzarella,,,,,1.0,350.0,3,https://app.nutrium.com/rails/active_storage/representations/redirect/eyJfcmFpbHMiOnsibWVzc2FnZSI6IkJBaHBBb1dyIiwiZXhwIjpudWxsLCJwdXIiOiJibG9iX2lkIn19--8357febafa6b54fc4922dcaa5da76855da6f0378/eyJfcmFpbHMiOnsibWVzc2FnZSI6IkJBaDdCem9MWm05eWJXRjBTU0lJU2xCSEJqb0dSVlE2RTNKbGMybDZaVjkwYjE5bWFXeHNXd2RwQWl3QmFRSXNBUT09IiwiZXhwIjpudWxsLCJwdXIiOiJ2YXJpYXRpb24ifX0=--63229b1c519612769b622784e8cfd66fd329198f/DSC00894-min.JPG,"[{'created_at': '2020-08-15T09:21:45Z', 'description': 'No cooked.', 'id': 149876, 'recipe_id': 80255}, {'created_at': '2020-08-15T09:21:45Z', 'description': 'No cooked.', 'id': 149877, 'recipe_id': 80255}, {'created_at': '2020-08-15T09:21:45Z', 'description': 'No cooked.', 'id': 149878, 'recipe_id': 80255}]",139.88571428571404,,,,,,,,,154.37142857142837,0.3732857142857143,,0.0,0.0,0.00285714285714286,0.0,142.97142857142822,,3.4804285714285728,0.28571428571428603,171.4285714285716,196.91428571428565,15.714285714285747,0.37142857142857144,274.4319999999998,107.39999999999995,,0.02271428571428573,0.19540000000000032,0.2919999999999999,,,0.06599999999999996,,,,,,,1.869714285714288,7.399999999999999,0.17857142857142827,,,,,,42.34285714285715,150.6857142857144,0.16285714285714267,,,,,,,,,,,,0.0,,,,,,0.0285714285714286,22.062857142857165,18.654285714285745,0.497142857142857,0.1142857142857144,,,,,,,,,2.1428571428571392,,0.03999999999999996,0.28571428571428603,,,,,,,,,,,,,,,,,,,,,0.0,,,,1148.2234880000012,,0.1837142857142855,,,,,,,39.999999999999964,,,,,,,,,,,,,,0.0,,1.352428571428569,,,,,,,,0.008000000000000023,1.5000000000000007,0.001142857142857144,,,,,,,,
181097,424523,FRIED PANKO SHRIMPS WITH MINT MAYONNAISE,,,,,1.0,117.0,3,https://app.nutrium.com/rails/active_storage/representations/redirect/eyJfcmFpbHMiOnsibWVzc2FnZSI6IkJBaHBBNjNsQnc9PSIsImV4cCI6bnVsbCwicHVyIjoiYmxvYl9pZCJ9fQ==--316b38de092746d6adfc98a37df1c3b09cd2f365/eyJfcmFpbHMiOnsibWVzc2FnZSI6IkJBaDdCem9MWm05eWJXRjBTU0lJYW5CbkJqb0dSVlE2RTNKbGMybDZaVjkwYjE5bWFXeHNXd2RwQWl3QmFRSXNBUT09IiwiZXhwIjpudWxsLCJwdXIiOiJ2YXJpYXRpb24ifX0=--b44c98460dfda55293bc1375ff5638f722bd6d84/IMG_9914.jpg,"[{'created_at': '2021-12-09T17:04:08Z', 'description': 'Fried.', 'id': 347288, 'recipe_id': 181097}, {'created_at': '2021-12-09T17:04:08Z', 'description': 'Fried.', 'id': 347289, 'recipe_id': 181097}]",128.33333333333334,0.0010256410256410254,11.226153846153844,0.0010256410256410254,0.005641025641025641,0.06051282051282051,0.0,0.0005128205128205127,0.05384615384615384,0.0,5.364273504273505,0.07948717948717948,0.008974358974358974,0.17307692307692307,0.44487179487179485,0.32179487179487176,178.7179487179487,0.6837606837606838,1.6033333333333333,0.008974358974358974,19.999999999999996,22.102564102564102,13.846153846153845,0.5299145299145299,260.64957264957263,178.5042735042735,0.017435897435897435,0.08521367521367522,0.12200854700854699,0.5992735042735043,0.06247863247863247,0.06495726495726496,0.03405982905982906,0.015384615384615382,0.08888888888888889,2.6495726495726495,0.5511111111111111,0.155,0.0298974358974359,0.8405982905982906,23.034188034188034,0.11,0.1400854700854701,14.529914529914532,1.3888888888888888,0.0008547008547008547,1.794871794871795,58.439743589743586,53.46153846153846,0.8931623931623932,,,3.727863247863247,0.0,0.0,0.15888888888888889,0.17252136752136754,0.09465811965811964,0.14393162393162393,0.06055555555555555,0.5641025641025641,0.0,0.020512820512820513,0.0,0.015384615384615382,0.0,0.0,0.9568376068376068,19.927777777777774,13.193162393162392,6.951709401709401,0.0,,0.0,0.0,0.0,0.0,7.008547008547009,0.03846153846153846,0.09401709401709403,4.717948717948717,,0.3846153846153846,1.2363247863247864,0.0,0.0,0.21256410256410255,0.13123931623931626,0.09405982905982906,0.012307692307692306,0.0926068376068376,0.005128205128205128,0.0,0.07948717948717948,0.0,0.028205128205128206,0.2933333333333333,0.05538461538461538,0.015897435897435894,0.0,0.0,1.4933333333333334,85.19658119658119,0.17948717948717946,5.099145299145299,0.0005128205128205127,0.0015384615384615382,0.0005128205128205127,1090.5578119658135,0.0,5.758974358974358,0.0,,0.13025641025641024,0.13153846153846152,0.22188034188034186,0.012307692307692306,97.23076923076921,0.0010256410256410254,0.0005128205128205127,0.0010256410256410254,0.006153846153846153,1.563076923076923,0.10615384615384614,0.0010256410256410254,0.0,0.0,0.0,0.07098290598290598,,,0.2760683760683761,3.5569230769230766,11.81102564102564,0.0,0.0,0.010769230769230769,0.9688888888888888,0.39495726495726496,11.32230769230769,0.0,0.12081196581196581,0.11837606837606836,0.22525641025641024,0.003418803418803419,0.0,,,,,,
182290,426874,"1/2 Tagliolini with squid, artichokes and mint",,,,,1.0,367.0,3,https://app.nutrium.com/rails/active_storage/representations/redirect/eyJfcmFpbHMiOnsibWVzc2FnZSI6IkJBaHBBMS9sQnc9PSIsImV4cCI6bnVsbCwicHVyIjoiYmxvYl9pZCJ9fQ==--13cdf13ec2d2023993718c0cff8aed377c00b995/eyJfcmFpbHMiOnsibWVzc2FnZSI6IkJBaDdCem9MWm05eWJXRjBTU0lJYW5CbkJqb0dSVlE2RTNKbGMybDZaVjkwYjE5bWFXeHNXd2RwQWl3QmFRSXNBUT09IiwiZXhwIjpudWxsLCJwdXIiOiJ2YXJpYXRpb24ifX0=--b44c98460dfda55293bc1375ff5638f722bd6d84/IMG_9893.jpg,"[{'created_at': '2021-12-16T14:51:45Z', 'description': 'Pasta boiled.', 'id': 349992, 'recipe_id': 182290}, {'created_at': '2021-12-16T14:51:45Z', 'description': 'Creamed in a pan.', 'id': 349993, 'recipe_id': 182290}]",86.79525627044711,,0.026335877862595402,,0.0,0.00125408942202835,0.0,,0.0,75.84514721919301,0.251041439476554,0.0,0.00054525627044711,0.012540894220283502,0.06270447110141772,0.00054525627044711,378.70774263904,3.9880043620501606,0.30483642311886605,0.0,2.0447110141766602,14.6305888767721,50.6079607415485,8.2211014176663,81.39926390403491,325.8287895310801,0.0,0.0907619956379498,0.103834514721919,1.02460877862595,0.00752862595419847,0.18811341330425302,0.138011177753544,0.0,,0.286259541984733,0.0423664122137404,0.020896946564885503,0.00573882224645583,0.7922164667393681,8.011177753544171,0.15589830970556204,0.021755725190839702,0.286259541984733,0.07156488549618321,,3.02617230098146,72.98278353326062,74.46837513631411,1.03628680479826,,2.63358778625954,0.04258996728462381,0.0,0.0,0.022814885496183202,0.011708015267175602,0.011192748091603102,0.0188358778625954,0.008244274809160302,0.5416030534351151,0.0,0.00125408942202835,,0.0,0.0,0.0,0.017175572519084005,1.64413849509269,5.406215921483101,12.050081788440602,0.0,0.0,0.0,0.0,,,0.0,,,9.64994547437296,,4.31924754634678,1.3790212649945501,0.0,0.0,0.026793893129771,0.016001908396946603,0.0129675572519084,0.0,0.0127671755725191,0.0,0.0,0.0,,,0.016139585605234503,0.0,0.0,0.0,0.0,0.0,426.32224645583403,0.225736095965104,10.479280261723,0.0,0.0,0.0,340.574520174482,,0.6364776444929121,0.0,0.0,0.017891221374045804,0.0188358778625954,0.0331774809160305,0.0,30.6729552889858,0.0,,0.0,0.0,0.0,0.0,,0.572519083969466,0.0,0.0,0.011335877862595403,0.0501635768811341,0.8151581243184302,0.00770174482006543,0.028844056706652105,0.866724372955289,0.0,0.0,0.0,0.09122955288985822,0.0025940567066521304,0.04022491821155941,,0.127381406761178,0.4098009814612871,0.157922573609596,0.0238276990185387,,,,0.0,,0.0,0.0
182111,426516,1/2 portion Fettuccine pasta with Porcini Mushrooms and Dragoncello,,,,,1.0,169.0,3,https://app.nutrium.com/rails/active_storage/representations/redirect/eyJfcmFpbHMiOnsibWVzc2FnZSI6IkJBaHBBeTdsQnc9PSIsImV4cCI6bnVsbCwicHVyIjoiYmxvYl9pZCJ9fQ==--a2d82b6105778fbbe374ac27ba9444f828272cab/eyJfcmFpbHMiOnsibWVzc2FnZSI6IkJBaDdCem9MWm05eWJXRjBTU0lJYW5CbkJqb0dSVlE2RTNKbGMybDZaVjkwYjE5bWFXeHNXd2RwQWl3QmFRSXNBUT09IiwiZXhwIjpudWxsLCJwdXIiOiJ2YXJpYXRpb24ifX0=--b44c98460dfda55293bc1375ff5638f722bd6d84/IMG_9886.jpg,"[{'created_at': '2021-12-15T14:42:29Z', 'description': 'Pasta cooked in boiling water and then creamed in a pan.', 'id': 349636, 'recipe_id': 182111}]",62.7650887573964,,,,,,,,,6.40828402366864,0.284931952662722,,0.0,0.0,0.0,0.00532544378698225,58.5426035502959,,0.31262426035503,0.0,13.491124260355,18.6508875739645,10.6775147928994,1.52544378698225,129.66849112426,65.3189349112426,,0.0818934911242604,0.0347041420118343,0.373668639053254,0.00100295857988166,,0.0632100591715976,,,0.0266272189349112,0.00714497041420118,0.00258284023668639,0.0005887573964497041,0.286094674556213,0.449704142011834,0.007065088757396451,0.0024230769230769206,0.0266272189349112,0.205917159763314,,0.0520710059171598,64.3873964497041,13.9491124260355,0.6546035502958581,,,0.00203254437869823,0.0,0.0,0.0016863905325443802,0.000887573964497041,0.00177514792899408,0.00162426035502959,0.000576923076923077,3.25769230769231,0.0,,,0.0,0.0,0.0,0.0133136094674556,1.8385798816568,7.2987573964497,25.0549704142012,0.11360946745562102,,0.0,0.0,,,0.0,,,0.131952662721893,,2.89260355029586,1.4301775147929,0.0,0.0,0.00273372781065089,0.00192603550295858,0.00139349112426036,0.0,0.000718934911242604,0.0,0.0,0.0,,,0.0,0.0,0.0,,,,71.8343195266272,0.00236686390532544,21.8579881656805,,,,542.5329668639038,,0.19807100591716004,0.0,,0.00562721893491124,0.00117159763313609,0.00434023668639053,,32.3080650887574,,,0.0,0.0,0.00017751479289940803,,,0.142011834319527,0.0,0.0798816568047337,0.000674556213017752,,,0.00828402366863905,,0.456073964497041,0.0,1.77514792899408e-05,0.0,0.0007721893491124261,0.0,9.763313609467452e-05,,0.0160236686390533,0.0,0.00299704142011834,,,,,,,,
182065,426448,Principessa Neapolitan Antichi Grani Siciliani Pizza,,,,,1.0,380.0,3,https://app.nutrium.com/rails/active_storage/representations/redirect/eyJfcmFpbHMiOnsibWVzc2FnZSI6IkJBaHBBOWpLQnc9PSIsImV4cCI6bnVsbCwicHVyIjoiYmxvYl9pZCJ9fQ==--d6b7d2b3fdcbc2d3ea860fcf74c8068ffcb37451/eyJfcmFpbHMiOnsibWVzc2FnZSI6IkJBaDdCem9MWm05eWJXRjBTU0lJYW5CbkJqb0dSVlE2RTNKbGMybDZaVjkwYjE5bWFXeHNXd2RwQWl3QmFRSXNBUT09IiwiZXhwIjpudWxsLCJwdXIiOiJ2YXJpYXRpb24ifX0=--b44c98460dfda55293bc1375ff5638f722bd6d84/principessa_integrale__1_.jpg,"[{'created_at': '2021-12-15T12:07:07Z', 'description': 'cooked in a wood oven 400 ° 1 minute and 30 seconds', 'id': 349548, 'recipe_id': 182065}]",78.03947368421052,,,,,,,,,56.47368421052631,0.25625,,0.0,0.0,0.0,0.0,46.72368421052631,,3.270947368421053,0.23421052631578945,45.63157894736842,51.84210526315789,9.218421052631578,1.8842105263157893,294.23256578947365,82.21052631578947,,0.014999999999999998,0.06855263157894737,0.3897368421052631,,,0.034473684210526316,,,0.0,,,0.0,0.5539473684210526,6.552631578947367,0.09144736842105264,,0.0,0.0,,0.0,22.54078947368421,38.36842105263158,0.36526315789473685,,,0.0,0.0,0.0,,,,,,0.0,0.0,,,0.0,0.0,0.0,0.049999999999999996,6.115526315789474,12.310263157894736,46.59342105263158,0.23105263157894734,,0.0,0.0,,,0.0,,,3.171052631578947,,2.634210526315789,0.8644736842105263,0.0,0.0,,,,0.0,,0.0,0.0,0.0,,,0.0,0.0,0.0,,,,0.0,0.0,0.005263157894736843,,,,1231.069055263159,,0.30421052631578943,0.0,,,,,,17.44736842105263,,,0.0,0.0,0.0,,,0.0,0.0,0.0,,,,0.007894736842105262,,1.775828947368421,0.0,0.0,0.00013157894736842105,0.004210526315789474,0.0006052631578947368,0.0,,0.034210526315789476,0.3452631578947368,0.020789473684210528,,,,0.0,,,,
182064,426445,Norma Neapolitan Antichi Grani Siciliani Pizza,,,,,1.0,554.0,3,https://app.nutrium.com/rails/active_storage/representations/redirect/eyJfcmFpbHMiOnsibWVzc2FnZSI6IkJBaHBBOWJLQnc9PSIsImV4cCI6bnVsbCwicHVyIjoiYmxvYl9pZCJ9fQ==--3e247781207d095c0fdecde8346650dddbd3d0c9/eyJfcmFpbHMiOnsibWVzc2FnZSI6IkJBaDdCem9MWm05eWJXRjBTU0lJYW5CbkJqb0dSVlE2RTNKbGMybDZaVjkwYjE5bWFXeHNXd2RwQWl3QmFRSXNBUT09IiwiZXhwIjpudWxsLCJwdXIiOiJ2YXJpYXRpb24ifX0=--b44c98460dfda55293bc1375ff5638f722bd6d84/norma_integrale__2_.jpg,"[{'created_at': '2021-12-15T12:06:02Z', 'description': 'cooked in a wood oven 400 ° 1 minute and 30 seconds', 'id': 349547, 'recipe_id': 182064}]",79.6389891696751,,,,,,,,,125.84837545126355,0.2110649819494585,,0.0,0.0,0.0,0.0,33.104693140794225,,2.93043321299639,0.3790613718411553,50.81227436823105,57.03971119133574,10.433212996389893,3.4115523465703976,221.0212093862816,106.2274368231047,,0.02220216606498195,0.07148014440433213,0.29512635379061375,,,0.04729241877256318,,,0.0,,,0.0,0.49097472924187735,6.335740072202166,0.13176895306859207,,0.0,0.0,,0.24368231046931407,42.3231046931408,52.50902527075813,0.19314079422382674,,,0.012093862815884478,0.0,0.0,,,,,,0.6317689530685922,0.0,,,0.0,0.0,0.0,0.19220216606498194,5.0664259927797834,10.154151624548739,32.83754512635379,0.042238267148014444,,0.0,0.0,,,0.0,,,0.8754512635379063,,2.2075812274368234,1.4703971119133576,0.0,0.0,,,,0.0,,0.0,0.0,0.0,,,0.0,0.0,0.0,,,,1.7328519855595668,0.0,0.0032490974729241875,,,,924.7527400722039,,0.23537906137184117,0.0,,,,,,12.851985559566788,,,0.0,0.0,0.0016425992779783396,,,0.0,0.0,0.0,,,,0.0,,1.3010649819494586,0.0,0.006137184115523466,0.0,0.004512635379061373,0.0016245487364620937,0.0019855595667870036,,0.05415162454873646,0.36823104693140796,0.025631768953068595,,,,0.033898916967509025,,,,
80274,215212,Porto Fluviale Neapolitan Antichi Grani Siciliani Focaccia,,,,,1.0,460.0,3,https://app.nutrium.com/rails/active_storage/representations/redirect/eyJfcmFpbHMiOnsibWVzc2FnZSI6IkJBaHBBbzZyIiwiZXhwIjpudWxsLCJwdXIiOiJibG9iX2lkIn19--796275ac1d45ae7798f555722e7db1705a2d8a66/eyJfcmFpbHMiOnsibWVzc2FnZSI6IkJBaDdCem9MWm05eWJXRjBTU0lJYW5CbkJqb0dSVlE2RTNKbGMybDZaVjkwYjE5bWFXeHNXd2RwQWl3QmFRSXNBUT09IiwiZXhwIjpudWxsLCJwdXIiOiJ2YXJpYXRpb24ifX0=--b44c98460dfda55293bc1375ff5638f722bd6d84/focaccia_bianca_integrale__2_.jpg,"[{'created_at': '2020-08-15T10:47:21Z', 'description': 'cooked in a wood oven 400 ° 1 minute and 30 seconds', 'id': 149918, 'recipe_id': 80274}]",66.24347826086957,,0.0,,0.0,0.0,0.0,,0.0,44.878260869565224,0.21613913043478264,,0.0,0.0,0.0,0.0,37.756521739130434,,4.458047826086957,0.5030434782608696,57.482608695652175,65.05652173913043,3.5043478260869567,0.11304347826086956,313.62945652173914,35.891304347826086,0.0,0.007347826086956521,0.05821739130434782,0.07234782608695653,0.0,0.0,0.01639130434782609,0.0,0.0,0.0,0.0,0.0,0.0,0.4747826086956522,2.4869565217391307,0.06047826086956522,0.0,0.0,0.0,0.0,0.0,16.583478260869565,35.947826086956525,0.06782608695652173,,,0.0,0.0,0.0,0.0,0.0,0.0,0.0,0.0,0.0,0.0,,,0.0,0.0,0.0,0.0,10.76304347826087,14.996086956521738,38.546521739130434,0.04521739130434783,,0.0,0.0,0.0,0.0,0.0,0.0,0.0,0.5086956521739131,,1.9021739130434783,0.7747826086956522,0.0,0.0,0.0,0.0,0.0,0.0,0.0,0.0,0.0,0.0,,,0.0,0.0,0.0,0.0,0.0,0.0,0.0,0.0,0.0,0.0,0.0,,1312.225646086956,,0.1633478260869565,0.0,,0.0,0.0,0.0,0.0,19.669565217391302,0.0,,0.0,0.0,0.0,0.0,0.0,0.0,0.0,0.0,0.0,,,0.0,0.0,2.2369043478260866,0.0,0.0,0.0,0.0,0.0,0.0,,0.0,0.31086956521739134,0.0,0.0,,0.0,0.0,0.0,0.0,,
182066,426449,Quattro Formaggi Neapolitan Antichi Grani Siciliani Pizza,,,,,1.0,365.0,3,https://app.nutrium.com/rails/active_storage/representations/redirect/eyJfcmFpbHMiOnsibWVzc2FnZSI6IkJBaHBBOW5LQnc9PSIsImV4cCI6bnVsbCwicHVyIjoiYmxvYl9pZCJ9fQ==--d20df12f5dc038e1df383728a06ba73c4bb33828/eyJfcmFpbHMiOnsibWVzc2FnZSI6IkJBaDdCem9MWm05eWJXRjBTU0lJYW5CbkJqb0dSVlE2RTNKbGMybDZaVjkwYjE5bWFXeHNXd2RwQWl3QmFRSXNBUT09IiwiZXhwIjpudWxsLCJwdXIiOiJ2YXJpYXRpb24ifX0=--b44c98460dfda55293bc1375ff5638f722bd6d84/4formaggi_integrale__1_.jpg,"[{'created_at': '2021-12-15T12:08:18Z', 'description': 'cooked in a wood oven 400 ° 1 minute and 30 seconds', 'id': 349549, 'recipe_id': 182066}]",89.31506849315068,,,,,,,,,26.46575342465753,0.243,,0.0,0.0,0.0,0.0,118.8904109589041,,4.662739726027397,0.08630136986301369,50.06849315068493,37.23287671232877,6.161643835616439,0.0,327.57226027397263,22.383561643835616,,0.01,0.07301369863013699,0.2345205479452055,,,0.02561643835616438,,,0.0,,,0.0,0.6493150684931507,3.0410958904109586,0.09575342465753425,,0.0,0.0,,3.835616438356164,14.084931506849314,134.54794520547946,0.1358904109589041,,,0.03506849315068493,0.01808219178082192,0.03945205479452054,,,,,,0.04931506849315069,0.0,,,0.0,0.0,0.0,0.423013698630137,7.816438356164383,15.435616438356165,48.08904109589041,0.046027397260273974,,0.0,0.0,,,0.0,,,0.6164383561643836,,2.3972602739726026,0.48630136986301364,0.0,0.0,,,,0.0,,0.044931506849315066,0.0,0.0,,,0.0,0.0,0.0,,,,64.65753424657534,0.0,0.0,,,,1370.5623369863029,,0.08397260273972602,0.0,,,,,,19.484931506849314,,,0.0,0.0019178082191780824,0.004219178082191781,,,0.0,0.0,0.0,,,,0.0,,2.089849315068493,0.025205479452054796,0.08273972602739726,0.15506849315068494,0.4471232876712329,0.15561643835616437,0.2843835616438356,,0.000547945205479452,0.4715068493150685,0.03684931506849315,,,,0.0,,,,
182059,426435,Antichi Grani Siciliani Panuozzo Parma,,,,,1.0,341.0,3,https://app.nutrium.com/rails/active_storage/representations/redirect/eyJfcmFpbHMiOnsibWVzc2FnZSI6IkJBaHBBNzdLQnc9PSIsImV4cCI6bnVsbCwicHVyIjoiYmxvYl9pZCJ9fQ==--ead54c3da754191d1f3dfeb4a44eb21275f92829/eyJfcmFpbHMiOnsibWVzc2FnZSI6IkJBaDdCem9MWm05eWJXRjBTU0lJYW5CbkJqb0dSVlE2RTNKbGMybDZaVjkwYjE5bWFXeHNXd2RwQWl3QmFRSXNBUT09IiwiZXhwIjpudWxsLCJwdXIiOiJ2YXJpYXRpb24ifX0=--b44c98460dfda55293bc1375ff5638f722bd6d84/panuozzo_bassiano_integrale__2_.jpg,"[{'created_at': '2021-12-15T11:37:55Z', 'description': 'cooked in a wood oven 400 ° 1 minute and 30 seconds', 'id': 349538, 'recipe_id': 182059}]",18.794721407624635,,,,,,,,,59.09090909090909,0.05782991202346041,,0.0,0.0,0.0,0.0,18.39589442815249,,0.7258357771260997,0.03519061583577713,21.114369501466278,27.463343108504397,5.319648093841643,0.5718475073313783,315.98291788856307,24.545454545454547,,0.0041348973607038125,0.027214076246334314,0.06237536656891496,,,0.013607038123167155,,,2.8445747800586516,,,0.0,0.2451612903225807,2.2580645161290325,0.03480938416422288,,2.8445747800586516,0.44868035190615846,,0.0,7.812023460410558,24.07624633431085,0.08563049853372434,,,0.0038123167155425224,0.0,0.0,,,,,,3.1847507331378297,0.0,,,0.0,0.0,0.0,0.04105571847507331,5.544281524926686,14.161290322580646,51.56363636363636,0.014076246334310852,,0.0,0.0,,,0.0,0.0029325513196480947,,0.2727272727272727,,2.6375366568914957,0.4903225806451613,0.0,0.0,,,,0.0,,8.797653958944283e-05,0.0,0.0,,,0.0,2.9325513196480942e-05,0.0,,,,0.0,0.0,0.0,,,,1322.0725284457476,,0.03868035190615836,0.0,,,,,,4.926686217008798,,,0.0,5.8651026392961884e-05,0.00498533724340176,,,104.25219941348975,0.0,69.58944281524927,,,,0.0,,0.16835777126099707,0.0,0.0,0.0,0.0021114369501466276,0.00011730205278592377,0.0013489736070381232,,0.009413489736070382,0.18475073313782991,0.0022287390029325513,,,,,,,,
182480,427305,Amatriciana Burger,,,,,1.0,396.5,3,https://app.nutrium.com/rails/active_storage/representations/redirect/eyJfcmFpbHMiOnsibWVzc2FnZSI6IkJBaHBBNTNsQnc9PSIsImV4cCI6bnVsbCwicHVyIjoiYmxvYl9pZCJ9fQ==--778ba763089c67a71750c99596252e93eab39650/eyJfcmFpbHMiOnsibWVzc2FnZSI6IkJBaDdCem9MWm05eWJXRjBTU0lJYW5CbkJqb0dSVlE2RTNKbGMybDZaVjkwYjE5bWFXeHNXd2RwQWl3QmFRSXNBUT09IiwiZXhwIjpudWxsLCJwdXIiOiJ2YXJpYXRpb24ifX0=--b44c98460dfda55293bc1375ff5638f722bd6d84/IMG_9898.jpg,"[{'created_at': '2021-12-17T17:44:33Z', 'description': 'Grilled.', 'id': 350389, 'recipe_id': 182480}]",153.69735182849936,0.008414880201765448,0.23028852459016397,0.0004771752837326607,0.002352585119798235,8.675914249684741e-05,0.00015182849936948298,0.0002602774274905422,0.0005629255989911727,37.45598991172761,0.665161916771753,0.0,0.003530895334174023,0.014754098360655738,1.2891979823455235,0.2939697351828499,338.6113493064313,0.026683480453972258,4.838014375788147,0.2934678436317781,31.082723833543504,28.29861286254729,32.927868852459014,2.2143757881462798,286.4222698612862,249.68978562421188,0.0003904161412358133,0.15611979823455233,0.1712799495586381,3.3963238335435055,0.006800756620428751,0.05808322824716267,0.2549611601513241,0.0018865069356872636,0.00021689785624211854,1.032282471626734,0.03705018915510719,0.01885422446406053,0.005874552332912989,2.563924337957125,16.924791929382092,0.44749508196721316,0.020068348045397227,1.032282471626734,6.453064312736444,0.001301387137452711,9.688726355611603,50.2169709962169,56.606532156368225,1.3566784363177806,0.0012691046658259773,0.03324085750315259,0.061890542244640606,0.007912736443883987,0.021000252206809587,0.021258007566204287,0.011456746532156368,0.00944716267339218,0.01492484237074401,0.005933921815889029,0.8949306431273645,0.0,0.0,0.0,0.0,0.0,0.0,0.12841614123581338,20.011815889029005,15.063944514501893,11.968411097099622,0.6329129886506936,0.0,0.0,0.0,0.0,0.0,0.0,0.007793190416141235,0.0021689785624211854,6.415384615384616,0.035863808322824715,0.7645725094577553,2.357694829760404,0.0,0.0,0.023910970996216897,0.01477250945775536,0.012222446406052963,0.5838774274905423,0.010998991172761664,0.018718537200504416,0.0,0.0,0.0,0.0,0.001019419924337957,0.008479949558638084,0.0012580075662042877,0.0002602774274905422,0.0,0.002706431273644389,376.953341740227,2.356216897856242,9.51389659520807,0.0015293820933165196,0.013349306431273647,0.0002819672131147541,1198.3907770996207,2.1689785624211853e-05,0.5468524590163935,1.778562421185372,0.043379571248423704,0.01791853720050441,0.01606633039092055,0.029100126103404792,0.003967717528373267,74.48423707440101,0.0004988650693568726,6.506935687263555e-05,0.00015182849936948298,0.004077679697351828,0.05532181588902901,0.0006567465321563684,0.013284237074401012,10.909962168978561,0.19520807061790665,22.426986128625472,0.008332156368221943,0.0007061790668348045,0.005245901639344263,0.27953341740226983,0.04453165195460277,4.487825220680958,0.012963177805800759,0.016420933165195464,0.053298865069356875,0.20033745271122325,0.08233568726355613,0.16462774274905423,0.0014050441361916773,0.09547919293820933,1.2203858764186635,0.07229054224464061,0.0003127364438839849,,,,,,,
182494,427322,Picanha Sword,,,,,1.0,250.0,3,https://app.nutrium.com/rails/active_storage/representations/redirect/eyJfcmFpbHMiOnsibWVzc2FnZSI6IkJBaHBBMGtFQ0E9PSIsImV4cCI6bnVsbCwicHVyIjoiYmxvYl9pZCJ9fQ==--893678f66058559a156bba5521ce2cf14f47cde1/eyJfcmFpbHMiOnsibWVzc2FnZSI6IkJBaDdCem9MWm05eWJXRjBTU0lJYW5CbkJqb0dSVlE2RTNKbGMybDZaVjkwYjE5bWFXeHNXd2RwQWl3QmFRSXNBUT09IiwiZXhwIjpudWxsLCJwdXIiOiJ2YXJpYXRpb24ifX0=--b44c98460dfda55293bc1375ff5638f722bd6d84/20220106_135629.jpg,"[{'created_at': '2021-12-17T18:21:47Z', 'description': 'Grilled.', 'id': 350415, 'recipe_id': 182494}]",,,,,,,,,,,,,,,,,86.0,,5.0,,,,,,,361.0,,,,,,,,,,,,,,,,,,,,,,,,17.0,,,,,,,,,,,,,,,,,,,14.0,26.0,,,,,,,,,,,,,,,,,,,,,,,,,,,,,,,,,,,,,,,,,,,,,,,,83.0,,,,,,,,,,,,,,,,7.0,,,,,,,,,,,,,,,,,,
182492,427319,Veggie Miniburger,,,,,1.0,90.0,3,https://app.nutrium.com/rails/active_storage/representations/redirect/eyJfcmFpbHMiOnsibWVzc2FnZSI6IkJBaHBBNnZsQnc9PSIsImV4cCI6bnVsbCwicHVyIjoiYmxvYl9pZCJ9fQ==--c151156f07583bc97a5927a3c23400b0f1138722/eyJfcmFpbHMiOnsibWVzc2FnZSI6IkJBaDdCem9MWm05eWJXRjBTU0lJYW5CbkJqb0dSVlE2RTNKbGMybDZaVjkwYjE5bWFXeHNXd2RwQWl3QmFRSXNBUT09IiwiZXhwIjpudWxsLCJwdXIiOiJ2YXJpYXRpb24ifX0=--b44c98460dfda55293bc1375ff5638f722bd6d84/IMG_9902.jpg,"[{'created_at': '2021-12-17T18:12:19Z', 'description': 'Grilled.', 'id': 350407, 'recipe_id': 182492}]",70.3066994468347,0.0100909649661955,0.299077750460971,0.000507068223724647,0.0033023970497848805,0.0016579594345421,0.0003365089121081751,0.00027658266748617103,0.00027658266748617103,724.824523663184,0.767372771972956,0.0,0.0012907191149354603,0.0235832821143208,5.145636140135221,0.533331284572833,664.938844499078,1.13859864781807,0.9471306084818681,0.333171481253841,13.6284572833436,103.665949600492,68.7978795328826,11.5749784880148,145.05224339274702,277.8537185003071,0.000414874001229256,0.101938229870928,0.0974932390903503,0.625780270436386,0.025225261216963703,0.230417947141979,0.154287338660111,0.0768746158574063,0.00023048555623847601,20.092501536570403,0.169683773816841,0.05057559926244621,0.0125719729563614,0.582071296865396,27.848801475107603,0.341285494775661,0.0627357098955132,19.8063921327597,10.7350645359557,0.006195451751690231,4.91333743085433,63.999062692071305,62.385064535955706,1.05055931161647,0.00505716041794714,0.0208973570989551,0.349921020282729,0.010291948371235402,0.026312845728334405,0.055868162261831604,0.040464044253226805,0.037453288260602305,0.0502071296865396,0.018794099569760303,8.02381684081131,0.0,7.3140749846343e-05,0.0,0.000617701290719115,205.326982175784,0.0,0.349013521819299,3.9967670559311603,4.70562384757222,24.0307314074985,0.0460971112476951,0.0,0.0,0.0,0.0,0.0,0.0,0.0196988322065151,0.38002458512599907,3.59520590043024,2.5799323909035,2.18110018438845,7.223558696988321,0.0,0.0,0.0707166564228642,0.04353196066379841,0.04371511985248921,0.10567178856791601,0.0286226183159189,0.023555316533497205,0.0,0.0,0.0,0.0,0.00188875230485556,0.010979102642901003,0.00195451751690227,0.0005820528580208971,0.0,0.12103902888752302,972.1435464044251,1.05654578979717,13.4009004302397,0.00533374308543331,0.09077658266748621,0.000299631223110018,606.8985863552533,2.30485556238476e-05,0.724127228027044,1.8952059004302402,0.0460971112476951,0.0797086662569146,0.04923663183773821,0.10884695759065802,0.00565334972341733,10.5714812538414,0.0005301167793484941,6.91456668715427e-05,0.000161339889366933,0.004950829748002461,0.130349108789183,0.0029966195451751705,0.0907074370006146,851.604486785495,1.82821143208359,990.866625691457,0.0200491702519975,0.0,0.0,0.634360786724032,0.191677627535341,1.89610448678549,0.0164870928088506,0.0206985248924401,0.0687025199754149,0.31965857406269205,0.13550061462815,0.43068838352796607,0.0016714812538414301,0.377794406883835,0.08197295636140141,0.136635832821143,0.014065765212046702,,0.00888137676705593,,,,,
182484,427311,Amatriciana Miniburger,,,,,1.0,90.0,3,https://app.nutrium.com/rails/active_storage/representations/redirect/eyJfcmFpbHMiOnsibWVzc2FnZSI6IkJBaHBBN0RsQnc9PSIsImV4cCI6bnVsbCwicHVyIjoiYmxvYl9pZCJ9fQ==--eb07b2a8859a89b285a4560e4a97acd0567d26c1/eyJfcmFpbHMiOnsibWVzc2FnZSI6IkJBaDdCem9MWm05eWJXRjBTU0lJYW5CbkJqb0dSVlE2RTNKbGMybDZaVjkwYjE5bWFXeHNXd2RwQWl3QmFRSXNBUT09IiwiZXhwIjpudWxsLCJwdXIiOiJ2YXJpYXRpb24ifX0=--b44c98460dfda55293bc1375ff5638f722bd6d84/IMG_9900.jpg,"[{'created_at': '2021-12-17T17:55:28Z', 'description': 'Grilled.', 'id': 350399, 'recipe_id': 182484}]",153.697351828499,0.00841488020176545,0.230288524590164,0.000477175283732661,0.00235258511979824,8.67591424968474e-05,0.000151828499369483,0.00026027742749054204,0.000562925598991173,37.455989911727606,0.6651619167717531,0.0,0.0035308953341740205,0.014754098360655702,1.28919798234552,0.29396973518285,338.611349306431,0.026683480453972303,4.838014375788151,0.2934678436317781,31.0827238335435,28.298612862547305,32.927868852459,2.2143757881462807,286.422269861286,249.689785624212,0.00039041614123581307,0.15611979823455202,0.17127994955863804,3.3963238335435104,0.00680075662042875,0.0580832282471627,0.25496116015132403,0.0018865069356872601,0.000216897856242119,1.03228247162673,0.0370501891551072,0.018854224464060505,0.00587455233291299,2.56392433795713,16.9247919293821,0.447495081967213,0.020068348045397203,1.03228247162673,6.45306431273644,0.0013013871374527102,9.6887263556116,50.2169709962169,56.6065321563682,1.35667843631778,0.0012691046658259801,0.0332408575031526,0.061890542244640606,0.00791273644388399,0.021000252206809605,0.0212580075662043,0.0114567465321564,0.00944716267339218,0.014924842370744,0.005933921815889031,0.894930643127364,0.0,0.0,0.0,0.0,0.0,0.0,0.128416141235813,20.011815889029002,15.063944514501902,11.968411097099601,0.6329129886506941,0.0,0.0,0.0,0.0,0.0,0.0,0.00779319041614124,0.00216897856242119,6.41538461538462,0.0358638083228247,0.764572509457755,2.3576948297604,0.0,0.0,0.0239109709962169,0.014772509457755401,0.012222446406053,0.583877427490542,0.010998991172761702,0.018718537200504405,0.0,0.0,0.0,0.0,0.00101941992433796,0.00847994955863808,0.00125800756620429,0.00026027742749054204,0.0,0.00270643127364439,376.953341740227,2.3562168978562403,9.51389659520807,0.0015293820933165202,0.0133493064312736,0.000281967213114754,1198.3907770996207,2.1689785624211904e-05,0.546852459016393,1.77856242118537,0.0433795712484237,0.017918537200504403,0.016066330390920605,0.0291001261034048,0.00396771752837327,74.484237074401,0.000498865069356873,6.50693568726356e-05,0.000151828499369483,0.00407767969735183,0.05532181588902901,0.000656746532156368,0.013284237074401,10.9099621689786,0.19520807061790701,22.4269861286255,0.00833215636822194,0.000706179066834805,0.00524590163934426,0.27953341740227,0.0445316519546028,4.48782522068096,0.012963177805800802,0.0164209331651955,0.05329886506935691,0.20033745271122302,0.0823356872635561,0.16462774274905403,0.00140504413619168,0.09547919293820932,1.2203858764186601,0.0722905422446406,0.000312736443883985,,,,,,,
182908,428078,CURED MEATS ERCOLI SELECTION,,,,,1.0,140.0,3,https://app.nutrium.com/rails/active_storage/representations/redirect/eyJfcmFpbHMiOnsibWVzc2FnZSI6IkJBaHBBNi9tQnc9PSIsImV4cCI6bnVsbCwicHVyIjoiYmxvYl9pZCJ9fQ==--ddc2ee67f8d6180b900b1637311d285707861ec9/eyJfcmFpbHMiOnsibWVzc2FnZSI6IkJBaDdCem9MWm05eWJXRjBTU0lJYW5CbkJqb0dSVlE2RTNKbGMybDZaVjkwYjE5bWFXeHNXd2RwQWl3QmFRSXNBUT09IiwiZXhwIjpudWxsLCJwdXIiOiJ2YXJpYXRpb24ifX0=--b44c98460dfda55293bc1375ff5638f722bd6d84/IMG_9943.jpg,"[{'created_at': '2021-12-20T16:22:48Z', 'description': 'No cooked.', 'id': 351197, 'recipe_id': 182908}, {'created_at': '2021-12-20T16:22:48Z', 'description': 'No cooked.', 'id': 351198, 'recipe_id': 182908}]",,,,,,,,,,,,,,,,,1.2599999999999998,,4.6,,,,,,1245.1299999999999,,,,,,,,,,,,,,,,,,,,,,,,,,,,,,,,,,,,,,,,,,,,105.4,21.775,0.9,,,,,,,,,,,,,,,,,,,,,,,,,,,,,,,,,,,,,,5209.623920000001,,,,,,,,,,,,,,,,,,,,,,,,,,,,,,,,,,,,,,,,,,,
182909,428079,SPANISH CURED MEATS ERCOLI SELECTION,,,,,1.0,140.0,3,https://app.nutrium.com/rails/active_storage/representations/redirect/eyJfcmFpbHMiOnsibWVzc2FnZSI6IkJBaHBBNG5sQnc9PSIsImV4cCI6bnVsbCwicHVyIjoiYmxvYl9pZCJ9fQ==--00b6297336558a0febbe5e459581691df0ee469b/eyJfcmFpbHMiOnsibWVzc2FnZSI6IkJBaDdCem9MWm05eWJXRjBTU0lJYW5CbkJqb0dSVlE2RTNKbGMybDZaVjkwYjE5bWFXeHNXd2RwQWl3QmFRSXNBUT09IiwiZXhwIjpudWxsLCJwdXIiOiJ2YXJpYXRpb24ifX0=--b44c98460dfda55293bc1375ff5638f722bd6d84/20211214_162941%20-%20Copia.jpg,"[{'created_at': '2021-12-20T16:24:21Z', 'description': 'No cooked.', 'id': 351200, 'recipe_id': 182909}, {'created_at': '2021-12-20T16:24:21Z', 'description': 'No cooked.', 'id': 351201, 'recipe_id': 182909}]",80.5,,,,,,,,,,,,,,,,527.3825,,9.425,,,,,,338.75,15.55,,,,,,,,,,,,,,0.25,9.75,,,,,,,11.249999999999998,11.999999999999998,2.45,,,,,,,,,,,,,,,,,,,22.15,33.275,0.775,,,,,,,,,,,,,0.625,,,,,,,,,,,,,,,,,,,,,,,,,1417.33,,,,,,,,,,,,,,,,,,,,,,,,,,,,,,,,,,,,,,,,,,,
182910,428080,Entrecote di Sashi,,,,,1.0,350.0,3,https://app.nutrium.com/rails/active_storage/representations/redirect/eyJfcmFpbHMiOnsibWVzc2FnZSI6IkJBaHBBMXZsQnc9PSIsImV4cCI6bnVsbCwicHVyIjoiYmxvYl9pZCJ9fQ==--2e13375697ecb9143a18c9c9ea3cd7163c9eb546/eyJfcmFpbHMiOnsibWVzc2FnZSI6IkJBaDdCem9MWm05eWJXRjBTU0lJYW5CbkJqb0dSVlE2RTNKbGMybDZaVjkwYjE5bWFXeHNXd2RwQWl3QmFRSXNBUT09IiwiZXhwIjpudWxsLCJwdXIiOiJ2YXJpYXRpb24ifX0=--b44c98460dfda55293bc1375ff5638f722bd6d84/IMG_9917.jpg,"[{'created_at': '2021-12-20T16:26:21Z', 'description': 'Grilled.', 'id': 351202, 'recipe_id': 182910}, {'created_at': '2021-12-20T16:26:21Z', 'description': 'Grilled.', 'id': 351203, 'recipe_id': 182910}]",,,,,,,,,,,,,,,,,,,,,,,,,134.0,,,,,,,,,,,,,,,,,,,,,,,,,,,,,,,,,,,,,,,,,,,,46.79999999999999,87.19999999999999,0.0,,,,,,,,,,,,,,,,,,,,,,,,,,,,,,,,,,,,,,560.656,,,,,,,,,,,,,,,,,,,,,,,,,,,,,,,,,,,,,,,,,,,
182912,428083,Fiorentina di Sashi,,,,,1.0,1200.0,3,https://app.nutrium.com/rails/active_storage/representations/redirect/eyJfcmFpbHMiOnsibWVzc2FnZSI6IkJBaHBBeWJsQnc9PSIsImV4cCI6bnVsbCwicHVyIjoiYmxvYl9pZCJ9fQ==--7ca5b39b0b4fecbcce2b4815f7db1b375e0295b4/eyJfcmFpbHMiOnsibWVzc2FnZSI6IkJBaDdCem9MWm05eWJXRjBTU0lJYW5CbkJqb0dSVlE2RTNKbGMybDZaVjkwYjE5bWFXeHNXd2RwQWl3QmFRSXNBUT09IiwiZXhwIjpudWxsLCJwdXIiOiJ2YXJpYXRpb24ifX0=--b44c98460dfda55293bc1375ff5638f722bd6d84/IMG_9920.jpg,"[{'created_at': '2021-12-20T16:29:19Z', 'description': 'Grilled.', 'id': 351206, 'recipe_id': 182912}]",,,,,,,,,,,,,,,,,,,,,,,,,134.0,,,,,,,,,,,,,,,,,,,,,,,,,,,,,,,,,,,,,,,,,,,,46.79999999999999,87.2,0.0,,,,,,,,,,,,,,,,,,,,,,,,,,,,,,,,,,,,,,560.656,,,,,,,,,,,,,,,,,,,,,,,,,,,,,,,,,,,,,,,,,,,
182915,428086,Brisket Beef with Smoke Sauce,,,,,1.0,160.0,3,https://app.nutrium.com/rails/active_storage/representations/redirect/eyJfcmFpbHMiOnsibWVzc2FnZSI6IkJBaHBBNi9sQnc9PSIsImV4cCI6bnVsbCwicHVyIjoiYmxvYl9pZCJ9fQ==--3ea6340d689bd1b4d1c9768ad6db8e3b2538288d/eyJfcmFpbHMiOnsibWVzc2FnZSI6IkJBaDdCem9MWm05eWJXRjBTU0lJYW5CbkJqb0dSVlE2RTNKbGMybDZaVjkwYjE5bWFXeHNXd2RwQWl3QmFRSXNBUT09IiwiZXhwIjpudWxsLCJwdXIiOiJ2YXJpYXRpb24ifX0=--b44c98460dfda55293bc1375ff5638f722bd6d84/IMG_9934.jpg,"[{'created_at': '2021-12-20T16:32:54Z', 'description': 'Grilled.', 'id': 351213, 'recipe_id': 182915}, {'created_at': '2021-12-20T16:32:54Z', 'description': 'Grilled.', 'id': 351214, 'recipe_id': 182915}]",,,,,,,,,,,,,,,,,0.9000000000000001,,10.2,,,,,,342.0,,,,,,,,,,,,,,,,,,,,,,,,,,,,,,,,,,,,,,,,,,,,26.1,24.800000000000004,0.0,,,,,,,,,,,,,,,,,,,,,,,,,,,,,,,,,,,,,,1430.928,,,,,,,,,,,,,,,,,,,,,,,,,,,,,,,,,,,,,,,,,,,
183093,428423,Chorizo and Pumpkin Antichi Grani Siciliani Pizza,,,,,1.0,640.0,3,https://app.nutrium.com/rails/active_storage/representations/redirect/eyJfcmFpbHMiOnsibWVzc2FnZSI6IkJBaHBBeVRsQnc9PSIsImV4cCI6bnVsbCwicHVyIjoiYmxvYl9pZCJ9fQ==--14adea968b0aa63c12f8fe7395812d3fdb2ae61f/eyJfcmFpbHMiOnsibWVzc2FnZSI6IkJBaDdCem9MWm05eWJXRjBTU0lJYW5CbkJqb0dSVlE2RTNKbGMybDZaVjkwYjE5bWFXeHNXd2RwQWl3QmFRSXNBUT09IiwiZXhwIjpudWxsLCJwdXIiOiJ2YXJpYXRpb24ifX0=--b44c98460dfda55293bc1375ff5638f722bd6d84/IMG_9847.jpg,"[{'created_at': '2021-12-21T17:25:28Z', 'description': 'cooked in a wood oven 400 ° 1 minute and 30 seconds', 'id': 351745, 'recipe_id': 183093}]",101.69062500000001,,0.0,,0.0,0.0,,,,528.7890625,0.22726562500000008,,0.0,0.0,0.0453125,0.0484375,274.68742187500004,2.65625,3.9654687500000003,0.0,49.21875,122.8125,16.015624999999993,2.75,193.13710937500014,161.4921875,,0.031140624999999998,0.09156249999999999,0.35687499999999994,0.0075,0.0,0.060312500000000005,0.0,,5.3125,0.07921875,0.0203125,0.0048546875,0.8153437499999998,10.578124999999998,0.16593750000000002,0.02375,5.3125,3.8437499999999996,,0.0,54.653515625000004,49.53281250000002,0.3732031250000001,,0.0,0.0071874999999999994,0.0,0.0,0.017656250000000002,0.013125000000000001,0.01234375,0.01671875,0.0039062499999999996,0.625,0.0,0.0,,0.0,627.5,0.0,0.9187499999999998,8.25703125,9.48765625,20.21796875000001,0.0375,,0.0,0.0,,,0.0,0.03125,0.0,0.828125,,1.164062499999998,1.05078125,0.0,0.0,0.02125,0.014374999999999999,0.014218749999999999,0.0,0.013437499999999998,0.00078125,0.0,0.0,,,0.0,0.00109375,0.0,0.0,,,0.0,0.31249999999999994,2.09140625,,,,808.085665625,,0.43265624999999996,0.0,,0.02296875,0.013437500000000002,0.085,0.0,11.251640624999999,,,0.0,0.0,0.00265625,0.0,,237.65625,0.0,1331.25,0.00625,0.0,0.0,0.0625,,2.030546875000002,0.0,0.00015625,0.00109375,0.00921875,0.00125,0.00109375,,0.0424375,0.49218750000000006,0.05435937499999999,0.0,,,0.0,,,,
183094,428424,Fiori e Alici Antichi Grani Siciliani Pizza,,,,,1.0,424.0,3,https://app.nutrium.com/rails/active_storage/representations/redirect/eyJfcmFpbHMiOnsibWVzc2FnZSI6IkJBaHBBeG5hQnc9PSIsImV4cCI6bnVsbCwicHVyIjoiYmxvYl9pZCJ9fQ==--5f8813aa939678c1cabe7da28b425f788f53b9c2/eyJfcmFpbHMiOnsibWVzc2FnZSI6IkJBaDdCem9MWm05eWJXRjBTU0lJYW5CbkJqb0dSVlE2RTNKbGMybDZaVjkwYjE5bWFXeHNXd2RwQWl3QmFRSXNBUT09IiwiZXhwIjpudWxsLCJwdXIiOiJ2YXJpYXRpb24ifX0=--b44c98460dfda55293bc1375ff5638f722bd6d84/DSC00957.jpg,"[{'created_at': '2021-12-21T17:27:51Z', 'description': 'cooked in a wood oven 400 ° 1 minute and 30 seconds', 'id': 351746, 'recipe_id': 183094}]",122.35141509433961,,,,,,,,,53.360849056603776,0.3967924528301888,,0.0,0.0,0.0,0.0,429.81132075471703,,3.9668867924528306,0.0,62.169811320754725,85.51886792452831,15.188679245283007,1.650943396226415,221.74764150943417,79.02122641509435,,0.02212264150943396,0.10471698113207546,0.4115566037735849,,,0.038679245283018866,,,0.0,,,1.6509433962264172e-05,0.9972169811320751,10.495283018867923,0.139622641509434,,0.0,0.0,,0.0,46.12205188679246,71.40566037735852,0.35341981132075484,,,0.0,0.0,0.0,,,,,,0.0,0.0,,,0.0,0.0,0.0,0.9822641509433959,8.112735849056605,11.80306603773585,25.00943396226416,0.2811320754716981,,0.0,0.0,,,0.0,,,4.056603773584906,,1.2382075471698084,0.41391509433962287,0.0,0.0,,,,0.0,,0.0,0.0,0.0,,,0.0,0.0,0.0,,,,0.0,0.47169811320754707,0.008254716981132056,,,,927.792132075472,,0.39198113207547164,0.0,,,,,,18.964740566037737,,,0.0,0.0,0.0,,,0.0,0.0,0.0,,,,0.009433962264150945,,2.9893396226415123,0.0,0.008018867924528302,0.0,0.0,0.0,0.0,,0.006037735849056605,0.6358490566037737,0.03653301886792451,,,,0.0,,,,
149483,341919,Parma Prosciutto,,,,,1.0,125.0,3,https://app.nutrium.com/rails/active_storage/representations/redirect/eyJfcmFpbHMiOnsibWVzc2FnZSI6IkJBaHBBelhNQlE9PSIsImV4cCI6bnVsbCwicHVyIjoiYmxvYl9pZCJ9fQ==--b4810c842a66140b3f9b772cf1970289c169423d/eyJfcmFpbHMiOnsibWVzc2FnZSI6IkJBaDdCem9MWm05eWJXRjBTU0lJYW5CbkJqb0dSVlE2RTNKbGMybDZaVjkwYjE5bWFXeHNXd2RwQWl3QmFRSXNBUT09IiwiZXhwIjpudWxsLCJwdXIiOiJ2YXJpYXRpb24ifX0=--b44c98460dfda55293bc1375ff5638f722bd6d84/DSC00881.jpg,"[{'created_at': '2021-07-01T16:20:13Z', 'description': 'Raw.', 'id': 283562, 'recipe_id': 149483}]",,,,,,,,,,,,,,,,,,,,,,,,,266.0,,,,,,,,,,,,,,,,,,,,,,,,,,,,,,,,,,,,,,,,,,,,18.0,26.0,0.5,,,,,,,,,,,,,,,,,,,,,,,,,,,,,,,,,,,,,,1112.944,,,,,,,,,,,,,,,,,,,,,,,,,,,,,,,,,,,,,,,,,,,
183092,428422,Chorizo and Pumpkin Neapolitan Pizza,,,,,1.0,654.76,3,https://app.nutrium.com/rails/active_storage/representations/redirect/eyJfcmFpbHMiOnsibWVzc2FnZSI6IkJBaHBBMWZsQnc9PSIsImV4cCI6bnVsbCwicHVyIjoiYmxvYl9pZCJ9fQ==--2e0bf7f8116dceccd5b7091bf0d5598a0f3cb19b/eyJfcmFpbHMiOnsibWVzc2FnZSI6IkJBaDdCem9MWm05eWJXRjBTU0lJYW5CbkJqb0dSVlE2RTNKbGMybDZaVjkwYjE5bWFXeHNXd2RwQWl3QmFRSXNBUT09IiwiZXhwIjpudWxsLCJwdXIiOiJ2YXJpYXRpb24ifX0=--b44c98460dfda55293bc1375ff5638f722bd6d84/IMG_9848.jpg,"[{'created_at': '2021-12-21T17:24:54Z', 'description': 'cooked in a wood oven 400 ° 1 minute and 30 seconds', 'id': 351744, 'recipe_id': 183092}]",156.4165190298736,,0.0,,0.0,0.0,,,,516.7090995173804,0.3194071110025047,,0.0,0.0,0.044291037937564906,0.04734559227808663,890.3489981061755,2.5963711894434605,3.81158897916794,0.0,48.10923086321706,120.04398558250351,15.553790701936576,2.688007819659112,192.48822469301714,186.88577494043622,,0.05128535646649155,0.09131590200989677,0.5771885881849838,0.007330930417252123,0.0,0.09223226831205325,0.0,,5.192742378886921,0.07743295253222555,0.019854603213391168,0.004740653063718003,0.9405385179302342,9.866882521840065,0.1474127924735781,0.023214612987965056,5.192742378886921,3.7571018388417126,,0.0,56.175308509988376,59.82553912884109,0.5499257743295255,,0.0,0.0070254749831999514,0.0,0.0,0.017258232023947707,0.012829128230191215,0.012065489645060786,0.01634186572179119,0.003818192925652147,0.6109108681043436,0.0,0.0,,0.0,613.354511576761,0.0,0.29018266234956325,7.929823141303687,9.139458732970859,22.605977762844386,0.03665465208626061,,0.0,0.0,,,0.0,0.03054554340521718,0.0,0.8094569002382552,,0.9354572667847765,1.3201783859734861,0.0,0.0,0.020770969515547685,0.014050949966399903,0.013898222249373817,0.0,0.013134583664243386,0.0007636385851304295,0.0,0.0,,,0.0,0.0010690940191826013,0.0,0.0,,,0.13951676950332959,0.03665465208626061,20.51681532164458,,,,805.3707321155831,,0.44251206548964506,0.0,,0.022450974402834625,0.013134583664243388,0.08308387806219074,0.0,10.997835695522022,,,0.0,0.0,0.0025963711894434606,0.0,,232.29885759667664,0.0,1301.240149062252,0.006109108681043436,0.0,0.0,0.06109108681043436,,1.9467056631437465,0.0,0.0001527277170260859,0.0010690940191826013,0.009010935304539067,0.0012218217362086872,0.0010690940191826013,,0.04062557272893885,0.4810923086321706,0.0451762477854481,0.0,,,0.0,,,,
183104,428434,Pumpkin and Gorgonzola cheese Antichi Grani Siciliani Style Pizza,,,,,1.0,563.0,3,https://app.nutrium.com/rails/active_storage/representations/redirect/eyJfcmFpbHMiOnsibWVzc2FnZSI6IkJBaHBBMjNsQnc9PSIsImV4cCI6bnVsbCwicHVyIjoiYmxvYl9pZCJ9fQ==--bfe64c9cd4145fc2ca727b43a550fe95bdc2b79b/eyJfcmFpbHMiOnsibWVzc2FnZSI6IkJBaDdCem9MWm05eWJXRjBTU0lJYW5CbkJqb0dSVlE2RTNKbGMybDZaVjkwYjE5bWFXeHNXd2RwQWl3QmFRSXNBUT09IiwiZXhwIjpudWxsLCJwdXIiOiJ2YXJpYXRpb24ifX0=--b44c98460dfda55293bc1375ff5638f722bd6d84/IMG_9876.jpg,"[{'created_at': '2021-12-21T17:38:43Z', 'description': 'cooked in a wood oven 400 ° 1 minute and 30 seconds', 'id': 351761, 'recipe_id': 183104}]",126.28063943161635,,0.3530195381882771,0.0,0.0,0.0,,,0.0,600.9857904085258,1.4224689165186502,0.0,0.0,0.018650088809946713,0.04795737122557727,0.018650088809946713,412.9662522202487,4.497335701598579,5.788454706927176,0.018650088809946713,55.079928952042636,119.30831261101243,15.882770870337469,1.6296625222024868,242.08721136767335,135.05328596802843,,0.06591474245115453,0.11435168738898756,0.40239786856127885,0.0028419182948490234,0.0,0.03845470692717584,0.0,,2.841918294849023,0.03268206039076377,0.006216696269982239,0.0023330373001776202,0.9437300177619891,16.77797513321492,0.2032859680284192,0.009591474245115453,2.841918294849023,1.4564831261101243,,4.351687388987567,49.67912966252221,66.76731793960926,0.6540852575488456,,1.2975133214920072,0.04014209591474245,0.020515097690941383,0.044760213143872116,0.007815275310834813,0.004618117229129662,0.0047957371225577266,0.005683836589698047,0.0005328596802841918,0.19538188277087035,0.0,0.0,0.0,0.0007460035523978685,713.3214920071048,0.0,1.0417406749555949,13.559502664298403,9.799644760213145,20.3494138543517,0.0433392539964476,,0.0,0.0,,,0.0,,,4.564831261101244,,1.0213143872113655,0.7957371225577266,0.0,0.0,0.008170515097690942,0.005506216696269982,0.005150976909413855,0.0,0.007460035523978686,0.05115452930728241,0.0,0.0,,0.0,0.0,0.0010657193605683837,0.0007460035523978685,0.0,,0.003463587921847247,73.35701598579041,0.35523978685612784,0.3818827708703374,,,,1012.8928923623439,,0.49438721136767316,0.0,,0.009591474245115453,0.00497335701598579,0.018117229129662522,0.0,20.471669626998224,,,0.0,0.0021758436944937834,0.005319715808170515,0.0,,266.42984014209594,0.0,1512.0781527531083,0.001953818827708703,0.0,0.0,0.0,0.574955595026643,5.217229129662524,0.028596802841918297,0.04103019538188277,0.17699822380106572,0.5138543516873889,0.17708703374777973,0.32371225577264656,,0.024849023090586144,0.5007992895204263,0.08107190053285966,0.0,,,0.0,,,,
183058,428359,"Beef Tartare with Chestnuts, Hazelnuts, crunchy cabbage and marinate egg",,,,,1.0,352.0,3,https://app.nutrium.com/rails/active_storage/representations/redirect/eyJfcmFpbHMiOnsibWVzc2FnZSI6IkJBaHBBMlRsQnc9PSIsImV4cCI6bnVsbCwicHVyIjoiYmxvYl9pZCJ9fQ==--4fe902ee19f3c572312ab3c705b47a93564bc816/eyJfcmFpbHMiOnsibWVzc2FnZSI6IkJBaDdCem9MWm05eWJXRjBTU0lJYW5CbkJqb0dSVlE2RTNKbGMybDZaVjkwYjE5bWFXeHNXd2RwQWl3QmFRSXNBUT09IiwiZXhwIjpudWxsLCJwdXIiOiJ2YXJpYXRpb24ifX0=--b44c98460dfda55293bc1375ff5638f722bd6d84/IMG_9905.jpg,"[{'created_at': '2021-12-21T14:37:56Z', 'description': 'No cooked.', 'id': 351664, 'recipe_id': 183058}, {'created_at': '2021-12-21T14:37:56Z', 'description': 'No cooked.', 'id': 351665, 'recipe_id': 183058}]",156.73295454545456,0.05625000000000001,2.765568181818182,0.010000000000000002,0.009772727272727273,0.0028409090909090914,0.001988636363636364,0.0034090909090909094,0.0034090909090909094,7.627840909090909,1.2028409090909091,0.0,0.0011363636363636365,0.0017045454545454547,0.1926136363636364,0.2512784090909091,515.8409090909091,1.875,2.0300568181818184,0.0,45.45454545454546,46.66193181818182,38.96875000000001,7.365056818181819,156.31250000000003,293.2784090909091,0.005113636363636364,0.10740056818181819,0.22430397727272727,2.067670454545455,0.11784090909090911,0.14204545454545456,0.3316619318181819,0.017045454545454548,0.0028409090909090914,31.747159090909093,0.7202556818181819,0.2966903409090909,0.06248693181818182,2.066903409090909,26.690340909090914,0.8511647727272728,0.3013636363636364,31.747159090909093,87.23295454545455,0.023863636363636365,4.250000000000001,68.81036931818183,35.727272727272734,1.9912500000000004,,6.0852272727272725,0.9847585227272727,0.0011363636363636365,0.0011363636363636365,0.33046875,0.19254261363636369,0.17335227272727274,0.23893465909090914,0.09998579545454547,15.555113636363638,0.0,0.006818181818181819,0.0075000000000000015,0.0037500000000000007,5.752840909090909,0.0,0.714630681818182,8.863778409090909,13.204687500000002,6.361079545454547,0.7556818181818183,,0.0,0.0,0.0,0.0,0.0,0.17045454545454547,0.02840909090909091,11.528409090909092,0.4829545454545455,0.9832386363636364,0.8389204545454546,0.0,0.0,0.37768465909090915,0.23021306818181822,0.19526988636363637,0.06329545454545456,0.16832386363636365,0.0017045454545454547,0.0,0.0,0.0,0.0,0.019332386363636364,0.07607954545454546,0.01647727272727273,0.0051136363636363645,0.0,0.03340909090909091,699.9772727272729,0.37500000000000006,0.020454545454545454,0.0034090909090909094,0.007386363636363637,0.0036931818181818185,654.0115,0.00028409090909090913,1.1000284090909092,23.295454545454547,0.5681818181818182,0.36035511363636363,0.26610795454545455,0.5191051136363637,0.02295454545454546,127.43181818181819,0.0065340909090909095,0.0008522727272727273,0.009488636363636366,0.05340909090909091,0.03865056818181819,0.012017045454545456,0.0065340909090909095,151.9318181818182,2.556818181818182,170.9659090909091,0.1261221590909091,0.0528409090909091,0.33579545454545456,0.3938920454545455,0.6040340909090909,5.013920454545455,0.0,0.0017045454545454547,0.04954545454545455,1.3452130681818182,0.5587926136363637,4.206008522727273,0.0034090909090909094,0.44177556818181823,1.0028409090909092,0.15419034090909092,0.016903409090909094,0.0,,,,,,
183064,428366,"Spinach, butter and parmesan",,,,,1.0,185.5,3,https://app.nutrium.com/rails/active_storage/representations/redirect/eyJfcmFpbHMiOnsibWVzc2FnZSI6IkJBaHBBMExsQnc9PSIsImV4cCI6bnVsbCwicHVyIjoiYmxvYl9pZCJ9fQ==--150e0d8618c0315845ee3383bb7f8add6ee23826/eyJfcmFpbHMiOnsibWVzc2FnZSI6IkJBaDdCem9MWm05eWJXRjBTU0lJYW5CbkJqb0dSVlE2RTNKbGMybDZaVjkwYjE5bWFXeHNXd2RwQWl3QmFRSXNBUT09IiwiZXhwIjpudWxsLCJwdXIiOiJ2YXJpYXRpb24ifX0=--b44c98460dfda55293bc1375ff5638f722bd6d84/IMG_9928.jpg,"[{'created_at': '2021-12-21T14:53:11Z', 'description': 'Pan cooked.', 'id': 351676, 'recipe_id': 183064}, {'created_at': '2021-12-21T14:53:11Z', 'description': 'Pan cooked.', 'id': 351677, 'recipe_id': 183064}]",43.50673854447439,0.15541778975741238,2.7457681940700804,,,,,,,4574.878706199461,0.6578975741239893,,0.08086253369272238,0.0026954177897574125,0.05929919137466308,0.12398921832884095,290.2425876010781,4.023845007451564,8.884043126684636,0.0026954177897574125,108.51752021563341,489.86522911051213,157.35849056603772,22.722371967654986,145.22911051212935,455.3342318059299,,0.06388140161725067,0.15832884097035038,0.5922371967654985,0.05547169811320755,0.14555256064690028,0.15816711590296495,0.0,0.0,157.35849056603772,0.3061455525606469,0.13940700808625336,0.03347708894878706,0.4433962264150943,64.40970350404312,0.07035040431266847,0.1515363881401617,157.35849056603772,18.646900269541778,0.0,0.11859838274932613,76.5234501347709,115.49865229110512,2.1954177897574123,0.04787061994609163,0.6469002695417789,0.4622102425876011,0.19245283018867923,0.5217250673854447,0.09153638814016173,0.10382749326145553,0.11126684636118597,0.1109433962264151,0.029595687331536388,391.61725067385436,0.0,,,0.0,0.0,0.0,1.8566037735849055,14.219946091644204,3.3504043126684633,2.9450134770889487,0.0,0.0,0.0,0.0,0.0,0.0,0.0,83.01347708894878,,0.9703504043126684,0.45283018867924524,1.778975741239892,0.3560646900269541,0.0,0.0,0.1937466307277628,0.12711590296495956,0.10479784366576818,0.5301347708894878,0.0939622641509434,0.41838274932614555,0.0,0.0,,,0.016172506738544472,0.15946091644204852,0.0,,,0.05094339622641509,161.455525606469,0.04470938897168406,0.08941877794336812,0.04787061994609163,0.4822641509433962,,607.6385983827478,,2.0167115902964956,0.0,0.0,0.13601078167115901,0.11951482479784363,0.20442048517520214,0.09056603773584905,34.77088948787062,,,0.0,0.0,0.16253369272237195,0.022318059299191374,0.4822641509433962,9863.611859838275,0.0,7986.630727762803,0.046253369272237194,0.0,0.0,0.09164420485175202,0.35029649595687323,3.6254986522911046,0.32458221024258754,0.4319137466307277,1.2106738544474394,3.548571428571428,1.6203234501347707,3.2322371967654986,0.04318059299191374,0.7253369272237196,0.027493261455525605,0.10533692722371968,0.0,,,,,,,
183065,428367,HAM AND CHEESE TRAMEZZINO,,,,,1.0,80.0,3,https://app.nutrium.com/rails/active_storage/representations/redirect/eyJfcmFpbHMiOnsibWVzc2FnZSI6IkJBaHBBNkRsQnc9PSIsImV4cCI6bnVsbCwicHVyIjoiYmxvYl9pZCJ9fQ==--0ee4e8ce378e15641b389091736db20ba8ac37e1/eyJfcmFpbHMiOnsibWVzc2FnZSI6IkJBaDdCem9MWm05eWJXRjBTU0lJYW5CbkJqb0dSVlE2RTNKbGMybDZaVjkwYjE5bWFXeHNXd2RwQWl3QmFRSXNBUT09IiwiZXhwIjpudWxsLCJwdXIiOiJ2YXJpYXRpb24ifX0=--b44c98460dfda55293bc1375ff5638f722bd6d84/IMG_9882.jpg,"[{'created_at': '2021-12-21T14:58:55Z', 'description': 'Fried.', 'id': 351678, 'recipe_id': 183065}, {'created_at': '2021-12-21T14:58:55Z', 'description': 'Fried.', 'id': 351679, 'recipe_id': 183065}]",169.0625,0.0168175,0.749615,0.0025,0.0,0.0,,,0.0,17.865,0.49523500000000004,0.0,0.011000000000000001,0.5585000000000001,0.015300000000000001,0.11100000000000002,343.5475,,2.8845199999999998,0.24820000000000003,32.4075,30.182499999999997,18.7025,0.08,112.9575625,190.88,0.0,0.27391250000000006,0.08837,2.650435,0.00040249999999999997,0.0,0.1960275,0.0,0.0,0.05249999999999999,0.0031149999999999993,0.0009975,0.00156,1.105525,28.286700000000003,0.47550000000000003,0.0011725,0.05249999999999999,0.32899999999999996,0.0,3.375,70.000225,55.198,0.971725,0.005179999999999999,5.319999999999999,0.08684,0.029324999999999997,0.078555,0.0008049999999999999,0.0014349999999999999,0.00031499999999999996,0.0007174999999999999,0.00014,2.66875,0.0,0.0,0.01,0.0008500000000000001,0.0,0.0,0.13212500000000002,5.465175,8.878475,11.328800000000001,0.054099999999999995,0.0,0.0,0.0,0.0,0.0,0.0,0.0052499999999999995,,5.1778,0.04899999999999999,2.4617500000000003,1.6290499999999999,0.0,0.0,0.0014524999999999998,0.0008924999999999998,0.0006649999999999999,0.067365,0.0007174999999999999,0.0639725,0.0,0.0,,0.0,0.00175,0.0168175,0.00335,,,0.038012500000000005,458.57,2.325,10.0885,0.005179999999999999,0.052185,,472.61444149999994,,0.15897500000000003,0.0,0.0,0.0005425,0.0005075,0.00112,0.0123,24.2925,,,0.0025,0.0008500000000000001,0.0080625,0.004914999999999999,0.052185,3.75,0.8250000000000001,43.732499999999995,0.0003675,0.45000000000000007,2.1,0.06100000000000001,0.322905,1.507185,0.0487225,0.05955749999999999,0.20303,0.8207975,0.3360825,0.4742674999999999,0.0046725,0.636985,0.41967499999999996,0.11853000000000001,0.0,0.0,,,,,,
183091,428421,Chorizo and Pumpkin Roman Pizza,,,,,1.0,525.0,3,https://app.nutrium.com/rails/active_storage/representations/redirect/eyJfcmFpbHMiOnsibWVzc2FnZSI6IkJBaHBBMXJsQnc9PSIsImV4cCI6bnVsbCwicHVyIjoiYmxvYl9pZCJ9fQ==--91032a4983d6272d58400bf7b9530fe3b94539d2/eyJfcmFpbHMiOnsibWVzc2FnZSI6IkJBaDdCem9MWm05eWJXRjBTU0lJYW5CbkJqb0dSVlE2RTNKbGMybDZaVjkwYjE5bWFXeHNXd2RwQWl3QmFRSXNBUT09IiwiZXhwIjpudWxsLCJwdXIiOiJ2YXJpYXRpb24ifX0=--b44c98460dfda55293bc1375ff5638f722bd6d84/IMG_9845.jpg,"[{'created_at': '2021-12-21T17:23:52Z', 'description': 'cooked in a wood oven 400 ° 1 minute and 30 seconds', 'id': 351743, 'recipe_id': 183091}]",154.95619047619036,,0.11367619047619039,,0.0,0.0018285714285714294,,,,642.6666666666666,0.6407428571428582,,0.0,0.0,0.25028571428571417,0.05904761904761904,188.4513333333333,5.8133333333333335,4.751542857142858,0.0,60.0,149.7142857142857,36.99809523809523,3.3523809523809525,193.91495238095249,271.4819047619047,,0.06483809523809511,0.13041904761904763,0.6177142857142858,0.009142857142857142,0.49462857142857064,0.10580952380952384,0.26331428571428583,,6.476190476190476,0.09657142857142857,0.024761904761904763,0.006211809523809522,1.1402933333333334,18.403809523809517,0.27779047619047625,0.02895238095238095,6.476190476190476,4.685714285714285,,0.16761904761904772,59.0238095238095,64.0457142857143,0.9402895238095229,,1.356190476190477,0.34843809523809405,0.0,0.0,0.021523809523809525,0.016,0.015047619047619048,0.020380952380952378,0.0047619047619047615,1.8769523809523803,0.0,0.0006095238095238106,,0.0,764.952380952381,0.0,0.3619527619047619,10.188190476190476,10.778095238095249,15.638476190476185,0.04571428571428571,,0.0,0.0,,,1.9066666666666665,0.0380952380952381,0.0,1.2228571428571429,,1.3457142857142856,1.517714285714286,0.0,0.0,0.025904761904761906,0.01752380952380952,0.017333333333333333,0.0006095238095238106,0.016380952380952378,0.0009523809523809524,0.0,0.0,,,0.0009142857142857147,0.002552380952380952,0.0,0.0003047619047619039,,,230.6590476190477,1.1885714285714293,11.215047619047622,,,,811.3401607619031,,0.5714285714285714,0.0,,0.027999999999999997,0.01638095238095238,0.10361904761904762,0.0006095238095238106,13.72342857142857,,,0.0,0.0,0.05047619047619043,0.0015238095238095223,,289.7142857142857,0.0,1622.8571428571427,0.007619047619047619,0.4388571428571439,0.6339047619047626,0.0761904761904762,,2.3298476190476185,0.0,0.00019047619047619048,0.0016380952380952373,0.11542857142857148,0.03994285714285725,0.5207238095238106,,0.12474266666666667,0.6000000000000001,0.11164704761904756,0.017066666666666664,,,0.0,,,,
183097,428427,"Provola cheese, zucchini and Speck Antichi Grani Siciliani Style Pizza",,,,,1.0,457.0,3,https://app.nutrium.com/rails/active_storage/representations/redirect/eyJfcmFpbHMiOnsibWVzc2FnZSI6IkJBaHBBeDdhQnc9PSIsImV4cCI6bnVsbCwicHVyIjoiYmxvYl9pZCJ9fQ==--ce41bb49f1b6dc7ea9b51ff16a6442fde66831db/eyJfcmFpbHMiOnsibWVzc2FnZSI6IkJBaDdCem9MWm05eWJXRjBTU0lJYW5CbkJqb0dSVlE2RTNKbGMybDZaVjkwYjE5bWFXeHNXd2RwQWl3QmFRSXNBUT09IiwiZXhwIjpudWxsLCJwdXIiOiJ2YXJpYXRpb24ifX0=--b44c98460dfda55293bc1375ff5638f722bd6d84/IMG_7043.jpg,"[{'created_at': '2021-12-21T17:30:26Z', 'description': 'cooked in a wood oven 400 ° 1 minute and 30 seconds', 'id': 351748, 'recipe_id': 183097}]",104.10065645514221,,0.0,,0.0,0.0,,,,35.59956236323851,0.5757067833698032,,0.0011816192560175054,0.0,0.0,8.7527352297593e-05,530.8927789934355,0.0,3.3330021881838077,0.10722100656455141,35.076586433260395,39.44857768052516,20.385120350109396,1.522975929978118,208.57221006564566,90.86433260393873,,0.03456892778993435,0.09617505470459518,0.2951947483588621,0.00022319474835886212,0.000700218818380744,0.08207877461706783,0.0,0.0,0.2975929978118162,0.0012122538293216632,0.0005557986870897156,0.00018599562363238512,0.9637636761487961,9.09846827133479,0.17334354485776807,0.0004814004376367615,0.2975929978118162,0.04989059080962801,0.0,0.0,49.418752735229766,68.9606126914661,0.4249234135667397,,0.0,0.00031947483588621445,0.0,0.0,0.00043326039387308533,0.00045514223194748353,0.0005339168490153173,0.0005689277899343546,0.0001225382932166302,1.815317286652079,0.0,0.0,,0.0,0.0,0.0,0.8774179431072209,7.604551422319475,11.277680525164113,23.375929978118176,0.087527352297593,,0.0,0.0,0.0,0.0,0.0,0.00175054704595186,0.0,1.1829321663019694,,1.3264770240700192,0.5330415754923417,0.0,0.0,0.0008358862144420132,0.00045514223194748353,0.00045514223194748353,0.0,0.00033698030634573303,0.0,0.0,0.0,,,0.0,0.0,0.0,0.0,,,0.0,0.4376367614879649,0.020787746170678318,,,,872.6661269146629,,0.4927789934354485,0.0,,0.0005120350109409191,0.0005776805251641138,0.0013172866520787746,0.0,24.816301969365423,,,0.0,0.0,0.0013829321663019693,0.0,,24.72647702407002,0.2013129102844639,23.085339168490155,0.0001575492341356674,0.0,0.0,0.043851203501094095,,2.9566652078774642,0.0,0.0,0.0,0.0001575492341356674,2.188183807439825e-05,0.00038512035010940916,,0.00712472647702407,0.45951859956236324,0.07649890590809626,0.0,,,0.0,,,,
183103,428433,Pumpkin and Gorgonzola cheese Neapolitan Style Pizza,,,,,1.0,577.76,3,https://app.nutrium.com/rails/active_storage/representations/redirect/eyJfcmFpbHMiOnsibWVzc2FnZSI6IkJBaHBBNWpsQnc9PSIsImV4cCI6bnVsbCwicHVyIjoiYmxvYl9pZCJ9fQ==--58537faee06ddfb0df778e0df94b29b9c158b8ee/eyJfcmFpbHMiOnsibWVzc2FnZSI6IkJBaDdCem9MWm05eWJXRjBTU0lJYW5CbkJqb0dSVlE2RTNKbGMybDZaVjkwYjE5bWFXeHNXd2RwQWl3QmFRSXNBUT09IiwiZXhwIjpudWxsLCJwdXIiOiJ2YXJpYXRpb24ifX0=--b44c98460dfda55293bc1375ff5638f722bd6d84/IMG_9876.jpg,"[{'created_at': '2021-12-21T17:38:09Z', 'description': 'cooked in a wood oven 400 ° 1 minute and 30 seconds', 'id': 351759, 'recipe_id': 183103}, {'created_at': '2021-12-21T17:38:09Z', 'description': 'cooked in a wood oven 400 ° 1 minute and 30 seconds', 'id': 351760, 'recipe_id': 183103}]",187.67183605649407,,0.3440009692605926,0.0,0.0,0.0,,,0.0,585.4514850456937,1.4963566186651895,0.0,0.0,0.018173636111880366,0.04673220714483523,0.018173636111880366,1107.1464968152857,4.382442536693437,5.5674951536970365,0.018173636111880366,53.672805317086684,116.26035031847134,15.362780393242854,1.588029631680975,240.1013223483798,164.5065944336749,,0.08785585710329549,0.11349003046247579,0.6509104126280808,0.002769315978953199,0.0,0.07518692882857933,0.0,,2.7693159789531987,0.03184713375796178,0.006057878703960123,0.002268225560786486,1.082330033231792,15.813555801716978,0.1813382719468291,0.009346441428967045,2.7693159789531987,1.4192744392135141,,4.240515092772085,51.53081729437827,77.99150166158958,0.847184644142897,,1.2643658266408198,0.03911658820271393,0.019990999723068403,0.04361672666851288,0.007615618942121296,0.004500138465798948,0.004673220714483522,0.005538631957906398,0.0005192467460537248,0.19039047355303243,0.0,0.0,0.0,0.0007269454444752147,695.0983107172528,0.0,0.3262600387704237,13.053224522292997,9.397071448352255,23.05232276377733,0.042232068679036276,,0.0,0.0,,,0.0,,,4.4482137911935755,,0.7658889504292444,1.1075533093325947,0.0,0.0,0.007961783439490446,0.005365549709221823,0.005019385211852673,0.0,0.007269454444752147,0.04984768762115757,0.0,0.0,,0.0,0.0,0.0010384934921074495,0.0007269454444752147,0.0,,0.0033751038493492107,71.6410793409028,0.04153973968429797,21.30658058709499,,,,1004.5839327056219,,0.5039795070617558,0.0,,0.009346441428967045,0.004846302963168098,0.01765438936582664,0.0,19.948495742176682,,,0.0,0.0021202575463860427,0.005183813348103018,0.0,,259.6233730268624,0.0,1473.4491830517863,0.001903904735530324,0.0,0.0,0.0,0.560267238991969,5.0408041401273875,0.02786624203821656,0.039981999446136805,0.1724764608141789,0.5007269454444752,0.17256300193852117,0.3154423982276378,,0.02324494599833841,0.488005400166159,0.06998248407643311,0.0,,,0.0,,,,
183052,428353,"1/2 PORK FILLET GLAZED WITH HONEY AND SOY, WITH ROMAN BROCCOLI AND CRUNCHY RIND CRUMBLE",,,,,1.0,161.0,3,https://app.nutrium.com/rails/active_storage/representations/redirect/eyJfcmFpbHMiOnsibWVzc2FnZSI6IkJBaHBBNkRtQnc9PSIsImV4cCI6bnVsbCwicHVyIjoiYmxvYl9pZCJ9fQ==--9c9ced44c9615319bd9db642f0afe71ac9a4634e/eyJfcmFpbHMiOnsibWVzc2FnZSI6IkJBaDdCem9MWm05eWJXRjBTU0lJYW5CbkJqb0dSVlE2RTNKbGMybDZaVjkwYjE5bWFXeHNXd2RwQWl3QmFRSXNBUT09IiwiZXhwIjpudWxsLCJwdXIiOiJ2YXJpYXRpb24ifX0=--b44c98460dfda55293bc1375ff5638f722bd6d84/IMG_9911.jpg,"[{'created_at': '2021-12-21T14:14:38Z', 'description': 'Pan cooked.', 'id': 351647, 'recipe_id': 183052}]",178.93478260869597,,,,,,,,,21.1490683229814,1.0555900621118,,0.0770186335403727,0.0357763975155279,0.022111801242235996,1.01714285714286,839.11801242236,,1.84936335403727,0.0,0.0,0.0,12.751552795031099,13.167701863354,129.39751552795,347.810559006211,,0.812034161490683,0.250012422360248,4.61348757763975,0.0167173913043478,,0.398732919254658,,,1.4472049689440998,0.18763664596273297,0.0409068322981366,0.0172267080745342,1.2577950310559,24.0062111801242,1.17932919254658,0.0569534161490683,1.4472049689440998,3.0360248447205,,2.45962732919255,72.567701863354,12.068322981366498,0.8488198757763978,,,0.00302795031055901,0.0,0.0,0.0376490683229814,0.0648136645962733,0.0339472049689441,0.0417329192546584,0.00838198757763975,0.0,0.0,,,0.0,0.0,0.0,1.55248447204969,6.38478260869565,16.4004658385093,2.88959627329193,0.341614906832298,,0.0,0.0,,,0.0,0.0422360248447205,,9.6472049689441,0.173913043478261,0.504968944099379,2.58217391304348,0.0,0.0,0.0573136645962733,0.0380093167701863,0.0316987577639751,0.0,0.026751552795031098,0.0,0.0,0.0,,,0.0,0.0,0.0,,,,594.968944099379,0.683229813664596,0.0,,,,541.3992049689427,,0.456149068322981,0.0,,0.0315683229813665,0.0417639751552795,0.0691490683229814,,43.0473913043478,,,0.0,0.0,0.000388198757763975,,,0.0,0.0,0.0,0.0129906832298137,,,0.888198757763975,,2.94753105590062,0.0,0.0,0.0,0.00770186335403727,0.000978260869565217,0.00131987577639752,,0.100978260869565,0.683229813664596,0.0751645962732919,,,,,,,,
183102,428432,Pumpkin and Gorgonzola cheese Roman Style Pizza,,,,,1.0,448.0,3,https://app.nutrium.com/rails/active_storage/representations/redirect/eyJfcmFpbHMiOnsibWVzc2FnZSI6IkJBaHBBM0RsQnc9PSIsImV4cCI6bnVsbCwicHVyIjoiYmxvYl9pZCJ9fQ==--5e684a0bc680b94d3964dfa66f6e8095ab427cfb/eyJfcmFpbHMiOnsibWVzc2FnZSI6IkJBaDdCem9MWm05eWJXRjBTU0lJYW5CbkJqb0dSVlE2RTNKbGMybDZaVjkwYjE5bWFXeHNXd2RwQWl3QmFRSXNBUT09IiwiZXhwIjpudWxsLCJwdXIiOiJ2YXJpYXRpb24ifX0=--b44c98460dfda55293bc1375ff5638f722bd6d84/IMG_9873.jpg,"[{'created_at': '2021-12-21T17:35:56Z', 'description': 'cooked in a wood oven 400 ° 1 minute and 30 seconds', 'id': 351753, 'recipe_id': 183102}, {'created_at': '2021-12-21T17:35:56Z', 'description': 'cooked in a wood oven 400 ° 1 minute and 30 seconds', 'id': 351754, 'recipe_id': 183102}]",195.01339285714275,,0.5768526785714284,0.0,0.0,0.002142857142857144,,,0.0,752.9687500000001,2.2138169642857153,0.0,0.0,0.0234375,0.2888392857142856,0.0234375,347.40401785714283,8.669642857142858,7.177589285714286,0.0234375,69.21875000000001,149.93433035714284,40.43749999999999,2.0479910714285716,255.56406250000015,257.1607142857142,,0.114330357142857,0.16573660714285715,0.7197544642857144,0.0035714285714285718,0.5796428571428562,0.08616071428571433,0.3085714285714288,,3.5714285714285716,0.04107142857142857,0.007812500000000002,0.003276116071428571,1.357486607142857,27.54017857142857,0.343950892857143,0.012053571428571429,3.5714285714285716,1.8303571428571428,,5.665178571428571,53.5236607142857,88.19866071428574,1.3907410714285706,,3.2198660714285725,0.44850446428571294,0.02578125,0.05625,0.009821428571428571,0.005803571428571429,0.0060267857142857146,0.0071428571428571435,0.0006696428571428571,1.5522321428571424,0.0,0.0007142857142857155,0.0,0.0009375,896.4285714285714,0.0,0.4208151785714286,17.183705357142856,11.3919642857143,15.016562499999996,0.054464285714285715,,0.0,0.0,,,2.234375,,,5.986607142857142,,1.197544642857143,1.2774553571428575,0.0,0.0,0.010267857142857143,0.006919642857142858,0.006473214285714286,0.0007142857142857155,0.009375000000000001,0.06428571428571428,0.0,0.0,,0.0,0.001071428571428572,0.0027678571428571427,0.0009375,0.0003571428571428562,,0.004352678571428572,362.49107142857156,1.3928571428571437,10.634821428571433,,,,1069.2800375000002,,0.6728571428571428,0.0,,0.012053571428571429,0.00625,0.022767857142857142,0.0007142857142857155,25.735044642857144,,,0.0,0.0027343750000000003,0.062042410714285665,0.0017857142857142844,,334.8214285714286,0.0,1900.2232142857144,0.002455357142857143,0.5142857142857156,0.7428571428571438,0.0,0.7225446428571428,6.385982142857142,0.035937500000000004,0.0515625,0.22279017857142858,0.767857142857143,0.2675669642857144,1.0154687500000015,,0.11678549107142858,0.6293526785714286,0.15506290178571425,0.02,,,0.0,,,,
183059,428360,"1/2 Beef Tartare with Chestnuts, Hazelnuts, crunchy cabbage and marinate egg",,,,,1.0,176.0,3,https://app.nutrium.com/rails/active_storage/representations/redirect/eyJfcmFpbHMiOnsibWVzc2FnZSI6IkJBaHBBMnJsQnc9PSIsImV4cCI6bnVsbCwicHVyIjoiYmxvYl9pZCJ9fQ==--95115e5d5ec4929fc01f0688bb78cfcb8b313907/eyJfcmFpbHMiOnsibWVzc2FnZSI6IkJBaDdCem9MWm05eWJXRjBTU0lJYW5CbkJqb0dSVlE2RTNKbGMybDZaVjkwYjE5bWFXeHNXd2RwQWl3QmFRSXNBUT09IiwiZXhwIjpudWxsLCJwdXIiOiJ2YXJpYXRpb24ifX0=--b44c98460dfda55293bc1375ff5638f722bd6d84/IMG_9905.jpg,"[{'created_at': '2021-12-21T14:43:31Z', 'description': 'No cooked.', 'id': 351666, 'recipe_id': 183059}, {'created_at': '2021-12-21T14:43:31Z', 'description': 'No cooked.', 'id': 351667, 'recipe_id': 183059}]",156.732954545455,0.05625000000000001,2.7655681818181805,0.010000000000000002,0.009772727272727271,0.00284090909090909,0.00198863636363636,0.00340909090909091,0.00340909090909091,7.627840909090911,1.2028409090909102,0.0,0.0011363636363636402,0.0017045454545454501,0.19261363636363601,0.251278409090909,515.8409090909091,1.875,2.03005681818182,0.0,45.45454545454551,46.661931818181806,38.96875,7.365056818181821,156.31250000000003,293.278409090909,0.005113636363636361,0.10740056818181802,0.224303977272727,2.0676704545454605,0.11784090909090901,0.14204545454545503,0.331661931818182,0.017045454545454503,0.00284090909090909,31.7471590909091,0.7202556818181821,0.296690340909091,0.06248693181818181,2.06690340909091,26.6903409090909,0.8511647727272731,0.301363636363636,31.7471590909091,87.2329545454545,0.023863636363636403,4.250000000000001,68.8103693181818,35.7272727272727,1.9912500000000002,,6.085227272727271,0.9847585227272732,0.0011363636363636402,0.0011363636363636402,0.33046875,0.19254261363636402,0.17335227272727302,0.238934659090909,0.0999857954545455,15.555113636363602,0.0,0.00681818181818182,0.007500000000000001,0.0037500000000000003,5.752840909090911,0.0,0.7146306818181821,8.863778409090912,13.2046875,6.36107954545455,0.755681818181818,,0.0,0.0,0.0,0.0,0.0,0.17045454545454503,0.028409090909090905,11.528409090909102,0.4829545454545461,0.9832386363636361,0.838920454545455,0.0,0.0,0.377684659090909,0.23021306818181803,0.19526988636363604,0.0632954545454546,0.16832386363636404,0.0017045454545454501,0.0,0.0,0.0,0.0,0.019332386363636402,0.0760795454545455,0.016477272727272705,0.005113636363636361,0.0,0.03340909090909091,699.9772727272731,0.37500000000000006,0.020454545454545503,0.00340909090909091,0.0073863636363636406,0.0036931818181818203,654.0115,0.0002840909090909091,1.10002840909091,23.295454545454504,0.568181818181818,0.3603551136363641,0.266107954545455,0.519105113636364,0.0229545454545455,127.43181818181802,0.00653409090909091,0.0008522727272727271,0.009488636363636371,0.053409090909090906,0.03865056818181821,0.012017045454545502,0.00653409090909091,151.931818181818,2.55681818181818,170.96590909090904,0.126122159090909,0.052840909090909105,0.33579545454545506,0.393892045454545,0.6040340909090911,5.0139204545454605,0.0,0.0017045454545454501,0.04954545454545461,1.34521306818182,0.558792613636364,4.20600852272727,0.00340909090909091,0.44177556818181807,1.00284090909091,0.15419034090909103,0.0169034090909091,0.0,,,,,,
183088,428418,"Focaccia Antichi Grani Siciliani with Mortadella, pistacchi and stracciatella",,,,,1.0,530.0,3,https://app.nutrium.com/rails/active_storage/representations/redirect/eyJfcmFpbHMiOnsibWVzc2FnZSI6IkJBaHBBNXJsQnc9PSIsImV4cCI6bnVsbCwicHVyIjoiYmxvYl9pZCJ9fQ==--fa64c77d6805a727b0aa7cff136fea568bd5248f/eyJfcmFpbHMiOnsibWVzc2FnZSI6IkJBaDdCem9MWm05eWJXRjBTU0lJYW5CbkJqb0dSVlE2RTNKbGMybDZaVjkwYjE5bWFXeHNXd2RwQWl3QmFRSXNBUT09IiwiZXhwIjpudWxsLCJwdXIiOiJ2YXJpYXRpb24ifX0=--b44c98460dfda55293bc1375ff5638f722bd6d84/IMG_9824%20-%20Copia.jpg,"[{'created_at': '2021-12-21T17:11:19Z', 'description': 'cooked in a wood oven 400 ° 1 minute and 30 seconds', 'id': 351739, 'recipe_id': 183088}, {'created_at': '2021-12-21T17:11:19Z', 'description': 'cooked in a wood oven 400 ° 1 minute and 30 seconds', 'id': 351740, 'recipe_id': 183088}]",105.44528301886794,,,,,,,,,49.87358490566039,1.271260377358491,,0.0,0.0,0.0,0.0,569.8698113207547,0.0,6.727290566037737,0.5373584905660378,61.40377358490567,70.2774528301887,13.299999999999992,0.2622641509433963,266.53698113207565,102.07547169811322,,0.05932075471698114,0.10313207547169811,0.6344528301886793,0.09811320754716982,,0.0939245283018868,,,0.5660377358490567,0.4941509433962265,0.13867924528301886,0.02869245283018868,1.0917358490566036,11.684905660377359,0.16837735849056606,0.23811320754716983,0.5660377358490567,13.622641509433963,,0.0,45.51141509433963,52.93962264150946,0.5028301886792454,,,0.9226415094339623,0.0,0.0,0.12528301886792453,0.20735849056603775,0.2486792452830189,0.11283018867924528,0.038490566037735846,0.30188679245283023,0.0,,,0.0,0.0,0.0,1.2962264150943397,15.035094339622644,10.800283018867926,21.72235849056605,0.23698113207547172,,0.0,0.0,,,0.0,0.5849056603773586,,5.005660377358491,,1.2820754716981109,0.8950943396226418,0.0,0.0,0.22886792452830193,0.13358490566037737,0.11943396226415096,0.0,0.1,0.013207547169811323,0.0,0.0,,,0.0,0.21509433962264152,0.0,,,,0.0,0.37735849056603765,0.006603773584905646,,,,1115.190729056606,,0.5082641509433962,7.735849056603774,,0.19339622641509432,0.2167924528301887,0.29811320754716986,,31.57933962264151,,,0.0,0.0,0.04858490566037736,,,0.0,0.0,0.0,0.07433962264150944,,,0.0,,5.890060377358493,0.0,0.022641509433962266,0.09622641509433963,1.0245283018867926,0.609433962264151,1.9320754716981134,,0.04067924528301887,0.6113207547169812,0.06450943396226415,,,,,,,,
183243,428683,CURED MEATS AND CHEESES ERCOLI SELECTION,,,,,1.0,210.0,3,https://app.nutrium.com/rails/active_storage/representations/redirect/eyJfcmFpbHMiOnsibWVzc2FnZSI6IkJBaHBBNjdtQnc9PSIsImV4cCI6bnVsbCwicHVyIjoiYmxvYl9pZCJ9fQ==--cd19bc77a8bc9170ff12f5bcdcea80170e0e4811/eyJfcmFpbHMiOnsibWVzc2FnZSI6IkJBaDdCem9MWm05eWJXRjBTU0lJYW5CbkJqb0dSVlE2RTNKbGMybDZaVjkwYjE5bWFXeHNXd2RwQWl3QmFRSXNBUT09IiwiZXhwIjpudWxsLCJwdXIiOiJ2YXJpYXRpb24ifX0=--b44c98460dfda55293bc1375ff5638f722bd6d84/IMG_9944.jpg,"[{'created_at': '2021-12-22T12:04:36Z', 'description': 'no cooked', 'id': 352090, 'recipe_id': 183243}, {'created_at': '2021-12-22T12:04:36Z', 'description': 'no cooked', 'id': 352091, 'recipe_id': 183243}]",88.49999999999999,,,,,,,,,,,,,,,,0.9166666666666665,,12.73333333333333,,,,,,802.8833333333332,,,,,,,,,,,,,,,,,,,,,,,,289.66666666666663,,,,,,,,,,,,,,,,,,,,80.93333333333332,25.349999999999994,0.3499999999999999,,,,,,,,,,,,,0.6666666666666666,,,,,,,,,,,,,,,,,,,,,,,,,3359.2638666666653,,,,,,,,,,,,,,,,,,,,,,,,,,,,,,,,,,,,,,,,,,,
183144,428495,Cuberoll Sword,,,,,,250.0,3,https://app.nutrium.com/rails/active_storage/representations/redirect/eyJfcmFpbHMiOnsibWVzc2FnZSI6IkJBaHBBMHdFQ0E9PSIsImV4cCI6bnVsbCwicHVyIjoiYmxvYl9pZCJ9fQ==--5ab70a2dcc7f3c3df8a375f065afc1da1a9f8f6a/eyJfcmFpbHMiOnsibWVzc2FnZSI6IkJBaDdCem9MWm05eWJXRjBTU0lJYW5CbkJqb0dSVlE2RTNKbGMybDZaVjkwYjE5bWFXeHNXd2RwQWl3QmFRSXNBUT09IiwiZXhwIjpudWxsLCJwdXIiOiJ2YXJpYXRpb24ifX0=--b44c98460dfda55293bc1375ff5638f722bd6d84/20220106_135549.jpg,"[{'created_at': '2021-12-21T19:05:31Z', 'description': 'Grilled', 'id': 351863, 'recipe_id': 183144}, {'created_at': '2021-12-21T19:05:31Z', 'description': 'Grilled', 'id': 351864, 'recipe_id': 183144}]",,,,,,,,,,,,,,,,,,,,,,,,,132.0,,,,,,,,,,,,,,,,,,,,,,,,,,,,,,,,,,,,,,,,,,,,5.1000000000000005,21.6,0.0,,,,,,,,,,,,,,,,,,,,,,,,,,,,,,,,,,,,,,552.288,,,,,,,,,,,,,,,,,,,,,,,,,,,,,,,,,,,,,,,,,,,
183145,428496,Costiera Salad,,,,,1.0,445.0,3,https://app.nutrium.com/rails/active_storage/representations/redirect/eyJfcmFpbHMiOnsibWVzc2FnZSI6IkJBaHBBNlhsQnc9PSIsImV4cCI6bnVsbCwicHVyIjoiYmxvYl9pZCJ9fQ==--517bca6a89c7e5cf235eb8ccc2fc2076d82244a1/eyJfcmFpbHMiOnsibWVzc2FnZSI6IkJBaDdCem9MWm05eWJXRjBTU0lJYW5CbkJqb0dSVlE2RTNKbGMybDZaVjkwYjE5bWFXeHNXd2RwQWl3QmFRSXNBUT09IiwiZXhwIjpudWxsLCJwdXIiOiJ2YXJpYXRpb24ifX0=--b44c98460dfda55293bc1375ff5638f722bd6d84/IMG_20211213_195705.jpg,"[{'created_at': '2021-12-21T19:08:04Z', 'description': 'No cooked', 'id': 351865, 'recipe_id': 183145}]",89.6067415730337,0.022247191011235956,2.7177528089887644,0.0024719101123595504,0.0008988764044943821,0.00044943820224719103,0.002584269662921348,0.001348314606741573,0.001348314606741573,569.7640449438202,0.5112696629213483,0.0,0.0,0.0,0.20168539325842696,0.6466292134831461,157.80898876404493,1.0786516853932586,0.6141685393258427,0.0,23.95505617977528,88.6067415730337,29.280898876404496,5.615730337078652,69.41573033707866,247.55056179775278,0.0020224719101123593,0.06793258426966292,0.1172808988764045,2.3661685393258427,0.05748314606741573,0.4593258426966291,0.11753932584269663,0.012134831460674157,0.0011235955056179776,14.404494382022474,0.32830337078651683,0.1432921348314607,0.02948314606741573,0.5503370786516855,17.943820224719104,0.4817191011235955,0.16030337078651685,14.404494382022474,36.51910112359551,0.007303370786516854,2.6516853932584272,83.74033707865168,28.134831460674153,0.9595505617977529,,,0.19303370786516852,0.00044943820224719103,0.00044943820224719103,0.15885393258426966,0.10320224719101123,0.0813370786516854,0.1238314606741573,0.04214606741573034,19.050561797752806,0.0,0.0,0.005393258426966292,0.0071910112359550565,195.33707865168537,0.0,0.5384269662921348,2.533820224719101,7.9224719101123595,3.8576404494382026,0.5348314606741572,,0.0,0.056179775280898875,0.0,0.0,0.0,0.056179775280898875,0.011235955056179775,17.615730337078652,0.30337078651685395,2.003370786516854,1.4286516853932583,0.0,0.0,0.19103370786516854,0.1149438202247191,0.10064044943820225,0.004269662921348314,0.07615730337078651,0.0,0.0017977528089887641,0.0,0.0,0.0,0.0030561797752808985,0.028179775280898878,0.05146067415730337,0.001348314606741573,0.0,0.0040449438202247185,115.68539325842696,0.903370786516854,0.08033707865168539,0.001348314606741573,0.0029213483146067415,0.0014606741573033708,290.43541573033724,0.00011235955056179776,0.7241573033707865,9.213483146067416,0.42247191011235957,0.13815730337078652,0.12279775280898876,0.253314606741573,0.006067415730337079,52.80898876404494,0.002584269662921348,0.00033707865168539324,0.002606741573033708,0.026561797752808987,0.016662921348314607,0.00033707865168539324,0.002584269662921348,91.93258426966293,6.764044943820225,1002.8089887640449,0.05358426966292135,,,0.5151685393258428,0.1738202247191011,1.1938314606741574,0.0,0.0006741573033707865,0.007325842696629214,0.29719101123595504,0.10332584269662921,0.4116179775280899,0.001348314606741573,0.09701123595505619,0.7310112359550562,0.0948876404494382,0.005280898876404494,0.0,,,,,,
183050,428350,1/2 PORTION BACCALA 'MORRO SCOTTED WITH CHICKPEAS CREAM AND CRUSCHI PEPPER,,,,,1.0,143.0,3,https://app.nutrium.com/rails/active_storage/representations/redirect/eyJfcmFpbHMiOnsibWVzc2FnZSI6IkJBaHBBNGJsQnc9PSIsImV4cCI6bnVsbCwicHVyIjoiYmxvYl9pZCJ9fQ==--c8b01c09e15c29d3df75eba556587709ccbe43ff/eyJfcmFpbHMiOnsibWVzc2FnZSI6IkJBaDdCem9MWm05eWJXRjBTU0lJYW5CbkJqb0dSVlE2RTNKbGMybDZaVjkwYjE5bWFXeHNXd2RwQWl3QmFRSXNBUT09IiwiZXhwIjpudWxsLCJwdXIiOiJ2YXJpYXRpb24ifX0=--b44c98460dfda55293bc1375ff5638f722bd6d84/20211214_165432.jpg,"[{'created_at': '2021-12-21T14:08:00Z', 'description': 'Pan cooked.', 'id': 351644, 'recipe_id': 183050}, {'created_at': '2021-12-21T14:08:00Z', 'description': 'Pan cooked.', 'id': 351645, 'recipe_id': 183050}]",164.611033519553,,,,0.0,0.0,0.0,,,36.0551675977654,0.47360055865921796,,0.0013966480446927399,0.0,0.008798882681564249,0.0038407821229050295,587.90467877095,0.0418994413407821,0.437396298882682,0.0,8.37988826815643,11.3676675977654,27.0858938547486,0.873289106145252,97.41201117318438,337.43959497206697,0.0,0.0689776536312849,0.054934008379888294,1.5176717877094998,0.39729678770949695,0.0,0.19165607541899396,0.0,0.0,26.967178770949698,2.05530726256983,0.6883324022346369,0.149966829608939,0.527412709497207,30.8610335195531,0.15606215083798897,1.21797870111732,26.967178770949698,51.058170391061495,3.49162011173184e-05,0.6145251396648039,77.6047032122905,21.271997206703897,0.711078910614525,,,0.14615956703910596,0.0,0.0,0.564570181564246,0.4870258379888269,0.6445715782122909,0.5465136173184358,0.148705656424581,1.73184357541899,0.0,0.0,,0.04469273743016759,0.0244413407821229,0.0,0.9314036312849159,2.9158624301675995,13.650600558659198,3.58391759776536,0.628491620111732,,0.0,0.0,0.0,0.0,0.0,,0.0,23.6256634078212,,1.1610335195530699,0.6338687150837989,0.0,0.0,1.0916539804469299,0.622210195530726,0.5878397346368719,0.0,0.44800279329608894,0.0,0.000698324022346369,0.0020949720670391096,,,0.0104748603351955,0.0118138966480447,0.0837988826815643,0.0,0.0,,836.8016759776539,0.0,0.0441689944134078,,,,407.5718547486035,,0.9971543296089389,25.1396648044693,0.628491620111732,0.851604399441341,0.8010579608938548,1.4079029329608899,0.0,30.032332402234598,0.0,,0.006983240223463689,0.015363128491620099,0.006211941340782119,0.0,,0.0,0.0,80.9284217877095,0.3829825418994409,,,0.00474860335195531,,1.6853250698323998,0.0,0.0,0.006797486033519549,0.09116096368715079,0.025694483240223498,0.11666759776536298,,0.23239874301675997,0.6354748603351958,0.07642946927374299,3.49162011173184e-05,,,,,,,
183063,428365,Baked potato with butter,,,,,1.0,290.0,3,https://app.nutrium.com/rails/active_storage/representations/redirect/eyJfcmFpbHMiOnsibWVzc2FnZSI6IkJBaHBBN0RtQnc9PSIsImV4cCI6bnVsbCwicHVyIjoiYmxvYl9pZCJ9fQ==--cc15dd263982764b7b6b719776f487b0bd0328de/eyJfcmFpbHMiOnsibWVzc2FnZSI6IkJBaDdCem9MWm05eWJXRjBTU0lJYW5CbkJqb0dSVlE2RTNKbGMybDZaVjkwYjE5bWFXeHNXd2RwQWl3QmFRSXNBUT09IiwiZXhwIjpudWxsLCJwdXIiOiJ2YXJpYXRpb24ifX0=--b44c98460dfda55293bc1375ff5638f722bd6d84/IMG_9941.jpg,"[{'created_at': '2021-12-21T14:51:13Z', 'description': 'Oven cooked.', 'id': 351674, 'recipe_id': 183063}, {'created_at': '2021-12-21T14:51:13Z', 'description': 'Oven cooked.', 'id': 351675, 'recipe_id': 183063}]",57.06896551724138,0.13255172413793104,2.341793103448276,,,,,,,25.24137931034483,0.5183448275862069,,0.013793103448275865,0.0,0.1931034482758621,0.24827586206896557,4166.620689655173,2.7586206896551726,7.199034482758622,0.0,92.55172413793105,98.13793103448278,14.000000000000002,6.275862068965518,146.48275862068968,384.8620689655172,,0.05724137931034483,0.04055172413793104,0.8168275862068967,0.022482758620689658,0.0,0.16041379310344828,0.0,0.0,12.827586206896553,0.22179310344827588,0.06579310344827588,0.013379310344827587,0.30551724137931036,34.41379310344828,0.30551724137931036,0.06924137931034482,12.827586206896553,10.179310344827586,0.0,4.551724137931035,59.35448275862069,41.10344827586208,1.0620689655172415,0.040827586206896554,0.5517241379310346,0.398344827586207,0.16413793103448276,0.44496551724137934,0.04841379310344828,0.04648275862068966,0.03420689655172414,0.05117241379310345,0.014896551724137933,13.358620689655174,0.0,,,0.0,0.0,0.0,0.9393103448275861,11.484137931034484,1.9931034482758623,10.842758620689656,0.0,0.0,0.0,0.0,0.0,0.0,0.0,0.17931034482758623,0.0,0.6896551724137931,0.38620689655172413,3.4,0.8427586206896552,0.0,0.0,0.06662068965517243,0.04427586206896553,0.04317241379310345,0.45213793103448285,0.03255172413793104,0.35889655172413804,0.0,0.0,,,0.013793103448275865,0.13324137931034485,0.0,,,0.043448275862068966,6198.620689655173,0.0,9.30344827586207,0.040827586206896554,0.41131034482758627,,612.8838620689669,,0.32689655172413795,0.0,0.0,0.06082758620689656,0.03917241379310345,0.27848275862068966,0.07724137931034485,29.655172413793107,,,0.0,0.0,0.0503448275862069,0.019034482758620692,0.41131034482758627,8.965517241379311,0.0,350.2068965517242,0.02082758620689655,0.0,0.0,0.37931034482758624,0.2987586206896552,2.9518620689655175,0.27682758620689657,0.3495172413793104,1.026344827586207,3.003724137931035,1.3819310344827587,2.7539310344827586,0.03682758620689656,0.9793103448275864,0.02344827586206897,0.18000000000000002,0.0,,,,,,,
182292,426876,"1/2 Tonnarelli in black cabbage sauce, prawns and baked cherry tomatoes",,,,,1.0,183.0,3,https://app.nutrium.com/rails/active_storage/representations/redirect/eyJfcmFpbHMiOnsibWVzc2FnZSI6IkJBaHBBMTNsQnc9PSIsImV4cCI6bnVsbCwicHVyIjoiYmxvYl9pZCJ9fQ==--be216876c8bd283d25195e7ca4c1fbd18385beed/eyJfcmFpbHMiOnsibWVzc2FnZSI6IkJBaDdCem9MWm05eWJXRjBTU0lJYW5CbkJqb0dSVlE2RTNKbGMybDZaVjkwYjE5bWFXeHNXd2RwQWl3QmFRSXNBUT09IiwiZXhwIjpudWxsLCJwdXIiOiJ2YXJpYXRpb24ifX0=--b44c98460dfda55293bc1375ff5638f722bd6d84/IMG_9894.jpg,"[{'created_at': '2021-12-16T14:58:43Z', 'description': 'Pasta boiled.', 'id': 349996, 'recipe_id': 182292}, {'created_at': '2021-12-16T14:58:43Z', 'description': 'Creamed in a pan.', 'id': 349997, 'recipe_id': 182292}]",78.13926128590971,,0.301198358413133,0.0008125854993160051,0.0005417236662106701,0.0,0.0005417236662106701,,0.0005417236662106701,17.783857729138205,0.5003545827633381,0.0,0.0010943912448700402,0.0,1.5184678522571802,0.6303693570451441,613.6560875513001,,0.6579195622435021,0.0,12.4358413132695,14.925581395348804,27.385499316005504,8.224350205198363,145.95157318741403,135.45034199726402,0.0,0.08050642954856362,0.058572093023255806,0.48845991792065707,0.06958714090287281,0.018878248974008204,0.0738300957592339,0.0008207934336525311,0.0,6.669220246238031,0.9055633378932971,0.14051983584131303,0.0407609302325581,0.535701778385773,19.766621067031505,0.351068946648427,0.09809521203830371,6.669220246238031,2.8877975376197003,0.004062927496580031,21.004103967168305,64.99130232558142,51.33980848153211,1.0768153214774303,,,0.20136908344733204,0.0,0.0,0.16640355677154603,0.30398385772913805,0.11069849521203802,0.15975266757865902,0.0677017783857729,17.9017236662107,0.0,0.0,0.012188782489740101,0.0,0.0,0.0,0.16293296853625203,3.7503310533515704,6.624207934336531,21.228246238030103,0.346703146374829,0.0,0.0,0.0,,,0.0,,,17.313761969904203,,1.6969083447332403,2.9418248974008203,0.0,0.0,0.22094445964432302,0.11670725034199701,0.09237400820793432,0.0013543091655266802,0.09821723666210672,0.0,0.0010834473324213402,0.0,,0.0,0.0021668946648426804,0.020585499316005503,0.005688098495212041,0.0,0.0,0.004333789329685361,938.6421340629281,1.9771272229822203,0.0,0.0,0.0,0.0010834473324213402,610.6613822161402,,0.7858686730506161,0.0,0.29794801641586904,0.140021067031464,0.11502544459644301,0.17103502051983602,0.007854993160054722,55.338960328317405,0.0008125854993160051,,0.0008125854993160051,0.012188782489740101,0.010301504787961702,0.0,,24.288098495212004,0.8755129958960332,0.12311901504788003,0.0652421340629275,,,0.714979480164159,0.10563611491108102,2.19605335157319,0.0,2.7359781121751005e-05,0.0024377564979480206,0.20681805745554002,0.058682079343365307,0.32356361149110807,,0.32466785225718203,0.7161997264021891,0.0890719562243502,0.000547195622435021,0.0,,,0.0,,0.0,
183087,428407,Maccheroncini pasta with olive oil,,,,,1.0,73.5,3,https://app.nutrium.com/rails/active_storage/representations/redirect/eyJfcmFpbHMiOnsibWVzc2FnZSI6IkJBaHBBM3psQnc9PSIsImV4cCI6bnVsbCwicHVyIjoiYmxvYl9pZCJ9fQ==--9b095651bb48ccf27494582ae05645d96d1a17e2/eyJfcmFpbHMiOnsibWVzc2FnZSI6IkJBaDdCem9MWm05eWJXRjBTU0lJYW5CbkJqb0dSVlE2RTNKbGMybDZaVjkwYjE5bWFXeHNXd2RwQWl3QmFRSXNBUT09IiwiZXhwIjpudWxsLCJwdXIiOiJ2YXJpYXRpb24ifX0=--b44c98460dfda55293bc1375ff5638f722bd6d84/IMG_9850.jpg,"[{'created_at': '2021-12-21T16:53:03Z', 'description': 'Boiled ', 'id': 351738, 'recipe_id': 183087}]",136.3673469387755,,10.27142857142857,0.0,0.0,0.014285714285714287,0.0,,0.0,0.0,1.6857142857142855,0.0,0.0,0.0,0.0,0.0,1608.1632653061224,,2.1979591836734693,0.0,0.0,0.0,22.857142857142858,0.0,415.50612244897957,196.28571428571425,,0.12244897959183673,0.0326530612244898,2.0408163265306123,,0.0,0.0653061224489796,0.0,,,,,0.0,1.2285714285714284,48.0,0.0,,,,,1.7959183673469385,7.755102040816326,20.0,1.5387755102040817,,14.57142857142857,1.0714285714285714,0.0,0.0,,,,,,8.214285714285714,0.0,0.05714285714285715,0.0,0.0,,,,15.453273469387753,10.204081632653061,57.87755102040816,0.0,,,,,,,,,0.0,,4.081632653061225,2.122448979591837,,,,,,0.0,,0.014285714285714287,,0.0,,0.0,0.04285714285714286,0.09999999999999999,0.0,0.014285714285714287,0.0,0.09999999999999999,2444.8979591836733,0.0,55.75510204081632,,,,1738.4776163265324,,0.7285714285714285,,,,,,0.014285714285714287,0.0,,,0.0,,0.09999999999999999,0.05714285714285715,,,,,,0.08571428571428572,0.3142857142857143,0.0,1.0714285714285714,10.551020408163264,0.0,0.0,0.014285714285714287,1.4428571428571428,0.42857142857142855,10.27142857142857,,0.0,0.0,0.004693877551020408,0.0,,,,,,,
59825,175866,Fiori e Alici Neapolitan Pizza,,,,,1.0,429.0,3,https://app.nutrium.com/rails/active_storage/representations/redirect/eyJfcmFpbHMiOnsibWVzc2FnZSI6IkJBaHBBckNlIiwiZXhwIjpudWxsLCJwdXIiOiJibG9iX2lkIn19--fb5f004b1aa41c6e302b095d3aba8794521a5c71/eyJfcmFpbHMiOnsibWVzc2FnZSI6IkJBaDdCem9MWm05eWJXRjBTU0lJYW5CbkJqb0dSVlE2RTNKbGMybDZaVjkwYjE5bWFXeHNXd2RwQWl3QmFRSXNBUT09IiwiZXhwIjpudWxsLCJwdXIiOiJ2YXJpYXRpb24ifX0=--b44c98460dfda55293bc1375ff5638f722bd6d84/DSC00957.jpg,"[{'created_at': '2020-04-20T18:02:32Z', 'description': 'cooked in a wood oven 400 ° 1 minute and 30 seconds', 'id': 113496, 'recipe_id': 59825}]",204.68848075609645,,,,,,,,,52.41759402124171,0.5320841386766653,,0.0,0.0,0.0,0.0,1326.4056662989035,,3.8146570550841012,0.0,61.44522144522145,84.52214452214453,14.526029526029506,1.6317016317016315,219.89342093256664,120.63256607963017,,0.052334389611969706,0.10583269044123138,0.7419645400072444,,,0.087014616463015,,,0.0,,,8.96419713145691e-06,1.1911613742129759,9.519773425467378,0.11531991140532065,,0.0,0.0,,0.0,48.83406557361181,86.99412168495797,0.6194601019778957,,,0.0,0.0,0.0,,,,,,0.0,0.0,,,0.0,0.0,0.0,0.04307692307692308,7.755756545747652,11.313103523601741,28.015391044305616,0.2778554778554778,,0.0,0.0,,,0.0,,,4.0093240093240095,,0.8818163844854242,0.833900875715822,0.0,0.0,,,,0.0,,0.0,0.0,0.0,,,0.0,0.0,0.0,,,,0.2052329343254612,0.05391998274560551,27.181490168589818,,,,920.0340731818604,,0.4061038803031686,0.0,,,,,,18.743377122580856,,,0.0,0.0,0.0,,,0.0,0.0,0.0,,,,0.009324009324009326,,2.867507064900302,0.0,0.007925407925407926,0.0,0.0,0.0,0.0,,0.004662004662004663,0.6284382284382285,0.023668314682549547,,,,0.0,,,,
183101,428431,Porcini Antichi Grani Siciliani Style Pizza,,,,,1.0,510.0,3,https://app.nutrium.com/rails/active_storage/representations/redirect/eyJfcmFpbHMiOnsibWVzc2FnZSI6IkJBaHBBeW5sQnc9PSIsImV4cCI6bnVsbCwicHVyIjoiYmxvYl9pZCJ9fQ==--9f4ec2b49627821d2c040577d0a19c757cdbd20c/eyJfcmFpbHMiOnsibWVzc2FnZSI6IkJBaDdCem9MWm05eWJXRjBTU0lJYW5CbkJqb0dSVlE2RTNKbGMybDZaVjkwYjE5bWFXeHNXd2RwQWl3QmFRSXNBUT09IiwiZXhwIjpudWxsLCJwdXIiOiJ2YXJpYXRpb24ifX0=--b44c98460dfda55293bc1375ff5638f722bd6d84/IMG_9865.jpg,"[{'created_at': '2021-12-21T17:34:25Z', 'description': 'cooked in a wood oven 400 ° 1 minute and 30 seconds', 'id': 351751, 'recipe_id': 183101}]",81.14117647058823,,0.0,,0.0,0.0,,,,91.81372549019608,0.23236274509803934,,0.0,0.0,0.0,0.0,354.0294117647059,0.0,2.7810392156862744,0.08235294117647059,36.94117647058823,46.06862745098039,16.696078431372538,0.7352941176470588,174.36225490196094,40.666666666666664,,0.013196078431372545,0.07029411764705881,0.10808823529411762,,0.0,0.02691176470588235,0.0,,4.754901960784314,,,1.372549019607845e-05,0.7148431372549017,8.127450980392155,0.09691176470588235,,4.754901960784314,0.75,,0.0,56.61764705882354,66.27647058823531,0.2555882352941177,,0.0,0.006372549019607843,0.0,0.0,,,,,,5.323529411764706,0.0,0.0,,0.0,0.0,0.0,0.8490196078431371,5.769607843137256,9.157058823529411,21.16029411764707,0.034509803921568626,,0.0,0.0,,,0.0,0.004901960784313725,,0.6617647058823529,,1.6960784313725465,0.6338235294117649,0.0,0.0,,,,0.0,,0.00014705882352941178,0.0,0.0,,,0.0,4.901960784313725e-05,0.0,0.0,,,0.0,0.3921568627450979,0.0068627450980392,,,,729.5316745098048,,0.33539215686274504,0.0,,,,,0.0,15.296176470588234,,,0.0,9.80392156862745e-05,0.008333333333333333,0.0,,174.26470588235293,0.0,116.32352941176471,,0.0,0.0,0.0,,2.035715686274512,0.0,0.0,0.0,0.003529411764705882,0.000196078431372549,0.0022549019607843138,,0.016833333333333336,0.45294117647058824,0.05488235294117646,0.0,,,0.0,,,,
183135,428481,FRIED PANKO SHRIMPS WITH MINT MAYONNAISE,,,,,,67.0,3,https://app.nutrium.com/rails/active_storage/representations/redirect/eyJfcmFpbHMiOnsibWVzc2FnZSI6IkJBaHBBNnpsQnc9PSIsImV4cCI6bnVsbCwicHVyIjoiYmxvYl9pZCJ9fQ==--9b825ac29d67b9dc7ef9e12579d3264ce2f25fc2/eyJfcmFpbHMiOnsibWVzc2FnZSI6IkJBaDdCem9MWm05eWJXRjBTU0lJYW5CbkJqb0dSVlE2RTNKbGMybDZaVjkwYjE5bWFXeHNXd2RwQWl3QmFRSXNBUT09IiwiZXhwIjpudWxsLCJwdXIiOiJ2YXJpYXRpb24ifX0=--b44c98460dfda55293bc1375ff5638f722bd6d84/IMG_9914.jpg,"[{'created_at': '2021-12-21T18:39:51Z', 'description': 'Fried', 'id': 351834, 'recipe_id': 183135}]",54.402985074626876,,19.571641791044776,0.0,0.008955223880597015,0.10298507462686568,0.0,,0.09402985074626866,0.0,9.277014925373136,0.13880597014925375,0.0,0.2865671641791045,0.7611940298507464,0.5462686567164179,262.91044776119406,1.1940298507462688,2.726119402985075,0.0,35.223880597014926,38.8955223880597,27.611940298507463,0.9253731343283582,389.04477611940297,87.83582089552239,0.026865671641791045,0.15305970149253734,0.2124626865671642,1.1184328358208957,0.10305970149253732,0.11343283582089554,0.07141791044776119,0.026865671641791045,0.15522388059701495,5.970149253731344,0.9467164179104479,0.25298507462686565,0.06408955223880597,0.441044776119403,15.895522388059703,0.21828358208955223,0.23432835820895523,26.716417910447767,2.738805970149254,0.0014925373134328358,18.059701492537314,44.051492537313436,55.671641791044784,1.4731343283582092,,,6.482089552238805,0.0,0.0,0.2772388059701493,0.2954477611940299,0.16037313432835823,0.24507462686567166,0.10597014925373135,0.9850746268656717,0.0,0.03582089552238806,0.0,0.0,0.0,0.0,0.5626865671641791,34.43283582089552,7.344776119402986,12.208955223880597,0.0,0.0,0.0,0.0,0.0,0.0,12.238805970149256,,0.16417910447761197,12.238805970149253,,0.6716417910447762,2.055970149253732,0.0,0.0,0.35328358208955224,0.2063432835820896,0.1651492537313433,0.01791044776119403,0.1592537313432836,0.008955223880597015,0.0,0.13880597014925375,,0.049253731343283584,0.5104477611940298,0.09402985074626866,0.0,0.0,0.0,2.6059701492537317,226.38805970149255,0.4626865671641791,8.9044776119403,0.0,0.0,0.0,1627.7633432835823,,10.056716417910447,0.0,0.0,0.22231343283582092,0.21940298507462686,0.37380597014925376,0.01791044776119403,45.01492537313433,0.0,,0.0,0.0,2.727761194029851,0.1835820895522388,,4.477611940298508,0.0,0.0,0.12328358208955226,,,0.4619402985074627,6.183582089552239,20.58007462686567,0.0,0.0,0.01791044776119403,1.6467164179104479,0.6572388059701493,19.739776119402986,,0.20291044776119407,0.6410447761194031,0.06761194029850746,0.005970149253731343,0.0,,,0.0,,0.0,
183142,428493,CHICKEN WINGS IN BBQ SAUCE SWORD,,,,,1.0,269.2,3,https://app.nutrium.com/rails/active_storage/representations/redirect/eyJfcmFpbHMiOnsibWVzc2FnZSI6IkJBaHBBeWtFQ0E9PSIsImV4cCI6bnVsbCwicHVyIjoiYmxvYl9pZCJ9fQ==--c679668ce259be5825d5e4f49465a5ae5f123df7/eyJfcmFpbHMiOnsibWVzc2FnZSI6IkJBaDdCem9MWm05eWJXRjBTU0lJYW5CbkJqb0dSVlE2RTNKbGMybDZaVjkwYjE5bWFXeHNXd2RwQWl3QmFRSXNBUT09IiwiZXhwIjpudWxsLCJwdXIiOiJ2YXJpYXRpb24ifX0=--b44c98460dfda55293bc1375ff5638f722bd6d84/20220106_135528.jpg,"[{'created_at': '2021-12-21T18:59:14Z', 'description': 'Grilled', 'id': 351859, 'recipe_id': 183142}, {'created_at': '2021-12-21T18:59:14Z', 'description': 'Grilled', 'id': 351860, 'recipe_id': 183142}]",186.6684249628529,,,,,,,,,2.038038632986627,3.040069019316493,,0.0017904903417533436,0.0,2.2452748885586926,0.59712852897474,927.9098811292721,0.18187221396731054,4.141391530460624,0.0,21.48588410104012,50.60323179791976,10.090973254086183,0.2578157503714711,257.95635215453194,367.41396731054976,,0.07087652303120358,0.113357132243685,5.7017566121842505,,,0.26554829123328383,,,0.02674591381872214,,,0.00475222882615156,1.5220133729569096,30.982986627043097,1.2295286032689452,,0.02674591381872214,0.06606240713224369,,6.037444279346212,49.95401263001486,46.98517830609212,1.8931931649331353,,,0.00829925705794948,0.0,0.0,,,,,,0.014442793462109957,0.0,,,0.0,0.0,0.0,0.02038038632986627,15.10172139673106,24.829046062407134,6.611433135215454,0.08952451708766718,,0.0,0.0,,,0.0,,,15.286790490341753,,0.8772994056463598,5.542507429420506,0.0,0.0,,,,0.17904903417533435,,4.8142644873699844e-05,0.0,0.0,,,0.0005670133729569094,0.0005670133729569094,0.0,,,,1426.186849925706,3.6552748885586923,0.9082466567607728,,,,1079.2893774145618,,0.28242050520059436,0.0,,,,,,107.42942050520061,,,0.0,0.0,0.0004707280832095096,,,1.1982169390787518,0.0,3.396731054977712,,,,0.4708989598811293,,6.767109212481428,0.0,4.8142644873699844e-05,4.8142644873699844e-05,0.0030410104011887075,0.0009200594353640416,0.03642258543833581,,0.19018075780089155,0.8952451708766717,0.10409710252600299,,,,,,,,
89619,232338,Fiori e Alici Roman Style Pizza,,,,,1.0,309.0,3,https://app.nutrium.com/rails/active_storage/representations/redirect/eyJfcmFpbHMiOnsibWVzc2FnZSI6IkJBaHBBaXl5IiwiZXhwIjpudWxsLCJwdXIiOiJibG9iX2lkIn19--b725eb4e156048ba4230adadf33b43fb3492801f/eyJfcmFpbHMiOnsibWVzc2FnZSI6IkJBaDdCem9MWm05eWJXRjBTU0lJYW5CbkJqb0dSVlE2RTNKbGMybDZaVjkwYjE5bWFXeHNXd2RwQWl3QmFRSXNBUT09IiwiZXhwIjpudWxsLCJwdXIiOiJ2YXJpYXRpb24ifX0=--b44c98460dfda55293bc1375ff5638f722bd6d84/fiori_alici_romana__1_.jpg,"[{'created_at': '2020-10-07T08:38:07Z', 'description': 'cooked in a wood oven 400 ° 1 minute and 30 seconds', 'id': 167531, 'recipe_id': 89619}]",220.54045307443343,,0.19313915857605163,,0.0,0.0031067961165048555,,,,69.90291262135922,1.1623948220064741,,0.0,0.0,0.3313915857605176,0.0,341.0258899676375,4.375404530744337,5.3029773462783165,0.0,85.3074433656958,117.34627831715211,50.530744336569576,2.2653721682847894,233.71715210356007,235.20388349514553,,0.07601941747572795,0.17563106796116504,0.8750809061488675,,0.8403883495145618,0.10792880258899681,0.44737864077669925,,0.0,,,0.0005216828478964393,1.6170032362459545,23.76051779935274,0.31987055016181243,,0.0,0.0,,0.28478964401294515,50.372168284789616,104.20388349514565,1.309553398058251,,2.304207119741102,0.5771197411003216,0.0,0.0,,,,,,1.8944983818770218,0.0,0.0010355987055016198,,0.0,0.0,0.0,0.0598873786407767,11.340129449838185,14.857281553398078,19.011974110032355,0.3857605177993527,,0.0,0.0,,,3.239482200647249,,,5.928802588996764,,1.5744336569579287,0.970226537216829,0.0,0.0,,,,0.0010355987055016198,,0.0,0.0,0.0,,,0.0015533980582524277,0.0020711974110032352,0.0,0.0005177993527508076,,,391.89644012944996,2.0194174757281567,14.734304207119747,,,,977.8725644012951,,0.6126213592233009,0.0,,,,,0.0010355987055016198,26.034951456310676,,,0.0,0.0,0.08025889967637533,0.002588996763754043,,0.0,0.0,0.0,,0.7456310679611668,1.077022653721684,0.012944983818770229,,3.8546925566343035,0.0,0.011003236245954694,0.0005177993527508076,0.17702265372168297,0.06527508090614904,0.8824595469255682,,0.13232977346278316,0.8724919093851133,0.12723203883495138,0.028996763754045307,,,0.0,,,,
183100,428430,Porcini Neapolitan Style Pizza,,,,,1.0,524.76,3,https://app.nutrium.com/rails/active_storage/representations/redirect/eyJfcmFpbHMiOnsibWVzc2FnZSI6IkJBaHBBM1RsQnc9PSIsImV4cCI6bnVsbCwicHVyIjoiYmxvYl9pZCJ9fQ==--3ca1584728f6a3b37d38aeda173168346f92632c/eyJfcmFpbHMiOnsibWVzc2FnZSI6IkJBaDdCem9MWm05eWJXRjBTU0lJYW5CbkJqb0dSVlE2RTNKbGMybDZaVjkwYjE5bWFXeHNXd2RwQWl3QmFRSXNBUT09IiwiZXhwIjpudWxsLCJwdXIiOiJ2YXJpYXRpb24ifX0=--b44c98460dfda55293bc1375ff5638f722bd6d84/IMG_9865.jpg,"[{'created_at': '2021-12-21T17:33:30Z', 'description': 'cooked in a wood oven 400 ° 1 minute and 30 seconds', 'id': 351750, 'recipe_id': 183100}]",150.00243921030568,,0.0,,0.0,0.0,,,,89.03203369159235,0.3471872856162817,,0.0,0.0,0.0,0.0,1119.978580684502,0.0,2.6223530756917444,0.08003658815458495,35.902126686485246,44.77284854028508,16.100693650430657,0.7146123942373657,174.08070355972234,75.74954264806772,,0.038836039332266196,0.07058464822013874,0.3899782757832151,,0.0,0.06767855781690675,0.0,,4.621160149401631,,,7.603475874685563e-06,0.873879487765836,7.3089412302767,0.07573938562390425,,4.621160149401631,0.7289046421221129,,0.0,58.46119178291026,78.64808674441649,0.4793989633356202,,0.0,0.0061933074167238355,0.0,0.0,,,,,,5.173793734278527,0.0,0.0,,0.0,0.0,0.0,0.06669715679548745,5.431303834133701,8.731900297278752,24.113385166552305,0.03353914170287369,,0.0,0.0,,,0.0,0.004764082628249105,,0.6431511548136291,,1.3958762100769881,0.9816868663770102,0.0,0.0,,,,0.0,,0.00014292247884747312,0.0,0.0,,,0.0,4.764082628249104e-05,0.0,0.0,,,0.17407957923622244,0.04573519323119139,23.055472978123337,,,,728.3536636938769,,0.35042533729705005,0.0,,,,,0.0,14.865734621541275,,,0.0,9.528165256498208e-05,0.008098940468023478,0.0,,169.36313743425566,0.0,113.05168076835125,,0.0,0.0,0.0,,1.9309589145514128,0.0,0.0,0.0,0.0034301394923393546,0.00019056330512996417,0.002191478008994588,,0.015292705236679624,0.4402012348502172,0.04340955865538531,0.0,,,0.0,,,,
183136,428483,Meatball in tomato sauce,,,,,1.0,50.0,3,https://app.nutrium.com/rails/active_storage/representations/redirect/eyJfcmFpbHMiOnsibWVzc2FnZSI6IkJBaHBBNmJsQnc9PSIsImV4cCI6bnVsbCwicHVyIjoiYmxvYl9pZCJ9fQ==--c81af0f6a895f253f47cb70cfd2905f00ecbe18e/eyJfcmFpbHMiOnsibWVzc2FnZSI6IkJBaDdCem9MWm05eWJXRjBTU0lJYW5CbkJqb0dSVlE2RTNKbGMybDZaVjkwYjE5bWFXeHNXd2RwQWl3QmFRSXNBUT09IiwiZXhwIjpudWxsLCJwdXIiOiJ2YXJpYXRpb24ifX0=--b44c98460dfda55293bc1375ff5638f722bd6d84/IMG_9844.jpg,"[{'created_at': '2021-12-21T18:45:37Z', 'description': 'Pan cooked.', 'id': 351841, 'recipe_id': 183136}]",129.00289017341,,,,0.0239306358381503,0.0,0.0395375722543353,,0.00416184971098266,235.222543352601,0.754994219653179,,0.0023121387283237,0.0,0.301445086705202,0.0,380.604046242775,,3.77960115606936,0.202312138728324,26.971098265896,44.1011560693642,13.3150289017341,5.22976878612717,182.055216763006,267.326589595376,0.0,0.154289017341041,0.12864450867052,2.36395953757225,0.320115606936416,,0.204450867052023,,,3.12138728323699,1.41433526011561,0.434219653179191,0.0974566473988439,2.54442196531792,17.0728323699422,0.421820809248555,0.822312138728324,3.12138728323699,28.092485549133,,0.0728323699421965,66.4748554913295,108.88901734104,3.24341040462428,,,0.157976878612717,0.0,0.0,0.35514450867052,0.387398843930636,0.428670520231214,0.346820809248555,0.0873988439306359,2.73583815028902,0.0,,,0.00104046242774566,0.0,0.0,0.998352601156069,11.9362716763006,11.8171676300578,6.2606936416185,0.183121387283237,,0.0,0.0,,,0.0,2.77456647398844,0.0,7.63439306358382,7.73410404624278,1.59158959537572,2.54060693641619,0.0,0.0,0.742543352601156,0.404046242774566,0.407514450867052,0.0,0.32150289017341,0.0038150289017341,0.0,0.0,,,0.0166473988439306,0.183121387283237,0.000346820809248555,0.0336416184971098,0.0,0.0142196531791908,,0.0,3.0606936416185,,,,761.7190269364171,,1.80109826589595,2.77456647398844,0.069364161849711,0.586820809248555,0.53757225433526,0.839653179190751,0.0554913294797688,53.0495664739884,0.0,,0.00554913294797688,0.0152601156069364,0.021364161849711,0.00416184971098266,,0.0,0.0,7.63005780346821,0.234450867052023,,,0.0,,6.12866473988439,0.0,0.00982658959537572,0.145317919075144,1.11022543352601,0.616106936416185,1.95873988439306,,0.0971618497109827,1.12369942196532,0.0890784104046243,,,,0.167514450867052,,0.139421965317919,,
183056,428357,"1/2 BEEF CHEEK, POMEGRANATE AND PURE CELERY, TURNIP GREENS",,,,,1.0,266.5,3,https://app.nutrium.com/rails/active_storage/representations/redirect/eyJfcmFpbHMiOnsibWVzc2FnZSI6IkJBaHBBelhsQnc9PSIsImV4cCI6bnVsbCwicHVyIjoiYmxvYl9pZCJ9fQ==--294fce887b3f24b0700b07f84b49bd542d5447f5/eyJfcmFpbHMiOnsibWVzc2FnZSI6IkJBaDdCem9MWm05eWJXRjBTU0lJYW5CbkJqb0dSVlE2RTNKbGMybDZaVjkwYjE5bWFXeHNXd2RwQWl3QmFRSXNBUT09IiwiZXhwIjpudWxsLCJwdXIiOiJ2YXJpYXRpb24ifX0=--b44c98460dfda55293bc1375ff5638f722bd6d84/IMG_9909.jpg,"[{'created_at': '2021-12-21T14:23:29Z', 'description': 'Pan cooked.', 'id': 351660, 'recipe_id': 183056}, {'created_at': '2021-12-21T14:23:29Z', 'description': 'Pan cooked.', 'id': 351661, 'recipe_id': 183056}]",36.5825486503453,,0.000644486294203808,,0.0,0.00016739903745553497,0.0,,0.0,116.892236869638,0.280765222849969,,0.0011717932621887399,0.0,0.171236660389203,1.1767357187696197,246.31533793680697,1.12889725884076,0.6781841389412009,0.0,0.0,12.2743251726303,4.9658924461184295,5.69458045616238,80.0332705586943,186.696798493409,4.603473530027199e-05,0.034433145009416195,0.024418288344841995,1.65285771081816,0.00628415986608077,0.00010462439840970898,0.166826532747437,0.0,0.0,4.54153588616865,0.0675647625026156,0.0168528980958359,0.0035518518518518494,0.962548650345261,10.6120527306968,0.229357187696171,0.0188323917137476,4.54153588616865,4.13971542163633,0.0007428332287089349,0.261560996024273,80.4151517053777,14.8974680895585,1.36430215526261,,,0.0939713329148358,0.0,0.0,0.0124450721908349,0.013642603055032398,0.0102293366813141,0.0138037246285834,0.00506612261979494,7.02605147520402,0.0,0.0,,0.0,51.2766269093953,0.0,0.418700564971751,2.5996903117807095,7.0612073655576495,6.9099539652647,0.0,,0.0,0.013182674199623398,0.0,0.0,0.0,0.04948734044779239,0.0,4.30148566645742,0.05668549905838039,0.675559740531492,3.0774304247750597,0.0,0.0,0.0168405524168236,0.011293785310734498,0.012951663527934698,0.0,0.00839945595312827,0.00155262607240008,0.0,0.0,,1.8832391713747598e-05,0.0,0.00046578782172002493,0.0,0.0,0.0,5.6497175141242896e-05,315.806654111739,0.0107344632768362,1.97428123038293,,0.0,,334.85920401757693,,0.33301946013810396,0.0,,0.027314291692822797,0.011653483992467,0.0737817535049174,0.0,0.00228499686126805,0.0,,0.0,8.78844946641557e-05,0.0132345679012346,7.53295668549906e-05,0.0,6.64992676292111,0.0,221.281439631722,0.00495835948943294,,,1.45145009416196,,1.31551475204018,0.0,0.00014647415777359297,0.0281443816698054,0.254913580246914,0.18977987026574597,0.3821912534002929,,0.0880569156727349,1.9997489014438197,0.0746938690102532,0.000131826741996234,0.0,,,,0.0,,
183242,428682,CHEESES ERCOLI SELECTION,,,,,1.0,140.0,3,https://app.nutrium.com/rails/active_storage/representations/redirect/eyJfcmFpbHMiOnsibWVzc2FnZSI6IkJBaHBBNjNtQnc9PSIsImV4cCI6bnVsbCwicHVyIjoiYmxvYl9pZCJ9fQ==--cd9807c91accd1cf57767388e2d620385cabb67e/eyJfcmFpbHMiOnsibWVzc2FnZSI6IkJBaDdCem9MWm05eWJXRjBTU0lJYW5CbkJqb0dSVlE2RTNKbGMybDZaVjkwYjE5bWFXeHNXd2RwQWl3QmFRSXNBUT09IiwiZXhwIjpudWxsLCJwdXIiOiJ2YXJpYXRpb24ifX0=--b44c98460dfda55293bc1375ff5638f722bd6d84/IMG_9942.jpg,"[{'created_at': '2021-12-22T12:03:10Z', 'description': 'no cooked', 'id': 352088, 'recipe_id': 183242}, {'created_at': '2021-12-22T12:03:10Z', 'description': 'no cooked', 'id': 352089, 'recipe_id': 183242}]",132.75,,,,,,,,,,,,,,,,0.725,,22.124999999999996,,,,,,369.5,,,,,,,,,,,,,,,,,,,,,,,,434.5,,,,,,,,,,,,,,,,,,,,28.25,25.499999999999996,0.5249999999999999,,,,,,,,,,,,,1.875,,,,,,,,,,,,,,,,,,,,,,,,,1545.9879999999998,,,,,,,,,,,,,,,,,,,,,,,,,,,,,,,,,,,,,,,,,,,
183098,428428,Porcini Roman Style Pizza,,,,,1.0,395.0,3,https://app.nutrium.com/rails/active_storage/representations/redirect/eyJfcmFpbHMiOnsibWVzc2FnZSI6IkJBaHBBeWpsQnc9PSIsImV4cCI6bnVsbCwicHVyIjoiYmxvYl9pZCJ9fQ==--53a183684c3033109367c428eec9d8e73ebb19a1/eyJfcmFpbHMiOnsibWVzc2FnZSI6IkJBaDdCem9MWm05eWJXRjBTU0lJYW5CbkJqb0dSVlE2RTNKbGMybDZaVjkwYjE5bWFXeHNXd2RwQWl3QmFRSXNBUT09IiwiZXhwIjpudWxsLCJwdXIiOiJ2YXJpYXRpb24ifX0=--b44c98460dfda55293bc1375ff5638f722bd6d84/IMG_9866.jpg,"[{'created_at': '2021-12-21T17:32:40Z', 'description': 'cooked in a wood oven 400 ° 1 minute and 30 seconds', 'id': 351749, 'recipe_id': 183098}]",145.9544303797467,,0.1510886075949366,,0.0,0.0024303797468354445,,,,115.9493670886076,0.7834050632911407,,0.0,0.0,0.2592405063291138,0.0,262.51139240506325,3.422784810126583,3.4809873417721517,0.10632911392405063,47.69620253164557,59.48101265822785,44.78227848101266,0.949367088607595,169.93000000000018,151.67848101265818,,0.05275949367088592,0.115746835443038,0.38234177215189885,,0.6574177215189864,0.07765822784810132,0.349974683544304,,6.139240506329115,,,0.00040810126582278426,1.1174784810126583,17.815189873417715,0.22548101265822795,,6.139240506329115,0.968354430379747,,0.22278481012658244,62.99810126582277,90.44050632911394,0.9750683544303786,,1.8025316455696216,0.45969620253164406,0.0,0.0,,,,,,8.355443037974684,0.0,0.0008101265822784825,,0.0,0.0,0.0,0.08867139240506329,7.612151898734176,10.775949367088621,15.3479746835443,0.044556962025316456,,0.0,0.0,,,2.5341772151898736,0.006329113924050634,,1.1379746835443039,,2.0924050632911397,1.1330379746835448,0.0,0.0,,,,0.0008101265822784825,,0.000189873417721519,0.0,0.0,,,0.0012151898734177222,0.001683544303797468,0.0,0.00040506329113923945,,,306.5721518987343,1.579746835443039,11.526329113924056,,,,710.98712,,0.49151898734177213,0.0,,,,,0.0008101265822784825,19.758987341772155,,,0.0,0.00012658227848101267,0.0735443037974683,0.002025316455696201,,225.00000000000003,0.0,150.18987341772154,,0.5832911392405078,0.8425316455696212,0.0,,2.435025316455696,0.0,0.0,0.00040506329113923945,0.1430379746835444,0.05131645569620268,0.6932405063291154,,0.11877189873417722,0.5848101265822785,0.13117645569620248,0.02268354430379747,,,0.0,,,,
182911,428081,"Sashi ""Costata""",,,,,1.0,700.0,3,https://app.nutrium.com/rails/active_storage/representations/redirect/eyJfcmFpbHMiOnsibWVzc2FnZSI6IkJBaHBBNVRsQnc9PSIsImV4cCI6bnVsbCwicHVyIjoiYmxvYl9pZCJ9fQ==--6b69f58d8a6a46738b477a6269fc4c569122ba05/eyJfcmFpbHMiOnsibWVzc2FnZSI6IkJBaDdCem9MWm05eWJXRjBTU0lJYW5CbkJqb0dSVlE2RTNKbGMybDZaVjkwYjE5bWFXeHNXd2RwQWl3QmFRSXNBUT09IiwiZXhwIjpudWxsLCJwdXIiOiJ2YXJpYXRpb24ifX0=--b44c98460dfda55293bc1375ff5638f722bd6d84/IMG_9922.jpg,"[{'created_at': '2021-12-20T16:28:13Z', 'description': 'Grilled.', 'id': 351204, 'recipe_id': 182911}, {'created_at': '2021-12-20T16:28:13Z', 'description': 'Grilled.', 'id': 351205, 'recipe_id': 182911}]",,,,,,,,,,,,,,,,,,,,,,,,,134.0,,,,,,,,,,,,,,,,,,,,,,,,,,,,,,,,,,,,,,,,,,,,46.79999999999999,87.19999999999999,0.0,,,,,,,,,,,,,,,,,,,,,,,,,,,,,,,,,,,,,,560.656,,,,,,,,,,,,,,,,,,,,,,,,,,,,,,,,,,,,,,,,,,,
153812,349496,Mini Burger Tris,,,,,1.0,270.0,3,https://app.nutrium.com/rails/active_storage/representations/redirect/eyJfcmFpbHMiOnsibWVzc2FnZSI6IkJBaHBBNk1JQmc9PSIsImV4cCI6bnVsbCwicHVyIjoiYmxvYl9pZCJ9fQ==--704f0708f5fae814e699f231dd8a9039a8c8d70a/eyJfcmFpbHMiOnsibWVzc2FnZSI6IkJBaDdCem9MWm05eWJXRjBTU0lJYW5CbkJqb0dSVlE2RTNKbGMybDZaVjkwYjE5bWFXeHNXd2RwQWl3QmFRSXNBUT09IiwiZXhwIjpudWxsLCJwdXIiOiJ2YXJpYXRpb24ifX0=--b44c98460dfda55293bc1375ff5638f722bd6d84/IMG_7002.jpg,"[{'created_at': '2021-07-22T10:11:08Z', 'description': 'Grilled.', 'id': 292123, 'recipe_id': 153812}]",139.1702845739759,0.0033827026077794522,0.10153544062984748,0.000169022741241549,0.001105560921356865,0.0005907483829426047,0.00011216963736939168,0.00010409898440015222,9.219422249539034e-05,394.43378970751917,0.7423221817357188,0.0025142857142857133,0.0017397635145022967,0.007861094038106933,1.9119354933394619,0.27053280383265077,411.5417001578623,0.37953288260602336,3.456148457385616,0.21735252242892242,14.286441859539048,63.686446954810826,45.71611695174686,7.4791432541922225,186.984748638439,331.70008442840833,0.00016210085755260912,0.24827299731757077,0.14183568670687377,3.4522947954030285,0.008748896596130757,0.0819250299997073,0.3528911017342873,0.02581534814294496,7.682851874615866e-05,6.737976702666324,0.058783876986566036,0.01740734261129159,0.0053199371706193176,1.795957116657382,26.135872840790864,0.3328734309900103,0.021667855679456782,6.64260690139609,3.6453786548423763,0.002124674393420553,6.257749934908596,60.83692840311033,41.92107612342087,1.6676108928613567,0.0016857201393157132,0.0069657856996517,0.23240937886216664,0.003461601838030848,0.008770948576111466,0.019187006468229576,0.014426109989170838,0.013093953229724576,0.01720713846694177,0.006542080808967719,4.755490726013045,0.0,4.580882137735244e-05,0.0,0.00021542423976351452,72.58399405859467,0.0,0.8026242187264527,9.453624246117608,13.18533682155754,13.14989834312616,0.46621607549644367,0.0,0.0,0.00119047619047619,0.0,0.0,0.0,0.007637705973600269,0.12667486170866635,5.9034488777677705,0.8673584160154523,1.4768070272974767,3.8785820988544897,0.0,0.0,0.02443174261714521,0.014961844030789944,0.015207420903210688,0.24937175214611187,0.009923015629115824,0.009419629320689543,0.0,0.0025142857142857133,0.0,0.00012142857142857135,0.0013176793397137565,0.0036811294523955715,0.0006515058389674233,0.00019401761934029899,0.0,0.0412344382006029,375.89303378996857,1.8471367891995167,7.053672156158853,0.001789819123715865,0.030268384698685875,9.9877074370006e-05,782.3441883032287,5.0539994731758876e-05,0.6297017074482073,0.6317353001434133,0.015365703749231699,0.027292174466590578,0.016959829660198447,0.037460890625457426,0.0018892118125676811,47.226703611432704,0.00021956273597330768,2.3048555623847567e-05,5.3779963122311e-05,0.006793133725524619,0.05043005918747239,0.0010464922293441045,0.030245336143062004,284.44197178564116,0.6736895249802443,350.4364942781047,0.006894961512570595,0.0,0.0,0.30174665629338865,0.06474492346416129,4.118873207402563,0.005506411888664486,0.008909032107003842,0.04229250665847163,0.4824613285466536,0.2540369304026919,0.7293213756741299,0.0005571604179471433,0.23986028822132424,0.6364940833472337,0.09213833819299201,0.004700493165920329,,0.0029604589223519765,0.0174454770755886,,0.0,0.0,
183996,431503,"MINI FLAN OF VIOLET CABBAGE, CAULIFLOWER AND SAFFRON",,,,,1.0,100.62,3,https://app.nutrium.com/rails/active_storage/representations/redirect/eyJfcmFpbHMiOnsibWVzc2FnZSI6IkJBaHBBN1BtQnc9PSIsImV4cCI6bnVsbCwicHVyIjoiYmxvYl9pZCJ9fQ==--c8aa3ad6ce138f921112e9033ca9e81f7298f0b9/eyJfcmFpbHMiOnsibWVzc2FnZSI6IkJBaDdCem9MWm05eWJXRjBTU0lJYW5CbkJqb0dSVlE2RTNKbGMybDZaVjkwYjE5bWFXeHNXd2RwQWl3QmFRSXNBUT09IiwiZXhwIjpudWxsLCJwdXIiOiJ2YXJpYXRpb24ifX0=--b44c98460dfda55293bc1375ff5638f722bd6d84/IMG_9939.jpg,"[{'created_at': '2021-12-30T13:06:09Z', 'description': 'Oven cooked.', 'id': 353836, 'recipe_id': 183996}]",46.86821705426357,0.005434307294772411,0.6995597296760088,0.0004909560723514212,0.02161796859471278,0.00023653349234744586,0.006105148081892268,0.003191214470284238,0.0018087855297157624,212.7410057642616,0.2513327370304114,1.8882925859670045e-05,0.0013416815742397139,0.0,0.40727489564698865,0.610127211290002,318.9157225203737,0.08944543828264759,1.499292387199364,0.1683561916120056,40.849731663685155,59.735142118863045,13.224706817730075,17.22719141323793,58.027847346452,134.18992248062017,0.0018843172331544423,0.028487378254820117,0.08435201749155238,0.14686145895448222,0.04852713178294574,0.003309481216457961,0.08279467302723117,0.0,0.0,12.731067382230174,0.3527837408069966,0.11574239713774598,0.026382925859670045,0.29722719141323795,9.851023653349236,0.20522858278672235,0.13193699065792092,12.731067382230174,27.149175114291396,0.0,0.2822500496919102,87.20698668256807,45.27062214271516,0.498231961836613,,,0.15823991254223815,0.023370105346849534,0.06211190618167362,0.12902106936990657,0.12083979328165376,0.05577320612204333,0.09436493738819321,0.028537070164977137,11.46299940369708,0.0,0.00017988471476843568,0.0,0.0,0.0,0.0,0.4866328761677599,2.8390081494732655,2.2288312462731064,4.111369509043928,0.24170145100377657,0.0,0.0,5.923275690717551,0.0,0.0,0.0,0.03339296362552177,0.0,3.89455376664679,0.004969191015702644,0.6625223613595708,1.8069668058040151,0.0,0.0,0.1553776585171934,0.09110812959650169,0.0769051878354204,0.07292585967004572,0.08231564301331744,0.06986881335718544,0.0007245080500894454,1.8882925859670045e-05,0.0,9.938382031405288e-06,0.0026962830451202546,0.024053866030610216,0.003944543828264759,0.0016547406082289804,0.0,0.012229179089644207,363.847147684357,0.22420989862850327,0.00189823096799841,0.00501888292585967,0.015869608427747962,0.00013218048101769033,242.78851329755514,3.776585171934009e-05,0.13979328165374677,8.849135360763269,0.21874378851123039,0.11222321606042537,0.08897336513615582,0.1832637646591135,0.012223216060425361,35.77916915126218,0.0005098389982110912,0.0014728682170542637,0.0020542635658914728,0.015622142715165972,0.019750546611011725,0.0008835221625919301,0.0143967402106937,135.9709799244683,0.7245080500894454,394.79626316835623,0.05062711190618168,,,0.6126913138541046,0.16893957463724907,0.8407722122838401,0.04087457761876366,0.0533472470681773,0.2015076525541642,0.7420701649771417,0.2718624527926854,0.4189803220035778,0.002582985489962234,0.2058189226793878,0.15042735042735042,0.015504223812363348,0.000765255416418207,,0.13406877360365732,,0.0017710196779964222,,5.664877757901014e-05,
